{"type":"FeatureCollection","name":"Dolnoslaskie","crs":{"type":"name","properties":{"name":"urn:ogc:def:crs:OGC:1.3:CRS84"}},"features":[{"type":"Feature","properties":{"GID_2":"POL.1.1_1","GID_0":"POL","COUNTRY":"Poland","GID_1":"POL.1_1","NAME_1":"Dolnoslaskie","NL_NAME_1":"NA","NAME_2":"Boleslawiec","VARNAME_2":"NA","NL_NAME_2":"NA","TYPE_2":"Powiat","ENGTYPE_2":"County","CC_2":"0201","HASC_2":"NA"},"geometry":{"type":"MultiPolygon","coordinates":[[[[15.4949,51.1783],[15.4925,51.1754],[15.4785,51.1753],[15.4787,51.1704],[15.4837,51.1666],[15.4835,51.1539],[15.4876,51.1494],[15.484,51.1442],[15.4807,51.1425],[15.4804,51.136],[15.4751,51.1343],[15.4744,51.1315],[15.4646,51.1279],[15.4566,51.122],[15.4522,51.1231],[15.444,51.1189],[15.4438,51.1124],[15.4396,51.1124],[15.4325,51.1142],[15.4278,51.1185],[15.4287,51.1216],[15.4272,51.1228],[15.4324,51.1296],[15.4317,51.1369],[15.4364,51.1389],[15.4312,51.1411],[15.4266,51.1464],[15.4305,51.1489],[15.4244,51.1504],[15.4219,51.1477],[15.4099,51.1533],[15.3903,51.1566],[15.3851,51.1602],[15.385,51.165],[15.3944,51.1751],[15.384,51.1808],[15.378,51.1807],[15.3759,51.1842],[15.3708,51.1839],[15.3667,51.1869],[15.364,51.1863],[15.3575,51.1886],[15.3397,51.1995],[15.3338,51.1986],[15.3206,51.1924],[15.3169,51.1869],[15.314,51.1882],[15.302,51.1834],[15.2956,51.1875],[15.2796,51.192],[15.2743,51.1952],[15.2702,51.1952],[15.2702,51.1914],[15.2595,51.1914],[15.2497,51.1885],[15.2471,51.1903],[15.2463,51.1889],[15.24,51.1911],[15.2323,51.1914],[15.2323,51.1926],[15.217,51.1931],[15.221,51.1983],[15.2139,51.2017],[15.2128,51.2105],[15.2091,51.2144],[15.2138,51.2165],[15.206,51.2202],[15.2126,51.2208],[15.2137,51.2235],[15.2266,51.2292],[15.2416,51.2423],[15.2429,51.2517],[15.2399,51.255],[15.2498,51.2568],[15.2556,51.2601],[15.2517,51.2663],[15.2729,51.2628],[15.2959,51.267],[15.2971,51.2684],[15.3024,51.2638],[15.3068,51.2557],[15.3101,51.2534],[15.3399,51.2587],[15.326,51.2649],[15.3156,51.2731],[15.2972,51.2794],[15.2955,51.2821],[15.2966,51.2838],[15.2916,51.2854],[15.2889,51.2902],[15.29,51.2954],[15.2888,51.3005],[15.2908,51.3049],[15.2862,51.3193],[15.2673,51.3163],[15.265,51.3229],[15.2679,51.3276],[15.2486,51.3678],[15.2642,51.3685],[15.2687,51.3731],[15.2562,51.399],[15.2962,51.4066],[15.2956,51.4101],[15.2921,51.4147],[15.2869,51.4171],[15.2778,51.4253],[15.2784,51.428],[15.2755,51.4298],[15.2897,51.4314],[15.2892,51.4293],[15.2928,51.4231],[15.2983,51.4201],[15.3152,51.4177],[15.3217,51.4083],[15.3274,51.4077],[15.3337,51.4099],[15.3245,51.4184],[15.3284,51.422],[15.3284,51.4296],[15.3433,51.4469],[15.3337,51.4516],[15.3394,51.4741],[15.3469,51.4716],[15.3725,51.4697],[15.3788,51.47],[15.3821,51.4721],[15.3802,51.4739],[15.3801,51.4811],[15.3782,51.4818],[15.3756,51.4791],[15.3706,51.4801],[15.3693,51.4858],[15.3715,51.4884],[15.3669,51.4934],[15.3691,51.4964],[15.3712,51.5079],[15.3742,51.5097],[15.3773,51.5088],[15.3778,51.5107],[15.3824,51.5124],[15.3799,51.5141],[15.3825,51.5149],[15.3818,51.5161],[15.3847,51.5184],[15.3852,51.5279],[15.3943,51.5291],[15.3935,51.5302],[15.3965,51.531],[15.4011,51.5272],[15.4058,51.5196],[15.4176,51.5229],[15.4349,51.525],[15.437,51.5273],[15.4501,51.526],[15.4576,51.5211],[15.4625,51.5223],[15.4706,51.5182],[15.4692,51.5146],[15.4823,51.513],[15.4858,51.5136],[15.4841,51.5235],[15.4856,51.5215],[15.4883,51.5224],[15.4877,51.5276],[15.5959,51.4696],[15.5935,51.466],[15.5903,51.4645],[15.5928,51.4624],[15.5873,51.4602],[15.5878,51.4568],[15.583,51.4558],[15.5809,51.4531],[15.5861,51.4518],[15.586,51.4498],[15.588,51.4506],[15.5909,51.4489],[15.5924,51.4494],[15.5916,51.451],[15.5928,51.452],[15.5971,51.4515],[15.5998,51.4457],[15.6168,51.4602],[15.6234,51.4635],[15.6241,51.472],[15.6289,51.4706],[15.629,51.4722],[15.6345,51.4721],[15.6347,51.4789],[15.6459,51.4791],[15.647,51.476],[15.6488,51.4767],[15.6523,51.473],[15.656,51.4724],[15.6642,51.4827],[15.6637,51.4849],[15.6592,51.4881],[15.6673,51.4888],[15.6676,51.499],[15.6731,51.4989],[15.6733,51.5057],[15.6788,51.5056],[15.6789,51.5124],[15.701,51.5125],[15.6993,51.5158],[15.7006,51.5174],[15.725,51.5174],[15.73,51.5123],[15.7363,51.5116],[15.7446,51.5134],[15.7544,51.5131],[15.7569,51.5113],[15.767,51.5107],[15.767,51.5072],[15.7793,51.5072],[15.7793,51.5024],[15.8075,51.5026],[15.8114,51.4925],[15.8015,51.4909],[15.8017,51.4889],[15.8098,51.4887],[15.8154,51.4842],[15.8246,51.4833],[15.8296,51.4758],[15.8452,51.466],[15.8428,51.4648],[15.8459,51.4616],[15.8584,51.4566],[15.8222,51.4507],[15.8212,51.4493],[15.8191,51.4434],[15.8193,51.4378],[15.8174,51.4358],[15.816,51.4296],[15.8185,51.4181],[15.8168,51.4084],[15.8232,51.4074],[15.8295,51.4042],[15.83,51.4019],[15.8282,51.4003],[15.8376,51.3961],[15.8371,51.3949],[15.8445,51.3948],[15.8455,51.3925],[15.8503,51.3901],[15.8497,51.388],[15.8401,51.3869],[15.8403,51.3836],[15.8351,51.3816],[15.8358,51.3783],[15.8333,51.3761],[15.8362,51.3742],[15.8328,51.372],[15.837,51.3701],[15.8278,51.3619],[15.829,51.3615],[15.8263,51.3531],[15.8161,51.3535],[15.8162,51.3517],[15.8139,51.3499],[15.8154,51.3466],[15.8128,51.3443],[15.8085,51.3454],[15.8045,51.3413],[15.795,51.3359],[15.792,51.3305],[15.7809,51.3246],[15.7792,51.3221],[15.7718,51.3194],[15.7703,51.3119],[15.771,51.3013],[15.7836,51.2896],[15.7878,51.2896],[15.7898,51.2863],[15.7768,51.2871],[15.7776,51.2808],[15.7693,51.2789],[15.7676,51.2738],[15.7681,51.269],[15.7472,51.263],[15.7482,51.2602],[15.7524,51.2588],[15.7425,51.2522],[15.7474,51.2407],[15.7568,51.2318],[15.7527,51.2286],[15.753,51.2186],[15.7549,51.2105],[15.7572,51.2099],[15.7606,51.2058],[15.7567,51.1958],[15.7575,51.1908],[15.7563,51.1878],[15.754,51.1868],[15.7512,51.1803],[15.745,51.1778],[15.7406,51.1785],[15.7428,51.1732],[15.7396,51.1712],[15.7316,51.1699],[15.7203,51.1717],[15.7121,51.1639],[15.7056,51.1611],[15.698,51.1606],[15.6978,51.1593],[15.6882,51.1597],[15.6939,51.1625],[15.6917,51.1621],[15.689,51.164],[15.6843,51.1634],[15.6848,51.165],[15.6834,51.1652],[15.68,51.164],[15.6772,51.1656],[15.679,51.166],[15.6774,51.1678],[15.671,51.168],[15.6651,51.1756],[15.6521,51.1779],[15.6429,51.1846],[15.6385,51.1852],[15.6348,51.1834],[15.6331,51.1857],[15.6253,51.1835],[15.6113,51.1832],[15.6109,51.1849],[15.6137,51.186],[15.5987,51.1868],[15.6003,51.1812],[15.5876,51.1793],[15.5768,51.1871],[15.5742,51.1839],[15.5672,51.1841],[15.5655,51.1993],[15.5553,51.1959],[15.5552,51.1943],[15.5442,51.1941],[15.542,51.1954],[15.5406,51.1935],[15.5423,51.1914],[15.534,51.1877],[15.5226,51.1867],[15.5149,51.1847],[15.5115,51.1817],[15.4966,51.1797],[15.4949,51.1783]]]]}},{"type":"Feature","properties":{"GID_2":"POL.1.2_1","GID_0":"POL","COUNTRY":"Poland","GID_1":"POL.1_1","NAME_1":"Dolnoslaskie","NL_NAME_1":"NA","NAME_2":"Dzierzoniow","VARNAME_2":"NA","NL_NAME_2":"NA","TYPE_2":"Powiat","ENGTYPE_2":"County","CC_2":"0202","HASC_2":"NA"},"geometry":{"type":"MultiPolygon","coordinates":[[[[16.551,50.6378],[16.5475,50.639],[16.5479,50.6423],[16.543,50.645],[16.5428,50.6485],[16.5351,50.6491],[16.5304,50.6542],[16.5255,50.6566],[16.5166,50.6565],[16.5141,50.6579],[16.5063,50.6649],[16.4993,50.6757],[16.4796,50.6811],[16.4845,50.6838],[16.4841,50.6874],[16.4804,50.6934],[16.491,50.6973],[16.4929,50.6992],[16.4935,50.7035],[16.4901,50.707],[16.4911,50.708],[16.4837,50.7093],[16.485,50.712],[16.4837,50.715],[16.4981,50.7113],[16.5032,50.7151],[16.5033,50.7178],[16.5077,50.7184],[16.5121,50.7214],[16.5155,50.7216],[16.5169,50.7202],[16.5217,50.7215],[16.5238,50.7257],[16.5293,50.7286],[16.5301,50.7314],[16.5462,50.7354],[16.5581,50.7438],[16.5634,50.7446],[16.5592,50.7527],[16.5716,50.7574],[16.5704,50.7599],[16.5671,50.7624],[16.5683,50.7635],[16.5579,50.7655],[16.548,50.7772],[16.556,50.7818],[16.5803,50.7892],[16.5938,50.7989],[16.582,50.8113],[16.5789,50.8179],[16.5836,50.8234],[16.5839,50.8262],[16.5856,50.8268],[16.5961,50.822],[16.6138,50.8184],[16.6336,50.8246],[16.6337,50.8259],[16.6383,50.8259],[16.635,50.8177],[16.6394,50.817],[16.65,50.8199],[16.6497,50.8227],[16.6564,50.824],[16.6593,50.8215],[16.669,50.8205],[16.6704,50.8266],[16.6785,50.8263],[16.6802,50.8292],[16.6924,50.8354],[16.6964,50.8397],[16.6971,50.8432],[16.7012,50.845],[16.7071,50.845],[16.7277,50.8376],[16.7389,50.8366],[16.7427,50.8371],[16.7537,50.8439],[16.7733,50.8448],[16.7751,50.8446],[16.7744,50.8392],[16.7816,50.8353],[16.7947,50.8333],[16.8062,50.8349],[16.8047,50.8326],[16.8065,50.8283],[16.8038,50.8216],[16.8129,50.8194],[16.824,50.82],[16.8248,50.8223],[16.8229,50.8223],[16.8234,50.825],[16.8201,50.8279],[16.8293,50.8277],[16.8283,50.8321],[16.8309,50.832],[16.8329,50.8339],[16.8496,50.833],[16.8507,50.8304],[16.8578,50.8321],[16.8763,50.8322],[16.8808,50.8288],[16.8766,50.8222],[16.887,50.8187],[16.8895,50.814],[16.8884,50.8122],[16.883,50.8105],[16.8822,50.8091],[16.8848,50.8078],[16.8834,50.8054],[16.8866,50.8058],[16.8917,50.8024],[16.8919,50.7999],[16.8952,50.7988],[16.8843,50.7905],[16.8907,50.7867],[16.8918,50.7886],[16.894,50.7867],[16.893,50.7847],[16.894,50.7842],[16.8975,50.7919],[16.9042,50.7885],[16.897,50.7784],[16.8905,50.7803],[16.8836,50.7709],[16.8817,50.7676],[16.8851,50.7657],[16.8811,50.7617],[16.8831,50.7595],[16.8893,50.7582],[16.8858,50.7556],[16.886,50.753],[16.8733,50.7445],[16.8783,50.7439],[16.8662,50.7357],[16.8668,50.7336],[16.8617,50.7296],[16.8634,50.727],[16.8579,50.7214],[16.8678,50.7203],[16.8773,50.7246],[16.883,50.7211],[16.8887,50.7229],[16.8953,50.7213],[16.8882,50.7168],[16.8844,50.7104],[16.8803,50.7085],[16.8799,50.7051],[16.8765,50.701],[16.8808,50.6981],[16.8799,50.6916],[16.8757,50.6918],[16.876,50.6856],[16.8725,50.6805],[16.8676,50.6772],[16.8642,50.679],[16.8492,50.6784],[16.8379,50.6716],[16.8235,50.6704],[16.8216,50.6672],[16.8133,50.6646],[16.8057,50.6602],[16.7971,50.6601],[16.798,50.6657],[16.8003,50.6696],[16.7972,50.67],[16.7824,50.6668],[16.7774,50.6626],[16.778,50.6596],[16.7727,50.6583],[16.7657,50.6598],[16.7682,50.6623],[16.7656,50.6631],[16.7464,50.6637],[16.7291,50.6677],[16.7188,50.6662],[16.7138,50.6647],[16.7153,50.6618],[16.7046,50.6619],[16.7008,50.6598],[16.7007,50.6531],[16.7036,50.6485],[16.7022,50.6471],[16.7034,50.645],[16.7024,50.6408],[16.6861,50.6443],[16.6782,50.6444],[16.6764,50.6427],[16.6728,50.6427],[16.6704,50.6465],[16.646,50.6364],[16.644,50.6341],[16.6149,50.625],[16.594,50.6452],[16.5906,50.6439],[16.589,50.6391],[16.5803,50.6354],[16.5795,50.6323],[16.5831,50.6283],[16.5582,50.6336],[16.551,50.6378]]]]}},{"type":"Feature","properties":{"GID_2":"POL.1.3_1","GID_0":"POL","COUNTRY":"Poland","GID_1":"POL.1_1","NAME_1":"Dolnoslaskie","NL_NAME_1":"NA","NAME_2":"Glogow","VARNAME_2":"NA","NL_NAME_2":"NA","TYPE_2":"Powiat","ENGTYPE_2":"County","CC_2":"0203","HASC_2":"NA"},"geometry":{"type":"MultiPolygon","coordinates":[[[[16.2252,51.6948],[16.2381,51.6883],[16.2521,51.6859],[16.2554,51.6793],[16.2654,51.6725],[16.2697,51.6634],[16.2756,51.6621],[16.2899,51.6647],[16.2987,51.6628],[16.3085,51.6571],[16.3083,51.6489],[16.3113,51.6448],[16.3346,51.6426],[16.3355,51.6396],[16.3293,51.6321],[16.3349,51.6245],[16.3352,51.6152],[16.3402,51.612],[16.3554,51.6092],[16.3541,51.6055],[16.3555,51.603],[16.3496,51.5995],[16.3485,51.5958],[16.3458,51.5958],[16.3384,51.5976],[16.3331,51.6014],[16.3268,51.5984],[16.3152,51.6012],[16.317,51.606],[16.3116,51.6066],[16.3081,51.6099],[16.3088,51.6106],[16.3037,51.613],[16.2958,51.6132],[16.2942,51.6111],[16.2845,51.6125],[16.2825,51.6106],[16.2606,51.6162],[16.2559,51.6158],[16.2544,51.6141],[16.25,51.6166],[16.2384,51.6168],[16.2311,51.6201],[16.2364,51.6205],[16.2346,51.622],[16.2275,51.6227],[16.2139,51.6343],[16.2042,51.6317],[16.2037,51.6267],[16.1931,51.6269],[16.1867,51.6296],[16.1879,51.6266],[16.1952,51.622],[16.1964,51.6191],[16.1928,51.6167],[16.184,51.6174],[16.1855,51.613],[16.1787,51.6114],[16.1705,51.6174],[16.1422,51.6169],[16.1431,51.6117],[16.1346,51.6124],[16.1305,51.6092],[16.1178,51.6109],[16.1172,51.6089],[16.1138,51.6097],[16.1126,51.6075],[16.1067,51.6127],[16.105,51.6116],[16.0992,51.6146],[16.0861,51.6108],[16.0818,51.6018],[16.096,51.6003],[16.0936,51.5961],[16.0956,51.5956],[16.0946,51.594],[16.1067,51.5906],[16.1038,51.5891],[16.0985,51.5908],[16.0973,51.5883],[16.0955,51.5888],[16.0939,51.5851],[16.096,51.5851],[16.0953,51.5843],[16.0875,51.5835],[16.0854,51.58],[16.0841,51.5743],[16.0905,51.5707],[16.0911,51.5679],[16.093,51.568],[16.0964,51.5639],[16.0951,51.5606],[16.0756,51.563],[16.0713,51.5603],[16.0697,51.5562],[16.0623,51.5578],[16.0556,51.556],[16.0449,51.5569],[16.0417,51.5537],[16.0332,51.5598],[16.0298,51.5592],[16.0202,51.5558],[16.016,51.5494],[16.0026,51.5379],[15.9986,51.5379],[15.9878,51.5416],[15.9824,51.5452],[15.9819,51.5473],[15.9703,51.5479],[15.9626,51.5459],[15.9634,51.55],[15.971,51.5525],[15.9753,51.5581],[15.9851,51.5613],[15.9854,51.5648],[15.9879,51.5649],[15.9909,51.5736],[16.0009,51.5868],[16.014,51.5978],[16.0181,51.6032],[16.0161,51.6048],[16.019,51.6083],[16.0134,51.6077],[16.0099,51.613],[15.9989,51.6156],[15.993,51.6133],[15.9937,51.6117],[15.9814,51.6149],[15.9833,51.6141],[15.98,51.6104],[15.9757,51.6096],[15.9578,51.6138],[15.9623,51.6169],[15.9692,51.6183],[15.9698,51.6213],[15.9673,51.6227],[15.9703,51.623],[15.9702,51.6245],[15.9721,51.625],[15.9672,51.6293],[15.9679,51.6334],[15.9645,51.6338],[15.9656,51.636],[15.9627,51.6349],[15.9625,51.6385],[15.9385,51.64],[15.9487,51.6477],[15.9364,51.6493],[15.9358,51.6568],[15.9319,51.6567],[15.9328,51.659],[15.9315,51.6598],[15.9331,51.6631],[15.9208,51.6606],[15.9226,51.6655],[15.9211,51.6693],[15.915,51.6687],[15.9125,51.6717],[15.8956,51.6721],[15.8817,51.6684],[15.881,51.671],[15.8683,51.67],[15.8684,51.6712],[15.8742,51.6721],[15.8681,51.6721],[15.8678,51.6734],[15.8497,51.6652],[15.8413,51.6675],[15.8343,51.6722],[15.8448,51.6754],[15.8425,51.6816],[15.8525,51.6839],[15.8549,51.6888],[15.8645,51.6903],[15.8685,51.6888],[15.8687,51.6911],[15.8623,51.6925],[15.8656,51.6926],[15.8626,51.7018],[15.8659,51.7022],[15.8651,51.707],[15.8682,51.7066],[15.8695,51.7197],[15.8718,51.7207],[15.8769,51.719],[15.8824,51.7199],[15.8947,51.7303],[15.9041,51.7296],[15.9124,51.7255],[15.9219,51.7297],[15.9266,51.7296],[15.9297,51.7377],[15.9439,51.7355],[15.9465,51.7365],[15.9521,51.7339],[15.9545,51.7362],[15.9632,51.7337],[15.964,51.7373],[15.9592,51.7395],[15.9615,51.7405],[15.9603,51.741],[15.9608,51.7436],[15.9677,51.7452],[15.9735,51.7439],[15.9801,51.7453],[15.9737,51.7463],[15.9766,51.7481],[15.9687,51.7684],[15.9771,51.7681],[15.98,51.7737],[15.989,51.7692],[16.0082,51.7734],[16.007,51.7739],[16.0086,51.7757],[16.0043,51.7798],[15.9984,51.7772],[15.9941,51.779],[15.9823,51.7785],[15.9773,51.7816],[15.9719,51.7825],[15.9718,51.7846],[15.97,51.7847],[15.966,51.7915],[15.9685,51.7949],[15.9773,51.7959],[15.9826,51.7998],[15.9792,51.8023],[15.9948,51.8048],[15.9962,51.8012],[16.0014,51.8036],[16.0039,51.8005],[16.0092,51.8021],[16.029,51.8024],[16.0349,51.7954],[16.034,51.785],[16.0352,51.7817],[16.0399,51.7807],[16.0435,51.7838],[16.0538,51.7817],[16.07,51.7826],[16.0727,51.7777],[16.0778,51.777],[16.0786,51.7728],[16.0921,51.7702],[16.0913,51.7684],[16.0959,51.7671],[16.0996,51.7662],[16.1008,51.7674],[16.1164,51.7636],[16.1183,51.7657],[16.134,51.7652],[16.1335,51.7583],[16.1517,51.7601],[16.1605,51.7589],[16.1729,51.7638],[16.1778,51.764],[16.1617,51.7183],[16.1586,51.718],[16.1582,51.716],[16.1612,51.7155],[16.16,51.7117],[16.1723,51.7092],[16.1735,51.7122],[16.1831,51.7115],[16.1819,51.7129],[16.1854,51.716],[16.1949,51.7156],[16.1997,51.7181],[16.2016,51.7172],[16.2023,51.7145],[16.2175,51.7146],[16.219,51.71],[16.2278,51.6987],[16.2236,51.6967],[16.2233,51.6954],[16.2252,51.6948]]]]}},{"type":"Feature","properties":{"GID_2":"POL.1.4_1","GID_0":"POL","COUNTRY":"Poland","GID_1":"POL.1_1","NAME_1":"Dolnoslaskie","NL_NAME_1":"NA","NAME_2":"Gora","VARNAME_2":"NA","NL_NAME_2":"NA","TYPE_2":"Powiat","ENGTYPE_2":"County","CC_2":"0204","HASC_2":"NA"},"geometry":{"type":"MultiPolygon","coordinates":[[[[16.682,51.647],[16.7094,51.6472],[16.7154,51.6486],[16.7276,51.6475],[16.7291,51.6458],[16.7283,51.6431],[16.7344,51.6423],[16.7435,51.6449],[16.7681,51.6447],[16.7835,51.641],[16.7764,51.6313],[16.7661,51.6277],[16.772,51.6136],[16.7843,51.6107],[16.7996,51.6035],[16.8026,51.6008],[16.7954,51.5996],[16.7948,51.5917],[16.7928,51.5905],[16.8037,51.5864],[16.8111,51.5869],[16.8156,51.5847],[16.8193,51.5777],[16.8288,51.5717],[16.8236,51.573],[16.8149,51.5634],[16.806,51.5514],[16.8057,51.5484],[16.7986,51.535],[16.7917,51.5287],[16.7924,51.5261],[16.7989,51.5229],[16.815,51.5225],[16.8198,51.5174],[16.8208,51.513],[16.8144,51.5119],[16.8076,51.5081],[16.7862,51.5049],[16.7675,51.5107],[16.7604,51.5053],[16.7649,51.5018],[16.7688,51.5023],[16.7784,51.4963],[16.7765,51.4903],[16.7642,51.4854],[16.7607,51.4871],[16.753,51.4875],[16.7419,51.4855],[16.7351,51.4865],[16.7291,51.4876],[16.7284,51.4902],[16.7086,51.4911],[16.6945,51.4966],[16.6807,51.4948],[16.6763,51.4966],[16.6713,51.4963],[16.6614,51.4948],[16.6572,51.4906],[16.6454,51.4914],[16.6431,51.4902],[16.6421,51.4923],[16.6473,51.5038],[16.6457,51.5062],[16.6492,51.5074],[16.6507,51.5097],[16.6505,51.5149],[16.6423,51.5145],[16.6186,51.5178],[16.61,51.5178],[16.5948,51.5135],[16.594,51.5117],[16.5888,51.5098],[16.5906,51.5048],[16.5862,51.5042],[16.586,51.5025],[16.5759,51.5046],[16.57,51.5032],[16.5695,51.5048],[16.5602,51.5052],[16.5611,51.5097],[16.5412,51.5112],[16.5366,51.5084],[16.5238,51.5067],[16.5242,51.505],[16.522,51.5022],[16.5091,51.506],[16.5077,51.5081],[16.5041,51.5091],[16.4983,51.5049],[16.498,51.5019],[16.4921,51.5002],[16.4895,51.5038],[16.4868,51.5035],[16.4868,51.5021],[16.4783,51.5027],[16.4781,51.499],[16.4728,51.4994],[16.4673,51.5015],[16.4739,51.5058],[16.4819,51.5175],[16.477,51.521],[16.4638,51.5211],[16.4606,51.5224],[16.4594,51.5253],[16.4623,51.5296],[16.4614,51.5348],[16.4516,51.542],[16.4526,51.5504],[16.4584,51.5569],[16.4633,51.5595],[16.4642,51.5638],[16.4582,51.5666],[16.4473,51.5678],[16.4322,51.5757],[16.423,51.5775],[16.4057,51.5774],[16.401,51.5844],[16.3912,51.5857],[16.3892,51.5877],[16.3896,51.5938],[16.3852,51.5996],[16.3936,51.6062],[16.3924,51.6099],[16.39,51.6113],[16.3758,51.6124],[16.3622,51.6082],[16.3379,51.6129],[16.3344,51.617],[16.3349,51.6245],[16.3294,51.6313],[16.3298,51.6336],[16.3355,51.6396],[16.3352,51.6421],[16.3321,51.6438],[16.3166,51.6435],[16.3113,51.6448],[16.3083,51.6489],[16.3085,51.6571],[16.2987,51.6628],[16.2888,51.6647],[16.2756,51.6621],[16.271,51.6629],[16.2713,51.6684],[16.276,51.6724],[16.2678,51.6779],[16.2691,51.6845],[16.2765,51.6872],[16.2764,51.6883],[16.2996,51.69],[16.2973,51.6946],[16.3022,51.6954],[16.3027,51.6985],[16.3173,51.7026],[16.3265,51.7021],[16.3382,51.7059],[16.34,51.7088],[16.3469,51.7089],[16.3501,51.7108],[16.3479,51.7125],[16.3508,51.7144],[16.3505,51.7158],[16.3559,51.716],[16.3599,51.7195],[16.3589,51.7207],[16.3693,51.7288],[16.3663,51.7322],[16.367,51.7334],[16.3616,51.7359],[16.3617,51.7415],[16.3656,51.7415],[16.3707,51.745],[16.3726,51.7497],[16.3754,51.7502],[16.378,51.753],[16.3759,51.7598],[16.3795,51.7658],[16.3771,51.7672],[16.3833,51.7704],[16.3952,51.7672],[16.3983,51.7706],[16.4082,51.7729],[16.411,51.7788],[16.4086,51.78],[16.4168,51.7827],[16.4162,51.7849],[16.4303,51.7847],[16.4489,51.788],[16.4639,51.7841],[16.469,51.786],[16.4772,51.7857],[16.4845,51.7823],[16.4924,51.7814],[16.5405,51.7815],[16.5453,51.7801],[16.5419,51.7761],[16.5441,51.774],[16.5411,51.7707],[16.5422,51.7695],[16.54,51.7671],[16.5409,51.7663],[16.5767,51.7686],[16.5798,51.7659],[16.5806,51.7521],[16.583,51.7508],[16.5947,51.7505],[16.6002,51.7474],[16.6003,51.7459],[16.6064,51.7448],[16.619,51.7447],[16.6231,51.747],[16.6352,51.7491],[16.6479,51.7442],[16.6394,51.733],[16.6397,51.7316],[16.6458,51.7292],[16.6441,51.7255],[16.645,51.7219],[16.6527,51.7188],[16.6531,51.7163],[16.6566,51.716],[16.6634,51.712],[16.6823,51.7079],[16.6824,51.7027],[16.6803,51.6987],[16.6769,51.6993],[16.6756,51.6977],[16.675,51.6953],[16.6774,51.6947],[16.6763,51.6922],[16.6638,51.6988],[16.6595,51.6968],[16.6589,51.6954],[16.6617,51.6943],[16.6576,51.6892],[16.6637,51.6886],[16.642,51.6835],[16.6432,51.6821],[16.6388,51.6779],[16.6399,51.6716],[16.6386,51.6716],[16.639,51.6664],[16.6432,51.6607],[16.6499,51.6578],[16.6637,51.6563],[16.6774,51.6577],[16.685,51.6559],[16.6824,51.651],[16.6802,51.6506],[16.682,51.647]]]]}},{"type":"Feature","properties":{"GID_2":"POL.1.5_1","GID_0":"POL","COUNTRY":"Poland","GID_1":"POL.1_1","NAME_1":"Dolnoslaskie","NL_NAME_1":"NA","NAME_2":"Jawor","VARNAME_2":"NA","NL_NAME_2":"NA","TYPE_2":"Powiat","ENGTYPE_2":"County","CC_2":"0205","HASC_2":"NA"},"geometry":{"type":"MultiPolygon","coordinates":[[[[16.1595,50.9506],[16.1618,50.9467],[16.1698,50.9453],[16.1725,50.9403],[16.1776,50.936],[16.1751,50.9337],[16.1792,50.9273],[16.1878,50.9194],[16.185,50.918],[16.187,50.9163],[16.1928,50.9167],[16.2,50.9138],[16.1989,50.9123],[16.2008,50.9058],[16.1987,50.9056],[16.1987,50.9035],[16.195,50.9019],[16.1942,50.8991],[16.1952,50.8935],[16.1995,50.8918],[16.2043,50.8859],[16.2003,50.8857],[16.2027,50.8801],[16.1974,50.8714],[16.1847,50.8653],[16.179,50.8639],[16.1611,50.8657],[16.1508,50.8642],[16.1375,50.8598],[16.1279,50.8542],[16.1184,50.8527],[16.1173,50.8555],[16.103,50.8591],[16.1151,50.8599],[16.1218,50.8659],[16.1225,50.8707],[16.1194,50.8699],[16.1096,50.8724],[16.0704,50.8705],[16.0667,50.8735],[16.0741,50.8785],[16.0724,50.8791],[16.0728,50.8822],[16.0755,50.8844],[16.0608,50.8859],[16.0505,50.8908],[16.0509,50.8944],[16.0592,50.8955],[16.059,50.9012],[16.0461,50.8977],[16.0338,50.8963],[16.0364,50.902],[16.0411,50.904],[16.0476,50.9108],[16.0441,50.9133],[16.0386,50.9134],[16.0395,50.9095],[16.0355,50.9047],[16.0379,50.9048],[16.033,50.901],[16.0252,50.9015],[16.0273,50.9052],[16.0193,50.9088],[16.0181,50.9059],[16.0212,50.904],[16.0187,50.9038],[16.0179,50.9002],[16.0268,50.8977],[16.0269,50.8963],[16.019,50.8976],[16.0203,50.8968],[16.0182,50.8964],[16.0172,50.8929],[16.0112,50.8939],[16.0096,50.8958],[16.0009,50.8956],[15.9991,50.8977],[16.0005,50.8994],[15.9915,50.8993],[15.9881,50.9008],[15.9871,50.8993],[15.9807,50.9014],[15.9742,50.8991],[15.9721,50.9003],[15.9701,50.8982],[15.976,50.8979],[15.9804,50.8953],[15.9714,50.8924],[15.9546,50.895],[15.9501,50.8963],[15.948,50.8987],[15.9436,50.8986],[15.9365,50.8952],[15.9342,50.8958],[15.9349,50.899],[15.9296,50.8985],[15.9323,50.9068],[15.9301,50.9071],[15.9306,50.9107],[15.9333,50.9109],[15.9306,50.914],[15.9323,50.9146],[15.9337,50.9185],[15.9311,50.9223],[15.9366,50.9236],[15.9391,50.9203],[15.941,50.9216],[15.9442,50.9206],[15.9403,50.9236],[15.9452,50.9218],[15.9458,50.9236],[15.9445,50.9245],[15.9526,50.9279],[15.9541,50.9335],[15.9558,50.9339],[15.9536,50.9366],[15.9561,50.9367],[15.9556,50.9381],[15.96,50.9404],[15.9603,50.943],[15.9722,50.9466],[15.976,50.9483],[15.9748,50.9497],[15.9757,50.9508],[15.9804,50.9521],[15.98,50.9537],[15.9774,50.9541],[15.9806,50.9584],[15.9817,50.9655],[15.9858,50.9693],[15.9848,50.9716],[15.9869,50.9725],[15.989,50.9771],[15.9911,50.9769],[16.0014,50.9909],[15.9842,50.9971],[15.9824,50.9996],[15.983,51.0031],[15.9782,51.0086],[15.9821,51.0115],[15.9791,51.0152],[15.9798,51.0189],[15.9616,51.0263],[15.9611,51.0277],[15.9512,51.0295],[15.9542,51.0313],[15.9426,51.0351],[15.9424,51.0421],[15.934,51.0431],[15.934,51.0471],[15.9368,51.051],[15.933,51.0612],[15.939,51.0627],[15.9404,51.0654],[15.9502,51.0681],[15.9517,51.0702],[15.9565,51.0694],[15.9639,51.0741],[15.9705,51.074],[15.975,51.0774],[15.9819,51.0713],[15.9903,51.0731],[15.9981,51.0797],[16.0107,51.0794],[16.0107,51.0808],[16.0143,51.0822],[16.0151,51.0864],[16.0279,51.1055],[16.0339,51.1045],[16.0444,51.1076],[16.0475,51.1102],[16.0473,51.1153],[16.0665,51.1213],[16.0695,51.1192],[16.0684,51.1169],[16.0708,51.1119],[16.0699,51.106],[16.0873,51.102],[16.0925,51.0994],[16.0963,51.1009],[16.1076,51.1109],[16.1252,51.108],[16.129,51.1115],[16.1293,51.1103],[16.1341,51.1119],[16.1331,51.115],[16.1342,51.1213],[16.1373,51.129],[16.1485,51.1324],[16.1515,51.1317],[16.1523,51.1367],[16.1718,51.1331],[16.1734,51.1276],[16.195,51.1225],[16.1934,51.1144],[16.1963,51.1134],[16.1975,51.1108],[16.195,51.1053],[16.2083,51.106],[16.2093,51.1092],[16.2125,51.1091],[16.2132,51.1106],[16.2165,51.1098],[16.2176,51.1147],[16.2233,51.1148],[16.2269,51.1119],[16.2253,51.1068],[16.2362,51.0989],[16.2422,51.1064],[16.249,51.1094],[16.2647,51.1085],[16.2687,51.1067],[16.2751,51.1121],[16.2755,51.1142],[16.279,51.1131],[16.2789,51.1091],[16.2903,51.1091],[16.2942,51.1131],[16.3036,51.1153],[16.3058,51.1216],[16.3119,51.1296],[16.3206,51.1367],[16.3239,51.137],[16.3267,51.1447],[16.3406,51.1461],[16.3494,51.1495],[16.3564,51.1495],[16.3545,51.1468],[16.3545,51.1449],[16.3598,51.146],[16.3651,51.1448],[16.3731,51.1405],[16.3727,51.1385],[16.3776,51.1382],[16.37,51.1357],[16.3863,51.1331],[16.3871,51.1289],[16.4066,51.1251],[16.4085,51.1294],[16.4139,51.131],[16.4394,51.1277],[16.4498,51.1218],[16.4589,51.1116],[16.475,51.1059],[16.4713,51.0953],[16.4749,51.0957],[16.4759,51.0892],[16.4796,51.0878],[16.4802,51.0859],[16.471,51.0846],[16.461,51.0807],[16.4561,51.0803],[16.4504,51.0822],[16.4445,51.0774],[16.4371,51.0758],[16.4339,51.0765],[16.4317,51.0801],[16.4253,51.0798],[16.4242,51.0753],[16.4204,51.0746],[16.4188,51.0709],[16.4053,51.0708],[16.4038,51.0624],[16.3979,51.0625],[16.3937,51.0579],[16.383,51.0635],[16.3746,51.0634],[16.3752,51.0707],[16.3734,51.0733],[16.3586,51.0698],[16.3563,51.071],[16.3445,51.0654],[16.3466,51.0611],[16.3438,51.0567],[16.3317,51.0544],[16.3333,51.0498],[16.3356,51.0501],[16.336,51.0473],[16.3319,51.0467],[16.3392,51.0405],[16.3429,51.0341],[16.3396,51.0327],[16.3372,51.029],[16.3351,51.0297],[16.32,51.0233],[16.3223,51.0167],[16.3199,51.0135],[16.2989,51.0192],[16.2893,51.0188],[16.2691,51.0121],[16.2686,51.0079],[16.2651,51.0022],[16.2378,51.0081],[16.2369,51.0114],[16.2317,51.0141],[16.2234,51.015],[16.2176,51.0183],[16.1986,51.0167],[16.1984,51.0102],[16.1955,51.0042],[16.2007,51.0032],[16.1999,51.0016],[16.2064,50.999],[16.2068,50.9973],[16.2049,50.9964],[16.2058,50.9927],[16.2025,50.9884],[16.2032,50.9835],[16.2017,50.9837],[16.2023,50.9791],[16.2008,50.9763],[16.201,50.9736],[16.2038,50.9715],[16.1833,50.9644],[16.1778,50.964],[16.1761,50.9669],[16.1685,50.964],[16.1704,50.9613],[16.173,50.9614],[16.1653,50.9576],[16.1595,50.9506]]]]}},{"type":"Feature","properties":{"GID_2":"POL.1.7_1","GID_0":"POL","COUNTRY":"Poland","GID_1":"POL.1_1","NAME_1":"Dolnoslaskie","NL_NAME_1":"NA","NAME_2":"JeleniaGora","VARNAME_2":"NA","NL_NAME_2":"NA","TYPE_2":"Powiat","ENGTYPE_2":"County","CC_2":"0206","HASC_2":"NA"},"geometry":{"type":"MultiPolygon","coordinates":[[[[15.7939,50.7536],[15.7915,50.7527],[15.7903,50.749],[15.7872,50.7489],[15.7875,50.7462],[15.7832,50.7442],[15.7675,50.7436],[15.766,50.748],[15.7519,50.7475],[15.7523,50.743],[15.7382,50.7424],[15.7386,50.7379],[15.7315,50.7376],[15.7243,50.7397],[15.7241,50.7418],[15.6939,50.7406],[15.6886,50.7428],[15.6839,50.7526],[15.6803,50.7547],[15.68,50.7581],[15.6659,50.7575],[15.6654,50.762],[15.6442,50.7611],[15.6438,50.7656],[15.6297,50.7651],[15.6292,50.7696],[15.6241,50.7693],[15.6322,50.7748],[15.639,50.7872],[15.6454,50.7939],[15.6487,50.8013],[15.6388,50.8032],[15.6294,50.8078],[15.6317,50.8094],[15.6311,50.8105],[15.6326,50.8101],[15.6325,50.8148],[15.6365,50.8125],[15.6383,50.8142],[15.6352,50.8225],[15.6334,50.8236],[15.6359,50.8252],[15.6436,50.8255],[15.656,50.8302],[15.6546,50.8323],[15.6577,50.8333],[15.6601,50.8375],[15.6629,50.8386],[15.6608,50.8441],[15.6661,50.8471],[15.6735,50.8462],[15.6807,50.8509],[15.6863,50.8499],[15.6907,50.8519],[15.6952,50.8509],[15.701,50.8463],[15.7048,50.8482],[15.7072,50.8468],[15.7142,50.8554],[15.7196,50.8594],[15.7168,50.8633],[15.7323,50.8732],[15.7359,50.8732],[15.7469,50.8679],[15.748,50.8647],[15.747,50.8637],[15.7487,50.8629],[15.7481,50.8592],[15.7662,50.8561],[15.7647,50.8594],[15.7727,50.8645],[15.7708,50.866],[15.7775,50.8682],[15.7651,50.8757],[15.7637,50.8813],[15.7725,50.8842],[15.7871,50.8934],[15.7978,50.8839],[15.7971,50.8895],[15.7944,50.891],[15.7964,50.8925],[15.7948,50.8964],[15.8023,50.9004],[15.8054,50.8994],[15.8092,50.9009],[15.8096,50.9026],[15.8121,50.9009],[15.8179,50.9007],[15.8208,50.8946],[15.8275,50.893],[15.851,50.8972],[15.8561,50.8976],[15.8599,50.8958],[15.8646,50.8972],[15.8631,50.8984],[15.8665,50.898],[15.8688,50.9011],[15.872,50.8985],[15.8772,50.9003],[15.874,50.9065],[15.8762,50.9073],[15.8703,50.9114],[15.8714,50.9119],[15.8698,50.9133],[15.8547,50.9179],[15.8503,50.9149],[15.8446,50.9159],[15.8447,50.9235],[15.8483,50.925],[15.8395,50.9304],[15.8283,50.9321],[15.8254,50.9291],[15.8204,50.9296],[15.8202,50.9233],[15.8012,50.9158],[15.792,50.918],[15.783,50.9227],[15.7822,50.9265],[15.7719,50.9275],[15.7707,50.9287],[15.7717,50.9308],[15.7683,50.9326],[15.7604,50.9272],[15.7337,50.9204],[15.7265,50.9215],[15.7246,50.925],[15.7279,50.9268],[15.7158,50.9314],[15.7093,50.9302],[15.7079,50.9269],[15.7054,50.9255],[15.7077,50.9235],[15.6989,50.921],[15.7003,50.9179],[15.688,50.915],[15.6843,50.9109],[15.6725,50.9116],[15.6693,50.9095],[15.6677,50.9114],[15.6601,50.9024],[15.6541,50.9012],[15.6578,50.8963],[15.6527,50.8961],[15.6499,50.8942],[15.6521,50.8914],[15.6578,50.8901],[15.6642,50.8845],[15.6618,50.8829],[15.6635,50.8814],[15.6606,50.8807],[15.6637,50.8769],[15.6555,50.8725],[15.6574,50.8704],[15.649,50.8696],[15.6302,50.8624],[15.6377,50.8594],[15.6406,50.8563],[15.6343,50.8557],[15.6324,50.853],[15.6207,50.8465],[15.6207,50.8427],[15.6237,50.8423],[15.6214,50.8383],[15.6191,50.8376],[15.6177,50.8299],[15.6104,50.8343],[15.605,50.8267],[15.6086,50.8245],[15.6168,50.8286],[15.6228,50.8283],[15.6133,50.8236],[15.6059,50.8219],[15.6077,50.8199],[15.6069,50.8187],[15.5986,50.8202],[15.5866,50.8164],[15.5866,50.8148],[15.5835,50.8127],[15.5837,50.8091],[15.5862,50.8045],[15.5861,50.7994],[15.5787,50.781],[15.543,50.7803],[15.5427,50.784],[15.5356,50.7837],[15.536,50.7795],[15.5227,50.7787],[15.514,50.7869],[15.5135,50.7918],[15.4805,50.7908],[15.4777,50.7948],[15.4629,50.8011],[15.4627,50.8032],[15.4556,50.8029],[15.4552,50.8074],[15.4481,50.8074],[15.4472,50.8161],[15.433,50.8155],[15.4335,50.811],[15.4193,50.8104],[15.4202,50.8022],[15.4185,50.7977],[15.4136,50.7966],[15.4141,50.7923],[15.4095,50.7874],[15.4004,50.787],[15.401,50.7808],[15.3958,50.7778],[15.3821,50.7772],[15.38,50.7781],[15.3797,50.7816],[15.3726,50.7813],[15.3734,50.785],[15.3719,50.7874],[15.3741,50.7891],[15.3715,50.7925],[15.3725,50.7958],[15.3708,50.7992],[15.3662,50.8019],[15.3687,50.8054],[15.374,50.8074],[15.372,50.8082],[15.3741,50.8118],[15.37,50.8144],[15.372,50.8191],[15.3761,50.8211],[15.3722,50.8236],[15.3693,50.8321],[15.37,50.834],[15.3682,50.836],[15.3769,50.8388],[15.3857,50.8386],[15.3968,50.834],[15.4068,50.8336],[15.4109,50.8319],[15.4143,50.8353],[15.4121,50.838],[15.4134,50.853],[15.4392,50.8523],[15.4484,50.8646],[15.4562,50.8848],[15.4717,50.8808],[15.4763,50.8779],[15.4894,50.8792],[15.49,50.8812],[15.5001,50.8878],[15.5011,50.889],[15.4987,50.8912],[15.501,50.8931],[15.4956,50.8976],[15.4883,50.8982],[15.4847,50.9033],[15.4869,50.9047],[15.4849,50.9099],[15.4864,50.9118],[15.4942,50.913],[15.4958,50.9153],[15.4982,50.9156],[15.4983,50.914],[15.5025,50.9147],[15.5026,50.9128],[15.5049,50.9124],[15.5077,50.9144],[15.5033,50.9226],[15.5051,50.9247],[15.5044,50.9258],[15.509,50.9292],[15.5171,50.9313],[15.522,50.939],[15.5252,50.9409],[15.5364,50.9376],[15.5684,50.9396],[15.5859,50.9484],[15.595,50.9494],[15.607,50.9481],[15.6074,50.9512],[15.6162,50.9529],[15.6214,50.9491],[15.6381,50.9492],[15.6397,50.9512],[15.6338,50.9543],[15.6339,50.9555],[15.6383,50.9562],[15.649,50.9532],[15.6551,50.9571],[15.6668,50.9553],[15.6676,50.958],[15.6721,50.9593],[15.6945,50.9555],[15.6983,50.9574],[15.6956,50.9586],[15.6981,50.9622],[15.6978,50.9644],[15.6922,50.9663],[15.6928,50.9686],[15.69,50.9695],[15.6921,50.9732],[15.6903,50.9771],[15.6835,50.9821],[15.6789,50.982],[15.6767,50.9842],[15.6869,50.9878],[15.6861,50.9889],[15.6935,50.9897],[15.6928,50.9914],[15.6864,50.9946],[15.6904,50.9981],[15.6909,51.0009],[15.6913,50.9997],[15.6965,50.9997],[15.6983,50.9975],[15.7199,50.9966],[15.717,51.0019],[15.7145,51.0011],[15.717,51.0024],[15.7254,51.0036],[15.7225,51.0072],[15.7326,51.0119],[15.7378,51.0114],[15.7371,51.0132],[15.7384,51.013],[15.7509,51.007],[15.7617,51.0066],[15.7587,51.0054],[15.7672,51.0014],[15.774,51.0016],[15.7733,50.9999],[15.7755,50.9958],[15.7719,50.9947],[15.7771,50.9949],[15.7771,50.9938],[15.7829,50.9929],[15.7854,50.994],[15.8009,50.9861],[15.8223,50.9809],[15.8226,50.9741],[15.8158,50.9713],[15.8179,50.9693],[15.8151,50.9663],[15.8239,50.9546],[15.8255,50.9477],[15.8342,50.9399],[15.8282,50.9403],[15.8356,50.9378],[15.8353,50.9332],[15.837,50.9331],[15.8381,50.9374],[15.8474,50.9358],[15.8475,50.937],[15.8703,50.9448],[15.8795,50.9448],[15.8844,50.9505],[15.8859,50.9497],[15.885,50.9478],[15.8901,50.9439],[15.8902,50.942],[15.8977,50.9415],[15.8971,50.9402],[15.9003,50.9372],[15.904,50.937],[15.9034,50.9328],[15.9011,50.9316],[15.9067,50.9288],[15.9065,50.9272],[15.9172,50.9271],[15.9183,50.9259],[15.9204,50.927],[15.9242,50.9251],[15.9227,50.9231],[15.924,50.9224],[15.9267,50.924],[15.9254,50.9255],[15.9267,50.9268],[15.9326,50.924],[15.9311,50.9223],[15.9337,50.9184],[15.9323,50.9146],[15.9306,50.914],[15.9333,50.9109],[15.9306,50.9107],[15.9301,50.9071],[15.9323,50.9068],[15.9296,50.8985],[15.9346,50.8992],[15.9342,50.8958],[15.9359,50.8953],[15.9475,50.8988],[15.9546,50.895],[15.962,50.8946],[15.9562,50.8773],[15.9524,50.8725],[15.9564,50.8572],[15.9559,50.8529],[15.9579,50.8495],[15.9521,50.8443],[15.9431,50.8426],[15.9441,50.839],[15.9391,50.839],[15.9368,50.8354],[15.9344,50.8371],[15.9297,50.8346],[15.9232,50.8367],[15.9268,50.8335],[15.9257,50.832],[15.9277,50.8284],[15.9237,50.8231],[15.9075,50.8159],[15.9002,50.8081],[15.8888,50.8042],[15.8938,50.7977],[15.8899,50.7948],[15.8925,50.7907],[15.8829,50.7851],[15.883,50.7818],[15.8786,50.7792],[15.8754,50.7734],[15.8726,50.7744],[15.8674,50.7696],[15.8679,50.7634],[15.8632,50.7615],[15.8592,50.7575],[15.8663,50.7553],[15.8644,50.7486],[15.8617,50.7453],[15.8508,50.7432],[15.8447,50.7457],[15.8319,50.7427],[15.8228,50.7474],[15.8226,50.7503],[15.8195,50.7501],[15.8162,50.7553],[15.7939,50.7536]]]]}},{"type":"Feature","properties":{"GID_2":"POL.1.6_1","GID_0":"POL","COUNTRY":"Poland","GID_1":"POL.1_1","NAME_1":"Dolnoslaskie","NL_NAME_1":"NA","NAME_2":"JeleniaGora","VARNAME_2":"NA","NL_NAME_2":"NA","TYPE_2":"Miastonaprawachpowiatu","ENGTYPE_2":"Citywithpowiatrights","CC_2":"0206","HASC_2":"NA"},"geometry":{"type":"MultiPolygon","coordinates":[[[[15.6241,50.7693],[15.62,50.7678],[15.6164,50.7723],[15.6018,50.7768],[15.5779,50.7787],[15.5861,50.7994],[15.5862,50.8045],[15.5837,50.8091],[15.5835,50.8127],[15.5866,50.8148],[15.5867,50.8165],[15.5955,50.8198],[15.6069,50.8187],[15.6077,50.8199],[15.6059,50.8219],[15.6133,50.8236],[15.6231,50.8285],[15.6168,50.8286],[15.6113,50.8248],[15.6059,50.8251],[15.605,50.8267],[15.6104,50.8343],[15.6177,50.8299],[15.6191,50.8376],[15.6214,50.8383],[15.6237,50.8423],[15.6207,50.8427],[15.6207,50.8465],[15.6324,50.853],[15.6343,50.8557],[15.6406,50.8563],[15.6377,50.8594],[15.6302,50.8624],[15.649,50.8696],[15.6574,50.8704],[15.6555,50.8725],[15.6637,50.8769],[15.6606,50.8807],[15.6635,50.8814],[15.6618,50.8829],[15.6642,50.8845],[15.6578,50.8901],[15.6521,50.8914],[15.6499,50.8942],[15.6527,50.8961],[15.6578,50.8963],[15.6541,50.9012],[15.6601,50.9024],[15.6677,50.9114],[15.6693,50.9095],[15.6725,50.9116],[15.6843,50.9109],[15.688,50.915],[15.7003,50.9179],[15.6989,50.921],[15.7077,50.9235],[15.7054,50.9255],[15.7079,50.9269],[15.7093,50.9302],[15.7158,50.9314],[15.7279,50.9268],[15.7246,50.925],[15.7265,50.9215],[15.7337,50.9204],[15.7604,50.9272],[15.7683,50.9326],[15.7717,50.9308],[15.7707,50.9287],[15.7719,50.9275],[15.7822,50.9265],[15.783,50.9227],[15.792,50.918],[15.8012,50.9158],[15.8202,50.9233],[15.8204,50.9296],[15.8254,50.9291],[15.8283,50.9321],[15.8395,50.9304],[15.8477,50.9265],[15.8478,50.924],[15.8447,50.9235],[15.8446,50.9159],[15.8503,50.9149],[15.8547,50.9179],[15.8698,50.9133],[15.8714,50.9119],[15.8703,50.9114],[15.8762,50.9073],[15.874,50.9065],[15.8772,50.9003],[15.875,50.8988],[15.8718,50.8986],[15.8688,50.9011],[15.8665,50.898],[15.8631,50.8984],[15.8646,50.8972],[15.8599,50.8958],[15.8561,50.8976],[15.851,50.8972],[15.8275,50.893],[15.8208,50.8946],[15.8179,50.9007],[15.8121,50.9009],[15.8096,50.9026],[15.8092,50.9009],[15.8054,50.8994],[15.8009,50.8999],[15.7948,50.8964],[15.7964,50.8925],[15.7944,50.891],[15.7971,50.8895],[15.7978,50.8839],[15.7871,50.8934],[15.7725,50.8842],[15.7637,50.8813],[15.7651,50.8757],[15.7775,50.8682],[15.7708,50.866],[15.7727,50.8645],[15.7647,50.8594],[15.7662,50.8561],[15.7481,50.8592],[15.7487,50.8629],[15.747,50.8637],[15.748,50.8647],[15.7469,50.8679],[15.7359,50.8732],[15.7323,50.8732],[15.7168,50.8633],[15.7196,50.8594],[15.7142,50.8554],[15.7072,50.8468],[15.7048,50.8482],[15.701,50.8463],[15.6952,50.8509],[15.6907,50.8519],[15.6863,50.8499],[15.6807,50.8509],[15.6735,50.8462],[15.6661,50.8471],[15.6608,50.8441],[15.6629,50.8386],[15.6601,50.8375],[15.6577,50.8333],[15.6546,50.8323],[15.656,50.8302],[15.6436,50.8255],[15.6335,50.8241],[15.6383,50.8142],[15.6365,50.8125],[15.6325,50.8148],[15.6326,50.8101],[15.6311,50.8105],[15.6317,50.8094],[15.6294,50.8078],[15.6388,50.8032],[15.6487,50.8013],[15.6454,50.7939],[15.639,50.7872],[15.6322,50.7748],[15.6241,50.7693]]]]}},{"type":"Feature","properties":{"GID_2":"POL.1.8_1","GID_0":"POL","COUNTRY":"Poland","GID_1":"POL.1_1","NAME_1":"Dolnoslaskie","NL_NAME_1":"NA","NAME_2":"KamiennaGora","VARNAME_2":"NA","NL_NAME_2":"NA","TYPE_2":"Powiat","ENGTYPE_2":"County","CC_2":"0207","HASC_2":"NA"},"geometry":{"type":"MultiPolygon","coordinates":[[[[16.1055,50.662],[16.1037,50.6634],[16.1005,50.6615],[16.0925,50.6612],[16.0933,50.6528],[16.0863,50.652],[16.0865,50.6487],[16.0847,50.6471],[16.0676,50.6398],[16.0598,50.625],[16.0573,50.6169],[16.0584,50.6149],[16.04,50.6142],[16.0402,50.6122],[16.0248,50.5986],[16.0195,50.6003],[16.0157,50.6061],[16.0112,50.6069],[16.0085,50.6047],[15.9982,50.6082],[15.9978,50.6126],[15.9907,50.6123],[15.9902,50.6178],[15.9972,50.6223],[16.0218,50.6302],[16.0163,50.6333],[16.0085,50.6345],[16.0055,50.6424],[16.0021,50.644],[16.0019,50.6458],[16.005,50.6486],[16.0034,50.6513],[16.0043,50.6581],[15.9979,50.6685],[15.9989,50.6723],[15.9937,50.6734],[15.9923,50.6752],[15.9914,50.6846],[15.9769,50.6887],[15.9765,50.693],[15.9342,50.6914],[15.9346,50.6869],[15.9315,50.6863],[15.9298,50.6829],[15.9262,50.6808],[15.9195,50.6846],[15.9102,50.6814],[15.8927,50.6808],[15.893,50.6767],[15.879,50.6757],[15.8794,50.6713],[15.8722,50.6725],[15.8719,50.6755],[15.8609,50.675],[15.8632,50.6815],[15.8599,50.6873],[15.8574,50.6968],[15.8531,50.7006],[15.851,50.7082],[15.8476,50.7092],[15.847,50.7151],[15.8405,50.715],[15.8396,50.7193],[15.8348,50.7202],[15.8299,50.7244],[15.8315,50.7264],[15.8301,50.7278],[15.8317,50.7302],[15.8304,50.7351],[15.8312,50.7413],[15.8319,50.7427],[15.8447,50.7457],[15.8508,50.7432],[15.8617,50.7453],[15.8644,50.7486],[15.8663,50.7553],[15.8592,50.7575],[15.8632,50.7615],[15.8679,50.7634],[15.8674,50.7696],[15.8726,50.7744],[15.8754,50.7734],[15.8786,50.7792],[15.883,50.7818],[15.8829,50.7851],[15.8925,50.7907],[15.8899,50.7948],[15.8938,50.7977],[15.8888,50.8042],[15.9002,50.8081],[15.9075,50.8159],[15.9237,50.8231],[15.9277,50.8284],[15.9257,50.832],[15.9268,50.8335],[15.9232,50.8367],[15.9297,50.8346],[15.9344,50.8371],[15.9368,50.8354],[15.9391,50.839],[15.9441,50.839],[15.9431,50.8426],[15.9506,50.8436],[15.9572,50.8485],[15.958,50.85],[15.9559,50.8529],[15.9564,50.8572],[15.9524,50.8725],[15.9562,50.8773],[15.962,50.8946],[15.9714,50.8924],[15.9804,50.8953],[15.976,50.8979],[15.9701,50.8982],[15.9721,50.9003],[15.9742,50.8991],[15.9807,50.9014],[15.9871,50.8993],[15.9881,50.9008],[15.9915,50.8993],[16.0005,50.8994],[15.9991,50.8977],[16.0009,50.8956],[16.0096,50.8958],[16.0112,50.8939],[16.0172,50.8929],[16.0182,50.8964],[16.0203,50.8968],[16.019,50.8976],[16.0269,50.8963],[16.0268,50.8977],[16.0179,50.9002],[16.0187,50.9038],[16.0212,50.904],[16.0181,50.9059],[16.0193,50.9088],[16.0273,50.9052],[16.0252,50.9015],[16.033,50.901],[16.0379,50.9048],[16.0355,50.9047],[16.0395,50.9095],[16.0386,50.9134],[16.0441,50.9133],[16.0476,50.9108],[16.0411,50.904],[16.0364,50.902],[16.0338,50.8963],[16.0461,50.8977],[16.059,50.9012],[16.0592,50.8955],[16.0509,50.8944],[16.0505,50.8908],[16.0608,50.8859],[16.0755,50.8844],[16.0728,50.8822],[16.0724,50.8791],[16.0741,50.8785],[16.0667,50.8735],[16.0676,50.8717],[16.0707,50.8705],[16.1096,50.8724],[16.1194,50.8699],[16.1225,50.8707],[16.1218,50.8659],[16.1151,50.8599],[16.1016,50.8587],[16.1001,50.8605],[16.0842,50.8603],[16.0833,50.8558],[16.0883,50.8551],[16.0861,50.8535],[16.0808,50.8548],[16.0836,50.846],[16.0782,50.8453],[16.077,50.8406],[16.0736,50.8374],[16.0722,50.8311],[16.0676,50.8265],[16.0741,50.8237],[16.0749,50.8252],[16.0817,50.8259],[16.0869,50.8187],[16.0793,50.8192],[16.0807,50.8156],[16.0768,50.8157],[16.0772,50.8146],[16.0724,50.8134],[16.0735,50.8103],[16.0687,50.8112],[16.0729,50.8067],[16.0709,50.8049],[16.0707,50.8013],[16.0732,50.7992],[16.071,50.7961],[16.0695,50.7965],[16.0679,50.7908],[16.0758,50.7895],[16.075,50.788],[16.0774,50.7848],[16.0756,50.7796],[16.0881,50.7764],[16.0867,50.7752],[16.0927,50.7725],[16.105,50.7633],[16.1078,50.7582],[16.1047,50.7518],[16.1007,50.7482],[16.1074,50.7401],[16.1118,50.7373],[16.1129,50.7343],[16.112,50.7317],[16.116,50.7242],[16.1264,50.7188],[16.131,50.7116],[16.1341,50.7095],[16.1381,50.7106],[16.1397,50.7097],[16.155,50.7125],[16.1554,50.7103],[16.1633,50.7097],[16.1638,50.7086],[16.173,50.7089],[16.1775,50.7044],[16.1788,50.7],[16.1795,50.6938],[16.1647,50.6831],[16.1535,50.6865],[16.1451,50.6834],[16.1422,50.6804],[16.1343,50.6785],[16.1235,50.6771],[16.116,50.6788],[16.111,50.6778],[16.1083,50.6753],[16.1082,50.6699],[16.1044,50.6677],[16.1075,50.6632],[16.1055,50.662]]]]}},{"type":"Feature","properties":{"GID_2":"POL.1.9_1","GID_0":"POL","COUNTRY":"Poland","GID_1":"POL.1_1","NAME_1":"Dolnoslaskie","NL_NAME_1":"NA","NAME_2":"Klodzko","VARNAME_2":"NA","NL_NAME_2":"NA","TYPE_2":"Powiat","ENGTYPE_2":"County","CC_2":"0208","HASC_2":"NA"},"geometry":{"type":"MultiPolygon","coordinates":[[[[16.5844,50.1511],[16.5855,50.152],[16.5832,50.1548],[16.5781,50.1551],[16.5784,50.1577],[16.5688,50.1604],[16.5686,50.1633],[16.5617,50.1634],[16.5578,50.1706],[16.5582,50.174],[16.5638,50.1798],[16.5604,50.1841],[16.5571,50.1848],[16.5589,50.1891],[16.5544,50.1962],[16.557,50.1995],[16.556,50.2031],[16.5613,50.2055],[16.5617,50.2076],[16.5585,50.2101],[16.5574,50.2204],[16.5512,50.223],[16.5483,50.2298],[16.5452,50.23],[16.5406,50.2338],[16.5375,50.239],[16.5292,50.2376],[16.521,50.2407],[16.5203,50.2475],[16.5133,50.2473],[16.5143,50.2516],[16.5085,50.2528],[16.5066,50.2556],[16.5081,50.2576],[16.5063,50.2603],[16.4975,50.2598],[16.4937,50.2635],[16.4897,50.2642],[16.4887,50.269],[16.4867,50.2709],[16.4819,50.2714],[16.4803,50.2749],[16.4812,50.2756],[16.4756,50.2821],[16.4667,50.2869],[16.4681,50.2902],[16.4675,50.2954],[16.462,50.2964],[16.4602,50.2996],[16.4559,50.2999],[16.4539,50.3027],[16.4482,50.305],[16.4454,50.311],[16.4448,50.3172],[16.4378,50.3171],[16.4375,50.3214],[16.43,50.3251],[16.4108,50.3246],[16.4053,50.3201],[16.3993,50.3192],[16.388,50.3254],[16.3877,50.3288],[16.3832,50.3288],[16.3752,50.3423],[16.3653,50.3466],[16.3646,50.3551],[16.3633,50.355],[16.3659,50.3573],[16.3656,50.3632],[16.368,50.367],[16.3636,50.3707],[16.3649,50.3739],[16.3607,50.3795],[16.3525,50.3786],[16.3484,50.3816],[16.3286,50.3809],[16.3263,50.3821],[16.3169,50.3802],[16.3087,50.3831],[16.3047,50.3826],[16.2992,50.3808],[16.2919,50.3703],[16.2828,50.3672],[16.2861,50.3704],[16.2791,50.3701],[16.2787,50.3746],[16.2768,50.3746],[16.2769,50.3762],[16.2663,50.381],[16.2656,50.3831],[16.2674,50.3867],[16.2631,50.3936],[16.256,50.3937],[16.2558,50.3964],[16.2488,50.3961],[16.2486,50.399],[16.2519,50.3997],[16.2519,50.4023],[16.2538,50.4032],[16.2529,50.4056],[16.2479,50.407],[16.2477,50.4096],[16.2416,50.4097],[16.2417,50.4114],[16.2381,50.4141],[16.2302,50.4122],[16.2243,50.4088],[16.2145,50.4091],[16.2125,50.4103],[16.2122,50.414],[16.2141,50.4147],[16.212,50.4185],[16.2112,50.4264],[16.2066,50.4278],[16.2038,50.4306],[16.1967,50.4308],[16.1965,50.4337],[16.1987,50.4347],[16.1988,50.4418],[16.2026,50.4441],[16.205,50.4487],[16.213,50.4517],[16.2214,50.4509],[16.2208,50.4463],[16.224,50.4421],[16.2319,50.4435],[16.231,50.4447],[16.2336,50.446],[16.2341,50.4487],[16.2305,50.4507],[16.23,50.4541],[16.2227,50.4568],[16.2226,50.4584],[16.2353,50.4599],[16.2363,50.4608],[16.2353,50.4633],[16.2434,50.4631],[16.2557,50.4676],[16.2496,50.4729],[16.2636,50.4734],[16.2632,50.4779],[16.2664,50.478],[16.2686,50.4759],[16.2747,50.4766],[16.2702,50.4793],[16.2699,50.4826],[16.2941,50.4792],[16.2997,50.4852],[16.3016,50.4894],[16.3005,50.4915],[16.3046,50.491],[16.3124,50.4941],[16.3121,50.4972],[16.3094,50.4994],[16.3115,50.5061],[16.3173,50.5068],[16.3176,50.5023],[16.3317,50.5028],[16.332,50.4983],[16.3386,50.4986],[16.3438,50.4958],[16.3478,50.4965],[16.3482,50.4989],[16.3516,50.498],[16.3602,50.4993],[16.36,50.5011],[16.3637,50.5039],[16.3668,50.504],[16.3678,50.5086],[16.3735,50.5088],[16.3739,50.5164],[16.3868,50.5183],[16.3867,50.5203],[16.3886,50.5218],[16.3935,50.523],[16.3933,50.5253],[16.3999,50.5274],[16.4018,50.5299],[16.3968,50.5333],[16.3982,50.5345],[16.3923,50.5387],[16.3921,50.541],[16.3991,50.5413],[16.3988,50.545],[16.411,50.548],[16.4106,50.5564],[16.4084,50.5614],[16.4044,50.5643],[16.4046,50.5693],[16.4251,50.5692],[16.4251,50.5704],[16.433,50.574],[16.4459,50.5744],[16.4449,50.5879],[16.4409,50.5878],[16.4374,50.5927],[16.4371,50.5967],[16.4336,50.5966],[16.4283,50.5999],[16.4222,50.6069],[16.4128,50.6101],[16.405,50.6173],[16.3941,50.619],[16.3924,50.6267],[16.3853,50.6265],[16.3849,50.631],[16.3802,50.6308],[16.3781,50.6344],[16.3795,50.6365],[16.3778,50.6369],[16.3866,50.6428],[16.4031,50.6451],[16.403,50.6473],[16.4065,50.6495],[16.403,50.6533],[16.4047,50.6541],[16.4173,50.6537],[16.4366,50.6482],[16.449,50.647],[16.4476,50.6523],[16.4528,50.6552],[16.4567,50.66],[16.4692,50.663],[16.4766,50.668],[16.4767,50.6704],[16.4805,50.6753],[16.4809,50.6799],[16.4797,50.6811],[16.4993,50.6757],[16.5063,50.6649],[16.5141,50.6579],[16.5166,50.6565],[16.5255,50.6566],[16.5304,50.6542],[16.5351,50.6491],[16.5428,50.6485],[16.543,50.645],[16.5479,50.6423],[16.5475,50.639],[16.5582,50.6336],[16.5789,50.6299],[16.5881,50.6254],[16.5868,50.6225],[16.5874,50.6181],[16.5965,50.6138],[16.5988,50.5989],[16.6055,50.5887],[16.6122,50.5847],[16.6236,50.581],[16.6293,50.5745],[16.6358,50.5727],[16.6367,50.5709],[16.6306,50.5678],[16.629,50.5644],[16.6263,50.5633],[16.6264,50.5614],[16.6353,50.5581],[16.6419,50.5522],[16.642,50.5497],[16.6502,50.5478],[16.652,50.5491],[16.6636,50.5446],[16.669,50.5442],[16.6855,50.5372],[16.6864,50.532],[16.6796,50.5322],[16.676,50.5301],[16.6764,50.5273],[16.6737,50.5259],[16.6778,50.5246],[16.6762,50.523],[16.6751,50.5165],[16.6838,50.5156],[16.6874,50.5128],[16.6859,50.5115],[16.6903,50.5046],[16.6899,50.5021],[16.7003,50.4968],[16.703,50.4887],[16.702,50.483],[16.6947,50.4823],[16.7079,50.4764],[16.7284,50.4753],[16.7365,50.4777],[16.7364,50.4756],[16.7452,50.4681],[16.7464,50.464],[16.7525,50.4599],[16.7571,50.4539],[16.7553,50.4511],[16.758,50.4476],[16.7569,50.444],[16.7616,50.4397],[16.7613,50.4352],[16.7653,50.4309],[16.7674,50.4256],[16.7924,50.4239],[16.7935,50.4176],[16.7974,50.4106],[16.8068,50.4009],[16.813,50.3982],[16.8196,50.4006],[16.8281,50.3974],[16.8391,50.4],[16.8459,50.3992],[16.8505,50.4009],[16.8529,50.4063],[16.8667,50.4073],[16.8671,50.4028],[16.8741,50.4022],[16.8744,50.3985],[16.8814,50.3987],[16.8817,50.3942],[16.8887,50.3944],[16.889,50.3899],[16.903,50.3903],[16.9034,50.3858],[16.9104,50.386],[16.9125,50.3545],[16.9195,50.3547],[16.9201,50.3457],[16.9271,50.3459],[16.9286,50.3234],[16.9356,50.3236],[16.9362,50.3146],[16.9432,50.3148],[16.9435,50.3103],[16.9645,50.3109],[16.9648,50.3064],[16.9788,50.3067],[16.9791,50.3023],[16.9931,50.3024],[16.9934,50.2982],[17.0004,50.2984],[17.0007,50.2939],[17.0077,50.2941],[17.0089,50.2761],[17.0159,50.2763],[17.0165,50.2673],[17.0095,50.267],[17.0099,50.2603],[17.0016,50.2564],[17.0034,50.2529],[17.004,50.2443],[17.0109,50.2445],[17.0115,50.2355],[17.0185,50.2357],[17.0193,50.2241],[17.0153,50.2197],[17.0024,50.2164],[16.9969,50.2167],[16.9926,50.2263],[16.9837,50.2328],[16.9836,50.2347],[16.9815,50.2347],[16.9804,50.2416],[16.9763,50.2449],[16.974,50.2435],[16.962,50.2431],[16.9623,50.2386],[16.9553,50.2384],[16.9562,50.2249],[16.9257,50.224],[16.9174,50.2262],[16.8991,50.2229],[16.8981,50.2186],[16.8875,50.2156],[16.8841,50.2093],[16.8802,50.2092],[16.8809,50.2001],[16.8739,50.1999],[16.874,50.1974],[16.8625,50.1996],[16.8619,50.2011],[16.8514,50.2048],[16.8486,50.2076],[16.8454,50.2066],[16.8453,50.2081],[16.8383,50.2079],[16.8386,50.2038],[16.8347,50.201],[16.8359,50.1979],[16.8259,50.1946],[16.8229,50.1887],[16.8156,50.1922],[16.8097,50.189],[16.8046,50.1888],[16.805,50.1843],[16.798,50.1841],[16.7986,50.1751],[16.7916,50.1749],[16.7926,50.1614],[16.7856,50.1612],[16.7861,50.1532],[16.7816,50.1513],[16.7833,50.1456],[16.7637,50.138],[16.7593,50.1378],[16.7594,50.1359],[16.7554,50.1339],[16.7509,50.1353],[16.745,50.1347],[16.7338,50.1202],[16.7291,50.1169],[16.7272,50.1097],[16.7232,50.1067],[16.7239,50.1052],[16.706,50.0966],[16.6887,50.0986],[16.6783,50.1037],[16.6647,50.1061],[16.6636,50.1077],[16.6413,50.1122],[16.6334,50.1114],[16.6319,50.1148],[16.6252,50.121],[16.614,50.1251],[16.613,50.1319],[16.6035,50.134],[16.5995,50.1385],[16.5953,50.1405],[16.5894,50.1401],[16.5842,50.1417],[16.5844,50.1511]]]]}},{"type":"Feature","properties":{"GID_2":"POL.1.11_1","GID_0":"POL","COUNTRY":"Poland","GID_1":"POL.1_1","NAME_1":"Dolnoslaskie","NL_NAME_1":"NA","NAME_2":"Legnica","VARNAME_2":"NA","NL_NAME_2":"NA","TYPE_2":"Powiat","ENGTYPE_2":"County","CC_2":"0209","HASC_2":"NA"},"geometry":{"type":"MultiPolygon","coordinates":[[[[16.1954,51.1059],[16.1975,51.1108],[16.1963,51.1134],[16.1934,51.1144],[16.1948,51.1227],[16.1734,51.1276],[16.1718,51.1331],[16.1523,51.1367],[16.1515,51.1317],[16.1485,51.1324],[16.1373,51.129],[16.1342,51.1213],[16.1331,51.115],[16.1341,51.1119],[16.1293,51.1103],[16.129,51.1115],[16.1252,51.108],[16.1076,51.1109],[16.0963,51.1009],[16.0925,51.0994],[16.0873,51.102],[16.0699,51.106],[16.0708,51.1119],[16.0684,51.1169],[16.0695,51.1192],[16.0675,51.1215],[16.0551,51.1169],[16.043,51.1153],[16.04,51.1216],[16.0409,51.1248],[16.0379,51.1275],[16.0396,51.1328],[16.0377,51.133],[16.0371,51.1348],[16.0393,51.1379],[16.036,51.1389],[16.0362,51.1433],[16.0247,51.1482],[16.0275,51.1555],[16.0249,51.1568],[16.0198,51.1553],[16.0174,51.1594],[16.0326,51.1654],[16.0318,51.1768],[16.062,51.1951],[16.0608,51.1962],[16.062,51.197],[16.0559,51.2043],[16.0553,51.2077],[16.0516,51.2104],[16.053,51.2132],[16.0519,51.214],[16.0631,51.2173],[16.0506,51.2246],[16.0382,51.2272],[16.0259,51.2212],[16.0155,51.2245],[16.0092,51.2244],[16.0049,51.2212],[16.0014,51.2225],[15.9977,51.2194],[15.9807,51.2214],[15.9813,51.2187],[15.9964,51.2061],[15.9857,51.2041],[15.9796,51.2054],[15.979,51.2043],[15.9701,51.2056],[15.9527,51.2048],[15.9447,51.209],[15.9549,51.2117],[15.9511,51.2146],[15.9468,51.2133],[15.9441,51.2143],[15.9451,51.2147],[15.9425,51.2172],[15.9143,51.2245],[15.9281,51.2319],[15.9047,51.2462],[15.8958,51.2476],[15.8931,51.2498],[15.8859,51.2481],[15.8844,51.2503],[15.8854,51.2524],[15.8735,51.2491],[15.8721,51.2475],[15.8314,51.259],[15.8198,51.2591],[15.8082,51.2623],[15.7983,51.2568],[15.8017,51.2557],[15.7991,51.2546],[15.8034,51.2545],[15.805,51.2503],[15.8049,51.2473],[15.8016,51.2472],[15.8019,51.2445],[15.798,51.2413],[15.7931,51.2383],[15.7891,51.2386],[15.7885,51.2359],[15.7793,51.2348],[15.7785,51.2337],[15.7812,51.234],[15.7797,51.2332],[15.7799,51.2312],[15.7703,51.2318],[15.7578,51.2287],[15.7622,51.2242],[15.7599,51.2227],[15.7594,51.2196],[15.753,51.2186],[15.7527,51.2286],[15.7569,51.2314],[15.7474,51.2407],[15.7424,51.2519],[15.7524,51.2588],[15.7482,51.2602],[15.7472,51.263],[15.7681,51.269],[15.7676,51.2738],[15.7693,51.2789],[15.7776,51.2808],[15.7768,51.2871],[15.7898,51.2863],[15.7878,51.2896],[15.7836,51.2896],[15.771,51.3013],[15.7703,51.3119],[15.7718,51.3194],[15.7792,51.3221],[15.7809,51.3246],[15.792,51.3305],[15.795,51.3359],[15.8045,51.3413],[15.8085,51.3454],[15.8128,51.3443],[15.8154,51.3466],[15.8139,51.3499],[15.8162,51.3517],[15.8161,51.3535],[15.8263,51.3531],[15.829,51.3615],[15.8278,51.3619],[15.837,51.3701],[15.8328,51.372],[15.8362,51.3742],[15.8333,51.3761],[15.8358,51.3783],[15.8351,51.3816],[15.8409,51.3836],[15.8503,51.3818],[15.8615,51.3733],[15.8761,51.3693],[15.8824,51.3717],[15.8879,51.3714],[15.8937,51.3631],[15.9064,51.3635],[15.9063,51.3611],[15.9131,51.3558],[15.9219,51.3534],[15.9267,51.3493],[15.9224,51.3445],[15.9374,51.3394],[15.9458,51.3375],[15.9476,51.3382],[15.9477,51.3425],[15.9534,51.3435],[15.9615,51.3396],[15.9658,51.3403],[15.9707,51.3374],[15.9862,51.3367],[15.9844,51.3341],[16.008,51.3263],[16.0133,51.3296],[16.0138,51.3275],[16.0055,51.3236],[16.0041,51.3179],[16.0098,51.3123],[16.0133,51.3115],[16.0167,51.3072],[16.0142,51.3036],[16.0338,51.3046],[16.0361,51.3027],[16.0454,51.3009],[16.0518,51.3015],[16.0611,51.2951],[16.0675,51.2947],[16.0674,51.2928],[16.07,51.2915],[16.0769,51.2937],[16.0686,51.2989],[16.0709,51.3004],[16.0709,51.3025],[16.0804,51.3026],[16.0805,51.2998],[16.0888,51.2985],[16.0888,51.2961],[16.0844,51.2934],[16.0877,51.2896],[16.0935,51.2895],[16.0943,51.2865],[16.1066,51.2871],[16.1075,51.2905],[16.111,51.2905],[16.1122,51.2882],[16.1158,51.2874],[16.1286,51.289],[16.1279,51.2916],[16.1298,51.2932],[16.1573,51.2931],[16.1734,51.2875],[16.1772,51.2844],[16.1903,51.279],[16.1915,51.2761],[16.1896,51.2706],[16.1955,51.2717],[16.1961,51.2838],[16.2006,51.2843],[16.2015,51.2891],[16.2055,51.2892],[16.2066,51.2933],[16.2109,51.2899],[16.2122,51.2954],[16.2329,51.2942],[16.2319,51.2907],[16.2334,51.2899],[16.2432,51.2869],[16.2537,51.286],[16.2593,51.2836],[16.273,51.2868],[16.2793,51.2898],[16.2823,51.2928],[16.2814,51.2952],[16.2838,51.2962],[16.3085,51.2912],[16.3137,51.2944],[16.3192,51.3022],[16.3252,51.3064],[16.3329,51.3057],[16.3335,51.309],[16.3389,51.3126],[16.3348,51.3138],[16.3327,51.3165],[16.3272,51.3178],[16.3338,51.3222],[16.3344,51.3246],[16.3318,51.3259],[16.341,51.3324],[16.3556,51.3277],[16.3546,51.3259],[16.3605,51.325],[16.3631,51.3222],[16.3698,51.3228],[16.3879,51.3187],[16.3862,51.3115],[16.3924,51.3068],[16.3952,51.3019],[16.3935,51.3013],[16.3964,51.3016],[16.4006,51.2995],[16.408,51.3005],[16.4074,51.2973],[16.4102,51.294],[16.4157,51.2937],[16.417,51.2916],[16.4253,51.289],[16.429,51.2849],[16.43,51.2798],[16.4352,51.2756],[16.4402,51.2739],[16.4536,51.2736],[16.4643,51.2665],[16.459,51.2577],[16.4623,51.2538],[16.4729,51.2499],[16.4694,51.2429],[16.4714,51.2387],[16.47,51.2334],[16.4714,51.2312],[16.4703,51.2296],[16.4615,51.2313],[16.4528,51.2303],[16.4488,51.2121],[16.4662,51.2073],[16.4671,51.2032],[16.4607,51.192],[16.4558,51.1893],[16.4546,51.1836],[16.4455,51.1788],[16.4478,51.1764],[16.4468,51.1713],[16.4512,51.1696],[16.4516,51.1676],[16.4568,51.1639],[16.4566,51.1608],[16.4637,51.158],[16.4674,51.1476],[16.4544,51.1477],[16.4475,51.1427],[16.4442,51.139],[16.4429,51.1346],[16.4487,51.1342],[16.4491,51.1317],[16.4464,51.1279],[16.4417,51.1261],[16.4391,51.1278],[16.4139,51.131],[16.4085,51.1294],[16.4066,51.1251],[16.3986,51.1258],[16.3871,51.1289],[16.3863,51.1331],[16.37,51.1357],[16.3776,51.1382],[16.3727,51.1385],[16.3731,51.1405],[16.3644,51.1451],[16.3545,51.1449],[16.3564,51.1495],[16.3494,51.1495],[16.3406,51.1461],[16.3267,51.1447],[16.3239,51.137],[16.3206,51.1367],[16.3119,51.1296],[16.3058,51.1216],[16.3036,51.1153],[16.2942,51.1131],[16.2903,51.1091],[16.2789,51.1091],[16.279,51.1131],[16.2755,51.1142],[16.2751,51.1121],[16.2687,51.1067],[16.2647,51.1085],[16.249,51.1094],[16.2422,51.1064],[16.2362,51.0989],[16.2253,51.1068],[16.2269,51.1119],[16.2233,51.1148],[16.2176,51.1147],[16.2165,51.1098],[16.2132,51.1106],[16.2125,51.1091],[16.2093,51.1092],[16.2083,51.106],[16.1954,51.1059]],[[16.1659,51.1608],[16.1841,51.1606],[16.1891,51.1751],[16.1939,51.1774],[16.1903,51.178],[16.1953,51.1933],[16.2038,51.1892],[16.2113,51.1903],[16.2177,51.1882],[16.2223,51.1907],[16.2206,51.1932],[16.2302,51.1988],[16.2249,51.2034],[16.2285,51.2084],[16.2269,51.2103],[16.2289,51.2111],[16.2256,51.2136],[16.2332,51.2197],[16.2299,51.222],[16.2224,51.2204],[16.2182,51.2232],[16.2191,51.2264],[16.2151,51.2273],[16.2206,51.2399],[16.216,51.2419],[16.2119,51.2461],[16.1969,51.2439],[16.1957,51.2406],[16.1787,51.2433],[16.1802,51.2476],[16.1658,51.2476],[16.1608,51.2356],[16.1582,51.236],[16.1598,51.2384],[16.1581,51.24],[16.1545,51.2393],[16.1451,51.2488],[16.1393,51.2474],[16.1506,51.2333],[16.1518,51.2293],[16.1509,51.2242],[16.1462,51.2207],[16.1327,51.2217],[16.1342,51.2128],[16.1228,51.2115],[16.1243,51.2046],[16.1219,51.2042],[16.1236,51.1994],[16.1284,51.2003],[16.1284,51.2002],[16.1133,51.1918],[16.0833,51.1813],[16.093,51.1807],[16.0941,51.1793],[16.0996,51.1799],[16.1045,51.1736],[16.1038,51.171],[16.1064,51.1714],[16.1071,51.1689],[16.1057,51.1668],[16.1308,51.1623],[16.1659,51.1608]]]]}},{"type":"Feature","properties":{"GID_2":"POL.1.10_1","GID_0":"POL","COUNTRY":"Poland","GID_1":"POL.1_1","NAME_1":"Dolnoslaskie","NL_NAME_1":"NA","NAME_2":"Legnica","VARNAME_2":"NA","NL_NAME_2":"NA","TYPE_2":"Miastonaprawachpowiatu","ENGTYPE_2":"Citywithpowiatrights","CC_2":"0209","HASC_2":"NA"},"geometry":{"type":"MultiPolygon","coordinates":[[[[16.1653,51.1608],[16.1308,51.1623],[16.1057,51.1668],[16.1071,51.1689],[16.1064,51.1714],[16.1038,51.171],[16.1045,51.1736],[16.0996,51.1799],[16.0941,51.1793],[16.093,51.1807],[16.0833,51.1813],[16.1133,51.1918],[16.1284,51.2002],[16.1236,51.1994],[16.1219,51.2042],[16.1243,51.2046],[16.1228,51.2115],[16.1342,51.2128],[16.1327,51.2217],[16.1462,51.2207],[16.1509,51.2242],[16.1518,51.2293],[16.1506,51.2333],[16.1393,51.2474],[16.1451,51.2488],[16.1545,51.2393],[16.1581,51.24],[16.1598,51.2384],[16.1582,51.236],[16.1608,51.2356],[16.1658,51.2476],[16.1802,51.2476],[16.1787,51.2433],[16.1957,51.2406],[16.1965,51.2436],[16.1983,51.2443],[16.2097,51.2461],[16.214,51.245],[16.216,51.2419],[16.2206,51.2399],[16.2151,51.2273],[16.2191,51.2264],[16.2181,51.2233],[16.222,51.2205],[16.2303,51.222],[16.2332,51.2197],[16.2256,51.2136],[16.2289,51.2111],[16.2269,51.2103],[16.2285,51.2084],[16.2249,51.2034],[16.2302,51.1988],[16.2206,51.1932],[16.2223,51.1907],[16.2177,51.1882],[16.2113,51.1903],[16.2038,51.1892],[16.1953,51.1933],[16.1903,51.178],[16.1939,51.1774],[16.1891,51.1751],[16.1841,51.1606],[16.1653,51.1608]]]]}},{"type":"Feature","properties":{"GID_2":"POL.1.12_1","GID_0":"POL","COUNTRY":"Poland","GID_1":"POL.1_1","NAME_1":"Dolnoslaskie","NL_NAME_1":"NA","NAME_2":"Luban","VARNAME_2":"NA","NL_NAME_2":"NA","TYPE_2":"Powiat","ENGTYPE_2":"County","CC_2":"0210","HASC_2":"NA"},"geometry":{"type":"MultiPolygon","coordinates":[[[[15.2748,50.9034],[15.2732,50.9169],[15.2688,50.9171],[15.2669,50.9203],[15.2683,50.9244],[15.2723,50.9258],[15.2712,50.9364],[15.2773,50.9391],[15.2799,50.9426],[15.2887,50.9463],[15.2912,50.9493],[15.2918,50.9538],[15.2978,50.9541],[15.2974,50.9586],[15.2903,50.9582],[15.2898,50.9627],[15.2827,50.9624],[15.2822,50.9669],[15.2751,50.9666],[15.2772,50.9716],[15.2737,50.9801],[15.2594,50.9808],[15.259,50.9839],[15.2448,50.9833],[15.2439,50.9923],[15.2393,50.9921],[15.2372,50.9945],[15.2423,50.9969],[15.2388,50.9985],[15.2283,50.9961],[15.2079,50.9952],[15.2081,50.9922],[15.1942,50.9901],[15.1951,50.9817],[15.1933,50.981],[15.1876,50.9808],[15.1732,50.9861],[15.1772,50.9935],[15.1748,50.9988],[15.1748,51.0103],[15.1719,51.02],[15.1617,51.0202],[15.149,51.0337],[15.1457,51.0414],[15.1459,51.0465],[15.1426,51.052],[15.1433,51.0554],[15.1357,51.0618],[15.1367,51.0624],[15.1339,51.0638],[15.1211,51.0802],[15.1311,51.0853],[15.1255,51.0875],[15.1315,51.0998],[15.1186,51.1017],[15.122,51.103],[15.1226,51.1048],[15.1257,51.1039],[15.1292,51.1078],[15.1289,51.1126],[15.125,51.1125],[15.1299,51.1258],[15.1411,51.1327],[15.1439,51.1315],[15.146,51.1395],[15.1556,51.1441],[15.1522,51.1462],[15.1552,51.1501],[15.1529,51.1582],[15.1565,51.1626],[15.1582,51.1619],[15.1625,51.165],[15.1641,51.164],[15.1702,51.1669],[15.1848,51.163],[15.1973,51.1619],[15.2026,51.1665],[15.2084,51.1675],[15.2085,51.1715],[15.2125,51.1775],[15.2069,51.1909],[15.2141,51.1932],[15.2323,51.1926],[15.2323,51.1914],[15.24,51.1911],[15.2463,51.1889],[15.2471,51.1903],[15.2497,51.1885],[15.2595,51.1914],[15.2702,51.1914],[15.2702,51.1952],[15.2743,51.1952],[15.2796,51.192],[15.2956,51.1875],[15.302,51.1834],[15.314,51.1882],[15.3169,51.1869],[15.3206,51.1924],[15.3338,51.1986],[15.3401,51.1995],[15.3575,51.1886],[15.364,51.1863],[15.3667,51.1869],[15.3708,51.1839],[15.3759,51.1842],[15.378,51.1807],[15.384,51.1808],[15.3936,51.176],[15.3944,51.1751],[15.385,51.165],[15.3851,51.1602],[15.3903,51.1566],[15.4099,51.1533],[15.4219,51.1477],[15.4244,51.1504],[15.4289,51.1497],[15.4305,51.1489],[15.4266,51.1464],[15.4312,51.1411],[15.4364,51.1389],[15.4317,51.1369],[15.4324,51.1296],[15.4272,51.1228],[15.4285,51.1204],[15.4196,51.1207],[15.4186,51.1179],[15.4207,51.1106],[15.414,51.1063],[15.4142,51.1032],[15.4075,51.1003],[15.4137,51.0922],[15.4121,51.0914],[15.4131,51.083],[15.4175,51.0808],[15.4155,51.0748],[15.4105,51.0707],[15.4081,51.0694],[15.4039,51.0705],[15.4066,51.0644],[15.4059,51.0622],[15.403,51.0575],[15.3999,51.0567],[15.4004,51.0553],[15.3958,51.0519],[15.3996,51.0489],[15.401,51.0497],[15.4057,51.0475],[15.4056,51.0449],[15.4078,51.0423],[15.406,51.0424],[15.4052,51.0397],[15.3976,51.0343],[15.3951,51.0304],[15.3918,51.0322],[15.3882,51.0311],[15.3861,51.0295],[15.3866,51.0251],[15.3782,51.0242],[15.3757,51.0215],[15.3789,51.0181],[15.3915,51.0149],[15.3899,51.0105],[15.3925,51.0102],[15.3906,51.0052],[15.3885,51.0044],[15.3869,51.0005],[15.3834,51.0003],[15.3825,50.999],[15.3844,50.9973],[15.3794,50.9979],[15.3735,50.995],[15.3596,50.9968],[15.3548,50.994],[15.3502,50.9942],[15.3514,50.9987],[15.348,50.9984],[15.3499,51.0034],[15.3456,51.0039],[15.331,50.9994],[15.3326,50.9977],[15.3278,50.9942],[15.3215,50.9937],[15.3069,50.9874],[15.3054,50.9849],[15.3066,50.9791],[15.3135,50.9763],[15.3143,50.9725],[15.3107,50.9712],[15.3174,50.9665],[15.3178,50.964],[15.326,50.962],[15.3314,50.9631],[15.3372,50.9497],[15.3375,50.9421],[15.3408,50.9419],[15.3364,50.9393],[15.3372,50.9369],[15.334,50.935],[15.3349,50.9342],[15.3281,50.93],[15.3316,50.9288],[15.339,50.9304],[15.3408,50.9294],[15.3375,50.9286],[15.3385,50.9276],[15.3432,50.9287],[15.346,50.9243],[15.3482,50.9244],[15.3428,50.9231],[15.3434,50.9207],[15.3419,50.9202],[15.3443,50.9191],[15.3494,50.9236],[15.3529,50.9219],[15.3506,50.9172],[15.3484,50.9183],[15.3463,50.9168],[15.3488,50.9152],[15.3463,50.9131],[15.3491,50.912],[15.3475,50.911],[15.3492,50.9093],[15.3461,50.9056],[15.3509,50.9029],[15.3579,50.9029],[15.3702,50.8983],[15.3728,50.8984],[15.3775,50.9021],[15.3793,50.9003],[15.3751,50.8983],[15.3735,50.8967],[15.3745,50.8947],[15.3725,50.8941],[15.3761,50.892],[15.3759,50.8919],[15.3739,50.8929],[15.3733,50.893],[15.3741,50.8916],[15.3725,50.8909],[15.3668,50.8928],[15.3616,50.8906],[15.351,50.8937],[15.3465,50.893],[15.3411,50.896],[15.3371,50.8963],[15.3373,50.899],[15.3359,50.899],[15.3378,50.9015],[15.3338,50.9025],[15.334,50.9047],[15.3205,50.9049],[15.3234,50.908],[15.3177,50.9092],[15.3179,50.9113],[15.3216,50.9122],[15.3178,50.9142],[15.3161,50.9126],[15.3164,50.9104],[15.3108,50.9087],[15.3066,50.9121],[15.305,50.9102],[15.3031,50.9125],[15.2982,50.9082],[15.2999,50.9064],[15.2966,50.9079],[15.2949,50.9046],[15.2937,50.9062],[15.2821,50.8999],[15.2817,50.9037],[15.2748,50.9034]]]]}},{"type":"Feature","properties":{"GID_2":"POL.1.13_1","GID_0":"POL","COUNTRY":"Poland","GID_1":"POL.1_1","NAME_1":"Dolnoslaskie","NL_NAME_1":"NA","NAME_2":"Lubin","VARNAME_2":"NA","NL_NAME_2":"NA","TYPE_2":"Powiat","ENGTYPE_2":"County","CC_2":"0211","HASC_2":"NA"},"geometry":{"type":"MultiPolygon","coordinates":[[[[16.0663,51.2943],[16.0611,51.2951],[16.0518,51.3015],[16.0454,51.3009],[16.0361,51.3027],[16.0338,51.3046],[16.0142,51.3036],[16.0167,51.3072],[16.0133,51.3115],[16.0098,51.3123],[16.0041,51.3179],[16.0062,51.3243],[16.0187,51.3281],[16.0241,51.3315],[16.0241,51.3346],[16.0266,51.3363],[16.0367,51.3376],[16.0417,51.3364],[16.042,51.3344],[16.0477,51.3333],[16.0722,51.3363],[16.0799,51.3377],[16.0854,51.3424],[16.0945,51.3466],[16.0781,51.3473],[16.0719,51.3505],[16.0714,51.3557],[16.0739,51.3598],[16.0792,51.3632],[16.0799,51.3668],[16.0678,51.371],[16.0688,51.3736],[16.066,51.3766],[16.0695,51.3808],[16.0981,51.3837],[16.102,51.3964],[16.1075,51.3974],[16.1086,51.4005],[16.0997,51.4133],[16.0989,51.418],[16.088,51.4166],[16.0753,51.436],[16.0736,51.4352],[16.071,51.4376],[16.073,51.453],[16.075,51.455],[16.0821,51.4568],[16.0837,51.4622],[16.091,51.4652],[16.0988,51.4662],[16.0973,51.4679],[16.0994,51.4661],[16.1064,51.4682],[16.1137,51.4638],[16.1187,51.4695],[16.1269,51.4717],[16.1366,51.4677],[16.13,51.4628],[16.1344,51.4616],[16.1335,51.4594],[16.1382,51.4598],[16.1365,51.4575],[16.1522,51.4596],[16.1534,51.4576],[16.1624,51.454],[16.186,51.4569],[16.1898,51.4655],[16.191,51.4652],[16.1963,51.4715],[16.1978,51.483],[16.2023,51.4846],[16.1951,51.4846],[16.1869,51.4804],[16.1867,51.4784],[16.1831,51.4802],[16.1828,51.4832],[16.1786,51.4869],[16.1793,51.4989],[16.1864,51.5121],[16.2008,51.5113],[16.2044,51.5149],[16.2016,51.5155],[16.2075,51.5203],[16.2102,51.5246],[16.2192,51.5228],[16.2435,51.522],[16.2459,51.5241],[16.2448,51.5251],[16.251,51.5387],[16.2562,51.5378],[16.2572,51.5435],[16.2706,51.5443],[16.2621,51.5494],[16.2679,51.5519],[16.2655,51.555],[16.2606,51.557],[16.2633,51.5581],[16.2684,51.566],[16.2743,51.5683],[16.298,51.5678],[16.3212,51.5705],[16.319,51.5745],[16.3175,51.5832],[16.3194,51.5913],[16.3258,51.5947],[16.3281,51.599],[16.3331,51.6014],[16.3387,51.5975],[16.3485,51.5958],[16.3496,51.5995],[16.3555,51.603],[16.3541,51.6055],[16.3554,51.6092],[16.3643,51.6084],[16.374,51.6122],[16.3828,51.6129],[16.39,51.6113],[16.3924,51.6099],[16.3936,51.6062],[16.3852,51.5996],[16.3896,51.5938],[16.3892,51.5877],[16.3912,51.5857],[16.401,51.5844],[16.4057,51.5774],[16.423,51.5775],[16.4322,51.5757],[16.4473,51.5678],[16.4582,51.5666],[16.4643,51.5635],[16.4633,51.5595],[16.4584,51.5569],[16.4526,51.5504],[16.4516,51.542],[16.4614,51.5348],[16.4623,51.5296],[16.4594,51.5253],[16.4606,51.5224],[16.4638,51.5211],[16.477,51.521],[16.4812,51.5186],[16.4822,51.5161],[16.4722,51.5042],[16.4546,51.4936],[16.4492,51.4764],[16.4511,51.4718],[16.4508,51.4659],[16.4384,51.4275],[16.44,51.4243],[16.446,51.4199],[16.4431,51.412],[16.4446,51.4076],[16.4572,51.4001],[16.4604,51.3924],[16.4688,51.3829],[16.4709,51.3731],[16.4766,51.3692],[16.4771,51.3664],[16.4683,51.3614],[16.4671,51.3539],[16.4583,51.3505],[16.454,51.3464],[16.4534,51.3399],[16.4567,51.3324],[16.4613,51.328],[16.4608,51.3257],[16.4449,51.3165],[16.4364,51.3081],[16.4288,51.3048],[16.4157,51.2937],[16.4102,51.294],[16.4074,51.2973],[16.408,51.3005],[16.4006,51.2995],[16.3964,51.3016],[16.3935,51.3013],[16.3952,51.3019],[16.3924,51.3068],[16.3862,51.3115],[16.3879,51.3187],[16.3698,51.3228],[16.3631,51.3222],[16.3605,51.325],[16.3546,51.3259],[16.3556,51.3277],[16.341,51.3324],[16.3318,51.3259],[16.3344,51.3246],[16.3338,51.3222],[16.3272,51.3178],[16.3327,51.3165],[16.3348,51.3138],[16.3389,51.3126],[16.3335,51.309],[16.3329,51.3057],[16.3252,51.3064],[16.3192,51.3022],[16.3137,51.2944],[16.3085,51.2912],[16.2838,51.2962],[16.2814,51.2952],[16.2823,51.2928],[16.2793,51.2898],[16.273,51.2868],[16.2593,51.2836],[16.2537,51.286],[16.2432,51.2869],[16.2334,51.2899],[16.2319,51.2907],[16.2329,51.2942],[16.2122,51.2954],[16.2109,51.2899],[16.2066,51.2933],[16.2055,51.2892],[16.2015,51.2891],[16.2006,51.2843],[16.1961,51.2838],[16.1955,51.2717],[16.1896,51.2706],[16.1915,51.2761],[16.1903,51.279],[16.1772,51.2844],[16.1734,51.2875],[16.1573,51.2931],[16.1298,51.2932],[16.1279,51.2916],[16.1286,51.289],[16.1158,51.2874],[16.1122,51.2882],[16.111,51.2905],[16.1075,51.2905],[16.1066,51.2871],[16.0943,51.2865],[16.0935,51.2895],[16.0877,51.2896],[16.0844,51.2934],[16.0888,51.2961],[16.0888,51.2985],[16.0805,51.2998],[16.0804,51.3026],[16.0782,51.3026],[16.071,51.3026],[16.0709,51.3004],[16.0686,51.2989],[16.0769,51.2937],[16.07,51.2915],[16.0674,51.2928],[16.0675,51.2947],[16.0663,51.2943]]]]}},{"type":"Feature","properties":{"GID_2":"POL.1.14_1","GID_0":"POL","COUNTRY":"Poland","GID_1":"POL.1_1","NAME_1":"Dolnoslaskie","NL_NAME_1":"NA","NAME_2":"LwowekSlaski","VARNAME_2":"NA","NL_NAME_2":"NA","TYPE_2":"Powiat","ENGTYPE_2":"County","CC_2":"0212","HASC_2":"NA"},"geometry":{"type":"MultiPolygon","coordinates":[[[[15.3678,50.8363],[15.3662,50.8442],[15.3593,50.8445],[15.3583,50.8472],[15.3529,50.8504],[15.3539,50.8513],[15.3501,50.8508],[15.3456,50.8541],[15.3439,50.8534],[15.3435,50.8567],[15.3365,50.8564],[15.336,50.8609],[15.3218,50.8603],[15.3214,50.8648],[15.3072,50.8642],[15.3063,50.8732],[15.2992,50.8729],[15.2983,50.8818],[15.2912,50.8815],[15.2907,50.886],[15.2836,50.886],[15.2821,50.8999],[15.2937,50.9062],[15.2949,50.9046],[15.2966,50.9079],[15.2999,50.9064],[15.2982,50.9082],[15.3031,50.9125],[15.305,50.9102],[15.3066,50.9121],[15.3108,50.9087],[15.3164,50.9104],[15.3161,50.9126],[15.3178,50.9142],[15.3216,50.9122],[15.3179,50.9113],[15.3177,50.9092],[15.3234,50.908],[15.3205,50.9049],[15.334,50.9047],[15.3338,50.9025],[15.3378,50.9015],[15.3359,50.899],[15.3373,50.899],[15.3371,50.8963],[15.3411,50.896],[15.3465,50.893],[15.351,50.8937],[15.3616,50.8906],[15.3668,50.8928],[15.3725,50.8909],[15.3741,50.8916],[15.3733,50.893],[15.3761,50.892],[15.3725,50.8941],[15.3745,50.8947],[15.3735,50.8967],[15.3796,50.901],[15.3765,50.9022],[15.3735,50.8989],[15.3702,50.8983],[15.3579,50.9029],[15.3509,50.9029],[15.3461,50.9056],[15.3492,50.9093],[15.3475,50.911],[15.3491,50.912],[15.3463,50.9131],[15.3488,50.9152],[15.3463,50.9168],[15.3484,50.9183],[15.3506,50.9172],[15.3529,50.9219],[15.3494,50.9236],[15.3443,50.9191],[15.3419,50.9202],[15.3434,50.9207],[15.3428,50.9231],[15.3482,50.9244],[15.346,50.9243],[15.3432,50.9287],[15.3385,50.9276],[15.3375,50.9286],[15.3408,50.9294],[15.339,50.9304],[15.3316,50.9288],[15.3281,50.93],[15.3349,50.9342],[15.334,50.935],[15.3372,50.9369],[15.3364,50.9393],[15.3408,50.9419],[15.3375,50.9421],[15.3372,50.9497],[15.3314,50.9631],[15.326,50.962],[15.3178,50.964],[15.3174,50.9665],[15.3107,50.9712],[15.3138,50.972],[15.3143,50.9737],[15.3135,50.9763],[15.3066,50.9791],[15.3058,50.9863],[15.3215,50.9937],[15.3278,50.9942],[15.3326,50.9977],[15.331,50.9994],[15.3456,51.0039],[15.3499,51.0034],[15.348,50.9984],[15.3514,50.9987],[15.3502,50.9942],[15.3548,50.994],[15.3596,50.9968],[15.3735,50.995],[15.3794,50.9979],[15.3844,50.9973],[15.3825,50.999],[15.3834,51.0003],[15.3869,51.0005],[15.3885,51.0044],[15.3906,51.0052],[15.3925,51.0102],[15.3899,51.0105],[15.3915,51.0149],[15.3789,51.0181],[15.3757,51.0215],[15.3782,51.0242],[15.3866,51.0251],[15.3861,51.0295],[15.3882,51.0311],[15.3918,51.0322],[15.3951,51.0304],[15.3976,51.0343],[15.4052,51.0397],[15.406,51.0424],[15.4078,51.0423],[15.4056,51.0449],[15.4057,51.0475],[15.401,51.0497],[15.3996,51.0489],[15.3958,51.0519],[15.4004,51.0553],[15.3999,51.0567],[15.403,51.0575],[15.4059,51.0622],[15.4066,51.0644],[15.4039,51.0705],[15.4081,51.0694],[15.4105,51.0707],[15.4155,51.0748],[15.4175,51.0808],[15.4131,51.083],[15.4121,51.0914],[15.4137,51.0922],[15.4075,51.1003],[15.4142,51.1032],[15.414,51.1063],[15.4207,51.1106],[15.4186,51.1179],[15.4196,51.1207],[15.4283,51.1202],[15.4282,51.1177],[15.4325,51.1142],[15.4438,51.1124],[15.444,51.1189],[15.4522,51.1231],[15.4566,51.122],[15.4646,51.1279],[15.4744,51.1315],[15.4751,51.1343],[15.4804,51.136],[15.4807,51.1425],[15.484,51.1442],[15.4876,51.1494],[15.4835,51.1539],[15.4837,51.1666],[15.4787,51.1704],[15.4785,51.1753],[15.4925,51.1754],[15.4966,51.1797],[15.5115,51.1817],[15.5149,51.1847],[15.5253,51.1873],[15.534,51.1877],[15.5423,51.1914],[15.5406,51.1935],[15.542,51.1954],[15.5442,51.1941],[15.5552,51.1943],[15.5553,51.1959],[15.5655,51.1993],[15.5672,51.1841],[15.5742,51.1839],[15.5768,51.1871],[15.5876,51.1793],[15.6003,51.1812],[15.5987,51.1868],[15.6137,51.186],[15.6109,51.1849],[15.6113,51.1832],[15.6253,51.1835],[15.6331,51.1857],[15.6348,51.1834],[15.6385,51.1852],[15.6429,51.1846],[15.6521,51.1779],[15.6651,51.1756],[15.671,51.168],[15.6774,51.1678],[15.679,51.166],[15.6772,51.1656],[15.68,51.164],[15.6834,51.1652],[15.6848,51.165],[15.6843,51.1634],[15.689,51.164],[15.6917,51.1621],[15.6939,51.1625],[15.6882,51.1597],[15.6978,51.1593],[15.6965,51.1578],[15.6979,51.1563],[15.7162,51.1496],[15.7229,51.1419],[15.7272,51.1396],[15.7273,51.1358],[15.724,51.1313],[15.7247,51.1269],[15.7198,51.1252],[15.7216,51.1242],[15.7206,51.1213],[15.722,51.1173],[15.7204,51.1159],[15.7194,51.1082],[15.7231,51.1045],[15.7268,51.1034],[15.7289,51.0957],[15.7358,51.0927],[15.7477,51.0824],[15.7497,51.0784],[15.7474,51.0779],[15.7474,51.0767],[15.7501,51.077],[15.752,51.0636],[15.7614,51.0647],[15.7579,51.0629],[15.7575,51.0581],[15.7561,51.0579],[15.7591,51.0543],[15.7629,51.054],[15.7623,51.0514],[15.7664,51.039],[15.7655,51.0362],[15.7619,51.036],[15.7607,51.0344],[15.7604,51.0246],[15.755,51.0247],[15.7458,51.0278],[15.7451,51.0236],[15.7471,51.0218],[15.7319,51.0226],[15.7211,51.0206],[15.7245,51.0189],[15.7239,51.0177],[15.7377,51.0114],[15.7318,51.0117],[15.7225,51.0072],[15.7254,51.0036],[15.717,51.0024],[15.7145,51.0011],[15.717,51.0019],[15.7199,50.9966],[15.6983,50.9975],[15.6965,50.9997],[15.6913,50.9997],[15.6909,51.0009],[15.6904,50.9981],[15.6864,50.9946],[15.6928,50.9914],[15.6935,50.9897],[15.6861,50.9889],[15.6869,50.9878],[15.6767,50.9842],[15.6789,50.982],[15.6835,50.9821],[15.6903,50.9771],[15.6921,50.9732],[15.69,50.9695],[15.6928,50.9686],[15.6922,50.9663],[15.6978,50.9644],[15.6981,50.9622],[15.6956,50.9586],[15.6983,50.9574],[15.6945,50.9555],[15.6721,50.9593],[15.6676,50.958],[15.6668,50.9553],[15.6551,50.9571],[15.649,50.9532],[15.6364,50.956],[15.6334,50.9548],[15.6397,50.9512],[15.6381,50.9492],[15.6214,50.9491],[15.6146,50.9529],[15.6074,50.9512],[15.607,50.9481],[15.595,50.9494],[15.5859,50.9484],[15.5698,50.94],[15.5626,50.9389],[15.5363,50.9376],[15.5252,50.9409],[15.522,50.939],[15.5171,50.9313],[15.509,50.9292],[15.5044,50.9258],[15.5051,50.9247],[15.5033,50.9226],[15.5077,50.9144],[15.5049,50.9124],[15.5026,50.9128],[15.5025,50.9147],[15.4983,50.914],[15.4982,50.9156],[15.4958,50.9153],[15.4942,50.913],[15.4864,50.9118],[15.4849,50.9099],[15.4869,50.9047],[15.4847,50.9033],[15.4883,50.8982],[15.4956,50.8976],[15.501,50.8931],[15.4987,50.8912],[15.5011,50.889],[15.5001,50.8878],[15.49,50.8812],[15.4894,50.8792],[15.4763,50.8779],[15.4717,50.8808],[15.4562,50.8848],[15.4484,50.8646],[15.4392,50.8523],[15.4134,50.853],[15.4121,50.838],[15.4143,50.8353],[15.4109,50.8319],[15.4068,50.8336],[15.3968,50.834],[15.3857,50.8386],[15.3769,50.8388],[15.3678,50.8363]]]]}},{"type":"Feature","properties":{"GID_2":"POL.1.15_1","GID_0":"POL","COUNTRY":"Poland","GID_1":"POL.1_1","NAME_1":"Dolnoslaskie","NL_NAME_1":"NA","NAME_2":"Milicz","VARNAME_2":"NA","NL_NAME_2":"NA","TYPE_2":"Powiat","ENGTYPE_2":"County","CC_2":"0213","HASC_2":"NA"},"geometry":{"type":"MultiPolygon","coordinates":[[[[17.5458,51.517],[17.5446,51.5156],[17.5354,51.5161],[17.5352,51.5138],[17.533,51.5133],[17.5216,51.5146],[17.52,51.5111],[17.5146,51.511],[17.5122,51.5055],[17.5143,51.5035],[17.513,51.5023],[17.514,51.5015],[17.5264,51.4999],[17.5238,51.497],[17.5242,51.4944],[17.5195,51.4933],[17.5184,51.4892],[17.5161,51.4881],[17.5187,51.4871],[17.518,51.4856],[17.5234,51.4848],[17.5213,51.4808],[17.5231,51.4803],[17.52,51.476],[17.5216,51.4726],[17.529,51.4698],[17.5207,51.4623],[17.527,51.4572],[17.5265,51.4534],[17.5128,51.4577],[17.51,51.4561],[17.4906,51.4555],[17.4868,51.454],[17.4872,51.4528],[17.4798,51.4532],[17.4784,51.4509],[17.4808,51.4482],[17.4692,51.4389],[17.462,51.4434],[17.4539,51.4421],[17.4509,51.4394],[17.4488,51.4407],[17.4417,51.4365],[17.4435,51.4339],[17.4421,51.434],[17.4385,51.4272],[17.436,51.4294],[17.4333,51.4241],[17.4305,51.4254],[17.4319,51.4298],[17.4256,51.431],[17.4247,51.4291],[17.4218,51.4287],[17.422,51.4249],[17.419,51.4209],[17.4295,51.4199],[17.4283,51.4165],[17.4292,51.4139],[17.4241,51.413],[17.4214,51.4089],[17.4117,51.4092],[17.4065,51.4054],[17.397,51.4043],[17.3943,51.3997],[17.397,51.3951],[17.3956,51.3926],[17.398,51.3897],[17.3954,51.3886],[17.3835,51.3913],[17.3848,51.382],[17.3812,51.3764],[17.3782,51.3767],[17.3777,51.3727],[17.375,51.3728],[17.3705,51.3681],[17.354,51.3677],[17.3401,51.3729],[17.3406,51.3769],[17.3302,51.3832],[17.3282,51.3808],[17.3159,51.3826],[17.314,51.3869],[17.3171,51.391],[17.3136,51.3958],[17.2793,51.3869],[17.2823,51.3948],[17.2693,51.3926],[17.2641,51.3953],[17.2626,51.3983],[17.2495,51.3941],[17.2328,51.392],[17.2159,51.397],[17.2213,51.4043],[17.2175,51.4057],[17.2183,51.4075],[17.2147,51.4078],[17.2157,51.4095],[17.2023,51.4139],[17.1695,51.4158],[17.1628,51.4224],[17.1539,51.4278],[17.1305,51.4317],[17.1274,51.4344],[17.1281,51.4355],[17.122,51.4366],[17.1234,51.4402],[17.1332,51.4388],[17.1327,51.4407],[17.1124,51.4481],[17.1295,51.459],[17.15,51.4649],[17.158,51.4699],[17.1492,51.4695],[17.1341,51.4655],[17.1254,51.4664],[17.1145,51.4611],[17.1054,51.4621],[17.0917,51.4604],[17.1064,51.4665],[17.1103,51.4698],[17.1073,51.4718],[17.1041,51.4799],[17.0984,51.4837],[17.1,51.4959],[17.0869,51.5074],[17.0815,51.5064],[17.074,51.5188],[17.0755,51.5192],[17.074,51.5212],[17.0713,51.5211],[17.0626,51.5357],[17.057,51.5303],[17.0529,51.5325],[17.0445,51.5314],[17.0439,51.5295],[17.0402,51.5282],[17.036,51.5338],[17.0299,51.5327],[17.0278,51.5305],[17.0174,51.5318],[17.0029,51.53],[16.9981,51.5353],[17.0002,51.5382],[16.9947,51.5391],[16.9895,51.542],[16.9924,51.5442],[16.9895,51.5471],[16.9906,51.55],[17.0106,51.5504],[17.0116,51.5545],[17.0199,51.5553],[17.0204,51.5535],[17.0461,51.556],[17.0538,51.5452],[17.0598,51.5457],[17.0593,51.5517],[17.0692,51.5525],[17.0702,51.5551],[17.0647,51.5664],[17.0808,51.5706],[17.0837,51.5691],[17.1085,51.5761],[17.1255,51.5653],[17.1708,51.5698],[17.1786,51.5739],[17.188,51.5765],[17.1992,51.5745],[17.2029,51.5678],[17.2065,51.567],[17.2147,51.5739],[17.2145,51.5856],[17.2107,51.5897],[17.2155,51.5939],[17.2155,51.5993],[17.2098,51.6027],[17.2085,51.6083],[17.2096,51.6092],[17.2083,51.6111],[17.2123,51.6154],[17.2115,51.6196],[17.2155,51.6296],[17.2185,51.6311],[17.2211,51.6293],[17.2214,51.6304],[17.2292,51.6299],[17.2259,51.6324],[17.2267,51.6333],[17.2337,51.6341],[17.2412,51.6336],[17.2391,51.6303],[17.2422,51.6297],[17.243,51.6333],[17.2412,51.6335],[17.2417,51.6371],[17.2493,51.6405],[17.2604,51.6404],[17.2583,51.643],[17.2909,51.6439],[17.3301,51.6479],[17.3373,51.6453],[17.3586,51.643],[17.3804,51.636],[17.3862,51.6351],[17.3892,51.6363],[17.4117,51.6312],[17.4189,51.6306],[17.4303,51.6326],[17.4378,51.6317],[17.4382,51.6329],[17.4597,51.6282],[17.4596,51.6264],[17.47,51.6264],[17.4864,51.6168],[17.4987,51.6159],[17.5036,51.6093],[17.5119,51.609],[17.5213,51.6057],[17.5185,51.6021],[17.5213,51.5963],[17.5218,51.5901],[17.5364,51.5891],[17.5558,51.5846],[17.5546,51.5785],[17.5568,51.5756],[17.5602,51.5749],[17.5601,51.5704],[17.5724,51.5668],[17.5719,51.5552],[17.5753,51.5486],[17.5763,51.5396],[17.5746,51.5396],[17.5732,51.5365],[17.5727,51.5299],[17.5637,51.5242],[17.5623,51.5217],[17.5551,51.5191],[17.5551,51.5178],[17.5458,51.517]]]]}},{"type":"Feature","properties":{"GID_2":"POL.1.16_1","GID_0":"POL","COUNTRY":"Poland","GID_1":"POL.1_1","NAME_1":"Dolnoslaskie","NL_NAME_1":"NA","NAME_2":"Olawa","VARNAME_2":"NA","NL_NAME_2":"NA","TYPE_2":"Powiat","ENGTYPE_2":"County","CC_2":"0215","HASC_2":"NA"},"geometry":{"type":"MultiPolygon","coordinates":[[[[17.2044,50.8747],[17.2033,50.8699],[17.2056,50.8694],[17.2002,50.8554],[17.1905,50.8599],[17.1639,50.8601],[17.1605,50.8628],[17.1554,50.8634],[17.1548,50.8658],[17.152,50.8671],[17.1501,50.8587],[17.1445,50.8501],[17.1365,50.8538],[17.1253,50.8405],[17.1234,50.8406],[17.1196,50.8419],[17.1184,50.8449],[17.1139,50.8481],[17.1104,50.8481],[17.1117,50.8509],[17.1088,50.8518],[17.1117,50.8597],[17.1001,50.8641],[17.1014,50.868],[17.0982,50.8721],[17.0928,50.8729],[17.0859,50.8764],[17.0864,50.8832],[17.0879,50.8848],[17.0709,50.8871],[17.0757,50.8932],[17.0719,50.8938],[17.0683,50.8977],[17.0693,50.9034],[17.0762,50.9056],[17.0834,50.9037],[17.0824,50.9073],[17.0762,50.9118],[17.0772,50.9144],[17.0756,50.9222],[17.0785,50.923],[17.0801,50.9258],[17.1059,50.9229],[17.1117,50.9197],[17.1129,50.925],[17.1112,50.9257],[17.1125,50.9288],[17.1144,50.9285],[17.1153,50.9374],[17.1076,50.9388],[17.108,50.9419],[17.1044,50.9437],[17.1036,50.9483],[17.1151,50.9615],[17.1383,50.9575],[17.1355,50.9649],[17.1444,50.9648],[17.1601,50.9675],[17.1628,50.971],[17.1631,50.9811],[17.1674,50.9861],[17.17,50.9865],[17.1676,50.9889],[17.1876,50.9994],[17.1974,51.0094],[17.2062,51.0059],[17.2163,51.0053],[17.226,51.0112],[17.2404,51.0132],[17.2448,51.0179],[17.2499,51.0161],[17.2542,51.0203],[17.2594,51.0304],[17.2613,51.0306],[17.2723,51.0223],[17.2887,51.0149],[17.293,51.018],[17.2867,51.0213],[17.2884,51.0229],[17.288,51.025],[17.2815,51.0285],[17.2806,51.0315],[17.2831,51.0312],[17.2951,51.0404],[17.2733,51.0483],[17.275,51.0503],[17.2698,51.0517],[17.2843,51.0561],[17.291,51.0607],[17.2918,51.0643],[17.2961,51.0663],[17.3212,51.064],[17.3226,51.0696],[17.3251,51.0725],[17.3262,51.0806],[17.3377,51.0879],[17.3402,51.0911],[17.3389,51.0915],[17.349,51.0953],[17.3611,51.0966],[17.376,51.1037],[17.3795,51.1024],[17.3927,51.1034],[17.3941,51.0983],[17.4014,51.0994],[17.4026,51.0978],[17.417,51.0999],[17.4237,51.0979],[17.4218,51.0954],[17.4285,51.0919],[17.4292,51.0896],[17.4338,51.0895],[17.4283,51.0829],[17.4219,51.0782],[17.4259,51.0712],[17.432,51.0677],[17.4472,51.0664],[17.4518,51.0632],[17.4521,51.0664],[17.4535,51.0661],[17.4547,51.0636],[17.4615,51.0608],[17.483,51.0606],[17.503,51.0577],[17.5172,51.0525],[17.5212,51.0484],[17.5255,51.0491],[17.5349,51.0432],[17.527,51.0314],[17.5189,51.0254],[17.5185,51.0175],[17.5143,51.0116],[17.522,51.0091],[17.5213,51.0057],[17.5285,51.0023],[17.5419,51.0026],[17.5437,50.9998],[17.5407,50.9921],[17.5425,50.9912],[17.5363,50.9889],[17.5349,50.9901],[17.5181,50.9872],[17.5043,50.9886],[17.4992,50.9927],[17.4907,50.9882],[17.4954,50.985],[17.5047,50.985],[17.5149,50.9797],[17.5131,50.9724],[17.5094,50.9694],[17.5049,50.9697],[17.5028,50.972],[17.5046,50.9731],[17.5016,50.9756],[17.4691,50.9719],[17.464,50.9783],[17.45,50.9717],[17.4314,50.9671],[17.4338,50.9543],[17.431,50.9459],[17.4319,50.9436],[17.4354,50.9432],[17.4396,50.937],[17.4379,50.9361],[17.4347,50.928],[17.4307,50.9262],[17.4297,50.9237],[17.4317,50.9211],[17.4315,50.9183],[17.4364,50.917],[17.4291,50.9147],[17.4272,50.9106],[17.4173,50.9126],[17.4081,50.9105],[17.4043,50.9128],[17.4026,50.9187],[17.4002,50.9201],[17.3804,50.9249],[17.3694,50.9257],[17.3685,50.9214],[17.3704,50.9182],[17.3658,50.9145],[17.3672,50.9137],[17.3579,50.9071],[17.3599,50.9061],[17.3524,50.9007],[17.3679,50.898],[17.3979,50.8893],[17.3939,50.8878],[17.3958,50.8804],[17.3951,50.8755],[17.3851,50.8756],[17.3843,50.8621],[17.365,50.8595],[17.3472,50.852],[17.3346,50.8522],[17.3282,50.8506],[17.3304,50.8446],[17.3424,50.8324],[17.3427,50.8275],[17.3178,50.8208],[17.3132,50.8241],[17.309,50.8245],[17.2946,50.8195],[17.297,50.8179],[17.2815,50.8174],[17.2851,50.8229],[17.2896,50.8217],[17.2905,50.8227],[17.278,50.8334],[17.2748,50.8312],[17.2712,50.832],[17.268,50.8363],[17.2647,50.8361],[17.2598,50.8405],[17.2562,50.8413],[17.2564,50.8439],[17.2451,50.8478],[17.2452,50.8525],[17.2428,50.8568],[17.2437,50.8598],[17.2404,50.861],[17.2401,50.8641],[17.2343,50.8633],[17.2318,50.8649],[17.2291,50.8633],[17.2264,50.8577],[17.2045,50.877],[17.2044,50.8747]]]]}},{"type":"Feature","properties":{"GID_2":"POL.1.17_1","GID_0":"POL","COUNTRY":"Poland","GID_1":"POL.1_1","NAME_1":"Dolnoslaskie","NL_NAME_1":"NA","NAME_2":"Olesnica","VARNAME_2":"NA","NL_NAME_2":"NA","TYPE_2":"Powiat","ENGTYPE_2":"County","CC_2":"0214","HASC_2":"NA"},"geometry":{"type":"MultiPolygon","coordinates":[[[[17.5171,51.0525],[17.4969,51.059],[17.4615,51.0608],[17.4547,51.0636],[17.4535,51.0661],[17.4521,51.0664],[17.4518,51.0632],[17.4472,51.0664],[17.432,51.0677],[17.4259,51.0712],[17.4219,51.0782],[17.4283,51.0829],[17.4338,51.0895],[17.4292,51.0896],[17.4285,51.0919],[17.4218,51.0954],[17.4237,51.0979],[17.417,51.0999],[17.4026,51.0978],[17.4014,51.0994],[17.3941,51.0983],[17.3927,51.1034],[17.3795,51.1024],[17.3658,51.1104],[17.3472,51.1118],[17.3319,51.1163],[17.3288,51.1178],[17.3307,51.1386],[17.3288,51.1415],[17.3243,51.1451],[17.3152,51.1438],[17.3167,51.1379],[17.3105,51.1377],[17.3061,51.1486],[17.291,51.1502],[17.2948,51.156],[17.293,51.1593],[17.3012,51.1582],[17.3035,51.1609],[17.3177,51.1589],[17.3207,51.1615],[17.3266,51.1587],[17.3377,51.1653],[17.3486,51.1672],[17.3245,51.1702],[17.3137,51.1672],[17.3099,51.1699],[17.3109,51.1705],[17.3059,51.1727],[17.2896,51.1737],[17.303,51.1918],[17.299,51.1955],[17.3021,51.2041],[17.3068,51.2102],[17.3102,51.2118],[17.3106,51.2148],[17.3024,51.219],[17.2942,51.2258],[17.2756,51.2236],[17.2713,51.2245],[17.2683,51.2265],[17.266,51.2321],[17.2601,51.2326],[17.258,51.2367],[17.251,51.2395],[17.2557,51.2429],[17.2611,51.2524],[17.2446,51.2628],[17.2382,51.2642],[17.2498,51.2705],[17.251,51.2767],[17.2649,51.2854],[17.2618,51.2888],[17.2576,51.2896],[17.259,51.291],[17.252,51.2912],[17.2548,51.2976],[17.264,51.2986],[17.2629,51.3009],[17.2687,51.3039],[17.2638,51.309],[17.2555,51.3102],[17.2557,51.3151],[17.2585,51.318],[17.2603,51.3238],[17.2593,51.3268],[17.2617,51.3356],[17.2557,51.3431],[17.2492,51.3479],[17.2572,51.35],[17.2615,51.3544],[17.2649,51.3515],[17.2686,51.3524],[17.2879,51.3423],[17.2995,51.3437],[17.2985,51.3456],[17.3118,51.3489],[17.3146,51.3529],[17.3148,51.3576],[17.3196,51.365],[17.3147,51.3715],[17.3191,51.3723],[17.3315,51.3715],[17.3392,51.3732],[17.3531,51.3678],[17.3705,51.3681],[17.375,51.3728],[17.3777,51.3727],[17.3782,51.3767],[17.3812,51.3764],[17.3845,51.3811],[17.3835,51.3913],[17.3954,51.3886],[17.398,51.3897],[17.3956,51.3926],[17.397,51.3951],[17.3943,51.3997],[17.397,51.4043],[17.4065,51.4054],[17.4117,51.4092],[17.4214,51.4089],[17.4241,51.413],[17.4292,51.4139],[17.4283,51.4165],[17.4295,51.4199],[17.419,51.4209],[17.422,51.4249],[17.4218,51.4287],[17.4247,51.4291],[17.4256,51.431],[17.4319,51.4298],[17.4305,51.4254],[17.4333,51.4241],[17.436,51.4294],[17.4385,51.4272],[17.4421,51.434],[17.4435,51.4339],[17.4417,51.4365],[17.4488,51.4407],[17.4509,51.4394],[17.4539,51.4421],[17.462,51.4434],[17.4691,51.4389],[17.4808,51.4482],[17.4784,51.4509],[17.4791,51.4528],[17.4872,51.4528],[17.4884,51.455],[17.4928,51.4559],[17.51,51.4561],[17.5139,51.4576],[17.5265,51.4534],[17.527,51.4572],[17.532,51.4522],[17.546,51.4447],[17.5519,51.4352],[17.549,51.4318],[17.5484,51.4278],[17.5453,51.4284],[17.5406,51.4213],[17.5485,51.4189],[17.5491,51.4162],[17.5536,51.4133],[17.5543,51.4105],[17.5661,51.4056],[17.5747,51.4059],[17.5849,51.4096],[17.6039,51.4094],[17.6121,51.4198],[17.6129,51.423],[17.6266,51.4191],[17.6314,51.4216],[17.6309,51.4235],[17.6405,51.4235],[17.6402,51.4211],[17.6491,51.418],[17.6526,51.4128],[17.6611,51.41],[17.6683,51.416],[17.6729,51.4152],[17.6829,51.411],[17.6823,51.4091],[17.6881,51.4078],[17.6868,51.4054],[17.7004,51.4017],[17.7031,51.3995],[17.7187,51.4032],[17.7196,51.4064],[17.7152,51.4113],[17.7163,51.4147],[17.7141,51.4185],[17.7186,51.4226],[17.7191,51.4213],[17.7232,51.4227],[17.7263,51.4208],[17.7295,51.4217],[17.738,51.4191],[17.7345,51.4167],[17.7485,51.4146],[17.7456,51.4127],[17.75,51.4113],[17.7558,51.4054],[17.7524,51.3986],[17.7364,51.4],[17.7365,51.3977],[17.7381,51.3976],[17.7375,51.3949],[17.7291,51.3957],[17.7329,51.3873],[17.72,51.3861],[17.7155,51.3714],[17.7061,51.3717],[17.7042,51.3668],[17.7066,51.3659],[17.7061,51.3639],[17.71,51.3635],[17.7095,51.3608],[17.7076,51.3604],[17.7098,51.3589],[17.723,51.3594],[17.7291,51.3538],[17.7285,51.3523],[17.7329,51.3494],[17.7436,51.3465],[17.7396,51.3429],[17.7416,51.342],[17.7409,51.3386],[17.7443,51.3364],[17.7438,51.3287],[17.7468,51.3262],[17.7626,51.3201],[17.765,51.3164],[17.7559,51.3113],[17.7605,51.3097],[17.7589,51.3083],[17.7644,51.3059],[17.7601,51.3023],[17.7665,51.3007],[17.7503,51.2907],[17.7473,51.286],[17.7522,51.2836],[17.7516,51.2812],[17.7382,51.2757],[17.7493,51.2701],[17.749,51.267],[17.7458,51.2639],[17.7429,51.2573],[17.743,51.2542],[17.7459,51.2498],[17.744,51.243],[17.7555,51.2332],[17.7552,51.2303],[17.7578,51.2267],[17.757,51.2229],[17.7548,51.2217],[17.7567,51.2163],[17.7633,51.2102],[17.7674,51.2039],[17.7765,51.1982],[17.7953,51.1941],[17.7951,51.1898],[17.7891,51.1879],[17.783,51.1883],[17.7798,51.1832],[17.7538,51.1868],[17.7502,51.1797],[17.739,51.1743],[17.7044,51.1739],[17.6982,51.1717],[17.7003,51.1633],[17.6822,51.1671],[17.6828,51.1657],[17.6742,51.1641],[17.6693,51.1608],[17.6588,51.1635],[17.6559,51.1666],[17.6394,51.1681],[17.6387,51.1706],[17.6404,51.1731],[17.6206,51.1754],[17.6195,51.1844],[17.6131,51.1873],[17.6115,51.1905],[17.6066,51.1896],[17.5966,51.1785],[17.6027,51.1759],[17.5971,51.1711],[17.5989,51.1678],[17.5892,51.1713],[17.5782,51.1622],[17.5679,51.1659],[17.5664,51.1614],[17.5586,51.1568],[17.5447,51.1545],[17.5455,51.1436],[17.5677,51.1378],[17.5655,51.1335],[17.5764,51.1294],[17.5755,51.1236],[17.5715,51.1176],[17.5782,51.1108],[17.5719,51.1062],[17.5677,51.098],[17.5624,51.0926],[17.5677,51.0884],[17.5786,51.0851],[17.5821,51.0818],[17.5644,51.0731],[17.5582,51.0678],[17.5351,51.0693],[17.5273,51.067],[17.5187,51.0588],[17.5245,51.0585],[17.5239,51.0534],[17.5184,51.0515],[17.5171,51.0525]]]]}},{"type":"Feature","properties":{"GID_2":"POL.1.18_1","GID_0":"POL","COUNTRY":"Poland","GID_1":"POL.1_1","NAME_1":"Dolnoslaskie","NL_NAME_1":"NA","NAME_2":"Polkowice","VARNAME_2":"NA","NL_NAME_2":"NA","TYPE_2":"Powiat","ENGTYPE_2":"County","CC_2":"0216","HASC_2":"NA"},"geometry":{"type":"MultiPolygon","coordinates":[[[[15.8402,51.3853],[15.8401,51.3869],[15.8495,51.3879],[15.8503,51.3901],[15.8455,51.3925],[15.8445,51.3948],[15.8371,51.3949],[15.8376,51.3961],[15.8282,51.4003],[15.83,51.4019],[15.8295,51.4042],[15.8232,51.4074],[15.8168,51.4084],[15.8162,51.4099],[15.8185,51.4181],[15.816,51.4296],[15.8174,51.4358],[15.8193,51.4378],[15.8192,51.4442],[15.8222,51.4507],[15.8584,51.4566],[15.8459,51.4616],[15.8428,51.4648],[15.8452,51.466],[15.8296,51.4758],[15.8246,51.4833],[15.8154,51.4842],[15.8098,51.4887],[15.8017,51.4889],[15.8015,51.4909],[15.8114,51.4925],[15.8075,51.5026],[15.7793,51.5024],[15.7793,51.5072],[15.767,51.5072],[15.767,51.5107],[15.7569,51.5113],[15.7544,51.5131],[15.73,51.5123],[15.725,51.5174],[15.714,51.5174],[15.7141,51.5216],[15.7107,51.5235],[15.712,51.5259],[15.7108,51.5296],[15.7125,51.532],[15.7114,51.533],[15.7126,51.5347],[15.7123,51.5466],[15.7032,51.5464],[15.7028,51.5504],[15.7064,51.5545],[15.7038,51.5571],[15.7236,51.5521],[15.7402,51.5552],[15.77,51.5697],[15.8077,51.5734],[15.8236,51.5727],[15.8158,51.6029],[15.8182,51.6029],[15.8216,51.6072],[15.8228,51.6131],[15.834,51.6222],[15.83,51.637],[15.8376,51.645],[15.8572,51.6504],[15.8556,51.6516],[15.8559,51.6578],[15.8515,51.6602],[15.8428,51.6613],[15.8451,51.6642],[15.8678,51.6734],[15.8681,51.6721],[15.8742,51.6721],[15.8684,51.6712],[15.8683,51.67],[15.881,51.671],[15.8817,51.6684],[15.8956,51.6721],[15.9125,51.6717],[15.915,51.6687],[15.9211,51.6693],[15.9226,51.6655],[15.9208,51.6606],[15.9331,51.6631],[15.9315,51.6598],[15.9328,51.659],[15.9319,51.6567],[15.9358,51.6568],[15.9364,51.6493],[15.9487,51.6477],[15.9385,51.64],[15.9625,51.6385],[15.9627,51.6349],[15.9656,51.636],[15.9645,51.6338],[15.9679,51.6334],[15.9672,51.6293],[15.9721,51.625],[15.9702,51.6245],[15.9703,51.623],[15.9673,51.6227],[15.9698,51.6213],[15.9692,51.6183],[15.9623,51.6169],[15.9578,51.6138],[15.9757,51.6096],[15.98,51.6104],[15.9833,51.6141],[15.9814,51.6149],[15.9937,51.6117],[15.993,51.6133],[15.9989,51.6156],[16.0099,51.613],[16.0134,51.6077],[16.019,51.6083],[16.0161,51.6048],[16.0181,51.6032],[16.014,51.5978],[16.0009,51.5868],[15.9909,51.5736],[15.9879,51.5649],[15.9854,51.5648],[15.9851,51.5613],[15.9753,51.5581],[15.971,51.5525],[15.9634,51.55],[15.9626,51.5459],[15.9703,51.5479],[15.9819,51.5473],[15.9824,51.5452],[15.9878,51.5416],[15.9986,51.5379],[16.0026,51.5379],[16.016,51.5494],[16.0202,51.5558],[16.0298,51.5592],[16.0332,51.5598],[16.0417,51.5537],[16.0449,51.5569],[16.0556,51.556],[16.0623,51.5578],[16.0697,51.5562],[16.0713,51.5603],[16.0756,51.563],[16.0951,51.5606],[16.0964,51.5639],[16.093,51.568],[16.0911,51.5679],[16.0905,51.5707],[16.0841,51.5743],[16.0854,51.58],[16.0875,51.5835],[16.0953,51.5843],[16.096,51.5851],[16.0939,51.5851],[16.0955,51.5888],[16.0973,51.5883],[16.0985,51.5908],[16.1038,51.5891],[16.1067,51.5906],[16.0946,51.594],[16.0956,51.5956],[16.0936,51.5961],[16.096,51.6003],[16.0818,51.6018],[16.0861,51.6108],[16.0978,51.6143],[16.105,51.6116],[16.1067,51.6127],[16.1126,51.6075],[16.1138,51.6097],[16.1172,51.6089],[16.1178,51.6109],[16.1305,51.6092],[16.1346,51.6124],[16.1431,51.6117],[16.1422,51.6169],[16.1705,51.6174],[16.1787,51.6114],[16.1855,51.613],[16.184,51.6174],[16.1928,51.6167],[16.1964,51.6191],[16.1952,51.622],[16.1879,51.6266],[16.1867,51.6296],[16.1931,51.6269],[16.2037,51.6267],[16.2042,51.6317],[16.2139,51.6343],[16.2275,51.6227],[16.2346,51.622],[16.2364,51.6205],[16.2311,51.6201],[16.2384,51.6168],[16.25,51.6166],[16.2544,51.6141],[16.2559,51.6158],[16.2606,51.6162],[16.2825,51.6106],[16.2845,51.6125],[16.2942,51.6111],[16.2958,51.6132],[16.3037,51.613],[16.3088,51.6106],[16.3081,51.6099],[16.3116,51.6066],[16.317,51.606],[16.3152,51.6012],[16.3277,51.5984],[16.3258,51.5947],[16.3194,51.5913],[16.3181,51.5883],[16.319,51.5745],[16.3212,51.5705],[16.298,51.5678],[16.2794,51.5688],[16.2696,51.5667],[16.2633,51.5581],[16.2606,51.557],[16.2655,51.555],[16.2679,51.5519],[16.2621,51.5494],[16.2706,51.5443],[16.2572,51.5435],[16.2562,51.5378],[16.251,51.5387],[16.2448,51.5251],[16.2459,51.5241],[16.2435,51.522],[16.2192,51.5228],[16.2102,51.5246],[16.2075,51.5203],[16.2016,51.5155],[16.2044,51.5149],[16.2008,51.5113],[16.1864,51.5121],[16.1793,51.4989],[16.1786,51.4869],[16.1828,51.4832],[16.1831,51.4802],[16.1867,51.4784],[16.1869,51.4804],[16.1951,51.4846],[16.2023,51.4846],[16.1978,51.483],[16.1963,51.4715],[16.191,51.4652],[16.1898,51.4655],[16.186,51.4569],[16.1624,51.454],[16.1534,51.4576],[16.1522,51.4596],[16.1365,51.4575],[16.1382,51.4598],[16.1335,51.4594],[16.1344,51.4616],[16.13,51.4628],[16.1366,51.4677],[16.1269,51.4717],[16.1187,51.4695],[16.1137,51.4638],[16.1064,51.4682],[16.0994,51.4661],[16.0973,51.4679],[16.0988,51.4662],[16.0922,51.4655],[16.084,51.4624],[16.0821,51.4568],[16.075,51.455],[16.073,51.453],[16.071,51.4376],[16.0736,51.4352],[16.0753,51.436],[16.088,51.4166],[16.0989,51.418],[16.0997,51.4133],[16.1086,51.4005],[16.1075,51.3974],[16.102,51.3964],[16.0981,51.3837],[16.0695,51.3808],[16.066,51.3766],[16.0688,51.3736],[16.0678,51.371],[16.0799,51.3668],[16.0792,51.3632],[16.0739,51.3598],[16.0714,51.3557],[16.0719,51.3505],[16.0781,51.3473],[16.0945,51.3466],[16.0854,51.3424],[16.0799,51.3377],[16.0477,51.3333],[16.042,51.3344],[16.0417,51.3364],[16.0367,51.3376],[16.0266,51.3363],[16.0241,51.3346],[16.0241,51.3315],[16.0187,51.3281],[16.0138,51.3275],[16.0134,51.3296],[16.0118,51.3298],[16.008,51.3263],[15.9844,51.3341],[15.9862,51.3367],[15.9707,51.3374],[15.9658,51.3403],[15.9615,51.3396],[15.9534,51.3435],[15.9477,51.3425],[15.9476,51.3382],[15.9445,51.3377],[15.9224,51.3445],[15.9267,51.3493],[15.9219,51.3534],[15.9131,51.3558],[15.9063,51.3611],[15.9064,51.3635],[15.8937,51.3631],[15.8876,51.3714],[15.882,51.3716],[15.8761,51.3693],[15.8615,51.3733],[15.8526,51.3806],[15.8403,51.3836],[15.8402,51.3853]]]]}},{"type":"Feature","properties":{"GID_2":"POL.1.19_1","GID_0":"POL","COUNTRY":"Poland","GID_1":"POL.1_1","NAME_1":"Dolnoslaskie","NL_NAME_1":"NA","NAME_2":"SrodaSlaska","VARNAME_2":"NA","NL_NAME_2":"NA","TYPE_2":"Powiat","ENGTYPE_2":"County","CC_2":"0218","HASC_2":"NA"},"geometry":{"type":"MultiPolygon","coordinates":[[[[16.3396,51.0327],[16.3428,51.0344],[16.3392,51.0405],[16.3319,51.0467],[16.336,51.0473],[16.3356,51.0501],[16.3333,51.0498],[16.3317,51.0544],[16.3431,51.0562],[16.3466,51.0611],[16.3445,51.0654],[16.3542,51.0703],[16.3586,51.0698],[16.3735,51.0733],[16.3752,51.0707],[16.3746,51.0634],[16.383,51.0635],[16.3937,51.0579],[16.3979,51.0625],[16.4038,51.0624],[16.4053,51.0708],[16.4188,51.0709],[16.4204,51.0746],[16.4242,51.0753],[16.4253,51.0798],[16.4317,51.0801],[16.4339,51.0765],[16.4371,51.0758],[16.4445,51.0774],[16.4504,51.0822],[16.4561,51.0803],[16.461,51.0807],[16.471,51.0846],[16.4802,51.0859],[16.4796,51.0878],[16.4759,51.0892],[16.4749,51.0957],[16.4713,51.0953],[16.4746,51.1064],[16.4589,51.1116],[16.4498,51.1218],[16.4418,51.1261],[16.4464,51.1279],[16.4491,51.1317],[16.4487,51.1342],[16.4429,51.1346],[16.4442,51.139],[16.4475,51.1427],[16.4544,51.1477],[16.4674,51.1476],[16.4637,51.158],[16.4566,51.1608],[16.4568,51.1639],[16.4516,51.1676],[16.4512,51.1696],[16.4468,51.1713],[16.4478,51.1764],[16.4455,51.1788],[16.4546,51.1836],[16.4558,51.1893],[16.4607,51.192],[16.4671,51.2032],[16.4662,51.2073],[16.4488,51.2121],[16.4528,51.2303],[16.4615,51.2313],[16.4703,51.2296],[16.4714,51.2312],[16.4842,51.2279],[16.5012,51.2264],[16.5087,51.2288],[16.5142,51.2341],[16.5347,51.2436],[16.5474,51.2431],[16.562,51.2467],[16.5711,51.2453],[16.5813,51.2489],[16.5864,51.2471],[16.5916,51.2408],[16.5976,51.2399],[16.6071,51.2458],[16.6269,51.2514],[16.6411,51.246],[16.6753,51.2498],[16.689,51.242],[16.6945,51.2412],[16.6989,51.2429],[16.7047,51.2491],[16.7177,51.2528],[16.7263,51.2602],[16.7367,51.2597],[16.748,51.2566],[16.7622,51.2613],[16.787,51.257],[16.8184,51.2589],[16.8209,51.2578],[16.8258,51.2502],[16.8418,51.2511],[16.845,51.249],[16.8484,51.2417],[16.8549,51.239],[16.8699,51.2368],[16.8735,51.2328],[16.8827,51.2296],[16.8898,51.2207],[16.9038,51.2151],[16.9062,51.2123],[16.9051,51.2095],[16.9002,51.2092],[16.8948,51.2047],[16.8894,51.2045],[16.888,51.206],[16.8817,51.2025],[16.8878,51.194],[16.8887,51.1902],[16.9026,51.1882],[16.9005,51.1841],[16.8935,51.1842],[16.8902,51.185],[16.8884,51.1874],[16.8818,51.1878],[16.8773,51.1856],[16.8754,51.1809],[16.8723,51.1794],[16.8638,51.18],[16.8628,51.1784],[16.855,51.1775],[16.8423,51.1828],[16.8383,51.1821],[16.8331,51.1844],[16.8276,51.1836],[16.8233,51.1769],[16.8264,51.1751],[16.8211,51.1718],[16.8276,51.1588],[16.8311,51.1577],[16.8254,51.1515],[16.8173,51.153],[16.8162,51.1499],[16.8131,51.1503],[16.8073,51.1389],[16.8096,51.1388],[16.8093,51.1374],[16.8137,51.1374],[16.8265,51.1413],[16.8187,51.1324],[16.8171,51.1264],[16.8333,51.1243],[16.8327,51.1226],[16.8345,51.1209],[16.8416,51.1177],[16.8427,51.1156],[16.8365,51.1172],[16.8364,51.1152],[16.8315,51.1138],[16.8298,51.1105],[16.8258,51.1102],[16.8239,51.1078],[16.8197,51.1063],[16.8217,51.1026],[16.8244,51.102],[16.8089,51.0927],[16.7945,51.0978],[16.7969,51.1],[16.7842,51.1022],[16.7613,51.088],[16.7531,51.0887],[16.7536,51.0842],[16.7497,51.0774],[16.7652,51.0757],[16.7681,51.0768],[16.7688,51.0756],[16.7628,51.0655],[16.7604,51.0645],[16.7618,51.0634],[16.762,51.0587],[16.7579,51.0545],[16.7386,51.0642],[16.7244,51.0633],[16.7199,51.06],[16.7138,51.0478],[16.7223,51.0411],[16.7191,51.0376],[16.7157,51.0371],[16.7102,51.0329],[16.7053,51.0314],[16.6889,51.0317],[16.6851,51.0293],[16.6826,51.0232],[16.6842,51.0159],[16.6798,51.0158],[16.6751,51.0182],[16.661,51.0193],[16.6585,51.0185],[16.6553,51.0129],[16.6581,51.0123],[16.655,51.0103],[16.6521,51.0108],[16.6509,51.0084],[16.6478,51.0073],[16.6326,51.006],[16.6213,51.0129],[16.6082,51.0097],[16.6083,51.0074],[16.6039,51.0014],[16.5955,51.0033],[16.577,50.9975],[16.5655,50.9961],[16.5608,50.9996],[16.5572,50.9993],[16.5507,50.9963],[16.5455,50.9968],[16.5417,50.994],[16.5265,50.991],[16.51,50.9928],[16.5099,50.9953],[16.5049,50.9981],[16.4883,50.9983],[16.47,51.0073],[16.4525,51.0088],[16.4299,51.014],[16.4315,51.0109],[16.4309,51.0078],[16.4162,51.0041],[16.4059,51.0067],[16.4058,51.0096],[16.3894,51.0094],[16.3807,51.0128],[16.3813,51.0155],[16.3666,51.0259],[16.3568,51.0247],[16.3474,51.0208],[16.3402,51.0209],[16.3356,51.0257],[16.3396,51.0327]]]]}},{"type":"Feature","properties":{"GID_2":"POL.1.20_1","GID_0":"POL","COUNTRY":"Poland","GID_1":"POL.1_1","NAME_1":"Dolnoslaskie","NL_NAME_1":"NA","NAME_2":"Strzelin","VARNAME_2":"NA","NL_NAME_2":"NA","TYPE_2":"Powiat","ENGTYPE_2":"County","CC_2":"0217","HASC_2":"NA"},"geometry":{"type":"MultiPolygon","coordinates":[[[[17.1235,50.8407],[17.1253,50.8405],[17.1365,50.8538],[17.1445,50.8501],[17.1501,50.8587],[17.152,50.8671],[17.1548,50.8658],[17.1554,50.8634],[17.1605,50.8628],[17.1639,50.8601],[17.1905,50.8599],[17.2002,50.8554],[17.2056,50.8694],[17.2033,50.8699],[17.2045,50.877],[17.2264,50.8577],[17.2291,50.8633],[17.2318,50.8649],[17.2343,50.8633],[17.2401,50.8641],[17.2404,50.861],[17.2437,50.8598],[17.2428,50.8568],[17.2452,50.8525],[17.2451,50.8478],[17.2564,50.8439],[17.2562,50.8413],[17.2598,50.8405],[17.2647,50.8361],[17.268,50.8363],[17.2712,50.832],[17.2748,50.8312],[17.278,50.8334],[17.2905,50.8227],[17.2896,50.8217],[17.2851,50.8229],[17.2815,50.8174],[17.297,50.8179],[17.2946,50.8195],[17.3053,50.8239],[17.3123,50.8243],[17.3178,50.8208],[17.3275,50.8186],[17.3398,50.8082],[17.3502,50.8076],[17.3493,50.8025],[17.3546,50.7943],[17.3494,50.7883],[17.3462,50.7879],[17.3451,50.7843],[17.3331,50.787],[17.3063,50.7882],[17.2859,50.7949],[17.2849,50.7923],[17.2722,50.7869],[17.2707,50.7849],[17.2712,50.7805],[17.2562,50.7746],[17.2539,50.772],[17.2624,50.7722],[17.2695,50.7705],[17.2684,50.7679],[17.2795,50.7609],[17.2976,50.7533],[17.2914,50.7465],[17.3012,50.743],[17.2943,50.7376],[17.2855,50.7431],[17.2756,50.7446],[17.271,50.7408],[17.2625,50.7391],[17.2643,50.7343],[17.2632,50.7299],[17.2619,50.7305],[17.2521,50.7177],[17.2478,50.7194],[17.2405,50.7184],[17.2389,50.7154],[17.2288,50.7173],[17.2291,50.7147],[17.2257,50.7156],[17.2208,50.7137],[17.2223,50.7067],[17.2202,50.7014],[17.2591,50.6905],[17.2559,50.6867],[17.252,50.6867],[17.2472,50.6821],[17.2347,50.6811],[17.2396,50.6716],[17.2375,50.6645],[17.239,50.6608],[17.238,50.6577],[17.2325,50.6551],[17.2362,50.654],[17.2389,50.6508],[17.2354,50.6496],[17.235,50.6455],[17.2302,50.6405],[17.234,50.6322],[17.2427,50.628],[17.2419,50.6242],[17.2448,50.6197],[17.236,50.6132],[17.2188,50.6158],[17.1883,50.6164],[17.1649,50.6135],[17.1638,50.6181],[17.1595,50.6176],[17.1513,50.6321],[17.1464,50.631],[17.1369,50.6356],[17.1366,50.638],[17.1327,50.6422],[17.1254,50.6419],[17.1203,50.6441],[17.1274,50.6506],[17.1311,50.6501],[17.1327,50.6531],[17.1371,50.6528],[17.1452,50.6605],[17.1457,50.6627],[17.1333,50.6619],[17.1225,50.6631],[17.1221,50.6673],[17.1241,50.6681],[17.1191,50.672],[17.1042,50.6718],[17.0931,50.6736],[17.0944,50.6747],[17.0687,50.6804],[17.0709,50.6847],[17.0648,50.6936],[17.0577,50.6933],[17.0583,50.6945],[17.0555,50.6976],[17.0447,50.7009],[17.042,50.6958],[17.0353,50.6974],[17.0353,50.6958],[17.0307,50.6965],[17.0313,50.6956],[17.0303,50.6951],[17.0281,50.6966],[17.0245,50.6921],[17.0049,50.696],[16.9939,50.6938],[16.9806,50.6936],[16.9824,50.6868],[16.9754,50.685],[16.9754,50.6901],[16.958,50.6933],[16.9518,50.7009],[16.9486,50.7023],[16.9442,50.7029],[16.9446,50.6996],[16.9395,50.6998],[16.9397,50.7029],[16.9375,50.7064],[16.9226,50.7093],[16.9226,50.715],[16.9152,50.716],[16.9141,50.711],[16.9012,50.7062],[16.8953,50.709],[16.8892,50.7068],[16.8815,50.709],[16.8844,50.7104],[16.8882,50.7168],[16.895,50.7218],[16.8887,50.7229],[16.883,50.7211],[16.8773,50.7246],[16.8678,50.7203],[16.8579,50.7214],[16.8634,50.727],[16.8617,50.7296],[16.8668,50.7336],[16.8662,50.7357],[16.8783,50.7439],[16.8733,50.7445],[16.886,50.753],[16.8858,50.7556],[16.8893,50.7582],[16.8831,50.7595],[16.8811,50.7617],[16.8851,50.7657],[16.8817,50.7676],[16.8836,50.7709],[16.8905,50.7803],[16.897,50.7784],[16.9042,50.7885],[16.8975,50.7919],[16.894,50.7842],[16.893,50.7847],[16.894,50.7867],[16.8918,50.7886],[16.8907,50.7867],[16.8843,50.7905],[16.8952,50.7988],[16.8919,50.7999],[16.8917,50.8024],[16.8866,50.8058],[16.8834,50.8054],[16.8848,50.8078],[16.8822,50.8091],[16.8884,50.8122],[16.8867,50.8099],[16.8983,50.8121],[16.9052,50.8108],[16.91,50.8117],[16.911,50.8138],[16.9031,50.8189],[16.8983,50.819],[16.8994,50.8291],[16.9139,50.8257],[16.9173,50.8308],[16.9153,50.8311],[16.9226,50.8378],[16.9199,50.8395],[16.921,50.8405],[16.9168,50.8425],[16.9212,50.8454],[16.9075,50.8535],[16.9028,50.8544],[16.9045,50.8639],[16.9015,50.8704],[16.9128,50.8713],[16.9232,50.866],[16.9334,50.8639],[16.9423,50.8651],[16.9475,50.8698],[16.9429,50.8749],[16.9448,50.878],[16.9495,50.881],[16.9513,50.8849],[16.9574,50.8853],[16.9548,50.8897],[16.9514,50.8914],[16.9588,50.9044],[16.9671,50.9052],[16.9766,50.9],[16.98,50.9074],[16.9754,50.9081],[16.9797,50.9136],[16.9812,50.9107],[16.9872,50.9131],[16.9891,50.9157],[16.9924,50.913],[16.9932,50.9089],[16.9971,50.9071],[16.9977,50.9096],[17.0022,50.9114],[17.0033,50.9174],[17.0114,50.9204],[17.0173,50.9171],[17.0179,50.9099],[17.0225,50.9085],[17.0267,50.9094],[17.0324,50.9083],[17.0376,50.9168],[17.0415,50.9197],[17.0515,50.917],[17.0557,50.9047],[17.0701,50.903],[17.0683,50.8977],[17.0719,50.8938],[17.0757,50.8932],[17.0709,50.8871],[17.0879,50.8848],[17.0864,50.8832],[17.0859,50.8764],[17.0928,50.8729],[17.0982,50.8721],[17.1014,50.868],[17.1001,50.8641],[17.1117,50.8597],[17.1088,50.8518],[17.1117,50.8509],[17.1104,50.8481],[17.1139,50.8481],[17.1184,50.8449],[17.1196,50.8419],[17.1235,50.8407]]]]}},{"type":"Feature","properties":{"GID_2":"POL.1.21_1","GID_0":"POL","COUNTRY":"Poland","GID_1":"POL.1_1","NAME_1":"Dolnoslaskie","NL_NAME_1":"NA","NAME_2":"Swidnica","VARNAME_2":"NA","NL_NAME_2":"NA","TYPE_2":"Powiat","ENGTYPE_2":"County","CC_2":"0219","HASC_2":"NA"},"geometry":{"type":"MultiPolygon","coordinates":[[[[16.5858,50.8267],[16.5833,50.8259],[16.5836,50.8234],[16.5789,50.8179],[16.582,50.8113],[16.5938,50.7989],[16.5803,50.7892],[16.556,50.7818],[16.548,50.7772],[16.5579,50.7655],[16.5683,50.7635],[16.5671,50.7624],[16.5704,50.7599],[16.5716,50.7574],[16.5592,50.7527],[16.5634,50.7446],[16.5581,50.7438],[16.5462,50.7354],[16.5301,50.7314],[16.5293,50.7286],[16.5238,50.7257],[16.5217,50.7215],[16.5169,50.7202],[16.5152,50.7217],[16.5106,50.721],[16.5077,50.7184],[16.5033,50.7178],[16.5032,50.7151],[16.4981,50.7113],[16.4903,50.7123],[16.488,50.7161],[16.4919,50.7199],[16.4839,50.7212],[16.4819,50.725],[16.4825,50.7284],[16.4722,50.7307],[16.4751,50.7342],[16.4722,50.7364],[16.4591,50.738],[16.4621,50.7462],[16.4487,50.7495],[16.4553,50.7509],[16.4378,50.7549],[16.4342,50.7567],[16.4346,50.7599],[16.431,50.7596],[16.4295,50.7616],[16.43,50.758],[16.4146,50.7585],[16.4107,50.7617],[16.4092,50.7673],[16.4058,50.769],[16.4033,50.7693],[16.4002,50.7668],[16.3947,50.7655],[16.3923,50.7662],[16.3856,50.7716],[16.3864,50.7725],[16.38,50.7759],[16.3819,50.777],[16.3802,50.7777],[16.3808,50.7799],[16.3792,50.7799],[16.3769,50.7861],[16.3666,50.7928],[16.3545,50.7914],[16.3507,50.7933],[16.3553,50.796],[16.3322,50.8105],[16.3341,50.8139],[16.3476,50.8214],[16.3537,50.821],[16.3546,50.8221],[16.3493,50.8288],[16.3476,50.8341],[16.3435,50.8359],[16.3421,50.8385],[16.3374,50.8381],[16.3341,50.8403],[16.3273,50.8394],[16.3223,50.8413],[16.319,50.8453],[16.3155,50.8449],[16.3134,50.8423],[16.3121,50.8452],[16.3071,50.8477],[16.3027,50.8475],[16.2999,50.8496],[16.2912,50.8483],[16.2904,50.8454],[16.2898,50.8473],[16.288,50.8462],[16.2873,50.8481],[16.2806,50.8475],[16.2723,50.854],[16.2828,50.8578],[16.2819,50.8597],[16.274,50.8635],[16.2794,50.8691],[16.2786,50.8713],[16.2657,50.877],[16.2584,50.8772],[16.2448,50.8716],[16.2389,50.8747],[16.2422,50.8779],[16.2433,50.882],[16.2396,50.8868],[16.2322,50.8871],[16.232,50.8859],[16.2201,50.8843],[16.2108,50.884],[16.2039,50.8857],[16.2012,50.8902],[16.1959,50.8929],[16.1945,50.8957],[16.195,50.9019],[16.1987,50.9035],[16.1987,50.9056],[16.2008,50.9058],[16.1991,50.9097],[16.1995,50.915],[16.187,50.9163],[16.185,50.918],[16.1878,50.9194],[16.1792,50.9273],[16.1751,50.9337],[16.1776,50.936],[16.1725,50.9403],[16.1698,50.9453],[16.1618,50.9467],[16.1594,50.9507],[16.1653,50.9576],[16.173,50.9614],[16.1704,50.9613],[16.1685,50.964],[16.1761,50.9669],[16.1778,50.964],[16.1833,50.9644],[16.2038,50.9715],[16.201,50.9736],[16.2008,50.9763],[16.2023,50.9791],[16.2017,50.9837],[16.2032,50.9835],[16.2025,50.9884],[16.2057,50.9925],[16.2048,50.9961],[16.2068,50.9973],[16.2064,50.999],[16.1999,51.0016],[16.2001,51.0035],[16.1955,51.0042],[16.1984,51.0102],[16.1986,51.0167],[16.2018,51.0175],[16.2176,51.0183],[16.2234,51.015],[16.2317,51.0141],[16.2369,51.0114],[16.2378,51.0081],[16.2651,51.0022],[16.2686,51.0079],[16.2691,51.0121],[16.2893,51.0188],[16.2989,51.0192],[16.3199,51.0135],[16.3223,51.0167],[16.32,51.0233],[16.3351,51.0297],[16.3372,51.029],[16.3361,51.0244],[16.3404,51.0208],[16.3474,51.0208],[16.3568,51.0247],[16.3666,51.0259],[16.3813,51.0155],[16.3807,51.0128],[16.3894,51.0094],[16.4058,51.0096],[16.4059,51.0067],[16.4125,51.0043],[16.4306,51.0076],[16.4315,51.0109],[16.4299,51.014],[16.4525,51.0088],[16.47,51.0073],[16.4883,50.9983],[16.5049,50.9981],[16.5099,50.9953],[16.5104,50.9927],[16.5265,50.991],[16.5417,50.994],[16.5455,50.9968],[16.5507,50.9963],[16.5572,50.9993],[16.5608,50.9996],[16.5655,50.9961],[16.577,50.9975],[16.5929,51.0029],[16.5986,51.0031],[16.6047,51.0012],[16.6103,50.9961],[16.6173,50.9945],[16.6179,50.9916],[16.6152,50.9889],[16.6302,50.9803],[16.615,50.9795],[16.617,50.9747],[16.6054,50.9734],[16.6014,50.9753],[16.6011,50.9787],[16.5968,50.9803],[16.5884,50.9793],[16.588,50.9779],[16.5855,50.9781],[16.5816,50.9755],[16.5871,50.9684],[16.5858,50.9676],[16.5905,50.9609],[16.5905,50.9582],[16.5858,50.9559],[16.5842,50.9493],[16.5798,50.9498],[16.5794,50.9486],[16.5661,50.9514],[16.5714,50.9399],[16.5756,50.9398],[16.5747,50.9367],[16.5831,50.937],[16.5831,50.935],[16.5818,50.9349],[16.5831,50.9343],[16.58,50.9341],[16.5812,50.9331],[16.5767,50.9328],[16.5763,50.9316],[16.5793,50.9303],[16.5759,50.9233],[16.5729,50.9229],[16.5758,50.9199],[16.5809,50.9191],[16.5813,50.9178],[16.5905,50.9174],[16.5921,50.9152],[16.6022,50.9194],[16.6013,50.9218],[16.6059,50.9239],[16.6167,50.9225],[16.618,50.9282],[16.6426,50.9227],[16.6461,50.9244],[16.6532,50.924],[16.6509,50.9327],[16.6732,50.9348],[16.6716,50.9379],[16.6902,50.9394],[16.6924,50.9367],[16.6891,50.9342],[16.7005,50.9337],[16.7017,50.9299],[16.6914,50.9237],[16.6798,50.9211],[16.675,50.917],[16.6762,50.9159],[16.6834,50.9176],[16.6898,50.9165],[16.6872,50.9104],[16.6975,50.9089],[16.6916,50.9059],[16.6935,50.9028],[16.6931,50.8999],[16.6956,50.8986],[16.6933,50.8982],[16.6948,50.8931],[16.6975,50.8918],[16.6964,50.8893],[16.691,50.8871],[16.6841,50.8885],[16.6857,50.8855],[16.6795,50.8855],[16.6767,50.8819],[16.674,50.8818],[16.6758,50.8775],[16.6716,50.8768],[16.6775,50.8715],[16.6761,50.8651],[16.6764,50.8535],[16.675,50.8512],[16.6871,50.8502],[16.6863,50.8437],[16.6881,50.8433],[16.6867,50.8405],[16.6971,50.8431],[16.6972,50.8418],[16.6924,50.8354],[16.6802,50.8292],[16.6785,50.8263],[16.6704,50.8266],[16.669,50.8205],[16.6593,50.8215],[16.6564,50.824],[16.6497,50.8227],[16.65,50.8199],[16.6464,50.8185],[16.6352,50.8174],[16.6387,50.8258],[16.6337,50.8259],[16.6336,50.8246],[16.6138,50.8184],[16.594,50.8226],[16.5858,50.8267]]]]}},{"type":"Feature","properties":{"GID_2":"POL.1.22_1","GID_0":"POL","COUNTRY":"Poland","GID_1":"POL.1_1","NAME_1":"Dolnoslaskie","NL_NAME_1":"NA","NAME_2":"Trzebnica","VARNAME_2":"NA","NL_NAME_2":"NA","TYPE_2":"Powiat","ENGTYPE_2":"County","CC_2":"0220","HASC_2":"NA"},"geometry":{"type":"MultiPolygon","coordinates":[[[[17.0918,51.4604],[17.1054,51.4621],[17.1145,51.4611],[17.1254,51.4664],[17.1341,51.4655],[17.1492,51.4695],[17.158,51.4699],[17.15,51.4649],[17.1295,51.459],[17.1124,51.4481],[17.1327,51.4407],[17.1332,51.4388],[17.1234,51.4402],[17.122,51.4366],[17.1281,51.4355],[17.1274,51.4344],[17.1305,51.4317],[17.1539,51.4278],[17.1628,51.4224],[17.1695,51.4158],[17.2023,51.4139],[17.2157,51.4095],[17.2147,51.4078],[17.2183,51.4075],[17.2175,51.4057],[17.2213,51.4043],[17.2159,51.397],[17.2349,51.3918],[17.2495,51.3941],[17.2626,51.3983],[17.2641,51.3953],[17.2693,51.3926],[17.2823,51.3948],[17.2793,51.3869],[17.3136,51.3958],[17.3171,51.391],[17.314,51.3869],[17.3159,51.3826],[17.3282,51.3808],[17.3302,51.3832],[17.3406,51.3769],[17.3401,51.3729],[17.3147,51.3715],[17.3196,51.365],[17.3148,51.3576],[17.3147,51.353],[17.3118,51.3489],[17.2985,51.3456],[17.2995,51.3437],[17.2879,51.3423],[17.2686,51.3524],[17.2649,51.3515],[17.2615,51.3544],[17.2572,51.35],[17.2492,51.3479],[17.2557,51.3431],[17.2617,51.3356],[17.2593,51.3268],[17.2603,51.3238],[17.2585,51.318],[17.2557,51.3151],[17.2555,51.3102],[17.2638,51.309],[17.2687,51.3039],[17.2629,51.3009],[17.264,51.2986],[17.2548,51.2976],[17.252,51.2912],[17.259,51.291],[17.2576,51.2896],[17.2618,51.2888],[17.265,51.2855],[17.251,51.2767],[17.2488,51.27],[17.2421,51.267],[17.2417,51.2696],[17.2262,51.2726],[17.2266,51.274],[17.2233,51.2749],[17.2156,51.2749],[17.2073,51.2704],[17.2052,51.2711],[17.2018,51.2678],[17.2037,51.267],[17.2014,51.2665],[17.1945,51.2753],[17.1818,51.2756],[17.1783,51.2583],[17.1764,51.2551],[17.1786,51.2517],[17.1732,51.2521],[17.1726,51.2495],[17.175,51.249],[17.1732,51.2451],[17.171,51.2463],[17.1601,51.2436],[17.1576,51.2396],[17.1454,51.2417],[17.1475,51.2439],[17.1407,51.2468],[17.1362,51.2514],[17.1333,51.2523],[17.1332,51.2538],[17.1236,51.2558],[17.1187,51.2433],[17.0923,51.2491],[17.0867,51.241],[17.0804,51.2417],[17.077,51.2391],[17.0728,51.2329],[17.0796,51.2236],[17.0869,51.2237],[17.0808,51.221],[17.0875,51.2143],[17.0899,51.204],[17.094,51.1974],[17.0929,51.1946],[17.0983,51.194],[17.0969,51.1864],[17.1003,51.1759],[17.0982,51.1763],[17.0981,51.1744],[17.0845,51.1768],[17.0827,51.175],[17.0801,51.1752],[17.0776,51.1659],[17.0797,51.1642],[17.0784,51.1628],[17.0724,51.166],[17.0654,51.1649],[17.0424,51.1735],[17.0271,51.1755],[17.0241,51.179],[17.0263,51.1809],[17.0225,51.1859],[17.0181,51.1858],[17.0146,51.1876],[17.0135,51.1857],[17.0149,51.1826],[16.9999,51.1818],[16.9992,51.1877],[17.0008,51.1915],[16.999,51.1938],[17.0009,51.1975],[16.9916,51.2024],[16.9796,51.2055],[16.9693,51.2049],[16.967,51.2054],[16.9663,51.2076],[16.958,51.2094],[16.9543,51.2084],[16.9494,51.2033],[16.9445,51.2032],[16.9379,51.1997],[16.9215,51.1968],[16.9151,51.2017],[16.9062,51.2053],[16.9049,51.2086],[16.9064,51.2114],[16.9047,51.2145],[16.8898,51.2207],[16.8827,51.2296],[16.8735,51.2328],[16.8699,51.2368],[16.8549,51.239],[16.8484,51.2417],[16.845,51.249],[16.8418,51.2511],[16.8258,51.2502],[16.8209,51.2578],[16.8184,51.2589],[16.8006,51.2587],[16.8012,51.2614],[16.8045,51.2613],[16.8068,51.2652],[16.8118,51.2635],[16.8102,51.2654],[16.8109,51.2667],[16.8068,51.2674],[16.8097,51.2711],[16.8084,51.2813],[16.8123,51.2938],[16.8091,51.2955],[16.8063,51.2942],[16.7995,51.3029],[16.8107,51.3036],[16.8119,51.3155],[16.8002,51.316],[16.8061,51.3248],[16.8081,51.3347],[16.7937,51.3435],[16.7774,51.3438],[16.7915,51.3556],[16.7977,51.3543],[16.798,51.3574],[16.7811,51.3582],[16.7752,51.362],[16.7777,51.3678],[16.78,51.3671],[16.779,51.3694],[16.7847,51.3763],[16.7869,51.375],[16.7894,51.3801],[16.7977,51.3829],[16.8003,51.3892],[16.7986,51.3894],[16.7992,51.3913],[16.7906,51.3933],[16.7888,51.3966],[16.7848,51.3972],[16.7881,51.4011],[16.781,51.4],[16.7813,51.4023],[16.7751,51.4034],[16.7756,51.4046],[16.7728,51.4032],[16.7723,51.4012],[16.7677,51.4037],[16.7703,51.4058],[16.773,51.4049],[16.7718,51.4066],[16.783,51.4063],[16.7857,51.4113],[16.7922,51.4104],[16.797,51.4164],[16.7949,51.4182],[16.7984,51.4208],[16.7891,51.4251],[16.7936,51.4295],[16.7932,51.4319],[16.7896,51.4348],[16.7981,51.44],[16.7948,51.4514],[16.7967,51.4561],[16.7928,51.4616],[16.782,51.4689],[16.784,51.4713],[16.7591,51.4703],[16.7657,51.4796],[16.7652,51.482],[16.7666,51.484],[16.7642,51.4854],[16.7765,51.4903],[16.7784,51.4963],[16.7688,51.5023],[16.7649,51.5018],[16.7604,51.5053],[16.7675,51.5107],[16.7862,51.5049],[16.8076,51.5081],[16.8144,51.5119],[16.8208,51.513],[16.8198,51.5174],[16.815,51.5225],[16.7989,51.5229],[16.7924,51.5261],[16.7917,51.5287],[16.7986,51.535],[16.8057,51.5484],[16.806,51.5514],[16.8236,51.573],[16.8287,51.5717],[16.8319,51.5759],[16.8536,51.5803],[16.8684,51.5789],[16.8873,51.581],[16.8957,51.5784],[16.9047,51.5714],[16.9145,51.5595],[16.9282,51.5523],[16.9582,51.5525],[16.9627,51.5511],[16.9619,51.5494],[16.9646,51.5492],[16.9624,51.5447],[16.9719,51.5436],[16.9751,51.5478],[16.9787,51.5448],[16.9816,51.5509],[16.9906,51.55],[16.9895,51.5471],[16.9924,51.5442],[16.9895,51.542],[16.9947,51.5391],[17.0002,51.5382],[16.9981,51.5353],[17.0029,51.53],[17.0174,51.5318],[17.0278,51.5305],[17.0299,51.5327],[17.036,51.5338],[17.0402,51.5282],[17.0439,51.5295],[17.0445,51.5314],[17.0529,51.5325],[17.057,51.5303],[17.0626,51.5357],[17.0713,51.5211],[17.074,51.5212],[17.0755,51.5192],[17.074,51.5188],[17.0815,51.5064],[17.0869,51.5074],[17.1,51.4959],[17.0984,51.4837],[17.1041,51.4799],[17.1073,51.4718],[17.1103,51.4698],[17.1064,51.4665],[17.0918,51.4604]]]]}},{"type":"Feature","properties":{"GID_2":"POL.1.23_1","GID_0":"POL","COUNTRY":"Poland","GID_1":"POL.1_1","NAME_1":"Dolnoslaskie","NL_NAME_1":"NA","NAME_2":"Walbrzych","VARNAME_2":"NA","NL_NAME_2":"NA","TYPE_2":"Powiat","ENGTYPE_2":"County","CC_2":"0221","HASC_2":"NA"},"geometry":{"type":"MultiPolygon","coordinates":[[[[16.2666,50.6675],[16.2617,50.6681],[16.2614,50.6718],[16.2332,50.6708],[16.2295,50.6662],[16.2265,50.6661],[16.2255,50.657],[16.2202,50.6568],[16.2209,50.6398],[16.2147,50.6386],[16.215,50.6341],[16.201,50.6336],[16.2011,50.6317],[16.1988,50.6306],[16.1811,50.6284],[16.177,50.6396],[16.1704,50.6453],[16.1484,50.6533],[16.1395,50.6508],[16.1367,50.6528],[16.1352,50.6583],[16.1282,50.658],[16.1278,50.6625],[16.1073,50.6621],[16.1044,50.6677],[16.1082,50.6699],[16.1083,50.6753],[16.111,50.6778],[16.116,50.6788],[16.1235,50.6771],[16.1343,50.6785],[16.1422,50.6804],[16.1451,50.6834],[16.1535,50.6865],[16.1647,50.6831],[16.1776,50.692],[16.1795,50.6938],[16.1794,50.6965],[16.1775,50.7044],[16.1738,50.7086],[16.1556,50.7102],[16.155,50.7125],[16.1341,50.7095],[16.1298,50.7128],[16.1264,50.7188],[16.116,50.7242],[16.112,50.7317],[16.1129,50.7343],[16.1118,50.7373],[16.1074,50.7401],[16.1005,50.749],[16.1047,50.7518],[16.1078,50.7582],[16.107,50.7607],[16.103,50.7657],[16.0867,50.7752],[16.0881,50.7764],[16.0756,50.7796],[16.0774,50.7848],[16.075,50.788],[16.0758,50.7895],[16.0679,50.7908],[16.0695,50.7965],[16.071,50.7961],[16.0732,50.7992],[16.0707,50.8013],[16.0709,50.8049],[16.0729,50.8067],[16.0687,50.8112],[16.0735,50.8103],[16.0724,50.8134],[16.0772,50.8146],[16.0768,50.8157],[16.0807,50.8156],[16.0793,50.8192],[16.0869,50.8187],[16.0817,50.8259],[16.0749,50.8252],[16.0741,50.8237],[16.0676,50.8265],[16.0722,50.8311],[16.0736,50.8374],[16.077,50.8406],[16.0782,50.8453],[16.0836,50.846],[16.0808,50.8548],[16.0861,50.8535],[16.0883,50.8551],[16.0833,50.8558],[16.0842,50.8603],[16.1015,50.8603],[16.101,50.8588],[16.1173,50.8555],[16.1184,50.8527],[16.1274,50.8541],[16.1375,50.8598],[16.1508,50.8642],[16.1611,50.8657],[16.179,50.8639],[16.1847,50.8653],[16.1976,50.8715],[16.2028,50.8805],[16.2003,50.8857],[16.2201,50.8843],[16.232,50.8859],[16.2322,50.8871],[16.2396,50.8868],[16.2433,50.882],[16.2422,50.8779],[16.2389,50.8747],[16.2448,50.8716],[16.2584,50.8772],[16.2657,50.877],[16.2786,50.8713],[16.2794,50.8691],[16.274,50.8635],[16.2819,50.8597],[16.2828,50.8578],[16.2723,50.854],[16.2806,50.8475],[16.2873,50.8481],[16.288,50.8462],[16.2898,50.8473],[16.2904,50.8454],[16.2912,50.8483],[16.2999,50.8496],[16.3027,50.8475],[16.3071,50.8477],[16.3121,50.8452],[16.3134,50.8423],[16.3155,50.8449],[16.319,50.8453],[16.3236,50.8406],[16.3419,50.8385],[16.3435,50.8359],[16.3476,50.8341],[16.3543,50.8215],[16.3476,50.8214],[16.3341,50.8139],[16.3322,50.8105],[16.3553,50.796],[16.3507,50.7933],[16.3545,50.7914],[16.3666,50.7928],[16.3769,50.7861],[16.3792,50.7799],[16.3808,50.7799],[16.3802,50.7777],[16.3819,50.777],[16.38,50.7759],[16.3864,50.7725],[16.3856,50.7716],[16.3923,50.7662],[16.3947,50.7655],[16.4002,50.7668],[16.4033,50.7693],[16.4058,50.769],[16.4092,50.7673],[16.4107,50.7617],[16.4146,50.7585],[16.43,50.758],[16.4295,50.7616],[16.431,50.7596],[16.4346,50.7599],[16.4342,50.7567],[16.4378,50.7549],[16.4538,50.7517],[16.4553,50.7509],[16.4487,50.7495],[16.4621,50.7462],[16.4591,50.738],[16.4722,50.7364],[16.4751,50.7342],[16.4722,50.7307],[16.4825,50.7284],[16.4819,50.725],[16.4839,50.7212],[16.4919,50.7199],[16.488,50.7161],[16.4889,50.7144],[16.4837,50.715],[16.485,50.712],[16.4837,50.7093],[16.4914,50.7078],[16.4901,50.707],[16.4929,50.7051],[16.4929,50.6992],[16.4898,50.6965],[16.4804,50.6934],[16.4841,50.6874],[16.4845,50.6838],[16.4796,50.6814],[16.4809,50.6799],[16.4805,50.6753],[16.4767,50.6704],[16.4766,50.668],[16.4692,50.663],[16.4567,50.66],[16.4528,50.6552],[16.4476,50.6523],[16.449,50.647],[16.4366,50.6482],[16.4173,50.6537],[16.4047,50.6541],[16.403,50.6533],[16.4065,50.6495],[16.403,50.6473],[16.4031,50.6451],[16.3866,50.6428],[16.3778,50.6369],[16.3772,50.6398],[16.3707,50.6396],[16.3625,50.6483],[16.3561,50.6467],[16.3512,50.6479],[16.3494,50.6525],[16.344,50.6573],[16.3431,50.6615],[16.3406,50.6623],[16.3339,50.6625],[16.3218,50.6666],[16.3169,50.6648],[16.3045,50.6643],[16.3049,50.6598],[16.2998,50.6608],[16.2936,50.6599],[16.2907,50.6602],[16.2904,50.6638],[16.2813,50.6635],[16.2796,50.6656],[16.28,50.6681],[16.2666,50.6675]]]]}},{"type":"Feature","properties":{"GID_2":"POL.1.24_1","GID_0":"POL","COUNTRY":"Poland","GID_1":"POL.1_1","NAME_1":"Dolnoslaskie","NL_NAME_1":"NA","NAME_2":"Wolow","VARNAME_2":"NA","NL_NAME_2":"NA","TYPE_2":"Powiat","ENGTYPE_2":"County","CC_2":"0222","HASC_2":"NA"},"geometry":{"type":"MultiPolygon","coordinates":[[[[16.7908,51.2577],[16.7784,51.2576],[16.7622,51.2613],[16.7463,51.2566],[16.7367,51.2597],[16.7271,51.2604],[16.7177,51.2528],[16.7047,51.2491],[16.6989,51.2429],[16.6931,51.2412],[16.689,51.242],[16.6753,51.2498],[16.6411,51.246],[16.6279,51.2514],[16.6071,51.2458],[16.6001,51.241],[16.595,51.2398],[16.5896,51.2421],[16.5857,51.2475],[16.5799,51.2489],[16.5711,51.2453],[16.562,51.2467],[16.5474,51.2431],[16.5334,51.2432],[16.5142,51.2341],[16.5087,51.2288],[16.5026,51.2266],[16.4954,51.2263],[16.4721,51.2306],[16.47,51.2329],[16.4714,51.2387],[16.4694,51.2429],[16.4729,51.2499],[16.4623,51.2538],[16.459,51.2577],[16.4594,51.2604],[16.4643,51.2647],[16.4637,51.2673],[16.4536,51.2736],[16.4402,51.2739],[16.4352,51.2756],[16.43,51.2798],[16.429,51.2849],[16.4262,51.2882],[16.4156,51.2931],[16.4288,51.3048],[16.4364,51.3081],[16.4449,51.3165],[16.4608,51.3257],[16.4613,51.328],[16.4567,51.3324],[16.4534,51.3399],[16.454,51.3464],[16.4583,51.3505],[16.4671,51.3539],[16.4683,51.3614],[16.4771,51.3664],[16.4766,51.3692],[16.4709,51.3731],[16.4688,51.3829],[16.4604,51.3924],[16.4572,51.4001],[16.4446,51.4076],[16.4431,51.412],[16.446,51.4199],[16.4385,51.4266],[16.4508,51.4659],[16.4511,51.4718],[16.4492,51.4764],[16.4546,51.4936],[16.4673,51.5015],[16.4781,51.499],[16.4783,51.5027],[16.4868,51.5021],[16.4868,51.5035],[16.4895,51.5038],[16.4921,51.5002],[16.498,51.5019],[16.4983,51.5049],[16.5041,51.5091],[16.5077,51.5081],[16.5091,51.506],[16.522,51.5022],[16.5241,51.5069],[16.5366,51.5084],[16.5406,51.5112],[16.5527,51.5108],[16.5611,51.5097],[16.5602,51.5052],[16.5695,51.5048],[16.57,51.5032],[16.5759,51.5046],[16.586,51.5025],[16.5862,51.5042],[16.5906,51.5048],[16.5888,51.5098],[16.594,51.5117],[16.5948,51.5135],[16.61,51.5178],[16.6186,51.5178],[16.6423,51.5145],[16.6505,51.5149],[16.6507,51.5097],[16.6492,51.5074],[16.6457,51.5062],[16.6473,51.5038],[16.6421,51.4923],[16.6431,51.4902],[16.6454,51.4914],[16.6572,51.4906],[16.6614,51.4948],[16.6713,51.4963],[16.6763,51.4966],[16.6807,51.4948],[16.6945,51.4966],[16.7114,51.4906],[16.7284,51.4902],[16.7291,51.4876],[16.7419,51.4855],[16.7528,51.4875],[16.7607,51.4871],[16.7666,51.484],[16.7638,51.4756],[16.7591,51.4703],[16.784,51.4713],[16.782,51.4689],[16.7928,51.4616],[16.7967,51.4561],[16.7948,51.4514],[16.7981,51.44],[16.7896,51.4348],[16.7932,51.4319],[16.7936,51.4295],[16.7891,51.4251],[16.7984,51.4208],[16.7949,51.4182],[16.797,51.4164],[16.7922,51.4104],[16.7857,51.4113],[16.783,51.4063],[16.7718,51.4066],[16.773,51.4049],[16.7703,51.4058],[16.7677,51.4037],[16.7723,51.4012],[16.7728,51.4032],[16.7756,51.4046],[16.7751,51.4034],[16.7813,51.4023],[16.781,51.4],[16.7881,51.4011],[16.7848,51.3972],[16.7888,51.3966],[16.7906,51.3933],[16.7992,51.3913],[16.7986,51.3894],[16.8003,51.3892],[16.7977,51.3829],[16.7894,51.3801],[16.7869,51.375],[16.7847,51.3763],[16.779,51.3694],[16.78,51.3671],[16.7777,51.3678],[16.7752,51.362],[16.7811,51.3582],[16.798,51.3574],[16.798,51.3547],[16.7915,51.3556],[16.7774,51.3438],[16.7937,51.3435],[16.8075,51.3358],[16.8061,51.3248],[16.8002,51.316],[16.8119,51.3155],[16.8107,51.3036],[16.7995,51.3029],[16.8063,51.2942],[16.8091,51.2955],[16.8123,51.2938],[16.8084,51.2813],[16.8097,51.2711],[16.8068,51.2674],[16.8109,51.2667],[16.8102,51.2654],[16.8118,51.2635],[16.8068,51.2652],[16.8045,51.2613],[16.8012,51.2614],[16.8006,51.2587],[16.7908,51.2577]]]]}},{"type":"Feature","properties":{"GID_2":"POL.1.26_1","GID_0":"POL","COUNTRY":"Poland","GID_1":"POL.1_1","NAME_1":"Dolnoslaskie","NL_NAME_1":"NA","NAME_2":"Wroclaw","VARNAME_2":"NA","NL_NAME_2":"NA","TYPE_2":"Powiat","ENGTYPE_2":"County","CC_2":"0223","HASC_2":"NA"},"geometry":{"type":"MultiPolygon","coordinates":[[[[16.8894,50.8134],[16.887,50.8187],[16.8766,50.8222],[16.8808,50.8288],[16.8763,50.8322],[16.8578,50.8321],[16.8507,50.8304],[16.8496,50.833],[16.8329,50.8339],[16.8309,50.832],[16.8283,50.8321],[16.8293,50.8277],[16.8201,50.8279],[16.8234,50.825],[16.8229,50.8223],[16.8249,50.8221],[16.824,50.82],[16.821,50.8189],[16.8038,50.8216],[16.8065,50.8283],[16.8047,50.8326],[16.8062,50.8349],[16.7947,50.8333],[16.7816,50.8353],[16.7743,50.8393],[16.7751,50.8446],[16.7537,50.8439],[16.7397,50.8367],[16.7277,50.8376],[16.7071,50.845],[16.7012,50.845],[16.6932,50.8411],[16.6867,50.8405],[16.6881,50.8433],[16.6863,50.8437],[16.6871,50.8502],[16.675,50.8512],[16.6764,50.8535],[16.6761,50.8651],[16.6775,50.8715],[16.6716,50.8768],[16.6758,50.8775],[16.674,50.8818],[16.6767,50.8819],[16.6795,50.8855],[16.6857,50.8855],[16.6841,50.8885],[16.691,50.8871],[16.6964,50.8893],[16.6975,50.8918],[16.6948,50.8931],[16.6933,50.8982],[16.6956,50.8986],[16.6931,50.8999],[16.6935,50.9028],[16.6916,50.9059],[16.6975,50.9089],[16.6872,50.9104],[16.6898,50.9165],[16.6834,50.9176],[16.6762,50.9159],[16.675,50.917],[16.6798,50.9211],[16.6914,50.9237],[16.7017,50.9299],[16.7005,50.9337],[16.6891,50.9342],[16.6924,50.9367],[16.6902,50.9394],[16.6716,50.9379],[16.6732,50.9348],[16.6509,50.9327],[16.6532,50.924],[16.6461,50.9244],[16.6426,50.9227],[16.618,50.9282],[16.6167,50.9225],[16.6059,50.9239],[16.6013,50.9218],[16.6022,50.9194],[16.5921,50.9152],[16.5905,50.9174],[16.5813,50.9178],[16.5809,50.9191],[16.5758,50.9199],[16.5729,50.9229],[16.5759,50.9233],[16.5793,50.9303],[16.5763,50.9316],[16.5767,50.9328],[16.5812,50.9331],[16.58,50.9341],[16.5831,50.9343],[16.5818,50.9349],[16.5831,50.935],[16.5831,50.937],[16.5747,50.9367],[16.5756,50.9398],[16.5714,50.9399],[16.5661,50.9514],[16.5794,50.9486],[16.5798,50.9498],[16.5842,50.9493],[16.5858,50.9559],[16.5905,50.9582],[16.5907,50.9598],[16.5858,50.9676],[16.5871,50.9683],[16.5846,50.9705],[16.5846,50.9728],[16.5815,50.9754],[16.5855,50.9781],[16.5934,50.9801],[16.5991,50.9798],[16.6011,50.9787],[16.6014,50.9753],[16.6054,50.9734],[16.617,50.9747],[16.615,50.9795],[16.6302,50.9803],[16.6152,50.9889],[16.6179,50.9916],[16.6173,50.9945],[16.6103,50.9961],[16.6047,51.0012],[16.6029,51.0011],[16.6075,51.006],[16.6082,51.0097],[16.6213,51.0129],[16.6326,51.006],[16.6456,51.007],[16.6581,51.0123],[16.6553,51.0129],[16.6585,51.0185],[16.661,51.0193],[16.6751,51.0182],[16.6798,51.0158],[16.6842,51.0159],[16.6826,51.0232],[16.6851,51.0293],[16.6889,51.0317],[16.7053,51.0314],[16.7102,51.0329],[16.7157,51.0371],[16.7191,51.0376],[16.7223,51.0411],[16.7138,51.0478],[16.7199,51.06],[16.7244,51.0633],[16.7386,51.0642],[16.7579,51.0545],[16.762,51.0587],[16.7618,51.0634],[16.7604,51.0645],[16.7628,51.0655],[16.7688,51.0756],[16.7681,51.0768],[16.7652,51.0757],[16.7497,51.0774],[16.7536,51.0842],[16.7531,51.0887],[16.7613,51.088],[16.7842,51.1022],[16.7969,51.1],[16.7945,51.0978],[16.8089,51.0927],[16.8244,51.102],[16.8217,51.1026],[16.8196,51.1063],[16.8331,51.1126],[16.8381,51.1102],[16.8434,51.111],[16.8519,51.1093],[16.8582,51.1121],[16.854,51.1072],[16.859,51.1003],[16.8768,51.0945],[16.8873,51.0934],[16.8876,51.0979],[16.8897,51.099],[16.9037,51.0969],[16.9229,51.0978],[16.923,51.0923],[16.9192,51.0816],[16.9172,51.0811],[16.9229,51.0797],[16.9379,51.082],[16.9394,51.0768],[16.9581,51.0674],[16.9551,51.0588],[16.9645,51.0495],[16.9664,51.0491],[16.9717,51.0554],[16.9786,51.0533],[16.9869,51.0536],[16.9909,51.0577],[16.9929,51.0556],[16.9922,51.0516],[16.9998,51.0493],[17.0053,51.0557],[17.0087,51.0551],[17.0119,51.0542],[17.0099,51.0465],[17.0279,51.0427],[17.0291,51.0428],[17.0313,51.0501],[17.0508,51.0444],[17.0521,51.0461],[17.0609,51.0452],[17.06,51.0486],[17.0658,51.0503],[17.0652,51.059],[17.0682,51.0591],[17.0719,51.0588],[17.0742,51.054],[17.0765,51.0538],[17.0787,51.0505],[17.0855,51.0467],[17.1034,51.0453],[17.1072,51.0509],[17.0958,51.0593],[17.1014,51.0613],[17.0987,51.0638],[17.1096,51.0743],[17.1083,51.0754],[17.1114,51.0792],[17.1194,51.081],[17.1184,51.0817],[17.1204,51.0831],[17.127,51.0817],[17.1298,51.0793],[17.1473,51.0833],[17.1485,51.0812],[17.1503,51.0818],[17.1579,51.0878],[17.1622,51.0888],[17.1593,51.0923],[17.1601,51.0945],[17.1618,51.0927],[17.1648,51.0967],[17.1714,51.0959],[17.1691,51.1007],[17.1762,51.1063],[17.1721,51.1115],[17.1661,51.1126],[17.1642,51.1161],[17.1609,51.1182],[17.156,51.1192],[17.1501,51.1236],[17.1447,51.1229],[17.1369,51.1278],[17.1394,51.1314],[17.1415,51.1318],[17.1506,51.1448],[17.1529,51.1517],[17.1522,51.1596],[17.1549,51.1618],[17.1536,51.1622],[17.1561,51.1754],[17.1586,51.1776],[17.1446,51.1786],[17.1417,51.1771],[17.1432,51.1802],[17.1323,51.1802],[17.1293,51.1748],[17.1304,51.1749],[17.1257,51.1727],[17.1249,51.1707],[17.1123,51.1751],[17.1103,51.173],[17.1003,51.1759],[17.0969,51.1864],[17.0983,51.194],[17.0929,51.1946],[17.094,51.1974],[17.0899,51.204],[17.0875,51.2143],[17.0808,51.221],[17.0869,51.2237],[17.0796,51.2236],[17.0728,51.2329],[17.0755,51.2375],[17.0804,51.2417],[17.0867,51.241],[17.0913,51.2488],[17.1187,51.2433],[17.1228,51.2517],[17.123,51.2558],[17.1245,51.2558],[17.1332,51.2538],[17.1333,51.2523],[17.1362,51.2514],[17.1407,51.2468],[17.1475,51.2439],[17.1454,51.2417],[17.1576,51.2396],[17.1601,51.2436],[17.171,51.2463],[17.1732,51.2451],[17.175,51.249],[17.1726,51.2495],[17.1732,51.2521],[17.1786,51.2517],[17.1764,51.2551],[17.1783,51.2583],[17.1818,51.2756],[17.1945,51.2753],[17.2014,51.2665],[17.2037,51.267],[17.2018,51.2678],[17.2052,51.2711],[17.2103,51.2715],[17.2126,51.2744],[17.2229,51.275],[17.2266,51.274],[17.2262,51.2726],[17.2417,51.2696],[17.2421,51.267],[17.2382,51.2642],[17.2446,51.2628],[17.2611,51.2524],[17.2557,51.2429],[17.251,51.2395],[17.258,51.2367],[17.2601,51.2326],[17.266,51.2321],[17.2692,51.2255],[17.2756,51.2236],[17.2942,51.2258],[17.3024,51.219],[17.3106,51.2148],[17.3102,51.2118],[17.3068,51.2102],[17.3021,51.2041],[17.299,51.1955],[17.303,51.1918],[17.2952,51.1799],[17.2891,51.1741],[17.3059,51.1727],[17.3109,51.1705],[17.3099,51.1699],[17.3137,51.1672],[17.3245,51.1702],[17.3449,51.1686],[17.3486,51.1672],[17.3377,51.1653],[17.3266,51.1587],[17.3207,51.1615],[17.3177,51.1589],[17.3035,51.1609],[17.3012,51.1582],[17.293,51.1593],[17.2948,51.156],[17.2908,51.1505],[17.3061,51.1486],[17.3105,51.1377],[17.3167,51.1379],[17.3152,51.1438],[17.3243,51.1451],[17.3307,51.1386],[17.3288,51.1178],[17.3436,51.1125],[17.3658,51.1104],[17.376,51.1037],[17.3611,51.0966],[17.349,51.0953],[17.3389,51.0915],[17.3402,51.0911],[17.3377,51.0879],[17.3262,51.0806],[17.3251,51.0725],[17.3226,51.0696],[17.3212,51.064],[17.2961,51.0663],[17.2918,51.0643],[17.291,51.0607],[17.2843,51.0561],[17.2698,51.0517],[17.275,51.0503],[17.2733,51.0483],[17.2951,51.0404],[17.2831,51.0312],[17.2806,51.0315],[17.2802,51.0299],[17.288,51.025],[17.2884,51.0229],[17.2867,51.0213],[17.2883,51.0197],[17.293,51.018],[17.2887,51.0149],[17.2841,51.0165],[17.2723,51.0223],[17.2613,51.0306],[17.2594,51.0304],[17.2542,51.0203],[17.2499,51.0161],[17.2448,51.0179],[17.2404,51.0132],[17.226,51.0112],[17.2163,51.0053],[17.2062,51.0059],[17.1974,51.0094],[17.1876,50.9994],[17.1676,50.9889],[17.17,50.9865],[17.1674,50.9861],[17.1631,50.9811],[17.1628,50.971],[17.1601,50.9675],[17.1444,50.9648],[17.1355,50.9649],[17.1383,50.9575],[17.1151,50.9615],[17.1097,50.9567],[17.1041,50.9498],[17.1036,50.9467],[17.1046,50.9435],[17.108,50.9419],[17.1076,50.9388],[17.1153,50.9374],[17.1144,50.9285],[17.1125,50.9288],[17.1112,50.9257],[17.1129,50.925],[17.1125,50.9212],[17.1117,50.9197],[17.1059,50.9229],[17.0801,50.9258],[17.0785,50.923],[17.0756,50.9222],[17.0772,50.9144],[17.0762,50.9118],[17.0824,50.9073],[17.0834,50.9037],[17.0762,50.9056],[17.0692,50.9031],[17.0558,50.9047],[17.0515,50.917],[17.0415,50.9197],[17.0376,50.9168],[17.0324,50.9083],[17.0218,50.9086],[17.0179,50.9099],[17.0173,50.9171],[17.0114,50.9204],[17.0033,50.9174],[17.0022,50.9114],[16.9977,50.9096],[16.9971,50.9071],[16.9932,50.9089],[16.9924,50.913],[16.9891,50.9157],[16.9872,50.9131],[16.9812,50.9107],[16.9797,50.9136],[16.9754,50.9081],[16.98,50.9074],[16.9766,50.9],[16.9671,50.9052],[16.9585,50.9043],[16.9514,50.8914],[16.9548,50.8897],[16.9574,50.8853],[16.9513,50.8849],[16.9495,50.881],[16.9448,50.878],[16.9429,50.8749],[16.9475,50.8698],[16.9423,50.8651],[16.9334,50.8639],[16.9232,50.866],[16.9128,50.8713],[16.9015,50.8704],[16.9045,50.8639],[16.9028,50.8544],[16.9075,50.8535],[16.9212,50.8454],[16.9168,50.8425],[16.921,50.8405],[16.9199,50.8395],[16.9226,50.8378],[16.9153,50.8311],[16.9173,50.8308],[16.9139,50.8257],[16.8994,50.8291],[16.8983,50.819],[16.9031,50.8189],[16.911,50.8138],[16.91,50.8117],[16.9052,50.8108],[16.8983,50.8121],[16.8867,50.8099],[16.8894,50.8134]]]]}},{"type":"Feature","properties":{"GID_2":"POL.1.25_1","GID_0":"POL","COUNTRY":"Poland","GID_1":"POL.1_1","NAME_1":"Dolnoslaskie","NL_NAME_1":"NA","NAME_2":"Wroclaw","VARNAME_2":"NA","NL_NAME_2":"NA","TYPE_2":"Miastonaprawachpowiatu","ENGTYPE_2":"Citywithpowiatrights","CC_2":"0223","HASC_2":"NA"},"geometry":{"type":"MultiPolygon","coordinates":[[[[16.8307,51.1118],[16.8315,51.1138],[16.8364,51.1152],[16.8365,51.1172],[16.8418,51.1161],[16.8412,51.1151],[16.8429,51.1162],[16.8354,51.1201],[16.8327,51.1226],[16.8333,51.1243],[16.8171,51.1264],[16.8187,51.1324],[16.8265,51.1413],[16.8137,51.1374],[16.8093,51.1374],[16.8096,51.1388],[16.8073,51.1389],[16.8131,51.1503],[16.8162,51.1499],[16.8173,51.153],[16.8254,51.1515],[16.8311,51.1577],[16.8276,51.1588],[16.8211,51.1718],[16.8264,51.1751],[16.8233,51.1769],[16.8276,51.1836],[16.8331,51.1844],[16.8383,51.1821],[16.8423,51.1828],[16.855,51.1775],[16.8628,51.1784],[16.8638,51.18],[16.8723,51.1794],[16.8754,51.1809],[16.8773,51.1856],[16.8818,51.1878],[16.8884,51.1874],[16.8902,51.185],[16.8935,51.1842],[16.9005,51.1841],[16.9027,51.1876],[16.9018,51.1887],[16.8928,51.1886],[16.8877,51.191],[16.8878,51.194],[16.8839,51.2009],[16.8818,51.2015],[16.8821,51.2036],[16.8883,51.206],[16.8894,51.2045],[16.8933,51.2042],[16.9033,51.2101],[16.9051,51.2095],[16.9069,51.2046],[16.9151,51.2017],[16.9226,51.1967],[16.9379,51.1997],[16.9445,51.2032],[16.9494,51.2033],[16.9543,51.2084],[16.958,51.2094],[16.9663,51.2076],[16.967,51.2054],[16.9693,51.2049],[16.9796,51.2055],[16.9902,51.2029],[17.0009,51.1975],[16.999,51.1938],[17.0008,51.1915],[16.9992,51.1877],[16.9999,51.1818],[17.0149,51.1826],[17.0135,51.1857],[17.0146,51.1876],[17.0181,51.1858],[17.0225,51.1859],[17.0263,51.1809],[17.0241,51.179],[17.0271,51.1755],[17.0424,51.1735],[17.0654,51.1649],[17.0724,51.166],[17.0784,51.1628],[17.0797,51.1642],[17.0776,51.1659],[17.0801,51.1752],[17.0827,51.175],[17.0845,51.1768],[17.0981,51.1744],[17.0982,51.1763],[17.1103,51.173],[17.1123,51.1751],[17.1249,51.1707],[17.1257,51.1727],[17.1304,51.1749],[17.1293,51.1748],[17.1323,51.1802],[17.1432,51.1802],[17.1417,51.1771],[17.1446,51.1786],[17.1509,51.1772],[17.1573,51.1785],[17.1586,51.1776],[17.1561,51.1754],[17.1536,51.1622],[17.1549,51.1618],[17.1522,51.1596],[17.1529,51.1517],[17.1506,51.1448],[17.1415,51.1318],[17.1394,51.1314],[17.1369,51.1278],[17.1447,51.1229],[17.1501,51.1236],[17.156,51.1192],[17.1609,51.1182],[17.1642,51.1161],[17.1661,51.1126],[17.1721,51.1115],[17.1762,51.1063],[17.1691,51.1007],[17.1714,51.0959],[17.1648,51.0967],[17.1618,51.0927],[17.1601,51.0945],[17.1593,51.0923],[17.1622,51.0888],[17.1579,51.0878],[17.1503,51.0818],[17.1485,51.0812],[17.1473,51.0833],[17.1298,51.0793],[17.127,51.0817],[17.1204,51.0831],[17.1184,51.0817],[17.1194,51.081],[17.1114,51.0792],[17.1083,51.0754],[17.1096,51.0743],[17.0987,51.0638],[17.1014,51.0613],[17.0958,51.0593],[17.1072,51.0509],[17.1034,51.0453],[17.0855,51.0467],[17.0787,51.0505],[17.0765,51.0538],[17.0742,51.054],[17.0719,51.0588],[17.0673,51.0591],[17.0652,51.059],[17.0658,51.0503],[17.06,51.0486],[17.0609,51.0452],[17.0521,51.0461],[17.0508,51.0444],[17.0313,51.0501],[17.0281,51.0427],[17.0099,51.0465],[17.0119,51.0542],[17.0087,51.0551],[17.0053,51.0557],[16.9998,51.0493],[16.9922,51.0516],[16.9929,51.0556],[16.9909,51.0577],[16.9869,51.0536],[16.9786,51.0533],[16.9717,51.0554],[16.9664,51.0491],[16.9645,51.0495],[16.9551,51.0588],[16.9581,51.0674],[16.9394,51.0768],[16.9379,51.082],[16.9229,51.0797],[16.9172,51.0811],[16.9192,51.0816],[16.923,51.0923],[16.9229,51.0978],[16.9037,51.0969],[16.8897,51.099],[16.8876,51.0979],[16.8873,51.0934],[16.8768,51.0945],[16.859,51.1003],[16.854,51.1072],[16.8582,51.1121],[16.8519,51.1093],[16.8434,51.111],[16.8381,51.1102],[16.8334,51.1126],[16.8307,51.1118]]]]}},{"type":"Feature","properties":{"GID_2":"POL.1.27_1","GID_0":"POL","COUNTRY":"Poland","GID_1":"POL.1_1","NAME_1":"Dolnoslaskie","NL_NAME_1":"NA","NAME_2":"ZabkowiceSlaskie","VARNAME_2":"NA","NL_NAME_2":"NA","TYPE_2":"Powiat","ENGTYPE_2":"County","CC_2":"0224","HASC_2":"NA"},"geometry":{"type":"MultiPolygon","coordinates":[[[[16.9046,50.4483],[16.8985,50.4477],[16.8948,50.4442],[16.8867,50.4442],[16.8812,50.4424],[16.8807,50.4362],[16.8756,50.4326],[16.8764,50.4301],[16.8722,50.43],[16.8725,50.4257],[16.869,50.4209],[16.8658,50.4208],[16.8662,50.4151],[16.8594,50.4116],[16.8597,50.4074],[16.8529,50.4063],[16.8505,50.4009],[16.8486,50.3999],[16.8391,50.4],[16.8281,50.3974],[16.8196,50.4006],[16.813,50.3982],[16.8116,50.3999],[16.8084,50.3998],[16.7974,50.4106],[16.7935,50.4176],[16.7924,50.4239],[16.7674,50.4256],[16.7653,50.4309],[16.7613,50.4352],[16.7616,50.4397],[16.7569,50.444],[16.758,50.4476],[16.7553,50.4511],[16.7571,50.4539],[16.7525,50.4599],[16.7464,50.464],[16.7452,50.4681],[16.7364,50.4756],[16.7365,50.4777],[16.7284,50.4753],[16.7079,50.4764],[16.6947,50.4823],[16.702,50.483],[16.703,50.4887],[16.7003,50.4968],[16.6899,50.5021],[16.6903,50.5046],[16.6859,50.5115],[16.6874,50.5128],[16.6838,50.5156],[16.6751,50.5165],[16.6762,50.523],[16.6778,50.5246],[16.6737,50.5259],[16.6764,50.5273],[16.676,50.5301],[16.6796,50.5322],[16.6864,50.532],[16.6855,50.5372],[16.669,50.5442],[16.6636,50.5446],[16.652,50.5491],[16.6502,50.5478],[16.642,50.5497],[16.6419,50.5522],[16.6353,50.5581],[16.6264,50.5614],[16.6263,50.5633],[16.629,50.5644],[16.6306,50.5678],[16.6367,50.5709],[16.6358,50.5727],[16.6293,50.5745],[16.6236,50.581],[16.6122,50.5847],[16.6055,50.5887],[16.5988,50.5989],[16.5967,50.6135],[16.5876,50.6179],[16.5868,50.6225],[16.5883,50.6251],[16.5836,50.6277],[16.5795,50.6323],[16.5803,50.6354],[16.589,50.6391],[16.5906,50.6439],[16.594,50.6452],[16.6149,50.625],[16.644,50.6341],[16.646,50.6364],[16.6704,50.6465],[16.6728,50.6427],[16.6764,50.6427],[16.6782,50.6444],[16.6861,50.6443],[16.7024,50.6408],[16.7034,50.645],[16.7022,50.6471],[16.7036,50.6485],[16.7007,50.6531],[16.7008,50.6598],[16.7046,50.6619],[16.7153,50.6618],[16.7142,50.6649],[16.7264,50.6675],[16.7464,50.6637],[16.7656,50.6631],[16.7682,50.6623],[16.7657,50.6598],[16.7727,50.6583],[16.778,50.6596],[16.7774,50.6626],[16.7824,50.6668],[16.7974,50.67],[16.8003,50.6696],[16.798,50.6657],[16.7971,50.6601],[16.8057,50.6602],[16.8133,50.6646],[16.8216,50.6672],[16.8235,50.6704],[16.8379,50.6716],[16.8492,50.6784],[16.8642,50.679],[16.8676,50.6772],[16.8725,50.6805],[16.876,50.6856],[16.8757,50.6918],[16.8799,50.6916],[16.8808,50.6981],[16.8765,50.701],[16.8796,50.7044],[16.8805,50.7086],[16.8892,50.7068],[16.8953,50.709],[16.9012,50.7062],[16.9141,50.711],[16.9152,50.716],[16.9226,50.715],[16.9226,50.7093],[16.9375,50.7064],[16.9397,50.7029],[16.9395,50.6998],[16.9446,50.6996],[16.9442,50.7029],[16.9486,50.7023],[16.9518,50.7009],[16.958,50.6933],[16.9754,50.6901],[16.9754,50.685],[16.9824,50.6868],[16.9806,50.6936],[16.9939,50.6938],[17.0049,50.696],[17.0245,50.6921],[17.0281,50.6966],[17.0303,50.6951],[17.0307,50.6965],[17.0353,50.6958],[17.0353,50.6974],[17.042,50.6958],[17.0447,50.7009],[17.0555,50.6976],[17.0583,50.6945],[17.0577,50.6933],[17.0648,50.6936],[17.0709,50.6847],[17.0687,50.6804],[17.0944,50.6747],[17.0931,50.6736],[17.1042,50.6718],[17.1191,50.672],[17.1241,50.6681],[17.1221,50.6673],[17.1225,50.6631],[17.1333,50.6619],[17.1457,50.6627],[17.1452,50.6605],[17.1371,50.6528],[17.1327,50.6531],[17.1311,50.6501],[17.1274,50.6506],[17.1203,50.6441],[17.1254,50.6419],[17.1327,50.6422],[17.1366,50.638],[17.1369,50.6356],[17.1464,50.631],[17.1513,50.6321],[17.1595,50.6176],[17.1638,50.6181],[17.1649,50.6135],[17.1513,50.6104],[17.1219,50.6075],[17.1212,50.6032],[17.1164,50.5958],[17.1149,50.5874],[17.1113,50.5868],[17.1121,50.586],[17.0992,50.5759],[17.0991,50.5723],[17.0941,50.5644],[17.0756,50.5559],[17.0687,50.5445],[17.0637,50.5423],[17.0613,50.5369],[17.0625,50.5308],[17.0687,50.5245],[17.0743,50.5226],[17.0734,50.5208],[17.0748,50.5171],[17.0743,50.5149],[17.0679,50.5136],[17.0568,50.505],[17.0577,50.5],[17.0626,50.4969],[17.0588,50.4917],[17.0643,50.4889],[17.0623,50.486],[17.0587,50.485],[17.0623,50.4839],[17.0624,50.4811],[17.0602,50.4808],[17.0627,50.4797],[17.0624,50.4761],[17.0546,50.4757],[17.0532,50.4724],[17.0509,50.4715],[17.0536,50.4712],[17.055,50.4692],[17.0523,50.466],[17.0399,50.4632],[17.0263,50.4663],[17.0192,50.4651],[17.0166,50.4685],[17.0251,50.4707],[17.0173,50.4735],[17.0201,50.4803],[17.0073,50.4794],[17.006,50.4744],[16.9969,50.4783],[16.9928,50.4749],[16.9859,50.4765],[16.9823,50.4738],[16.976,50.4756],[16.9789,50.4793],[16.9772,50.4801],[16.9805,50.4824],[16.9786,50.4833],[16.9763,50.4821],[16.9774,50.4841],[16.975,50.4856],[16.9747,50.4887],[16.9703,50.4883],[16.9709,50.4849],[16.9688,50.4844],[16.9655,50.4879],[16.959,50.4879],[16.9492,50.4822],[16.9468,50.4793],[16.9418,50.4681],[16.945,50.468],[16.9406,50.4613],[16.9184,50.4529],[16.9144,50.4497],[16.9046,50.4483]]]]}},{"type":"Feature","properties":{"GID_2":"POL.1.28_1","GID_0":"POL","COUNTRY":"Poland","GID_1":"POL.1_1","NAME_1":"Dolnoslaskie","NL_NAME_1":"NA","NAME_2":"Zgorzelec","VARNAME_2":"NA","NL_NAME_2":"NA","TYPE_2":"Powiat","ENGTYPE_2":"County","CC_2":"0225","HASC_2":"NA"},"geometry":{"type":"MultiPolygon","coordinates":[[[[14.9852,51.0109],[14.9838,51.0065],[14.9757,50.9981],[14.9722,50.9979],[14.9725,50.9948],[14.9682,50.99],[14.9742,50.9879],[14.9889,50.978],[14.9919,50.9813],[15.0059,50.9866],[15.0095,50.9836],[15.0102,50.9771],[15.013,50.9772],[15.0183,50.9685],[15.0112,50.9681],[15.0111,50.9597],[15.0143,50.9398],[15.0078,50.9359],[15.0017,50.9287],[14.9954,50.9271],[14.9895,50.9216],[14.9959,50.9132],[14.9989,50.9129],[14.9992,50.9068],[15.0068,50.9072],[15.0029,50.9045],[14.9969,50.9042],[14.9966,50.8949],[14.994,50.8918],[14.9985,50.8878],[15.0004,50.8728],[14.9792,50.8718],[14.9796,50.868],[14.9764,50.8671],[14.9452,50.8657],[14.9438,50.8701],[14.9295,50.8707],[14.9291,50.8739],[14.9152,50.8735],[14.9144,50.8778],[14.9003,50.8771],[14.8973,50.8674],[14.8866,50.8727],[14.8861,50.8764],[14.8791,50.8761],[14.8785,50.8806],[14.8644,50.8799],[14.8639,50.8706],[14.8554,50.8687],[14.8471,50.8703],[14.8386,50.8696],[14.8295,50.8737],[14.8224,50.8733],[14.8227,50.871],[14.8203,50.873],[14.8174,50.8796],[14.8208,50.8867],[14.8434,50.9007],[14.8516,50.9106],[14.8681,50.9179],[14.8769,50.9324],[14.8908,50.9352],[14.8966,50.9406],[14.8954,50.9473],[14.893,50.9496],[14.8976,50.9594],[14.9039,50.9612],[14.8996,50.9633],[14.904,50.9675],[14.9031,50.9717],[14.9194,50.9753],[14.9183,50.9826],[14.9203,50.9879],[14.9175,50.99],[14.9172,50.9952],[14.9204,50.9979],[14.9249,50.9966],[14.929,50.998],[14.938,51.0115],[14.9393,51.017],[14.9358,51.0181],[14.9352,51.0202],[14.9378,51.0221],[14.9399,51.0207],[14.9393,51.0236],[14.9424,51.0241],[14.9403,51.0262],[14.9454,51.0264],[14.949,51.0305],[14.9465,51.0315],[14.9517,51.0375],[14.9481,51.0393],[14.9498,51.041],[14.949,51.0428],[14.9517,51.0423],[14.9538,51.0467],[14.9579,51.0468],[14.9617,51.05],[14.9647,51.0501],[14.963,51.0579],[14.9713,51.0661],[14.97,51.0677],[14.9713,51.0695],[14.968,51.0697],[14.9677,51.071],[14.9793,51.077],[14.9769,51.0817],[14.9778,51.0835],[14.976,51.0841],[14.9776,51.0855],[14.9763,51.087],[14.9801,51.0872],[14.9797,51.0898],[14.984,51.0908],[14.9819,51.0932],[14.9827,51.0949],[14.9802,51.0958],[14.9839,51.0974],[14.9829,51.0995],[14.984,51.1021],[14.9783,51.1079],[14.9811,51.1088],[14.9799,51.1106],[14.9826,51.1134],[14.9809,51.1161],[14.9829,51.1179],[14.9892,51.1166],[14.9978,51.1224],[14.9949,51.1239],[14.9968,51.1316],[14.9959,51.1353],[14.9905,51.1428],[14.9964,51.144],[15.0009,51.1499],[14.9943,51.1574],[14.9931,51.1624],[15.005,51.1677],[15.0015,51.1724],[15.0048,51.1755],[15.0051,51.1783],[15.0084,51.1802],[15.0088,51.1826],[15.0047,51.1909],[15.0142,51.1957],[15.0141,51.1983],[15.0077,51.1996],[15.0088,51.2013],[15.0076,51.2045],[15.0131,51.209],[15.0129,51.2111],[15.0101,51.2113],[15.0098,51.2135],[15.0172,51.2154],[15.0161,51.2172],[15.0182,51.221],[15.0161,51.2273],[15.0259,51.232],[15.0267,51.234],[15.0235,51.2352],[15.0289,51.2372],[15.0269,51.2396],[15.0285,51.2417],[15.0338,51.2411],[15.0379,51.244],[15.0314,51.2483],[15.0295,51.2514],[15.0264,51.2491],[15.0234,51.2503],[15.025,51.2539],[15.0302,51.2546],[15.032,51.2574],[15.0378,51.258],[15.0361,51.2617],[15.036,51.2647],[15.0382,51.267],[15.0368,51.2705],[15.0418,51.2726],[15.0418,51.2742],[15.0343,51.2777],[15.0354,51.2829],[15.0325,51.2848],[15.032,51.2877],[15.0335,51.2939],[15.0296,51.2946],[15.0291,51.2968],[15.0217,51.3006],[15.012,51.3013],[15.0139,51.3043],[15.0126,51.3086],[15.0068,51.3112],[15.0092,51.3163],[15.0055,51.3172],[15.0025,51.3203],[14.9977,51.3205],[14.9931,51.323],[14.9924,51.3244],[14.994,51.3274],[14.9927,51.3287],[14.9861,51.3293],[14.9857,51.3322],[14.9806,51.3367],[14.9807,51.3399],[14.9778,51.3417],[14.9769,51.346],[14.9785,51.3481],[14.9775,51.353],[14.9758,51.3541],[14.9762,51.3569],[14.973,51.3597],[14.9666,51.3595],[14.9654,51.3623],[14.9748,51.364],[15.0124,51.3634],[15.0128,51.3679],[15.009,51.3742],[15.0134,51.3843],[15.0182,51.3866],[15.0179,51.3935],[15.0712,51.397],[15.078,51.4018],[15.083,51.4079],[15.0828,51.4187],[15.0851,51.4205],[15.0851,51.4252],[15.0879,51.4273],[15.0927,51.4295],[15.0954,51.4254],[15.1095,51.4278],[15.1118,51.4284],[15.1109,51.4298],[15.1186,51.4317],[15.1297,51.4379],[15.1506,51.4424],[15.1531,51.446],[15.1648,51.4508],[15.1872,51.464],[15.2024,51.4628],[15.2035,51.4573],[15.2014,51.4558],[15.2027,51.4535],[15.1999,51.4493],[15.2022,51.4457],[15.21,51.4441],[15.2214,51.4446],[15.2435,51.4463],[15.252,51.449],[15.2556,51.4451],[15.2679,51.4414],[15.2724,51.438],[15.2726,51.4328],[15.2784,51.428],[15.2772,51.4258],[15.2869,51.4171],[15.2921,51.4147],[15.2964,51.4079],[15.2962,51.4066],[15.2562,51.399],[15.2687,51.3731],[15.2642,51.3685],[15.2486,51.3678],[15.2679,51.3276],[15.265,51.3229],[15.2673,51.3163],[15.2862,51.3193],[15.2908,51.3049],[15.2888,51.3005],[15.29,51.2954],[15.2889,51.2902],[15.2916,51.2854],[15.2966,51.2838],[15.2955,51.2821],[15.2972,51.2794],[15.3156,51.2731],[15.326,51.2649],[15.3399,51.2587],[15.3101,51.2534],[15.3068,51.2557],[15.3024,51.2638],[15.2971,51.2684],[15.2959,51.267],[15.2729,51.2628],[15.2517,51.2663],[15.2556,51.2601],[15.2498,51.2568],[15.2399,51.255],[15.2429,51.2517],[15.2416,51.2423],[15.2266,51.2292],[15.2137,51.2235],[15.2126,51.2208],[15.206,51.2202],[15.2138,51.2165],[15.2091,51.2144],[15.2128,51.2105],[15.2139,51.2017],[15.221,51.1979],[15.2183,51.1937],[15.2069,51.1909],[15.2125,51.1775],[15.2085,51.1715],[15.2084,51.1675],[15.2026,51.1665],[15.1973,51.1619],[15.1848,51.163],[15.1702,51.1669],[15.1641,51.164],[15.1625,51.165],[15.1548,51.1609],[15.1529,51.1581],[15.1552,51.1501],[15.1522,51.1462],[15.1556,51.1441],[15.146,51.1395],[15.1439,51.1315],[15.1411,51.1327],[15.1299,51.1258],[15.125,51.1125],[15.1289,51.1126],[15.1292,51.1078],[15.1257,51.1039],[15.1226,51.1048],[15.122,51.103],[15.1186,51.1017],[15.1315,51.0998],[15.1255,51.0875],[15.1311,51.0853],[15.1211,51.0802],[15.1217,51.0783],[15.1308,51.0693],[15.1339,51.0638],[15.1367,51.0624],[15.1357,51.0618],[15.1433,51.0554],[15.1426,51.052],[15.1459,51.0465],[15.1457,51.0414],[15.149,51.0337],[15.1617,51.0202],[15.1682,51.0185],[15.1444,51.0134],[15.1452,51.0125],[15.1421,51.0103],[15.135,51.01],[15.136,51.0005],[15.1331,50.9939],[15.1408,50.9936],[15.1423,50.993],[15.1421,50.9913],[15.128,50.9901],[15.1226,50.9928],[15.1222,50.9958],[15.1081,50.9952],[15.1076,50.9997],[15.099,50.9993],[15.0969,51.0019],[15.0993,51.0052],[15.1062,51.0071],[15.1074,51.0083],[15.1067,51.0104],[15.0984,51.0132],[15.0938,51.0125],[15.0851,51.0148],[15.0842,51.0135],[15.0768,51.0134],[15.0772,51.0163],[15.0759,51.0172],[15.0699,51.0178],[15.0696,51.0205],[15.061,51.0229],[15.0577,51.0225],[15.0579,51.0137],[15.0557,51.012],[15.0354,51.0128],[15.0336,51.0234],[15.0265,51.023],[15.0255,51.032],[15.0184,51.0317],[15.0189,51.0272],[15.0118,51.0269],[15.0128,51.0179],[15.0057,51.0175],[15.006,51.0133],[14.9849,51.0121],[14.9852,51.0109]]]]}},{"type":"Feature","properties":{"GID_2":"POL.1.29_1","GID_0":"POL","COUNTRY":"Poland","GID_1":"POL.1_1","NAME_1":"Dolnoslaskie","NL_NAME_1":"NA","NAME_2":"Zlotoryja","VARNAME_2":"NA","NL_NAME_2":"NA","TYPE_2":"Powiat","ENGTYPE_2":"County","CC_2":"0226","HASC_2":"NA"},"geometry":{"type":"MultiPolygon","coordinates":[[[[15.9817,50.9652],[15.9806,50.9584],[15.9774,50.9541],[15.98,50.9537],[15.9804,50.9521],[15.9757,50.9508],[15.9748,50.9497],[15.976,50.9483],[15.9722,50.9466],[15.9603,50.943],[15.96,50.9404],[15.9556,50.9381],[15.9561,50.9367],[15.9536,50.9366],[15.9558,50.9339],[15.9541,50.9335],[15.9526,50.9279],[15.9445,50.9245],[15.9458,50.9236],[15.9452,50.9218],[15.9403,50.9236],[15.9445,50.9216],[15.9438,50.9205],[15.941,50.9216],[15.9391,50.9203],[15.9366,50.9236],[15.9329,50.9235],[15.9267,50.9268],[15.9254,50.9255],[15.9267,50.924],[15.924,50.9224],[15.9227,50.9231],[15.9242,50.9251],[15.9204,50.927],[15.9183,50.9259],[15.9172,50.9271],[15.9065,50.9272],[15.9067,50.9288],[15.9011,50.9316],[15.9034,50.9328],[15.904,50.937],[15.9003,50.9372],[15.8971,50.9402],[15.8977,50.9415],[15.8902,50.942],[15.8901,50.9439],[15.885,50.9478],[15.8859,50.9497],[15.8844,50.9505],[15.8795,50.9448],[15.8703,50.9448],[15.8475,50.937],[15.8474,50.9358],[15.8381,50.9374],[15.837,50.9331],[15.8353,50.9332],[15.8356,50.9378],[15.8282,50.9403],[15.8342,50.9399],[15.8255,50.9477],[15.8239,50.9546],[15.8151,50.9663],[15.8179,50.9693],[15.8158,50.9713],[15.8226,50.9741],[15.8223,50.9809],[15.8009,50.9861],[15.7854,50.994],[15.7829,50.9929],[15.7771,50.9938],[15.7771,50.9949],[15.7719,50.9947],[15.7755,50.9958],[15.7733,50.9999],[15.774,51.0016],[15.7672,51.0014],[15.7587,51.0054],[15.7617,51.0066],[15.7509,51.007],[15.7384,51.013],[15.7371,51.0132],[15.7378,51.0114],[15.7349,51.0125],[15.7292,51.0148],[15.7303,51.0158],[15.7287,51.0167],[15.7239,51.0177],[15.7245,51.0189],[15.7211,51.0206],[15.7319,51.0226],[15.7471,51.0218],[15.7451,51.0236],[15.7458,51.0278],[15.755,51.0247],[15.7604,51.0246],[15.7607,51.0344],[15.7619,51.036],[15.7655,51.0362],[15.7664,51.0409],[15.7623,51.0514],[15.7629,51.054],[15.7591,51.0543],[15.7561,51.0579],[15.7575,51.0581],[15.7579,51.0629],[15.7614,51.0647],[15.752,51.0636],[15.7501,51.077],[15.7474,51.0767],[15.7474,51.0779],[15.7497,51.0784],[15.7477,51.0824],[15.7358,51.0927],[15.7289,51.0957],[15.7268,51.1034],[15.7231,51.1045],[15.7194,51.1082],[15.7204,51.1159],[15.722,51.1173],[15.7206,51.1213],[15.7216,51.1242],[15.7198,51.1252],[15.7247,51.1269],[15.724,51.1313],[15.7273,51.1358],[15.7274,51.1393],[15.7229,51.1419],[15.7162,51.1496],[15.7059,51.1525],[15.6965,51.1578],[15.698,51.1606],[15.7038,51.1604],[15.7117,51.1636],[15.7203,51.1717],[15.7315,51.1699],[15.7396,51.1712],[15.7431,51.1736],[15.7406,51.1785],[15.745,51.1778],[15.7512,51.1803],[15.754,51.1868],[15.7574,51.1902],[15.7567,51.1958],[15.7606,51.2058],[15.7572,51.2099],[15.7549,51.2105],[15.753,51.2186],[15.7594,51.2196],[15.7599,51.2227],[15.7622,51.2242],[15.7578,51.2287],[15.7703,51.2318],[15.7799,51.2312],[15.7797,51.2332],[15.7812,51.234],[15.7785,51.2337],[15.7793,51.2348],[15.7885,51.2359],[15.7891,51.2386],[15.7931,51.2383],[15.798,51.2413],[15.8019,51.2445],[15.8016,51.2472],[15.8049,51.2473],[15.805,51.2503],[15.8034,51.2545],[15.7991,51.2546],[15.8017,51.2557],[15.7983,51.2568],[15.8082,51.2623],[15.8198,51.2591],[15.8314,51.259],[15.8721,51.2475],[15.8735,51.2491],[15.8854,51.2524],[15.8844,51.2503],[15.8859,51.2481],[15.8931,51.2498],[15.8958,51.2476],[15.9047,51.2462],[15.9281,51.2319],[15.9143,51.2245],[15.9425,51.2172],[15.9451,51.2147],[15.9441,51.2143],[15.9468,51.2133],[15.9511,51.2146],[15.9549,51.2117],[15.9447,51.209],[15.9527,51.2048],[15.9701,51.2056],[15.979,51.2043],[15.9796,51.2054],[15.9857,51.2041],[15.9964,51.2061],[15.9813,51.2187],[15.9807,51.2214],[15.9977,51.2194],[16.0014,51.2225],[16.0049,51.2212],[16.0092,51.2244],[16.0155,51.2245],[16.0259,51.2212],[16.0376,51.2271],[16.0426,51.2271],[16.0552,51.2231],[16.0631,51.2173],[16.0519,51.214],[16.053,51.2132],[16.0516,51.2104],[16.0553,51.2077],[16.0559,51.2043],[16.062,51.197],[16.0608,51.1962],[16.062,51.1951],[16.0318,51.1768],[16.0326,51.1654],[16.0174,51.1594],[16.0198,51.1553],[16.0249,51.1568],[16.0275,51.1555],[16.0247,51.1482],[16.0362,51.1433],[16.036,51.1389],[16.0393,51.1379],[16.0371,51.1348],[16.0377,51.133],[16.0396,51.1328],[16.0379,51.1275],[16.0409,51.1248],[16.04,51.1216],[16.043,51.1153],[16.0481,51.1142],[16.0475,51.1102],[16.0444,51.1076],[16.0369,51.1053],[16.0279,51.1055],[16.0273,51.1034],[16.0258,51.1038],[16.0242,51.0993],[16.0151,51.0864],[16.0144,51.0824],[16.0107,51.0808],[16.0107,51.0794],[15.9981,51.0797],[15.9903,51.0731],[15.9819,51.0713],[15.975,51.0774],[15.9705,51.074],[15.9639,51.0741],[15.9565,51.0694],[15.9517,51.0702],[15.9502,51.0681],[15.9404,51.0654],[15.939,51.0627],[15.933,51.0612],[15.9368,51.051],[15.934,51.0471],[15.934,51.0431],[15.9424,51.0421],[15.9426,51.0351],[15.9542,51.0313],[15.9512,51.0295],[15.9611,51.0277],[15.9616,51.0263],[15.9798,51.0189],[15.9791,51.0152],[15.9821,51.0115],[15.9782,51.0086],[15.983,51.0031],[15.9824,50.9996],[15.9842,50.9971],[16.0014,50.9909],[15.9911,50.9769],[15.9884,50.9764],[15.9869,50.9725],[15.9848,50.9716],[15.9858,50.9693],[15.9817,50.9652]]]]}}]}