{"type":"FeatureCollection","name":"Lodzkie","crs":{"type":"name","properties":{"name":"urn:ogc:def:crs:OGC:1.3:CRS84"}},"features":[{"type":"Feature","properties":{"GID_2":"POL.3.1_1","GID_0":"POL","COUNTRY":"Poland","GID_1":"POL.3_1","NAME_1":"Lodzkie","NL_NAME_1":"NA","NAME_2":"Belchatow","VARNAME_2":"NA","NL_NAME_2":"NA","TYPE_2":"Powiat","ENGTYPE_2":"County","CC_2":"1001","HASC_2":"NA"},"geometry":{"type":"MultiPolygon","coordinates":[[[[19.0759,51.2986],[19.0702,51.2961],[19.0725,51.294],[19.0689,51.2914],[19.0592,51.2886],[19.0605,51.2865],[19.0562,51.2887],[19.0498,51.289],[19.0392,51.2869],[19.0437,51.2843],[19.0328,51.2782],[19.0342,51.2777],[19.032,51.2761],[19.032,51.2734],[19.0339,51.2687],[19.0287,51.2709],[19.0288,51.2771],[19.0209,51.2786],[19.0111,51.2853],[19.0008,51.2873],[18.985,51.2834],[18.9551,51.2894],[18.9128,51.2874],[18.904,51.2893],[18.9008,51.2863],[18.8994,51.2803],[18.8906,51.2813],[18.8759,51.2793],[18.8589,51.2832],[18.8584,51.288],[18.856,51.2879],[18.8558,51.2906],[18.8885,51.3049],[18.8824,51.3161],[18.8613,51.3233],[18.8683,51.3346],[18.8775,51.3355],[18.876,51.3406],[18.8855,51.3453],[18.88,51.3471],[18.8769,51.3516],[18.8842,51.354],[18.8864,51.3514],[18.8936,51.3533],[18.8909,51.3568],[18.899,51.3591],[18.8997,51.357],[18.9031,51.3562],[18.9066,51.3581],[18.9122,51.3566],[18.9132,51.3579],[18.8983,51.3616],[18.8974,51.3643],[18.9032,51.3632],[18.9031,51.3665],[18.918,51.3606],[18.9171,51.3566],[18.921,51.3566],[18.9206,51.3554],[18.9174,51.3554],[18.916,51.3521],[18.9287,51.3527],[18.9277,51.348],[18.9365,51.3482],[18.9491,51.3533],[18.9499,51.3551],[18.9557,51.3583],[18.9675,51.3623],[18.9969,51.3517],[19.0059,51.3459],[19.0129,51.3442],[19.0159,51.3396],[19.0167,51.3454],[19.015,51.3483],[19.0167,51.3498],[19.0158,51.3519],[19.0131,51.3525],[19.0134,51.354],[19.0283,51.3574],[19.0361,51.354],[19.0416,51.3553],[19.0436,51.3535],[19.047,51.3536],[19.0546,51.3724],[19.0559,51.3843],[19.0693,51.3899],[19.0591,51.4003],[19.0653,51.4028],[19.056,51.41],[19.0576,51.4149],[19.0567,51.4168],[19.0625,51.4152],[19.0676,51.4159],[19.0784,51.4261],[19.0811,51.4352],[19.0811,51.4377],[19.0726,51.4394],[19.0743,51.4417],[19.0727,51.4464],[19.081,51.4476],[19.0769,51.4546],[19.0762,51.4593],[19.0779,51.4661],[19.0731,51.4655],[19.0743,51.4677],[19.0783,51.4671],[19.0792,51.4688],[19.0902,51.4672],[19.1082,51.4755],[19.1432,51.4775],[19.1595,51.4824],[19.1857,51.4754],[19.196,51.4764],[19.1951,51.4793],[19.2019,51.4802],[19.2062,51.4882],[19.2093,51.4881],[19.2109,51.4848],[19.2185,51.4901],[19.239,51.4955],[19.2442,51.4956],[19.2401,51.4998],[19.2482,51.5088],[19.2585,51.5143],[19.2569,51.5194],[19.2628,51.5347],[19.2603,51.5444],[19.2624,51.5487],[19.2745,51.5555],[19.2797,51.5534],[19.2788,51.5522],[19.2831,51.5466],[19.2829,51.5408],[19.2885,51.5399],[19.2878,51.5366],[19.2899,51.5338],[19.2884,51.5336],[19.289,51.5319],[19.3004,51.5276],[19.3126,51.5267],[19.3292,51.5223],[19.3382,51.5226],[19.3831,51.5295],[19.3941,51.5285],[19.3996,51.5342],[19.4011,51.5261],[19.4125,51.5248],[19.4159,51.5259],[19.4177,51.5252],[19.4171,51.5221],[19.4278,51.521],[19.4264,51.5148],[19.432,51.5123],[19.4323,51.5084],[19.4383,51.5089],[19.4454,51.507],[19.4449,51.5115],[19.4534,51.5111],[19.4553,51.513],[19.4614,51.5137],[19.4591,51.5103],[19.4562,51.5102],[19.4568,51.5038],[19.4545,51.5045],[19.4478,51.4974],[19.4577,51.4946],[19.4568,51.4908],[19.4419,51.4855],[19.4426,51.4796],[19.4359,51.4789],[19.4369,51.4764],[19.4348,51.4754],[19.4394,51.4738],[19.4355,51.4688],[19.4254,51.4705],[19.4228,51.4672],[19.43,51.4616],[19.439,51.4657],[19.4613,51.4689],[19.4633,51.4677],[19.4604,51.4529],[19.467,51.4496],[19.4758,51.4504],[19.4746,51.4526],[19.4807,51.4537],[19.4808,51.4505],[19.4906,51.4501],[19.4907,51.4436],[19.4739,51.4431],[19.4821,51.4361],[19.4778,51.4312],[19.4794,51.423],[19.4775,51.4173],[19.4912,51.415],[19.4884,51.4079],[19.4841,51.4085],[19.4655,51.4018],[19.4725,51.3946],[19.4763,51.3864],[19.4749,51.3849],[19.4755,51.3834],[19.4823,51.3813],[19.4992,51.3694],[19.4998,51.3629],[19.496,51.3592],[19.4965,51.355],[19.4921,51.3559],[19.4911,51.353],[19.4868,51.3547],[19.4862,51.3536],[19.4883,51.3532],[19.4893,51.3504],[19.4826,51.3513],[19.4788,51.3465],[19.4692,51.3458],[19.4738,51.3405],[19.4842,51.3424],[19.4819,51.3411],[19.4833,51.3383],[19.4742,51.3333],[19.4722,51.3302],[19.4791,51.3204],[19.4844,51.3205],[19.4799,51.3192],[19.4876,51.3076],[19.4769,51.3023],[19.4599,51.2861],[19.4481,51.2845],[19.4472,51.2814],[19.4379,51.2727],[19.4296,51.2693],[19.4165,51.2584],[19.4208,51.2531],[19.4222,51.2475],[19.4067,51.2469],[19.4056,51.2418],[19.4138,51.2413],[19.4063,51.2371],[19.4032,51.2373],[19.4031,51.234],[19.3922,51.2313],[19.3874,51.2333],[19.3843,51.2313],[19.3861,51.2292],[19.3901,51.2283],[19.3971,51.2218],[19.3968,51.2116],[19.3985,51.2085],[19.3952,51.2041],[19.3998,51.2024],[19.3998,51.201],[19.3913,51.1948],[19.3792,51.194],[19.3668,51.1893],[19.3621,51.184],[19.3534,51.1819],[19.3447,51.1895],[19.3395,51.1908],[19.3283,51.187],[19.3234,51.188],[19.3125,51.1842],[19.2986,51.1873],[19.2898,51.1911],[19.2882,51.1902],[19.2854,51.1968],[19.2819,51.1961],[19.2763,51.2029],[19.2653,51.2073],[19.2659,51.2002],[19.2512,51.194],[19.2519,51.1977],[19.2489,51.1977],[19.2501,51.2034],[19.2457,51.2031],[19.2516,51.2073],[19.2496,51.211],[19.2471,51.2105],[19.232,51.216],[19.2322,51.2171],[19.2277,51.2182],[19.2274,51.2204],[19.2229,51.2218],[19.221,51.2245],[19.212,51.2245],[19.212,51.2258],[19.1969,51.2282],[19.1935,51.2393],[19.1876,51.2488],[19.1784,51.2501],[19.1673,51.259],[19.1628,51.2604],[19.1569,51.2442],[19.1495,51.2372],[19.1425,51.2373],[19.1409,51.2385],[19.1365,51.2477],[19.1278,51.2472],[19.1303,51.2433],[19.1273,51.2423],[19.1286,51.2408],[19.1287,51.2358],[19.1207,51.2357],[19.1183,51.2404],[19.1155,51.2396],[19.1148,51.2408],[19.1088,51.2407],[19.0972,51.2369],[19.0947,51.2433],[19.0979,51.2475],[19.0952,51.2543],[19.0926,51.2544],[19.0939,51.2552],[19.1103,51.253],[19.1106,51.2554],[19.1046,51.2609],[19.105,51.2649],[19.099,51.2719],[19.0984,51.2747],[19.1018,51.2793],[19.0987,51.282],[19.1001,51.2836],[19.0981,51.2871],[19.0937,51.2889],[19.0945,51.2898],[19.0924,51.2916],[19.0933,51.2938],[19.089,51.2969],[19.0793,51.3],[19.0759,51.2986]]]]}},{"type":"Feature","properties":{"GID_2":"POL.3.2_1","GID_0":"POL","COUNTRY":"Poland","GID_1":"POL.3_1","NAME_1":"Lodzkie","NL_NAME_1":"NA","NAME_2":"Brzeziny","VARNAME_2":"NA","NL_NAME_2":"NA","TYPE_2":"Powiat","ENGTYPE_2":"County","CC_2":"1021","HASC_2":"NA"},"geometry":{"type":"MultiPolygon","coordinates":[[[[19.9477,51.8463],[19.9557,51.8465],[19.9658,51.851],[19.9656,51.8479],[19.9684,51.8432],[19.9786,51.8363],[19.9857,51.8342],[19.9944,51.8369],[20.0143,51.8269],[20.0022,51.8148],[19.995,51.8145],[19.9953,51.7991],[20.0049,51.7987],[20.0022,51.7905],[19.9899,51.7939],[19.9871,51.7807],[20.0046,51.7744],[20.0162,51.7735],[20.0137,51.7727],[20.0148,51.7715],[20.0078,51.7698],[20.0066,51.7659],[20.0002,51.7633],[19.9906,51.7625],[19.989,51.7558],[19.9968,51.7488],[19.9957,51.7473],[19.9857,51.7452],[19.9851,51.742],[19.9813,51.7411],[19.9762,51.7442],[19.9504,51.7477],[19.9478,51.7449],[19.9586,51.7413],[19.9524,51.7352],[19.9396,51.7398],[19.9358,51.7383],[19.9338,51.7322],[19.9194,51.7317],[19.9131,51.7295],[19.9037,51.7314],[19.917,51.7513],[19.9328,51.7513],[19.9353,51.7639],[19.9211,51.7703],[19.9228,51.7785],[19.9093,51.7763],[19.9087,51.7748],[19.8794,51.776],[19.878,51.7743],[19.8711,51.7745],[19.8691,51.7711],[19.8639,51.7702],[19.8603,51.7707],[19.8597,51.7727],[19.8616,51.7754],[19.8572,51.777],[19.8575,51.7793],[19.847,51.7832],[19.8443,51.7831],[19.8404,51.7772],[19.8312,51.7788],[19.8296,51.7764],[19.8183,51.7775],[19.8168,51.7735],[19.8101,51.7792],[19.7975,51.7791],[19.7912,51.7824],[19.7901,51.7792],[19.7954,51.7762],[19.7955,51.773],[19.805,51.7706],[19.8071,51.7732],[19.8063,51.7755],[19.8104,51.7744],[19.8122,51.7699],[19.811,51.7661],[19.8131,51.7649],[19.8109,51.7631],[19.8035,51.7647],[19.7989,51.7608],[19.8016,51.7592],[19.7988,51.7577],[19.7947,51.7602],[19.7922,51.7588],[19.7832,51.7652],[19.7782,51.7632],[19.7743,51.7662],[19.7679,51.764],[19.7698,51.7609],[19.7662,51.7609],[19.7684,51.752],[19.7658,51.7536],[19.7633,51.7531],[19.7648,51.7492],[19.7591,51.7491],[19.7574,51.7459],[19.756,51.7459],[19.7551,51.7514],[19.7502,51.7582],[19.7343,51.7589],[19.7306,51.7502],[19.685,51.7522],[19.6867,51.7459],[19.6718,51.7472],[19.6704,51.7463],[19.6753,51.7417],[19.6682,51.738],[19.6586,51.7482],[19.655,51.7479],[19.6445,51.7571],[19.6743,51.7729],[19.6756,51.7719],[19.68,51.7791],[19.6804,51.7828],[19.6771,51.7837],[19.6806,51.7849],[19.6809,51.7876],[19.6773,51.7879],[19.6782,51.802],[19.6749,51.8118],[19.6691,51.8106],[19.6695,51.8199],[19.6543,51.8277],[19.6689,51.8446],[19.664,51.8468],[19.6641,51.85],[19.6605,51.8538],[19.6726,51.862],[19.6848,51.8642],[19.6907,51.8688],[19.713,51.8782],[19.7064,51.8793],[19.7043,51.8938],[19.6767,51.8913],[19.6757,51.8949],[19.6813,51.8975],[19.681,51.8988],[19.6843,51.9023],[19.6894,51.9046],[19.6911,51.9078],[19.6893,51.9101],[19.6943,51.9146],[19.6982,51.9158],[19.7015,51.9221],[19.7098,51.9262],[19.7055,51.9313],[19.705,51.9392],[19.7065,51.9399],[19.7034,51.9425],[19.7058,51.9449],[19.7138,51.9423],[19.7122,51.9414],[19.7131,51.94],[19.7243,51.9465],[19.7356,51.9432],[19.7439,51.9375],[19.7511,51.9367],[19.7649,51.9453],[19.7782,51.9463],[19.7861,51.9442],[19.7996,51.9486],[19.84,51.952],[19.8421,51.9411],[19.8442,51.9409],[19.8432,51.9359],[19.8443,51.9344],[19.8556,51.9238],[19.8572,51.9195],[19.8685,51.9176],[19.8734,51.8948],[19.878,51.8952],[19.8861,51.8881],[19.8778,51.8831],[19.8761,51.8723],[19.8845,51.8687],[19.8895,51.8624],[19.8958,51.8589],[19.904,51.8584],[19.9227,51.8496],[19.9477,51.8463]]]]}},{"type":"Feature","properties":{"GID_2":"POL.3.3_1","GID_0":"POL","COUNTRY":"Poland","GID_1":"POL.3_1","NAME_1":"Lodzkie","NL_NAME_1":"NA","NAME_2":"Kutno","VARNAME_2":"NA","NL_NAME_2":"NA","TYPE_2":"Powiat","ENGTYPE_2":"County","CC_2":"1002","HASC_2":"NA"},"geometry":{"type":"MultiPolygon","coordinates":[[[[19.5281,52.1321],[19.4881,52.1294],[19.4748,52.1254],[19.4621,52.1322],[19.4553,52.1314],[19.4505,52.12],[19.4306,52.1186],[19.4291,52.1147],[19.413,52.1145],[19.3911,52.1098],[19.3677,52.1087],[19.3548,52.1134],[19.358,52.1144],[19.3534,52.1193],[19.3515,52.1328],[19.3491,52.1356],[19.3483,52.147],[19.3432,52.1463],[19.3386,52.1493],[19.3182,52.1737],[19.31,52.1663],[19.3039,52.1665],[19.2933,52.1767],[19.2786,52.1714],[19.2824,52.1672],[19.2668,52.163],[19.2488,52.1773],[19.2516,52.1803],[19.2467,52.1909],[19.2379,52.1879],[19.2319,52.1834],[19.2211,52.1811],[19.2137,52.1818],[19.2046,52.1923],[19.1815,52.1878],[19.1757,52.1927],[19.1862,52.197],[19.1836,52.2019],[19.1764,52.2061],[19.1715,52.2065],[19.1631,52.2036],[19.1428,52.2057],[19.1419,52.1995],[19.1359,52.1954],[19.1161,52.1944],[19.1058,52.2],[19.0776,52.2001],[19.0898,52.2068],[19.0823,52.2227],[19.0733,52.2228],[19.0709,52.2284],[19.0737,52.2302],[19.0799,52.2307],[19.0805,52.2385],[19.096,52.2402],[19.0958,52.2415],[19.1024,52.2425],[19.105,52.2415],[19.104,52.2461],[19.1014,52.2493],[19.1003,52.2659],[19.0948,52.2706],[19.0872,52.2694],[19.0768,52.2708],[19.0743,52.2719],[19.0744,52.2734],[19.0608,52.2719],[19.0502,52.2734],[19.0448,52.2712],[19.0312,52.27],[19.0301,52.2731],[19.038,52.2799],[19.0419,52.2909],[19.0457,52.2957],[19.0385,52.2993],[19.0364,52.3153],[19.0307,52.3159],[19.0312,52.318],[19.045,52.3185],[19.0474,52.3263],[19.0471,52.3328],[19.0649,52.3312],[19.0552,52.3376],[19.0687,52.3378],[19.0765,52.3395],[19.0834,52.3436],[19.0986,52.3478],[19.1242,52.3428],[19.151,52.3466],[19.1595,52.3408],[19.1805,52.349],[19.1829,52.3469],[19.1874,52.3485],[19.1993,52.3603],[19.206,52.356],[19.2007,52.3513],[19.2184,52.3412],[19.2219,52.3422],[19.2249,52.3442],[19.2092,52.3534],[19.2123,52.3565],[19.2071,52.3584],[19.21,52.3656],[19.2194,52.3648],[19.2248,52.3615],[19.2288,52.3612],[19.2296,52.3628],[19.2367,52.3622],[19.2369,52.366],[19.2349,52.3667],[19.2363,52.3693],[19.2639,52.3841],[19.2614,52.3876],[19.2681,52.3893],[19.2706,52.393],[19.2799,52.394],[19.3021,52.3915],[19.3009,52.3875],[19.308,52.3874],[19.3089,52.3816],[19.2929,52.378],[19.2936,52.3769],[19.2906,52.3726],[19.2975,52.3686],[19.304,52.3686],[19.3154,52.3716],[19.3234,52.3689],[19.3288,52.3607],[19.3263,52.3538],[19.3222,52.3484],[19.3317,52.3495],[19.3343,52.3469],[19.3475,52.3474],[19.3585,52.3415],[19.3768,52.3406],[19.3806,52.3436],[19.4059,52.3451],[19.4072,52.3389],[19.4261,52.3373],[19.4396,52.3398],[19.4388,52.3415],[19.444,52.3446],[19.4475,52.3516],[19.4549,52.3501],[19.4632,52.3427],[19.5021,52.3333],[19.4915,52.3203],[19.5053,52.3153],[19.5127,52.3109],[19.5169,52.3051],[19.538,52.3049],[19.5361,52.3021],[19.5461,52.2971],[19.5483,52.2954],[19.5472,52.2944],[19.5771,52.2918],[19.5784,52.2898],[19.6085,52.2897],[19.616,52.2882],[19.6135,52.2763],[19.6311,52.2778],[19.6344,52.2744],[19.6238,52.264],[19.6322,52.262],[19.6345,52.2562],[19.6549,52.2537],[19.6895,52.2595],[19.684,52.2628],[19.6946,52.2711],[19.6991,52.2787],[19.7291,52.2682],[19.7359,52.2586],[19.7502,52.2534],[19.7615,52.2423],[19.764,52.2294],[19.7542,52.2231],[19.7429,52.2223],[19.7389,52.2166],[19.7376,52.208],[19.7256,52.2085],[19.7136,52.2038],[19.7124,52.192],[19.7164,52.1855],[19.7173,52.1794],[19.7004,52.1785],[19.6889,52.1723],[19.7016,52.1528],[19.698,52.1435],[19.6657,52.1441],[19.666,52.1399],[19.661,52.1325],[19.6465,52.1376],[19.6429,52.1288],[19.6351,52.1204],[19.6305,52.1221],[19.6205,52.1224],[19.6211,52.119],[19.6183,52.116],[19.6145,52.1171],[19.6089,52.1153],[19.5844,52.1233],[19.5797,52.1238],[19.5768,52.1214],[19.5314,52.1249],[19.5322,52.128],[19.5294,52.1322],[19.5281,52.1321]]]]}},{"type":"Feature","properties":{"GID_2":"POL.3.4_1","GID_0":"POL","COUNTRY":"Poland","GID_1":"POL.3_1","NAME_1":"Lodzkie","NL_NAME_1":"NA","NAME_2":"Lask","VARNAME_2":"NA","NL_NAME_2":"NA","TYPE_2":"Powiat","ENGTYPE_2":"County","CC_2":"1003","HASC_2":"NA"},"geometry":{"type":"MultiPolygon","coordinates":[[[[19.0469,51.3535],[19.0436,51.3535],[19.0416,51.3553],[19.0361,51.354],[19.0283,51.3574],[19.0134,51.354],[19.0131,51.3525],[19.0158,51.3519],[19.0167,51.3498],[19.015,51.3483],[19.0167,51.3454],[19.0159,51.3396],[19.0129,51.3442],[19.0059,51.3459],[18.9969,51.3517],[18.9675,51.3623],[18.9557,51.3583],[18.9499,51.3551],[18.9491,51.3533],[18.9365,51.3482],[18.9277,51.348],[18.9287,51.3527],[18.916,51.3521],[18.9174,51.3554],[18.9206,51.3554],[18.921,51.3566],[18.9171,51.3566],[18.9182,51.3604],[18.9164,51.362],[18.9031,51.3665],[18.9032,51.3632],[18.8973,51.3644],[18.8931,51.3837],[18.8743,51.3838],[18.8696,51.3913],[18.8601,51.3983],[18.856,51.4038],[18.8539,51.3999],[18.8489,51.3974],[18.8375,51.398],[18.8301,51.3957],[18.8281,51.4],[18.8221,51.4047],[18.8133,51.405],[18.8125,51.4067],[18.8075,51.4066],[18.803,51.4088],[18.8034,51.412],[18.8084,51.4119],[18.808,51.4137],[18.8051,51.4148],[18.8052,51.4184],[18.8128,51.423],[18.8132,51.4284],[18.8155,51.4321],[18.818,51.4334],[18.8246,51.4312],[18.8268,51.4345],[18.8313,51.4346],[18.8236,51.4391],[18.83,51.4473],[18.8375,51.4436],[18.8419,51.4451],[18.8429,51.4471],[18.8469,51.4468],[18.8506,51.4525],[18.8544,51.4509],[18.8571,51.455],[18.8677,51.4529],[18.8785,51.4661],[18.8691,51.4695],[18.8562,51.4553],[18.8541,51.4558],[18.8586,51.4609],[18.8603,51.4607],[18.8637,51.4655],[18.8622,51.4657],[18.8686,51.47],[18.869,51.474],[18.8659,51.478],[18.8694,51.4822],[18.8639,51.4835],[18.8631,51.4891],[18.8725,51.4891],[18.872,51.486],[18.8732,51.4854],[18.8695,51.4813],[18.8804,51.4771],[18.8792,51.4755],[18.8842,51.4722],[18.8903,51.4788],[18.8943,51.4786],[18.9009,51.4831],[18.9083,51.4797],[18.9068,51.4739],[18.9138,51.4708],[18.9128,51.4697],[18.9224,51.4673],[18.9287,51.4711],[18.931,51.4695],[18.9329,51.4708],[18.9316,51.4758],[18.9254,51.4769],[18.9248,51.4792],[18.9201,51.4799],[18.9181,51.482],[18.9371,51.486],[18.938,51.4878],[18.9418,51.4889],[18.9429,51.4922],[18.9403,51.4925],[18.9432,51.4986],[18.9432,51.5053],[18.9459,51.5151],[18.9445,51.5189],[18.9482,51.5202],[18.9535,51.5258],[18.9561,51.5289],[18.9565,51.5326],[18.9696,51.5287],[18.9743,51.535],[18.9736,51.5388],[18.9773,51.5429],[18.9745,51.546],[18.9937,51.5483],[19.0046,51.5603],[19.0159,51.5654],[19.0212,51.561],[19.0211,51.5636],[19.0223,51.5636],[19.0211,51.5638],[19.0211,51.568],[19.0233,51.5688],[19.0259,51.5672],[19.0251,51.5706],[19.0223,51.573],[19.0243,51.5756],[19.0291,51.5786],[19.0339,51.5771],[19.0377,51.5825],[19.0416,51.5837],[19.0401,51.5927],[19.0345,51.5973],[19.0205,51.604],[19.0195,51.6097],[19.0265,51.6114],[19.0327,51.6106],[19.0333,51.6132],[19.032,51.6176],[19.0244,51.6217],[19.0133,51.6328],[19.008,51.6502],[19.0283,51.6682],[19.0304,51.6676],[19.0272,51.665],[19.03,51.6644],[19.0302,51.6662],[19.0309,51.6647],[19.0362,51.6633],[19.0358,51.666],[19.04,51.6668],[19.0469,51.6623],[19.0511,51.6675],[19.0531,51.6656],[19.0519,51.6644],[19.0578,51.6604],[19.0672,51.6623],[19.0542,51.6711],[19.0568,51.6738],[19.0445,51.6794],[19.043,51.6868],[19.0552,51.6858],[19.0558,51.6875],[19.0597,51.684],[19.0681,51.6812],[19.0807,51.6837],[19.0879,51.6881],[19.1079,51.6889],[19.1036,51.6963],[19.1055,51.7033],[19.0979,51.7072],[19.0954,51.712],[19.0811,51.7179],[19.0726,51.7193],[19.0663,51.7341],[19.0541,51.7339],[19.0388,51.7399],[19.0388,51.7423],[19.0451,51.7525],[19.0553,51.7543],[19.0552,51.7579],[19.047,51.7669],[19.0505,51.77],[19.0476,51.7756],[19.0503,51.7759],[19.0526,51.7732],[19.056,51.7781],[19.0669,51.7761],[19.0678,51.7744],[19.0827,51.7736],[19.0914,51.7699],[19.099,51.7636],[19.1174,51.7637],[19.1452,51.7589],[19.1501,51.7551],[19.1555,51.7474],[19.1607,51.7479],[19.1608,51.7454],[19.1573,51.7443],[19.16,51.7383],[19.17,51.7328],[19.1702,51.7305],[19.1759,51.7312],[19.1766,51.7292],[19.1816,51.7267],[19.1777,51.7256],[19.1803,51.7224],[19.1777,51.7206],[19.1801,51.7166],[19.1858,51.7158],[19.1852,51.7078],[19.2061,51.7131],[19.2181,51.708],[19.2253,51.7009],[19.2261,51.7],[19.2085,51.6997],[19.2067,51.7067],[19.1866,51.7021],[19.186,51.6968],[19.1981,51.6962],[19.194,51.6939],[19.1963,51.6911],[19.1918,51.6913],[19.1922,51.6885],[19.1972,51.688],[19.1995,51.682],[19.204,51.682],[19.2037,51.678],[19.2086,51.6781],[19.208,51.6694],[19.1963,51.6682],[19.2014,51.6644],[19.1867,51.6581],[19.1796,51.6571],[19.1763,51.6514],[19.1734,51.6498],[19.1753,51.6486],[19.168,51.6456],[19.1629,51.6475],[19.1601,51.6408],[19.1514,51.6348],[19.1478,51.6264],[19.1902,51.6263],[19.2041,51.6168],[19.2178,51.6212],[19.2188,51.6178],[19.213,51.6155],[19.2192,51.6069],[19.2086,51.6061],[19.2035,51.6033],[19.192,51.6036],[19.2021,51.5961],[19.2046,51.5842],[19.1866,51.583],[19.1871,51.5808],[19.1812,51.5806],[19.1817,51.5785],[19.1797,51.5783],[19.1789,51.5813],[19.175,51.581],[19.1745,51.5828],[19.1608,51.5825],[19.1607,51.5811],[19.178,51.5745],[19.1933,51.576],[19.2167,51.5754],[19.2264,51.5793],[19.2358,51.5809],[19.2381,51.5772],[19.2501,51.5744],[19.2593,51.5672],[19.2624,51.5666],[19.2667,51.5634],[19.2684,51.5599],[19.273,51.5577],[19.2734,51.5552],[19.2624,51.5487],[19.2603,51.5444],[19.2628,51.5347],[19.2569,51.5194],[19.2585,51.5143],[19.2482,51.5088],[19.2401,51.4998],[19.2442,51.4956],[19.239,51.4955],[19.2185,51.4901],[19.2109,51.4848],[19.2093,51.4881],[19.2062,51.4882],[19.2019,51.4802],[19.1951,51.4793],[19.196,51.4764],[19.1857,51.4754],[19.1595,51.4824],[19.1432,51.4775],[19.1082,51.4755],[19.0902,51.4672],[19.0792,51.4688],[19.0783,51.4671],[19.0743,51.4677],[19.0731,51.4655],[19.0779,51.4661],[19.0762,51.4593],[19.0769,51.4546],[19.081,51.4476],[19.0727,51.4464],[19.0743,51.4417],[19.0726,51.4394],[19.0811,51.4377],[19.0811,51.4352],[19.0784,51.4261],[19.0676,51.4159],[19.0625,51.4152],[19.0567,51.4168],[19.0576,51.4149],[19.056,51.41],[19.0653,51.4028],[19.0591,51.4003],[19.0693,51.3899],[19.0559,51.3843],[19.0546,51.3724],[19.0469,51.3535]]]]}},{"type":"Feature","properties":{"GID_2":"POL.3.5_1","GID_0":"POL","COUNTRY":"Poland","GID_1":"POL.3_1","NAME_1":"Lodzkie","NL_NAME_1":"NA","NAME_2":"Leczyca","VARNAME_2":"NA","NL_NAME_2":"NA","TYPE_2":"Powiat","ENGTYPE_2":"County","CC_2":"1004","HASC_2":"NA"},"geometry":{"type":"MultiPolygon","coordinates":[[[[19.2229,52.1815],[19.2319,52.1834],[19.2379,52.1879],[19.2467,52.1909],[19.2516,52.1803],[19.2488,52.1773],[19.2668,52.163],[19.2824,52.1672],[19.2786,52.1714],[19.2933,52.1767],[19.3039,52.1665],[19.31,52.1663],[19.3182,52.1737],[19.3386,52.1493],[19.3432,52.1463],[19.3483,52.147],[19.3491,52.1356],[19.3515,52.1328],[19.3534,52.1193],[19.358,52.1144],[19.3548,52.1134],[19.3677,52.1087],[19.3911,52.1098],[19.413,52.1145],[19.4291,52.1147],[19.4306,52.1186],[19.4505,52.12],[19.4553,52.1314],[19.4621,52.1322],[19.4748,52.1254],[19.4881,52.1294],[19.5294,52.1322],[19.5322,52.128],[19.53,52.1122],[19.524,52.1008],[19.5289,52.0977],[19.5306,52.0941],[19.5386,52.0924],[19.5476,52.0857],[19.5299,52.0842],[19.5127,52.0803],[19.5387,52.0744],[19.5368,52.068],[19.5377,52.0613],[19.543,52.0615],[19.5362,52.0579],[19.5348,52.055],[19.5418,52.0536],[19.5421,52.0473],[19.555,52.0453],[19.5551,52.0377],[19.5622,52.0347],[19.558,52.0217],[19.5469,52.0234],[19.5431,52.0265],[19.5402,52.0229],[19.5411,52.0169],[19.5392,52.0139],[19.5241,52.0021],[19.5139,52.0113],[19.5051,52.0058],[19.5027,52.0094],[19.5024,52.0153],[19.4982,52.0143],[19.4964,52.0178],[19.4858,52.0143],[19.4871,52.0162],[19.4862,52.0198],[19.4842,52.0226],[19.4808,52.0221],[19.4881,52.0031],[19.4908,52.0011],[19.4828,51.9985],[19.4795,52.0025],[19.4635,51.9966],[19.4512,51.9987],[19.4538,52.0066],[19.4449,52.0064],[19.4443,52.0077],[19.4377,52.0081],[19.4359,52.0147],[19.4303,52.0139],[19.4256,52.0021],[19.4096,52.0056],[19.3885,52.0054],[19.3804,52.0027],[19.378,52.0051],[19.3797,52.009],[19.3701,52.0097],[19.3622,52.0228],[19.3729,52.0255],[19.3603,52.0279],[19.3605,52.0318],[19.3571,52.0325],[19.3554,52.0323],[19.3543,52.0295],[19.3418,52.0324],[19.3396,52.0286],[19.3452,52.0255],[19.3359,52.023],[19.3361,52.0206],[19.3151,52.0202],[19.3141,52.017],[19.2937,52.0231],[19.2941,52.0286],[19.2896,52.0285],[19.2901,52.0364],[19.2779,52.0358],[19.2685,52.0322],[19.2585,52.0307],[19.2597,52.0261],[19.2515,52.0267],[19.2417,52.0247],[19.2336,52.0274],[19.223,52.0248],[19.22,52.014],[19.183,52.016],[19.1822,52.0177],[19.1741,52.0136],[19.1717,52.0091],[19.1648,52.0087],[19.1584,52.0112],[19.1574,52.0094],[19.1504,52.0116],[19.1423,52.0108],[19.1362,52.0124],[19.1295,52.0125],[19.1285,52.0099],[19.122,52.0109],[19.1209,52.0073],[19.1259,52.005],[19.1286,52.0005],[19.115,52.0012],[19.1168,52.0045],[19.1066,52.0054],[19.1067,52.0083],[19.0967,52.0133],[19.0779,52.0062],[19.0748,52.0073],[19.0711,52.0144],[19.0526,52.0078],[19.0441,52.01],[19.043,52.0082],[19.0379,52.0087],[19.0341,52.0055],[19.0318,52.0096],[19.0334,52.0143],[19.0311,52.0187],[19.0267,52.0183],[19.0242,52.0163],[19.025,52.0153],[19.0184,52.0185],[19.0153,52.016],[19.0124,52.0159],[19.0105,52.0123],[19.0114,52.0114],[18.9979,52.0092],[18.9939,52.0151],[18.9909,52.0139],[18.9805,52.0151],[18.98,52.0197],[18.9744,52.0199],[18.9708,52.0217],[18.9704,52.0248],[18.9624,52.0253],[18.9505,52.0188],[18.9421,52.0116],[18.9306,52.0103],[18.9285,52.0149],[18.9232,52.0147],[18.9233,52.0167],[18.9159,52.0175],[18.919,52.01],[18.9152,52.0093],[18.9168,52.0014],[18.9093,52.003],[18.8777,52.0028],[18.87,52.0035],[18.8698,52.0066],[18.8785,52.0067],[18.8777,52.0096],[18.8714,52.012],[18.8673,52.0101],[18.8617,52.0099],[18.8617,52.0149],[18.8623,52.018],[18.8858,52.021],[18.8856,52.0281],[18.8834,52.0335],[18.8843,52.0424],[18.8692,52.0425],[18.8694,52.0405],[18.8605,52.039],[18.8397,52.0415],[18.8532,52.0497],[18.8509,52.0529],[18.8413,52.0566],[18.8358,52.0624],[18.8278,52.0642],[18.8399,52.0718],[18.8421,52.0802],[18.8534,52.0814],[18.8517,52.0852],[18.8569,52.0866],[18.8625,52.0859],[18.8644,52.0872],[18.8656,52.0857],[18.8675,52.0876],[18.8706,52.0867],[18.8709,52.0844],[18.8727,52.0859],[18.8738,52.0844],[18.8767,52.0851],[18.8773,52.0833],[18.8806,52.0832],[18.8855,52.08],[18.8949,52.081],[18.9003,52.0839],[18.9043,52.0824],[18.9052,52.0796],[18.9123,52.0804],[18.9157,52.0781],[18.9251,52.0793],[18.9301,52.0938],[18.9308,52.1044],[18.9399,52.1011],[18.944,52.1033],[18.9498,52.1194],[18.947,52.1247],[18.9434,52.1246],[18.9425,52.1279],[18.9316,52.1232],[18.9194,52.1289],[18.9129,52.1302],[18.909,52.1415],[18.9093,52.1545],[18.9159,52.162],[18.9157,52.1731],[18.9182,52.186],[18.9241,52.1963],[18.9277,52.1956],[18.9306,52.1992],[18.9401,52.1975],[18.9435,52.1994],[18.951,52.1954],[18.9636,52.2064],[18.9641,52.2024],[18.9647,52.2057],[18.9661,52.2024],[18.9703,52.2026],[18.9699,52.2059],[18.9721,52.2059],[18.972,52.2072],[18.9809,52.2077],[18.9922,52.2145],[18.9995,52.2112],[19.0202,52.2154],[19.0524,52.2126],[19.0776,52.2001],[19.1058,52.2],[19.1161,52.1944],[19.1359,52.1954],[19.1419,52.1995],[19.1428,52.2057],[19.1635,52.2036],[19.1715,52.2065],[19.1786,52.2054],[19.1836,52.2019],[19.1861,52.1973],[19.1757,52.1927],[19.1815,52.1878],[19.2046,52.1923],[19.2137,52.1818],[19.2229,52.1815]]]]}},{"type":"Feature","properties":{"GID_2":"POL.3.7_1","GID_0":"POL","COUNTRY":"Poland","GID_1":"POL.3_1","NAME_1":"Lodzkie","NL_NAME_1":"NA","NAME_2":"Lodz","VARNAME_2":"NA","NL_NAME_2":"NA","TYPE_2":"Miastonaprawachpowiatu","ENGTYPE_2":"Citywithpowiatrights","CC_2":"1061","HASC_2":"NA"},"geometry":{"type":"MultiPolygon","coordinates":[[[[19.6399,51.7547],[19.6277,51.7482],[19.6295,51.7235],[19.6075,51.6977],[19.6037,51.7029],[19.5996,51.6973],[19.5882,51.7019],[19.5912,51.7061],[19.5864,51.7075],[19.5816,51.7028],[19.5766,51.7066],[19.5628,51.7038],[19.5601,51.7027],[19.562,51.699],[19.5602,51.6986],[19.5615,51.697],[19.5364,51.695],[19.5322,51.6919],[19.5332,51.6907],[19.5181,51.6896],[19.5177,51.6925],[19.514,51.6928],[19.5133,51.6977],[19.4933,51.6984],[19.467,51.6954],[19.4687,51.6883],[19.4524,51.6888],[19.4499,51.6872],[19.4275,51.6861],[19.4205,51.687],[19.4179,51.6909],[19.4186,51.6932],[19.4021,51.697],[19.4003,51.6935],[19.3811,51.6961],[19.3594,51.6992],[19.3592,51.7026],[19.3542,51.7022],[19.3493,51.7116],[19.3419,51.7177],[19.346,51.7239],[19.347,51.7277],[19.3454,51.729],[19.3468,51.7295],[19.3425,51.7294],[19.3433,51.7284],[19.3368,51.7255],[19.339,51.7293],[19.3386,51.7309],[19.3349,51.7303],[19.3353,51.7317],[19.3444,51.7339],[19.3384,51.7389],[19.341,51.7398],[19.3609,51.7422],[19.3617,51.7398],[19.3717,51.7421],[19.3697,51.7465],[19.3703,51.7509],[19.3746,51.7559],[19.3525,51.7598],[19.3535,51.7638],[19.3376,51.7673],[19.3425,51.7794],[19.3356,51.7805],[19.3373,51.7841],[19.3489,51.7847],[19.3573,51.7929],[19.3455,51.7976],[19.342,51.8009],[19.3399,51.8007],[19.3392,51.7963],[19.3291,51.7958],[19.3301,51.8015],[19.3241,51.802],[19.3249,51.8058],[19.3222,51.8058],[19.3209,51.8081],[19.3355,51.808],[19.3379,51.8124],[19.3421,51.8142],[19.341,51.8166],[19.3367,51.8164],[19.3366,51.8202],[19.3438,51.8204],[19.3436,51.8305],[19.3515,51.8299],[19.3519,51.835],[19.3491,51.8375],[19.3513,51.8385],[19.3552,51.8354],[19.3703,51.8371],[19.3844,51.8362],[19.3812,51.8215],[19.3874,51.8259],[19.3964,51.8262],[19.3991,51.8295],[19.4107,51.828],[19.4362,51.8323],[19.4369,51.834],[19.4559,51.8363],[19.4568,51.8397],[19.454,51.8422],[19.4552,51.8432],[19.454,51.8459],[19.4454,51.8489],[19.4453,51.8505],[19.4571,51.8487],[19.4903,51.8591],[19.4936,51.8565],[19.5065,51.8599],[19.5144,51.8498],[19.5515,51.8435],[19.5563,51.8485],[19.56,51.8456],[19.5631,51.8459],[19.568,51.8376],[19.5582,51.8352],[19.5472,51.8281],[19.5493,51.8246],[19.5473,51.8167],[19.56,51.8089],[19.5806,51.8159],[19.6164,51.8144],[19.6136,51.8081],[19.6178,51.8002],[19.6194,51.7922],[19.6174,51.7921],[19.6165,51.7852],[19.6183,51.7835],[19.6093,51.7789],[19.6243,51.7673],[19.617,51.7636],[19.6245,51.7577],[19.6206,51.7556],[19.6399,51.7547]]]]}},{"type":"Feature","properties":{"GID_2":"POL.3.6_1","GID_0":"POL","COUNTRY":"Poland","GID_1":"POL.3_1","NAME_1":"Lodzkie","NL_NAME_1":"NA","NAME_2":"LodzkiWschodni","VARNAME_2":"NA","NL_NAME_2":"NA","TYPE_2":"Powiat","ENGTYPE_2":"County","CC_2":"1006","HASC_2":"NA"},"geometry":{"type":"MultiPolygon","coordinates":[[[[19.5998,51.6213],[19.6124,51.6203],[19.616,51.6168],[19.6187,51.6102],[19.6238,51.6099],[19.6256,51.6134],[19.6272,51.6135],[19.6342,51.605],[19.6228,51.6046],[19.6151,51.5935],[19.6158,51.59],[19.6029,51.5886],[19.5992,51.5869],[19.599,51.5842],[19.5942,51.5811],[19.603,51.5673],[19.6101,51.5598],[19.6166,51.5559],[19.6186,51.5526],[19.6189,51.5465],[19.6098,51.5464],[19.6064,51.5336],[19.6011,51.5223],[19.5991,51.5223],[19.5981,51.515],[19.6042,51.5139],[19.5985,51.508],[19.5832,51.5108],[19.582,51.5077],[19.57,51.5082],[19.5717,51.5123],[19.5573,51.5112],[19.5411,51.513],[19.54,51.5183],[19.5315,51.525],[19.5179,51.5246],[19.5059,51.5218],[19.5034,51.5271],[19.5005,51.5274],[19.4996,51.5332],[19.4819,51.532],[19.4827,51.5438],[19.4683,51.5426],[19.4694,51.5462],[19.4709,51.5462],[19.4749,51.5594],[19.4721,51.5601],[19.4724,51.5613],[19.4762,51.5674],[19.4634,51.5695],[19.4646,51.5719],[19.4554,51.5746],[19.4523,51.5784],[19.4615,51.5807],[19.4614,51.5833],[19.463,51.5831],[19.4645,51.5862],[19.4658,51.593],[19.4737,51.5939],[19.474,51.5961],[19.466,51.5964],[19.4668,51.603],[19.4429,51.604],[19.4563,51.6174],[19.4479,51.6174],[19.4344,51.6213],[19.4292,51.6249],[19.4278,51.6236],[19.4189,51.6313],[19.4354,51.6465],[19.4356,51.6599],[19.4379,51.659],[19.4369,51.6735],[19.434,51.6734],[19.4318,51.6866],[19.4499,51.6872],[19.4524,51.6888],[19.4687,51.6883],[19.467,51.6954],[19.49,51.6983],[19.5133,51.6977],[19.514,51.6928],[19.5177,51.6925],[19.5181,51.6896],[19.5332,51.6907],[19.5322,51.6919],[19.5364,51.695],[19.5615,51.697],[19.5602,51.6986],[19.562,51.699],[19.5601,51.7027],[19.5628,51.7038],[19.5766,51.7066],[19.5816,51.7028],[19.5864,51.7075],[19.5912,51.7061],[19.5882,51.7019],[19.5996,51.6973],[19.6037,51.7029],[19.6075,51.6977],[19.6295,51.7235],[19.6277,51.7482],[19.6399,51.7547],[19.6206,51.7556],[19.6245,51.7577],[19.617,51.7636],[19.6243,51.7673],[19.6093,51.7789],[19.6183,51.7835],[19.6165,51.7852],[19.6174,51.7921],[19.6194,51.7922],[19.6178,51.8002],[19.6136,51.8081],[19.6164,51.8144],[19.5806,51.8159],[19.5601,51.8089],[19.5473,51.8167],[19.5493,51.8246],[19.5472,51.8281],[19.5574,51.8348],[19.5706,51.838],[19.586,51.8358],[19.5913,51.847],[19.5934,51.8441],[19.6101,51.8473],[19.6115,51.8646],[19.6223,51.8576],[19.6379,51.8573],[19.6457,51.8547],[19.6599,51.8542],[19.6638,51.8505],[19.6635,51.8474],[19.665,51.8458],[19.6689,51.8446],[19.6543,51.8277],[19.6695,51.8199],[19.6691,51.8106],[19.6749,51.8118],[19.6782,51.802],[19.6773,51.7879],[19.6809,51.7876],[19.6806,51.7849],[19.6771,51.7837],[19.6804,51.7828],[19.68,51.7791],[19.6756,51.7719],[19.6743,51.7729],[19.6445,51.7571],[19.655,51.7479],[19.6586,51.7482],[19.6682,51.738],[19.6753,51.7417],[19.6704,51.7463],[19.6718,51.7472],[19.6867,51.7459],[19.685,51.7522],[19.7306,51.7502],[19.7343,51.7589],[19.7502,51.7582],[19.7551,51.7514],[19.756,51.7459],[19.7583,51.7461],[19.7591,51.7491],[19.7648,51.7492],[19.7633,51.7531],[19.7658,51.7536],[19.7684,51.752],[19.7661,51.7606],[19.7698,51.7609],[19.7679,51.764],[19.7743,51.7662],[19.7782,51.7632],[19.7832,51.7652],[19.7922,51.7588],[19.7947,51.7602],[19.7988,51.7577],[19.8016,51.7592],[19.7989,51.7608],[19.8035,51.7647],[19.8109,51.7631],[19.8131,51.7649],[19.811,51.7661],[19.8122,51.7699],[19.8104,51.7744],[19.8063,51.7755],[19.8071,51.7732],[19.8068,51.7725],[19.805,51.7706],[19.7955,51.773],[19.7954,51.7762],[19.7901,51.7792],[19.7912,51.7824],[19.7975,51.7791],[19.8101,51.7792],[19.8168,51.7735],[19.8183,51.7775],[19.8296,51.7764],[19.8312,51.7788],[19.8404,51.7772],[19.8443,51.7831],[19.847,51.7832],[19.8575,51.7793],[19.8572,51.777],[19.8616,51.7754],[19.8597,51.7727],[19.8603,51.7707],[19.8639,51.7702],[19.8691,51.7711],[19.8711,51.7745],[19.878,51.7743],[19.8794,51.776],[19.9087,51.7748],[19.9093,51.7763],[19.9228,51.7785],[19.9211,51.7703],[19.9353,51.7639],[19.9328,51.7513],[19.917,51.7513],[19.9037,51.7314],[19.9131,51.7295],[19.9194,51.7317],[19.9338,51.7322],[19.9358,51.7383],[19.9396,51.7398],[19.9524,51.7352],[19.9586,51.7413],[19.9478,51.7449],[19.9504,51.7477],[19.9762,51.7442],[19.9824,51.7407],[19.9774,51.7354],[19.983,51.7345],[19.9822,51.727],[19.9687,51.7281],[19.9557,51.7191],[19.9559,51.7127],[19.9508,51.7128],[19.9463,51.7093],[19.9536,51.706],[19.9446,51.699],[19.9467,51.6981],[19.9129,51.6644],[19.8788,51.6603],[19.8809,51.6654],[19.8755,51.6713],[19.8743,51.6753],[19.8771,51.6798],[19.8708,51.6858],[19.8621,51.6888],[19.8576,51.6945],[19.849,51.6908],[19.8459,51.6863],[19.845,51.6906],[19.8335,51.6969],[19.8333,51.6949],[19.825,51.6951],[19.8254,51.7],[19.8081,51.7017],[19.8081,51.7041],[19.7907,51.708],[19.78,51.7078],[19.7789,51.6953],[19.7702,51.6954],[19.7722,51.7061],[19.7573,51.7074],[19.7519,51.7102],[19.7335,51.6926],[19.7465,51.6874],[19.7364,51.6798],[19.7319,51.6803],[19.7208,51.6387],[19.7278,51.638],[19.7271,51.6349],[19.7134,51.629],[19.7055,51.6303],[19.6911,51.6274],[19.6903,51.6495],[19.6645,51.649],[19.6499,51.6354],[19.6482,51.6305],[19.6402,51.6288],[19.6397,51.6244],[19.6094,51.6346],[19.5998,51.6213]]]]}},{"type":"Feature","properties":{"GID_2":"POL.3.8_1","GID_0":"POL","COUNTRY":"Poland","GID_1":"POL.3_1","NAME_1":"Lodzkie","NL_NAME_1":"NA","NAME_2":"Lowicz","VARNAME_2":"NA","NL_NAME_2":"NA","TYPE_2":"Powiat","ENGTYPE_2":"County","CC_2":"1005","HASC_2":"NA"},"geometry":{"type":"MultiPolygon","coordinates":[[[[19.8674,51.9179],[19.8572,51.9195],[19.8556,51.9238],[19.8473,51.9303],[19.8432,51.9359],[19.8442,51.9409],[19.8421,51.9411],[19.8407,51.9502],[19.8319,51.9769],[19.8049,51.9745],[19.7864,51.9868],[19.7693,51.9877],[19.7309,51.9966],[19.7195,52.0136],[19.7249,52.0187],[19.7355,52.0216],[19.7378,52.0281],[19.709,52.0228],[19.7087,52.0212],[19.706,52.0236],[19.6936,52.0237],[19.6795,52.0292],[19.6727,52.029],[19.6578,52.0256],[19.6516,52.0263],[19.6338,52.0192],[19.6341,52.0204],[19.6298,52.0198],[19.6309,52.026],[19.619,52.0274],[19.6212,52.0288],[19.5909,52.0299],[19.5919,52.037],[19.5773,52.0321],[19.5735,52.0339],[19.5649,52.034],[19.5551,52.0377],[19.555,52.0453],[19.5421,52.0473],[19.5418,52.0536],[19.5348,52.055],[19.5362,52.0579],[19.543,52.0615],[19.5377,52.0613],[19.5368,52.068],[19.5387,52.0744],[19.5127,52.0803],[19.5299,52.0842],[19.5476,52.0857],[19.5386,52.0924],[19.5306,52.0941],[19.5289,52.0977],[19.524,52.1008],[19.53,52.1122],[19.5314,52.1249],[19.5768,52.1214],[19.5799,52.1238],[19.5954,52.1204],[19.5981,52.118],[19.6069,52.1169],[19.6088,52.1153],[19.6145,52.1171],[19.6183,52.116],[19.6211,52.119],[19.6205,52.1224],[19.6305,52.1221],[19.6345,52.1202],[19.6362,52.1213],[19.6451,52.1322],[19.6465,52.1376],[19.661,52.1325],[19.666,52.1399],[19.6657,52.1441],[19.698,52.1435],[19.7016,52.1528],[19.6889,52.1723],[19.7004,52.1785],[19.7173,52.1794],[19.7164,52.1855],[19.7124,52.192],[19.7136,52.2038],[19.7256,52.2085],[19.7376,52.208],[19.7389,52.2166],[19.7429,52.2223],[19.7542,52.2231],[19.764,52.2294],[19.7615,52.2423],[19.7502,52.2534],[19.7359,52.2586],[19.7424,52.2609],[19.759,52.263],[19.7655,52.2623],[19.7723,52.2644],[19.7844,52.2711],[19.7929,52.2737],[19.7894,52.2759],[19.7908,52.2776],[19.7892,52.2796],[19.8052,52.279],[19.816,52.2839],[19.822,52.2819],[19.8293,52.2746],[19.8402,52.2717],[19.848,52.2723],[19.861,52.2777],[19.8777,52.2877],[19.8779,52.2891],[19.8729,52.2907],[19.8673,52.2896],[19.8617,52.2909],[19.8691,52.2989],[19.8854,52.3097],[19.89,52.3095],[19.8911,52.3113],[19.8952,52.3106],[19.8942,52.3092],[19.9026,52.3086],[19.9016,52.3039],[19.9125,52.2993],[19.9199,52.2982],[19.9361,52.2997],[19.9392,52.2893],[19.9538,52.2834],[19.9593,52.2855],[19.9582,52.278],[19.9651,52.2683],[19.9863,52.2624],[20.018,52.262],[20.0421,52.2577],[20.0376,52.2467],[20.0652,52.2403],[20.0732,52.2376],[20.0805,52.233],[20.0631,52.1989],[20.0621,52.1881],[20.0672,52.1876],[20.0682,52.1839],[20.073,52.1793],[20.0812,52.1748],[20.0874,52.1682],[20.0866,52.1585],[20.0909,52.1526],[20.117,52.1464],[20.1145,52.1421],[20.1123,52.1423],[20.1094,52.1394],[20.1117,52.1313],[20.0987,52.1299],[20.1017,52.1221],[20.1136,52.1253],[20.1241,52.0937],[20.0928,52.0857],[20.0966,52.0776],[20.0958,52.074],[20.0979,52.0683],[20.1192,52.0694],[20.1188,52.0669],[20.1234,52.0674],[20.1256,52.0611],[20.121,52.0607],[20.1223,52.0568],[20.1191,52.0552],[20.1186,52.0509],[20.1287,52.0498],[20.1268,52.0428],[20.1117,52.0285],[20.1222,52.0233],[20.0778,52.0282],[20.0895,52.0217],[20.0674,52.0134],[20.0515,52.0038],[20.0617,51.9947],[20.0204,51.9883],[20.0213,51.9864],[20.0054,51.9838],[20.0024,51.9959],[19.9611,51.9921],[19.9633,51.983],[19.9451,51.9813],[19.9479,51.9693],[19.924,51.967],[19.9267,51.9567],[19.9172,51.9552],[19.9166,51.9496],[19.9069,51.949],[19.9059,51.9415],[19.9078,51.94],[19.9067,51.9357],[19.9091,51.9321],[19.9245,51.9343],[19.9301,51.9236],[19.8986,51.9192],[19.9005,51.9095],[19.8685,51.9159],[19.8674,51.9179]]]]}},{"type":"Feature","properties":{"GID_2":"POL.3.9_1","GID_0":"POL","COUNTRY":"Poland","GID_1":"POL.3_1","NAME_1":"Lodzkie","NL_NAME_1":"NA","NAME_2":"Opoczno","VARNAME_2":"NA","NL_NAME_2":"NA","TYPE_2":"Powiat","ENGTYPE_2":"County","CC_2":"1007","HASC_2":"NA"},"geometry":{"type":"MultiPolygon","coordinates":[[[[20.2413,51.2555],[20.2461,51.2533],[20.2445,51.2525],[20.2454,51.2501],[20.2415,51.2449],[20.2419,51.2436],[20.2524,51.2409],[20.256,51.2367],[20.2513,51.2216],[20.2641,51.2204],[20.2644,51.2191],[20.2637,51.2159],[20.2606,51.2157],[20.2579,51.2118],[20.2553,51.2119],[20.2516,51.2068],[20.2353,51.2089],[20.2363,51.2071],[20.2352,51.2036],[20.2321,51.2011],[20.2167,51.1993],[20.2176,51.2032],[20.2146,51.2097],[20.2098,51.2072],[20.2115,51.2063],[20.2072,51.2034],[20.206,51.2],[20.2078,51.1998],[20.1958,51.1968],[20.1944,51.198],[20.2019,51.1996],[20.2012,51.2041],[20.1957,51.2064],[20.1952,51.2047],[20.1924,51.2044],[20.1788,51.2071],[20.1782,51.2007],[20.1795,51.1955],[20.1581,51.1979],[20.1587,51.1938],[20.1511,51.1926],[20.1488,51.1946],[20.1454,51.1915],[20.1387,51.1926],[20.1345,51.1908],[20.1257,51.1912],[20.1195,51.1893],[20.1156,51.1919],[20.1131,51.1916],[20.1127,51.1931],[20.0954,51.1913],[20.0913,51.1929],[20.0704,51.1942],[20.0646,51.197],[20.0625,51.1937],[20.0557,51.1907],[20.0558,51.1948],[20.0586,51.1945],[20.059,51.1961],[20.0604,51.196],[20.0602,51.1992],[20.0535,51.2027],[20.0455,51.2023],[20.0324,51.2011],[20.0325,51.1999],[20.0258,51.2004],[20.0251,51.1985],[20.011,51.1954],[20.0101,51.1909],[19.9992,51.188],[19.9935,51.1841],[19.9946,51.1916],[19.9921,51.1931],[20.0052,51.1994],[20.0132,51.2005],[20.0122,51.21],[20.0043,51.2107],[20.0052,51.2138],[20.0009,51.2125],[19.9923,51.2206],[20.0008,51.2226],[20.0007,51.2208],[20.0039,51.2207],[20.0045,51.2222],[20.0022,51.2229],[20.0058,51.2238],[20.0052,51.2247],[20.0195,51.2288],[20.0151,51.2296],[20.0153,51.2416],[20.0287,51.2446],[20.0299,51.24],[20.0408,51.2391],[20.0484,51.2451],[20.0491,51.2481],[20.0638,51.2473],[20.0651,51.2492],[20.0651,51.2519],[20.0674,51.2551],[20.0652,51.2561],[20.0666,51.2591],[20.0652,51.262],[20.0601,51.2663],[20.0617,51.2685],[20.0573,51.2688],[20.041,51.2795],[20.0493,51.2879],[20.0441,51.2906],[20.0486,51.2938],[20.0475,51.2958],[20.0396,51.3009],[20.0343,51.3014],[20.0312,51.3069],[20.0252,51.3125],[20.0255,51.3138],[20.017,51.3202],[20.0102,51.3343],[20.0015,51.3352],[19.9866,51.3338],[19.9856,51.3395],[19.9824,51.3434],[19.9901,51.3501],[19.9909,51.3562],[19.9582,51.3581],[19.9432,51.3489],[19.9283,51.3526],[19.9284,51.3578],[19.9239,51.3575],[19.9219,51.3628],[19.9191,51.3646],[19.9086,51.3636],[19.9063,51.3658],[19.892,51.3654],[19.8889,51.3724],[19.8858,51.371],[19.8848,51.3733],[19.8822,51.3734],[19.8807,51.3766],[19.8659,51.378],[19.8662,51.3839],[19.856,51.3842],[19.864,51.386],[19.8647,51.3896],[19.8601,51.394],[19.8546,51.3956],[19.8611,51.3967],[19.8634,51.4011],[19.8665,51.4029],[19.8659,51.4044],[19.875,51.4038],[19.8893,51.4072],[19.8954,51.4066],[19.8975,51.4079],[19.8954,51.4105],[19.8965,51.4112],[19.9032,51.4096],[19.9091,51.4154],[19.9156,51.4163],[19.917,51.4189],[19.9229,51.4203],[19.9264,51.4242],[19.9278,51.4199],[19.9364,51.4252],[19.9473,51.4283],[20.0056,51.4352],[20.0165,51.431],[20.032,51.4342],[20.0361,51.4335],[20.0511,51.4407],[20.0574,51.4409],[20.0583,51.4507],[20.0613,51.455],[20.0661,51.4565],[20.0579,51.4601],[20.0552,51.4681],[20.0782,51.4709],[20.0832,51.465],[20.1016,51.4706],[20.1193,51.4518],[20.1291,51.4633],[20.148,51.4618],[20.1918,51.4631],[20.1913,51.4698],[20.1882,51.4749],[20.185,51.486],[20.1865,51.4871],[20.1994,51.4822],[20.21,51.4922],[20.2251,51.4887],[20.2275,51.5025],[20.2298,51.5022],[20.2307,51.5049],[20.2473,51.5062],[20.2608,51.5038],[20.2655,51.5016],[20.2684,51.5068],[20.2672,51.5112],[20.2657,51.5134],[20.2568,51.5133],[20.2522,51.516],[20.2518,51.5181],[20.2544,51.5192],[20.2543,51.5215],[20.2517,51.5231],[20.2525,51.5246],[20.2588,51.5244],[20.2678,51.5285],[20.2817,51.5415],[20.2872,51.5445],[20.2918,51.5505],[20.3004,51.5528],[20.3101,51.5605],[20.3231,51.5741],[20.321,51.5779],[20.3249,51.5801],[20.3256,51.5824],[20.3322,51.5833],[20.3329,51.5849],[20.3367,51.5834],[20.3363,51.5786],[20.339,51.5807],[20.3418,51.58],[20.341,51.5785],[20.3347,51.577],[20.3353,51.5751],[20.347,51.5748],[20.3488,51.5757],[20.3518,51.5833],[20.3543,51.584],[20.3604,51.5817],[20.3622,51.5779],[20.3668,51.5764],[20.3809,51.5802],[20.3881,51.5847],[20.3997,51.5856],[20.401,51.5869],[20.4005,51.5894],[20.4081,51.5924],[20.413,51.5989],[20.4222,51.6012],[20.4296,51.5994],[20.4378,51.5823],[20.4333,51.5753],[20.4414,51.5715],[20.4607,51.5744],[20.462,51.5656],[20.4677,51.5609],[20.4683,51.5586],[20.4659,51.5534],[20.46,51.5496],[20.4556,51.5422],[20.4576,51.5412],[20.4499,51.5166],[20.4502,51.5085],[20.4522,51.504],[20.4689,51.4996],[20.4734,51.5014],[20.4945,51.5003],[20.4945,51.5025],[20.5009,51.5032],[20.5003,51.5062],[20.5199,51.5098],[20.5227,51.4819],[20.5263,51.4825],[20.5273,51.4785],[20.5264,51.4684],[20.5281,51.4646],[20.5295,51.4655],[20.534,51.4625],[20.5258,51.462],[20.5273,51.4599],[20.5251,51.4565],[20.5124,51.4509],[20.4967,51.4484],[20.4971,51.4468],[20.4953,51.4467],[20.4972,51.4461],[20.4977,51.4418],[20.4877,51.441],[20.4871,51.4385],[20.4842,51.437],[20.4877,51.4328],[20.485,51.4316],[20.4929,51.4252],[20.484,51.4153],[20.487,51.4127],[20.4845,51.413],[20.4804,51.4097],[20.4717,51.4085],[20.4678,51.4097],[20.4587,51.4089],[20.4548,51.4092],[20.455,51.4105],[20.452,51.4117],[20.4534,51.4134],[20.4503,51.4144],[20.447,51.4103],[20.4423,51.3984],[20.4423,51.3959],[20.4444,51.3943],[20.4427,51.3946],[20.4363,51.3903],[20.4341,51.3873],[20.4336,51.3828],[20.4284,51.3776],[20.4278,51.3748],[20.4298,51.3747],[20.4291,51.3712],[20.4268,51.3711],[20.4298,51.3694],[20.422,51.3631],[20.4167,51.3621],[20.422,51.3614],[20.4229,51.3536],[20.4259,51.354],[20.4264,51.3518],[20.4282,51.3515],[20.4307,51.3467],[20.431,51.3394],[20.4328,51.3394],[20.4327,51.3343],[20.4239,51.3334],[20.4242,51.3283],[20.4204,51.3256],[20.4097,51.3262],[20.4144,51.3207],[20.4104,51.3186],[20.3849,51.3188],[20.3787,51.3139],[20.3683,51.3106],[20.364,51.3113],[20.3645,51.3076],[20.3685,51.306],[20.366,51.3055],[20.3748,51.2933],[20.3764,51.2935],[20.3773,51.2917],[20.376,51.2915],[20.3817,51.2824],[20.3904,51.2722],[20.3872,51.2715],[20.3883,51.2698],[20.3846,51.2693],[20.3857,51.2633],[20.3752,51.2619],[20.3797,51.246],[20.3755,51.2431],[20.3711,51.2366],[20.3597,51.2414],[20.3539,51.2504],[20.3356,51.2542],[20.3308,51.2577],[20.3289,51.2528],[20.3101,51.2431],[20.278,51.2443],[20.2733,51.2456],[20.2649,51.2509],[20.2601,51.2509],[20.2616,51.2546],[20.2635,51.2543],[20.2605,51.2588],[20.253,51.2562],[20.2426,51.2573],[20.2413,51.2555]]]]}},{"type":"Feature","properties":{"GID_2":"POL.3.10_1","GID_0":"POL","COUNTRY":"Poland","GID_1":"POL.3_1","NAME_1":"Lodzkie","NL_NAME_1":"NA","NAME_2":"Pabianice","VARNAME_2":"NA","NL_NAME_2":"NA","TYPE_2":"Powiat","ENGTYPE_2":"County","CC_2":"1008","HASC_2":"NA"},"geometry":{"type":"MultiPolygon","coordinates":[[[[19.4131,51.525],[19.4011,51.5261],[19.3996,51.5342],[19.3941,51.5285],[19.3831,51.5295],[19.3382,51.5226],[19.3292,51.5223],[19.3126,51.5267],[19.3004,51.5276],[19.289,51.5319],[19.2884,51.5336],[19.2899,51.5338],[19.2878,51.5366],[19.2885,51.5399],[19.2829,51.5408],[19.2831,51.5467],[19.2805,51.5492],[19.2813,51.5503],[19.2796,51.5509],[19.2787,51.5543],[19.2734,51.5552],[19.273,51.5577],[19.2684,51.5599],[19.2667,51.5634],[19.2624,51.5666],[19.2593,51.5672],[19.2501,51.5744],[19.2381,51.5772],[19.2358,51.5809],[19.2264,51.5793],[19.2167,51.5754],[19.1933,51.576],[19.178,51.5745],[19.1607,51.5811],[19.1608,51.5825],[19.1745,51.5828],[19.175,51.581],[19.1789,51.5813],[19.1797,51.5783],[19.1817,51.5785],[19.1812,51.5806],[19.1871,51.5808],[19.1866,51.583],[19.2046,51.5842],[19.2021,51.5961],[19.192,51.6036],[19.2035,51.6033],[19.2086,51.6061],[19.2192,51.6069],[19.213,51.6155],[19.2188,51.6178],[19.2178,51.6212],[19.2041,51.6168],[19.1902,51.6263],[19.1478,51.6264],[19.1514,51.6348],[19.1601,51.6408],[19.1629,51.6475],[19.168,51.6456],[19.1753,51.6486],[19.1734,51.6498],[19.1763,51.6514],[19.1796,51.6571],[19.1867,51.6581],[19.2014,51.6644],[19.1963,51.6682],[19.208,51.6694],[19.2086,51.6781],[19.2037,51.678],[19.204,51.682],[19.1995,51.682],[19.1972,51.688],[19.1922,51.6885],[19.1918,51.6913],[19.1963,51.6911],[19.194,51.6939],[19.1981,51.6962],[19.186,51.6968],[19.1866,51.7021],[19.2067,51.7067],[19.2085,51.6997],[19.2261,51.7],[19.2181,51.708],[19.2061,51.7131],[19.1852,51.7078],[19.1858,51.7158],[19.1801,51.7166],[19.1777,51.7206],[19.1803,51.7224],[19.1777,51.7256],[19.1816,51.7267],[19.1766,51.7292],[19.1759,51.7312],[19.1702,51.7305],[19.17,51.7328],[19.16,51.7383],[19.1573,51.7443],[19.1608,51.7454],[19.1607,51.7479],[19.1555,51.7474],[19.1501,51.7551],[19.1452,51.7589],[19.1174,51.7637],[19.099,51.7636],[19.0914,51.7699],[19.0827,51.7736],[19.0678,51.7744],[19.0669,51.7761],[19.0568,51.7773],[19.044,51.7872],[19.0266,51.7911],[19.0228,51.7939],[19.0206,51.7987],[19.0142,51.8015],[19.0151,51.8025],[19.0127,51.8038],[19.0135,51.8052],[19.0035,51.8118],[18.9989,51.8199],[19.0033,51.8212],[19.0018,51.8224],[19.0072,51.8266],[19.0232,51.824],[19.0262,51.8277],[19.0321,51.8284],[19.0333,51.8328],[19.0352,51.8289],[19.0391,51.8269],[19.0499,51.8242],[19.0626,51.8238],[19.0658,51.8259],[19.0664,51.8297],[19.0777,51.8265],[19.0847,51.8302],[19.0916,51.8253],[19.0887,51.8222],[19.0941,51.82],[19.1042,51.8191],[19.1103,51.8232],[19.1176,51.8225],[19.1438,51.8256],[19.1504,51.8226],[19.1618,51.8125],[19.1803,51.8095],[19.2003,51.8041],[19.2011,51.7936],[19.2074,51.794],[19.2136,51.7976],[19.2187,51.7983],[19.2269,51.7949],[19.2329,51.7945],[19.2401,51.7966],[19.2578,51.786],[19.2648,51.7844],[19.2638,51.7895],[19.2659,51.7894],[19.2668,51.784],[19.2738,51.7804],[19.2733,51.7823],[19.2745,51.7824],[19.275,51.7793],[19.2789,51.7768],[19.2812,51.7717],[19.283,51.7716],[19.2831,51.7743],[19.2852,51.7759],[19.2974,51.7712],[19.3016,51.7717],[19.3102,51.7753],[19.3099,51.7796],[19.3243,51.7777],[19.3355,51.782],[19.3373,51.7841],[19.3356,51.7805],[19.3425,51.7794],[19.3376,51.7673],[19.3535,51.7638],[19.3525,51.7598],[19.3746,51.7559],[19.3703,51.7509],[19.3697,51.7465],[19.3717,51.7421],[19.3617,51.7398],[19.3609,51.7422],[19.3384,51.7389],[19.3444,51.7339],[19.3355,51.732],[19.3349,51.7303],[19.3386,51.7309],[19.339,51.7293],[19.3366,51.7255],[19.3433,51.7284],[19.3425,51.7294],[19.3468,51.7295],[19.3454,51.729],[19.347,51.7277],[19.346,51.7239],[19.3419,51.7177],[19.3493,51.7116],[19.3542,51.7022],[19.3592,51.7026],[19.3594,51.6992],[19.4003,51.6935],[19.4021,51.697],[19.4186,51.6932],[19.4179,51.6909],[19.4205,51.687],[19.4317,51.6868],[19.434,51.6734],[19.4369,51.6735],[19.4379,51.659],[19.4356,51.6599],[19.4354,51.6465],[19.4189,51.6313],[19.4278,51.6236],[19.4292,51.6249],[19.4344,51.6213],[19.4479,51.6174],[19.4563,51.6174],[19.4429,51.604],[19.4668,51.603],[19.466,51.5964],[19.474,51.5961],[19.4737,51.5939],[19.4658,51.593],[19.4645,51.5862],[19.463,51.5831],[19.4614,51.5833],[19.4615,51.5807],[19.4523,51.5784],[19.4554,51.5746],[19.4646,51.5719],[19.4634,51.5695],[19.4762,51.5674],[19.4721,51.5601],[19.4749,51.5594],[19.4709,51.5462],[19.4694,51.5462],[19.4683,51.5426],[19.4584,51.5427],[19.4566,51.5373],[19.4594,51.5371],[19.459,51.5315],[19.4401,51.528],[19.4416,51.5245],[19.4388,51.5233],[19.4361,51.5249],[19.4304,51.5231],[19.4299,51.5258],[19.433,51.5268],[19.4284,51.5296],[19.4297,51.5342],[19.4227,51.5373],[19.4217,51.5337],[19.4166,51.5368],[19.4157,51.53],[19.418,51.5296],[19.4173,51.5274],[19.4118,51.5274],[19.4142,51.5262],[19.4131,51.525]]]]}},{"type":"Feature","properties":{"GID_2":"POL.3.11_1","GID_0":"POL","COUNTRY":"Poland","GID_1":"POL.3_1","NAME_1":"Lodzkie","NL_NAME_1":"NA","NAME_2":"Pajeczno","VARNAME_2":"NA","NL_NAME_2":"NA","TYPE_2":"Powiat","ENGTYPE_2":"County","CC_2":"1009","HASC_2":"NA"},"geometry":{"type":"MultiPolygon","coordinates":[[[[19.0338,51.2701],[19.032,51.2734],[19.032,51.2761],[19.0342,51.2777],[19.0328,51.2782],[19.0437,51.2843],[19.0392,51.2869],[19.0498,51.289],[19.0562,51.2887],[19.0603,51.2865],[19.0592,51.2886],[19.0672,51.2907],[19.0725,51.294],[19.0702,51.2961],[19.0793,51.3],[19.0855,51.2981],[19.0933,51.2939],[19.0924,51.2916],[19.0945,51.2898],[19.0937,51.2889],[19.099,51.2859],[19.1001,51.2836],[19.0987,51.282],[19.1019,51.2788],[19.0984,51.2747],[19.099,51.2719],[19.105,51.2649],[19.1046,51.2609],[19.1106,51.2554],[19.1103,51.253],[19.0939,51.2552],[19.0926,51.2544],[19.0952,51.2543],[19.0979,51.2475],[19.0947,51.2433],[19.0972,51.2369],[19.1088,51.2407],[19.1148,51.2408],[19.1155,51.2396],[19.1183,51.2404],[19.1207,51.2357],[19.1287,51.2358],[19.1286,51.2408],[19.1273,51.2423],[19.1303,51.2433],[19.1278,51.2472],[19.1365,51.2477],[19.1409,51.2385],[19.1425,51.2373],[19.1495,51.2372],[19.1569,51.2442],[19.1628,51.2604],[19.1673,51.259],[19.1784,51.2501],[19.1876,51.2488],[19.1935,51.2393],[19.1969,51.2282],[19.212,51.2258],[19.212,51.2245],[19.221,51.2245],[19.2229,51.2218],[19.2274,51.2204],[19.2277,51.2182],[19.2322,51.2171],[19.232,51.216],[19.2471,51.2105],[19.2496,51.211],[19.2516,51.2073],[19.2457,51.2031],[19.2501,51.2034],[19.2489,51.1977],[19.2519,51.1977],[19.2512,51.194],[19.2659,51.2002],[19.2653,51.2073],[19.2763,51.2029],[19.2819,51.1961],[19.2854,51.1968],[19.2882,51.1902],[19.2898,51.1911],[19.2986,51.1873],[19.3125,51.1842],[19.3098,51.1833],[19.3046,51.1771],[19.3015,51.1674],[19.2867,51.1685],[19.2853,51.1667],[19.268,51.1701],[19.2658,51.1676],[19.2536,51.1719],[19.2393,51.1745],[19.2408,51.1681],[19.2391,51.1674],[19.2334,51.1503],[19.2582,51.1438],[19.2789,51.131],[19.2772,51.1193],[19.2807,51.1071],[19.2691,51.1107],[19.2627,51.1103],[19.2422,51.098],[19.2217,51.0663],[19.2077,51.0601],[19.205,51.0541],[19.2062,51.0481],[19.2045,51.0459],[19.2094,51.0472],[19.212,51.0452],[19.2083,51.0416],[19.2121,51.0391],[19.2263,51.0431],[19.2272,51.0418],[19.2421,51.0385],[19.2412,51.037],[19.2451,51.0353],[19.2474,51.0302],[19.2453,51.0289],[19.2452,51.0256],[19.2432,51.0236],[19.2461,51.0191],[19.2497,51.0186],[19.2516,51.0159],[19.257,51.003],[19.2532,51.0025],[19.2533,51.0055],[19.2506,51.0054],[19.2509,51.0023],[19.2472,50.9994],[19.2482,50.9989],[19.246,50.9974],[19.2461,50.9948],[19.2407,50.9904],[19.2348,50.9909],[19.227,50.9866],[19.2144,50.9864],[19.2043,50.9824],[19.2065,50.9855],[19.1795,50.9914],[19.1786,50.9894],[19.1754,50.9902],[19.1762,50.9921],[19.165,50.9945],[19.1638,51.0033],[19.1611,51.0032],[19.1617,51.0006],[19.1449,51.0018],[19.1498,51.0096],[19.1327,51.0108],[19.1273,51.0059],[19.1285,51.0031],[19.1326,51.0027],[19.1328,50.9996],[19.1236,50.9996],[19.1091,51.0142],[19.1074,51.0216],[19.1045,51.0262],[19.0992,51.0293],[19.0891,51.0334],[19.0727,51.0355],[19.0561,51.0242],[19.0497,51.0264],[19.0468,51.0286],[19.0503,51.0298],[19.0505,51.0314],[19.0539,51.0314],[19.0529,51.0333],[19.0566,51.0321],[19.0571,51.0332],[19.0556,51.0335],[19.0566,51.0343],[19.0547,51.0353],[19.0565,51.036],[19.0537,51.0366],[19.0557,51.0374],[19.0563,51.0399],[19.0536,51.04],[19.0509,51.0427],[19.0486,51.0423],[19.0451,51.0453],[19.0167,51.0519],[19.0121,51.0587],[19.0091,51.0603],[19.0116,51.0665],[19.0003,51.0708],[18.9933,51.0761],[18.9849,51.0774],[18.9784,51.0806],[18.9719,51.0801],[18.967,51.0819],[18.9556,51.0901],[18.9324,51.0931],[18.9249,51.0968],[18.923,51.0994],[18.9168,51.0961],[18.9005,51.0794],[18.8955,51.0666],[18.9003,51.0624],[18.8933,51.0602],[18.8835,51.059],[18.8827,51.0614],[18.8747,51.0674],[18.8565,51.0764],[18.8574,51.0726],[18.8179,51.0682],[18.8166,51.0729],[18.8007,51.0712],[18.8029,51.0634],[18.7811,51.0658],[18.7679,51.0648],[18.7664,51.0666],[18.7611,51.0675],[18.7601,51.0698],[18.7637,51.0708],[18.7627,51.0728],[18.7647,51.0731],[18.7628,51.0749],[18.7651,51.0743],[18.7669,51.0753],[18.7657,51.0768],[18.7702,51.0783],[18.769,51.0827],[18.7666,51.0825],[18.7654,51.0879],[18.7681,51.0891],[18.7715,51.0823],[18.7794,51.0837],[18.7822,51.0828],[18.7814,51.0849],[18.7855,51.0854],[18.7841,51.0862],[18.7841,51.0922],[18.7795,51.0964],[18.7709,51.0955],[18.7706,51.0919],[18.7669,51.0923],[18.7667,51.0938],[18.7611,51.0934],[18.7572,51.0969],[18.7567,51.0995],[18.7467,51.0983],[18.74,51.1039],[18.7428,51.1022],[18.7493,51.1051],[18.7525,51.102],[18.7605,51.1015],[18.7615,51.1067],[18.7563,51.1125],[18.7578,51.1172],[18.7522,51.1189],[18.7648,51.1238],[18.7655,51.1303],[18.7738,51.1303],[18.7733,51.1316],[18.7657,51.1317],[18.7744,51.1329],[18.7759,51.1353],[18.7909,51.1345],[18.7916,51.1362],[18.7899,51.1373],[18.7732,51.1416],[18.7794,51.1654],[18.7898,51.1619],[18.7881,51.1646],[18.7926,51.1698],[18.8175,51.1642],[18.8339,51.1667],[18.832,51.1694],[18.8337,51.1705],[18.8214,51.1705],[18.8202,51.1773],[18.8218,51.1796],[18.8111,51.1814],[18.8133,51.1844],[18.8176,51.1853],[18.8162,51.1863],[18.8175,51.1881],[18.8165,51.1906],[18.8206,51.1913],[18.8272,51.1983],[18.829,51.2034],[18.8265,51.2027],[18.8246,51.2001],[18.8089,51.2044],[18.8039,51.2076],[18.7961,51.2081],[18.7938,51.2128],[18.7876,51.2145],[18.7908,51.2193],[18.7906,51.2238],[18.8008,51.233],[18.7934,51.2411],[18.7965,51.2444],[18.7951,51.2478],[18.7974,51.2516],[18.7906,51.2545],[18.8007,51.2578],[18.8029,51.2571],[18.8028,51.2542],[18.8147,51.2529],[18.8152,51.2602],[18.8306,51.2587],[18.8309,51.2597],[18.8278,51.2603],[18.8288,51.2643],[18.8351,51.2637],[18.8355,51.2679],[18.8457,51.2668],[18.846,51.2703],[18.8613,51.2681],[18.8629,51.2705],[18.8582,51.2735],[18.8584,51.275],[18.8664,51.2807],[18.8759,51.2793],[18.8906,51.2813],[18.8994,51.2803],[18.9008,51.2863],[18.904,51.2893],[18.9128,51.2874],[18.9551,51.2894],[18.985,51.2834],[19.0008,51.2873],[19.0111,51.2853],[19.0209,51.2786],[19.0272,51.278],[19.0294,51.2756],[19.0287,51.2709],[19.0339,51.2687],[19.0338,51.2701]]]]}},{"type":"Feature","properties":{"GID_2":"POL.3.13_1","GID_0":"POL","COUNTRY":"Poland","GID_1":"POL.3_1","NAME_1":"Lodzkie","NL_NAME_1":"NA","NAME_2":"Piotrkow","VARNAME_2":"NA","NL_NAME_2":"NA","TYPE_2":"Powiat","ENGTYPE_2":"County","CC_2":"1010","HASC_2":"NA"},"geometry":{"type":"MultiPolygon","coordinates":[[[[19.9206,51.1798],[19.9186,51.1755],[19.9133,51.174],[19.9132,51.1668],[19.9032,51.1598],[19.9043,51.1552],[19.9095,51.1513],[19.9121,51.1472],[19.9153,51.1462],[19.9095,51.1421],[19.9115,51.1396],[19.906,51.1347],[19.9073,51.1326],[19.9049,51.1336],[19.9025,51.1325],[19.9046,51.1311],[19.903,51.1284],[19.9069,51.1252],[19.9067,51.1235],[19.9037,51.1221],[19.9048,51.1207],[19.9008,51.1184],[19.903,51.1162],[19.9018,51.1126],[19.9055,51.1117],[19.9048,51.109],[19.9016,51.107],[19.8726,51.1107],[19.8506,51.121],[19.8399,51.12],[19.837,51.1303],[19.8272,51.1392],[19.8163,51.137],[19.7963,51.1387],[19.7802,51.1426],[19.7558,51.1408],[19.7346,51.1507],[19.7298,51.1547],[19.7291,51.1562],[19.732,51.1562],[19.7309,51.1624],[19.737,51.1652],[19.7354,51.1734],[19.728,51.1721],[19.726,51.1732],[19.727,51.175],[19.73,51.1737],[19.7323,51.1773],[19.7287,51.1827],[19.7214,51.1873],[19.7151,51.1857],[19.6982,51.1895],[19.6969,51.1852],[19.6996,51.178],[19.6972,51.178],[19.6997,51.1661],[19.6975,51.1631],[19.6872,51.1573],[19.6784,51.155],[19.678,51.1513],[19.6715,51.1523],[19.6728,51.1557],[19.645,51.1582],[19.6382,51.1578],[19.6356,51.1545],[19.6211,51.1492],[19.6095,51.151],[19.599,51.1546],[19.5983,51.1521],[19.5944,51.149],[19.5792,51.1483],[19.5894,51.1595],[19.5849,51.1619],[19.5825,51.1726],[19.5728,51.174],[19.5788,51.1752],[19.5736,51.1765],[19.5727,51.1746],[19.5667,51.1786],[19.5669,51.1797],[19.5804,51.1775],[19.5748,51.1844],[19.5696,51.1857],[19.5683,51.1859],[19.5697,51.1832],[19.5684,51.1805],[19.5659,51.1809],[19.5683,51.1877],[19.5721,51.1867],[19.5713,51.2004],[19.5553,51.1977],[19.5542,51.205],[19.5559,51.205],[19.5564,51.2089],[19.5471,51.2103],[19.5516,51.2134],[19.5377,51.2227],[19.5235,51.2224],[19.521,51.2257],[19.538,51.2376],[19.5321,51.2421],[19.531,51.2456],[19.5397,51.246],[19.5405,51.2485],[19.5361,51.2509],[19.527,51.2515],[19.5315,51.2657],[19.5193,51.2713],[19.5178,51.2682],[19.5086,51.2697],[19.5064,51.2648],[19.4937,51.2597],[19.4973,51.2676],[19.5,51.2663],[19.5024,51.273],[19.4967,51.2747],[19.4819,51.2752],[19.4736,51.2779],[19.4599,51.2861],[19.4769,51.3023],[19.4876,51.3076],[19.4799,51.3192],[19.4844,51.3205],[19.4791,51.3204],[19.4722,51.3302],[19.4742,51.3333],[19.4833,51.3383],[19.4819,51.3411],[19.4842,51.3424],[19.4738,51.3405],[19.4692,51.3458],[19.4788,51.3465],[19.4826,51.3513],[19.4893,51.3504],[19.4883,51.3532],[19.4862,51.3536],[19.4868,51.3547],[19.4911,51.353],[19.4921,51.3559],[19.4965,51.355],[19.496,51.3592],[19.4998,51.3629],[19.4988,51.3705],[19.4823,51.3813],[19.4755,51.3834],[19.4749,51.3849],[19.4763,51.3864],[19.4725,51.3946],[19.4655,51.4018],[19.4841,51.4085],[19.4884,51.4079],[19.4912,51.415],[19.4775,51.4173],[19.4794,51.423],[19.4778,51.4312],[19.4821,51.4361],[19.4739,51.4431],[19.4907,51.4436],[19.4906,51.4501],[19.4808,51.4505],[19.4807,51.4537],[19.4746,51.4526],[19.4758,51.4504],[19.467,51.4496],[19.4604,51.4529],[19.4633,51.4677],[19.4613,51.4689],[19.439,51.4657],[19.43,51.4616],[19.4228,51.4672],[19.4254,51.4705],[19.4355,51.4688],[19.4394,51.4738],[19.4348,51.4754],[19.4369,51.4764],[19.4359,51.4789],[19.4426,51.4796],[19.4419,51.4855],[19.4568,51.4908],[19.4577,51.4946],[19.4478,51.4974],[19.4545,51.5045],[19.4568,51.5038],[19.4562,51.5102],[19.4591,51.5103],[19.4614,51.5137],[19.4553,51.513],[19.4534,51.5111],[19.4449,51.5115],[19.4454,51.507],[19.4383,51.5089],[19.4323,51.5084],[19.432,51.5123],[19.4264,51.5148],[19.4278,51.521],[19.4171,51.5221],[19.4177,51.5252],[19.4118,51.5264],[19.4147,51.5282],[19.4173,51.5274],[19.418,51.5296],[19.4157,51.53],[19.4166,51.5368],[19.4217,51.5337],[19.4227,51.5373],[19.4297,51.5342],[19.4284,51.5296],[19.433,51.5268],[19.4299,51.5258],[19.4304,51.5231],[19.4361,51.5249],[19.4388,51.5233],[19.4416,51.5245],[19.4401,51.528],[19.459,51.5315],[19.4594,51.5371],[19.4566,51.5373],[19.4584,51.5427],[19.475,51.5425],[19.4825,51.5439],[19.4819,51.532],[19.4996,51.5332],[19.5005,51.5274],[19.5034,51.5271],[19.5059,51.5218],[19.5179,51.5246],[19.5315,51.525],[19.54,51.5183],[19.5411,51.513],[19.5573,51.5112],[19.5717,51.5123],[19.57,51.5082],[19.582,51.5077],[19.5832,51.5108],[19.5985,51.508],[19.6042,51.5139],[19.5981,51.515],[19.5991,51.5223],[19.6011,51.5223],[19.6064,51.5336],[19.6098,51.5464],[19.6189,51.5465],[19.6186,51.5523],[19.6166,51.5559],[19.6101,51.5598],[19.6025,51.568],[19.5942,51.5811],[19.599,51.5842],[19.5992,51.5869],[19.6029,51.5886],[19.6158,51.59],[19.6151,51.5935],[19.6228,51.6046],[19.6342,51.605],[19.6272,51.6135],[19.6256,51.6134],[19.6238,51.6099],[19.6187,51.6102],[19.616,51.6168],[19.6124,51.6203],[19.599,51.6214],[19.6062,51.6286],[19.6094,51.6346],[19.6397,51.6244],[19.6402,51.6288],[19.6482,51.6305],[19.6499,51.6354],[19.6645,51.649],[19.6903,51.6495],[19.6911,51.6274],[19.7076,51.6305],[19.7091,51.6232],[19.7196,51.6151],[19.7209,51.6117],[19.7184,51.6068],[19.7192,51.6033],[19.717,51.6007],[19.7234,51.5986],[19.7226,51.5973],[19.7242,51.5967],[19.7204,51.5877],[19.7217,51.5831],[19.7183,51.5809],[19.7134,51.572],[19.7239,51.574],[19.7224,51.572],[19.7341,51.5694],[19.7308,51.5653],[19.7312,51.5635],[19.7393,51.5588],[19.7578,51.5567],[19.7573,51.5581],[19.7734,51.5586],[19.778,51.5452],[19.782,51.5452],[19.783,51.542],[19.7851,51.5427],[19.7859,51.54],[19.7876,51.5398],[19.7869,51.5387],[19.7962,51.5305],[19.8037,51.5316],[19.8132,51.5399],[19.8356,51.5343],[19.8339,51.5388],[19.8218,51.543],[19.8293,51.5562],[19.8297,51.5598],[19.8257,51.5697],[19.8417,51.579],[19.8496,51.5784],[19.8661,51.565],[19.87,51.5579],[19.878,51.557],[19.8852,51.5513],[19.8844,51.5487],[19.8856,51.5471],[19.8907,51.5445],[19.8882,51.5406],[19.8814,51.5394],[19.8809,51.5288],[19.8636,51.5285],[19.8562,51.5234],[19.8704,51.5199],[19.8718,51.5091],[19.873,51.5057],[19.8746,51.5076],[19.8863,51.5103],[19.8948,51.517],[19.8959,51.5143],[19.9023,51.5132],[19.9099,51.5038],[19.9176,51.5005],[19.9212,51.4969],[19.9212,51.4898],[19.9185,51.4823],[19.9486,51.4796],[19.958,51.4771],[19.9534,51.467],[19.9579,51.4604],[19.9519,51.4569],[19.9622,51.4529],[19.9579,51.4522],[19.9562,51.4471],[19.9468,51.4467],[19.9434,51.4413],[19.9352,51.4411],[19.9346,51.4397],[19.9383,51.4354],[19.9338,51.4325],[19.9359,51.4271],[19.9282,51.4255],[19.9241,51.4229],[19.9233,51.4206],[19.9178,51.4194],[19.914,51.4156],[19.9099,51.4159],[19.9032,51.4096],[19.8965,51.4112],[19.8954,51.4105],[19.8975,51.4079],[19.8954,51.4066],[19.8905,51.4073],[19.875,51.4038],[19.8655,51.4042],[19.8665,51.4029],[19.8634,51.4011],[19.8611,51.3967],[19.8546,51.3956],[19.8601,51.394],[19.8647,51.3896],[19.8652,51.3872],[19.856,51.3842],[19.8662,51.3839],[19.8659,51.378],[19.8807,51.3766],[19.8822,51.3734],[19.8848,51.3733],[19.8858,51.371],[19.8889,51.3724],[19.892,51.3654],[19.9063,51.3658],[19.9086,51.3636],[19.9191,51.3646],[19.9219,51.3628],[19.9239,51.3575],[19.9284,51.3578],[19.9283,51.3526],[19.9432,51.3489],[19.9582,51.3581],[19.9909,51.3562],[19.9901,51.3501],[19.9824,51.3434],[19.9856,51.3395],[19.9866,51.3338],[20.0015,51.3352],[20.0102,51.3343],[20.017,51.3202],[20.0255,51.3138],[20.0252,51.3125],[20.0312,51.3069],[20.0343,51.3014],[20.0396,51.3009],[20.0472,51.2963],[20.0486,51.2938],[20.0441,51.2906],[20.0493,51.2879],[20.0411,51.2794],[20.0573,51.2688],[20.0617,51.2685],[20.0601,51.2663],[20.0652,51.262],[20.0666,51.2591],[20.0652,51.2561],[20.0674,51.2551],[20.0642,51.2473],[20.0491,51.2481],[20.0484,51.2451],[20.0408,51.2391],[20.0299,51.24],[20.0287,51.2446],[20.0153,51.2416],[20.0151,51.2296],[20.0195,51.2288],[20.0052,51.2247],[20.0058,51.2238],[20.0022,51.2229],[20.0045,51.2222],[20.0039,51.2207],[20.0007,51.2208],[20.0008,51.2226],[19.9923,51.2206],[20.0009,51.2125],[20.0052,51.2138],[20.0043,51.2107],[20.0122,51.21],[20.0132,51.2005],[20.0052,51.1994],[19.9921,51.1931],[19.9946,51.1916],[19.9932,51.1844],[19.965,51.2018],[19.9596,51.2021],[19.9533,51.1875],[19.9424,51.1807],[19.9284,51.183],[19.9206,51.1798]],[[19.6545,51.4422],[19.6468,51.4387],[19.6422,51.4344],[19.6398,51.4271],[19.6378,51.4271],[19.6388,51.4267],[19.6336,51.413],[19.6272,51.414],[19.6266,51.4099],[19.6311,51.3997],[19.6229,51.3799],[19.6283,51.3799],[19.6344,51.3858],[19.6489,51.3868],[19.6565,51.3844],[19.6596,51.3817],[19.6783,51.3732],[19.7049,51.3762],[19.7071,51.3771],[19.7077,51.3796],[19.718,51.3813],[19.7312,51.379],[19.7322,51.3809],[19.7331,51.3793],[19.7444,51.3785],[19.7456,51.3843],[19.7476,51.3843],[19.7488,51.391],[19.7434,51.3996],[19.7397,51.4003],[19.737,51.4035],[19.7453,51.4049],[19.7461,51.4111],[19.7499,51.4116],[19.7814,51.4347],[19.8065,51.4203],[19.8104,51.4387],[19.7931,51.451],[19.7903,51.449],[19.7833,51.4529],[19.7755,51.4476],[19.7681,51.4517],[19.7596,51.4469],[19.7586,51.4494],[19.7552,51.451],[19.7399,51.4514],[19.7395,51.4486],[19.7413,51.4482],[19.7407,51.4443],[19.7392,51.4442],[19.7235,51.4438],[19.724,51.446],[19.7221,51.4439],[19.6545,51.4422]]]]}},{"type":"Feature","properties":{"GID_2":"POL.3.12_1","GID_0":"POL","COUNTRY":"Poland","GID_1":"POL.3_1","NAME_1":"Lodzkie","NL_NAME_1":"NA","NAME_2":"PiotrkowTrybunalski","VARNAME_2":"NA","NL_NAME_2":"NA","TYPE_2":"Miastonaprawachpowiatu","ENGTYPE_2":"Citywithpowiatrights","CC_2":"1062","HASC_2":"NA"},"geometry":{"type":"MultiPolygon","coordinates":[[[[19.6272,51.414],[19.6336,51.413],[19.6388,51.4267],[19.6378,51.4271],[19.6398,51.4271],[19.6422,51.4344],[19.6468,51.4387],[19.6547,51.4423],[19.7221,51.4439],[19.724,51.446],[19.7235,51.4438],[19.7392,51.4442],[19.7407,51.4443],[19.7413,51.4482],[19.7395,51.4486],[19.7399,51.4514],[19.7552,51.451],[19.7586,51.4494],[19.7596,51.4469],[19.7681,51.4517],[19.7755,51.4476],[19.7833,51.4529],[19.7903,51.449],[19.7931,51.451],[19.8104,51.4387],[19.8065,51.4203],[19.7814,51.4347],[19.7499,51.4116],[19.7461,51.4111],[19.7453,51.4049],[19.737,51.4035],[19.7397,51.4003],[19.7434,51.3996],[19.7488,51.391],[19.7476,51.3843],[19.7456,51.3843],[19.7444,51.3785],[19.7331,51.3793],[19.7322,51.3809],[19.7312,51.379],[19.718,51.3813],[19.7077,51.3796],[19.7071,51.3771],[19.7049,51.3762],[19.6783,51.3732],[19.6596,51.3817],[19.6565,51.3844],[19.6489,51.3868],[19.6344,51.3858],[19.6283,51.3799],[19.6229,51.3799],[19.6311,51.3997],[19.6266,51.4099],[19.6272,51.414]]]]}},{"type":"Feature","properties":{"GID_2":"POL.3.14_1","GID_0":"POL","COUNTRY":"Poland","GID_1":"POL.3_1","NAME_1":"Lodzkie","NL_NAME_1":"NA","NAME_2":"Poddebice","VARNAME_2":"NA","NL_NAME_2":"NA","TYPE_2":"Powiat","ENGTYPE_2":"County","CC_2":"1011","HASC_2":"NA"},"geometry":{"type":"MultiPolygon","coordinates":[[[[19.0559,51.7775],[19.0526,51.7732],[19.0503,51.7759],[19.0476,51.7756],[19.0505,51.77],[19.047,51.7669],[19.0216,51.7682],[19.0092,51.7734],[19.0028,51.772],[18.9856,51.7637],[18.9783,51.7543],[18.9768,51.7493],[18.97,51.7442],[18.9373,51.7466],[18.9334,51.7507],[18.9276,51.7527],[18.9113,51.7523],[18.9007,51.7545],[18.8964,51.7522],[18.8876,51.7511],[18.8803,51.7487],[18.8769,51.7456],[18.8686,51.7341],[18.8643,51.7309],[18.8617,51.7219],[18.8569,51.7201],[18.8535,51.7203],[18.8379,51.7283],[18.8235,51.7308],[18.8156,51.7362],[18.8058,51.7395],[18.7834,51.746],[18.7642,51.7496],[18.7637,51.7552],[18.7608,51.7607],[18.747,51.7588],[18.7498,51.7488],[18.7395,51.7471],[18.7342,51.7436],[18.7331,51.7422],[18.7344,51.7347],[18.7264,51.7354],[18.7138,51.7396],[18.7022,51.7389],[18.6923,51.7422],[18.6764,51.7416],[18.6775,51.7456],[18.6697,51.746],[18.6669,51.7455],[18.6672,51.7441],[18.6514,51.7488],[18.6549,51.7495],[18.6531,51.7506],[18.6568,51.7539],[18.6558,51.7566],[18.6543,51.7568],[18.6576,51.7622],[18.6572,51.7646],[18.6597,51.7658],[18.6567,51.7677],[18.6653,51.772],[18.662,51.774],[18.661,51.7851],[18.6678,51.7854],[18.6665,51.7933],[18.6696,51.7935],[18.6683,51.8018],[18.6697,51.8036],[18.6766,51.8051],[18.6835,51.8106],[18.6835,51.8145],[18.6812,51.8168],[18.6886,51.8225],[18.6897,51.8242],[18.6885,51.8266],[18.6905,51.8281],[18.6866,51.8329],[18.6885,51.8337],[18.6911,51.8318],[18.6927,51.837],[18.6913,51.839],[18.6942,51.8425],[18.6928,51.8451],[18.6995,51.8486],[18.6945,51.8494],[18.6999,51.8502],[18.701,51.8529],[18.6982,51.8546],[18.6968,51.8657],[18.7087,51.8711],[18.7128,51.8693],[18.7138,51.8707],[18.7233,51.8721],[18.721,51.8735],[18.7206,51.8776],[18.7233,51.8796],[18.7212,51.8807],[18.7249,51.8807],[18.7286,51.8863],[18.7338,51.8889],[18.7365,51.8922],[18.7404,51.893],[18.7354,51.8955],[18.7393,51.899],[18.7368,51.901],[18.7486,51.9073],[18.7503,51.9107],[18.7543,51.9131],[18.7578,51.9184],[18.7679,51.9278],[18.7425,51.9371],[18.7444,51.9402],[18.7434,51.9436],[18.7416,51.9452],[18.7361,51.9446],[18.7412,51.9508],[18.7402,51.9566],[18.7417,51.9571],[18.7382,51.9627],[18.7298,51.9547],[18.7284,51.9579],[18.724,51.9572],[18.715,51.9682],[18.7157,51.9702],[18.7332,51.9682],[18.7339,51.9725],[18.7322,51.9771],[18.7334,51.9795],[18.7299,51.9829],[18.7306,51.9853],[18.7252,51.9857],[18.7247,51.9875],[18.7216,51.9884],[18.723,51.989],[18.7218,51.9902],[18.7171,51.9929],[18.7176,51.995],[18.7347,52.0027],[18.7308,52.0043],[18.7304,52.0074],[18.7267,52.0111],[18.726,52.0131],[18.7303,52.0143],[18.7269,52.0237],[18.7165,52.0323],[18.7192,52.0398],[18.7168,52.0442],[18.7225,52.0547],[18.7194,52.0598],[18.7203,52.0637],[18.7179,52.0657],[18.7232,52.0662],[18.7238,52.0648],[18.7528,52.0765],[18.7528,52.075],[18.7602,52.0718],[18.7636,52.0676],[18.7866,52.0609],[18.7951,52.0614],[18.8027,52.0658],[18.8136,52.0677],[18.8155,52.0712],[18.8193,52.0699],[18.8194,52.0651],[18.8351,52.0627],[18.8413,52.0566],[18.852,52.0518],[18.8533,52.0487],[18.8397,52.0415],[18.8605,52.039],[18.8694,52.0405],[18.8692,52.0425],[18.8843,52.0424],[18.8834,52.0335],[18.8856,52.0281],[18.8858,52.021],[18.8623,52.018],[18.8617,52.0099],[18.8673,52.0101],[18.8714,52.012],[18.8782,52.0091],[18.8785,52.0067],[18.8698,52.0066],[18.87,52.0035],[18.9093,52.003],[18.9168,52.0014],[18.9152,52.0093],[18.919,52.01],[18.9159,52.0175],[18.9233,52.0167],[18.9232,52.0147],[18.9285,52.0149],[18.9306,52.0103],[18.9421,52.0116],[18.9505,52.0188],[18.9624,52.0253],[18.9704,52.0248],[18.9708,52.0217],[18.9744,52.0199],[18.98,52.0197],[18.9805,52.0151],[18.9909,52.0139],[18.9939,52.0151],[18.9979,52.0092],[19.0114,52.0114],[19.0105,52.0123],[19.0124,52.0159],[19.0153,52.016],[19.0184,52.0185],[19.025,52.0153],[19.0242,52.0163],[19.0267,52.0183],[19.0311,52.0187],[19.0334,52.0143],[19.0318,52.0096],[19.0341,52.0055],[19.0379,52.0087],[19.043,52.0082],[19.0441,52.01],[19.0526,52.0078],[19.0711,52.0144],[19.0748,52.0073],[19.0779,52.0062],[19.0967,52.0133],[19.1067,52.0083],[19.1066,52.0054],[19.1168,52.0045],[19.115,52.0012],[19.1286,52.0005],[19.127,51.9961],[19.1213,51.9964],[19.1204,51.9903],[19.1307,51.9889],[19.1295,51.9861],[19.1313,51.9844],[19.1275,51.9777],[19.139,51.9755],[19.1467,51.971],[19.1467,51.9693],[19.1517,51.9647],[19.1474,51.9554],[19.1458,51.9549],[19.1465,51.949],[19.1426,51.9457],[19.1363,51.928],[19.1408,51.9259],[19.1384,51.9245],[19.1357,51.9106],[19.1449,51.9057],[19.1631,51.913],[19.173,51.9084],[19.1795,51.9154],[19.1777,51.9156],[19.1786,51.9165],[19.1875,51.9177],[19.1912,51.9116],[19.1905,51.8993],[19.1883,51.897],[19.1872,51.8896],[19.1822,51.8812],[19.1823,51.8777],[19.1785,51.875],[19.1728,51.8752],[19.1557,51.8707],[19.1496,51.8497],[19.1551,51.8464],[19.1454,51.8363],[19.1399,51.8353],[19.1394,51.8292],[19.1412,51.8293],[19.1386,51.8251],[19.1176,51.8225],[19.1103,51.8232],[19.1042,51.8191],[19.0941,51.82],[19.0887,51.8222],[19.0916,51.8253],[19.0847,51.8302],[19.0777,51.8265],[19.0664,51.8297],[19.0658,51.8259],[19.0626,51.8238],[19.0499,51.8242],[19.0391,51.8269],[19.0352,51.8289],[19.0333,51.8328],[19.0321,51.8284],[19.0262,51.8277],[19.0232,51.824],[19.0072,51.8266],[19.0018,51.8224],[19.0033,51.8212],[18.9989,51.8199],[19.0035,51.8118],[19.0135,51.8052],[19.0127,51.8038],[19.0151,51.8025],[19.0142,51.8015],[19.0206,51.7987],[19.0228,51.7939],[19.0272,51.7907],[19.044,51.7872],[19.0559,51.7775]]]]}},{"type":"Feature","properties":{"GID_2":"POL.3.15_1","GID_0":"POL","COUNTRY":"Poland","GID_1":"POL.3_1","NAME_1":"Lodzkie","NL_NAME_1":"NA","NAME_2":"Radomsko","VARNAME_2":"NA","NL_NAME_2":"NA","TYPE_2":"Powiat","ENGTYPE_2":"County","CC_2":"1012","HASC_2":"NA"},"geometry":{"type":"MultiPolygon","coordinates":[[[[19.577,50.9072],[19.5644,50.9076],[19.5622,50.9048],[19.5525,50.9001],[19.5419,50.899],[19.5251,50.8941],[19.5207,50.8886],[19.5092,50.8811],[19.5023,50.8846],[19.5045,50.8858],[19.5032,50.8864],[19.4976,50.8797],[19.4863,50.8797],[19.4831,50.8838],[19.4838,50.8846],[19.4711,50.8859],[19.4672,50.8886],[19.4736,50.8924],[19.4731,50.8941],[19.4639,50.8953],[19.4628,50.91],[19.4682,50.9105],[19.4698,50.9174],[19.4634,50.9259],[19.4648,50.9273],[19.4465,50.9355],[19.4445,50.9397],[19.438,50.9439],[19.4332,50.9553],[19.4323,50.9649],[19.4289,50.9658],[19.4236,50.9713],[19.4135,50.9752],[19.4098,50.974],[19.4101,50.9712],[19.4034,50.9749],[19.4066,50.9785],[19.41,50.978],[19.4107,50.9807],[19.4074,50.9852],[19.401,50.9884],[19.4038,50.9899],[19.4007,50.9916],[19.4021,50.994],[19.3977,50.9962],[19.3957,50.9946],[19.3921,51.0009],[19.3893,51.0012],[19.3895,50.9988],[19.3867,51.0001],[19.3787,50.9952],[19.3676,50.9951],[19.3631,50.9924],[19.3562,50.9926],[19.3516,50.9959],[19.3622,51.0039],[19.3474,51.0109],[19.3292,51.0131],[19.3266,51.0123],[19.3274,51.0166],[19.3259,51.0189],[19.3186,51.0201],[19.3203,51.0246],[19.3185,51.0282],[19.3195,51.0301],[19.3302,51.0361],[19.3314,51.0388],[19.326,51.0438],[19.3222,51.0441],[19.3227,51.0462],[19.3106,51.0477],[19.3102,51.0464],[19.3012,51.0433],[19.2918,51.0455],[19.2814,51.0395],[19.2757,51.0377],[19.2733,51.0384],[19.2664,51.0321],[19.2609,51.031],[19.2569,51.0336],[19.2618,51.0352],[19.2499,51.0381],[19.2515,51.0391],[19.2506,51.04],[19.2439,51.0367],[19.2412,51.037],[19.2419,51.0386],[19.2272,51.0418],[19.2263,51.0431],[19.2141,51.0392],[19.2091,51.0401],[19.2083,51.0416],[19.212,51.0452],[19.2094,51.0472],[19.2045,51.0459],[19.2062,51.0481],[19.205,51.0541],[19.2077,51.0601],[19.2217,51.0663],[19.2422,51.098],[19.2627,51.1103],[19.2691,51.1107],[19.2807,51.1071],[19.2772,51.1193],[19.2789,51.131],[19.2582,51.1438],[19.2334,51.1503],[19.2391,51.1674],[19.2408,51.1681],[19.2393,51.1745],[19.2536,51.1719],[19.2658,51.1676],[19.268,51.1701],[19.2853,51.1667],[19.2867,51.1685],[19.3015,51.1674],[19.3044,51.1768],[19.3074,51.1811],[19.3143,51.1852],[19.3234,51.188],[19.3283,51.187],[19.3395,51.1908],[19.3447,51.1895],[19.3514,51.183],[19.3551,51.1819],[19.3621,51.184],[19.3666,51.1892],[19.3786,51.1939],[19.3946,51.196],[19.3951,51.1988],[19.3998,51.201],[19.3998,51.2024],[19.3952,51.2041],[19.3985,51.2085],[19.3968,51.2116],[19.3978,51.2201],[19.3912,51.2275],[19.3843,51.2313],[19.3874,51.2333],[19.3922,51.2313],[19.4031,51.234],[19.4032,51.2373],[19.4063,51.2371],[19.4138,51.2413],[19.4056,51.2418],[19.4067,51.2469],[19.4222,51.2475],[19.4208,51.2531],[19.4165,51.2584],[19.4296,51.2693],[19.4379,51.2727],[19.4472,51.2814],[19.4481,51.2845],[19.4599,51.2861],[19.4736,51.2779],[19.4819,51.2752],[19.4967,51.2747],[19.5024,51.273],[19.5,51.2663],[19.4973,51.2676],[19.4937,51.2597],[19.5064,51.2648],[19.5086,51.2697],[19.5178,51.2682],[19.5193,51.2713],[19.5315,51.2657],[19.527,51.2515],[19.5361,51.2509],[19.5405,51.2485],[19.5397,51.246],[19.531,51.2456],[19.5321,51.2421],[19.538,51.2376],[19.521,51.2257],[19.5235,51.2224],[19.5377,51.2227],[19.5516,51.2134],[19.5471,51.2103],[19.5564,51.2089],[19.5559,51.205],[19.5542,51.205],[19.5553,51.1977],[19.5713,51.2004],[19.5721,51.1867],[19.5683,51.1877],[19.5659,51.1809],[19.5684,51.1805],[19.5697,51.1832],[19.5683,51.1859],[19.5696,51.1857],[19.5748,51.1844],[19.5804,51.1775],[19.5669,51.1797],[19.5667,51.1786],[19.5727,51.1746],[19.5736,51.1765],[19.5788,51.1752],[19.5728,51.174],[19.5825,51.1726],[19.5849,51.1619],[19.5894,51.1595],[19.5792,51.1483],[19.5944,51.149],[19.5983,51.1521],[19.599,51.1546],[19.6095,51.151],[19.6211,51.1492],[19.6356,51.1545],[19.6382,51.1578],[19.645,51.1582],[19.6728,51.1557],[19.6715,51.1523],[19.678,51.1513],[19.6784,51.155],[19.6872,51.1573],[19.6975,51.1631],[19.6997,51.1661],[19.6972,51.178],[19.6996,51.178],[19.6969,51.1852],[19.6982,51.1895],[19.7151,51.1857],[19.7214,51.1873],[19.7287,51.1827],[19.7323,51.1773],[19.73,51.1737],[19.727,51.175],[19.726,51.1732],[19.728,51.1721],[19.7354,51.1734],[19.737,51.1652],[19.7309,51.1624],[19.732,51.1562],[19.7291,51.1562],[19.7298,51.1547],[19.7346,51.1507],[19.7558,51.1408],[19.7802,51.1426],[19.7963,51.1387],[19.8163,51.137],[19.8272,51.1392],[19.837,51.1303],[19.8399,51.12],[19.8506,51.121],[19.8726,51.1107],[19.9016,51.107],[19.9048,51.109],[19.9055,51.1117],[19.9018,51.1126],[19.903,51.1162],[19.9008,51.1184],[19.9048,51.1207],[19.9037,51.1221],[19.9067,51.1235],[19.9069,51.1252],[19.903,51.1284],[19.9046,51.1311],[19.9025,51.1325],[19.9049,51.1336],[19.9073,51.1326],[19.906,51.1347],[19.9115,51.1396],[19.9095,51.1421],[19.9153,51.1462],[19.9121,51.1472],[19.9095,51.1513],[19.9043,51.1552],[19.9032,51.1598],[19.9132,51.1668],[19.9133,51.174],[19.9186,51.1755],[19.9206,51.1798],[19.9284,51.183],[19.9424,51.1807],[19.9533,51.1875],[19.9596,51.2021],[19.965,51.2018],[20.0258,51.1647],[20.0225,51.1597],[20.022,51.1554],[20.0174,51.1524],[20.0127,51.1552],[19.9883,51.1395],[20.0017,51.1331],[19.9856,51.1349],[19.9885,51.1304],[19.9881,51.1189],[19.9918,51.1126],[19.99,51.1093],[19.993,51.0996],[19.9888,51.093],[19.9889,51.0867],[19.9864,51.0783],[19.9818,51.0732],[20.0454,51.0686],[20.0446,51.06],[20.0515,51.0628],[20.0562,51.0578],[20.048,51.0534],[20.0507,51.0328],[20.0489,51.0293],[20.0509,51.0263],[20.0487,51.0217],[20.0511,51.0172],[20.0496,51.0161],[20.049,51.0117],[20.0431,51.0026],[20.0404,51.0001],[20.0352,50.9987],[20.0326,50.9954],[20.0339,50.9909],[20.0382,50.9914],[20.0395,50.9902],[20.0375,50.9764],[20.0356,50.9726],[20.0271,50.9726],[20.0242,50.97],[20.0249,50.9683],[20.0223,50.9681],[20.0195,50.9624],[19.9579,50.9904],[19.9558,50.9921],[19.9588,51.0022],[19.9487,51.0128],[19.9403,51.0092],[19.9357,51.0111],[19.9369,51.0246],[19.92,51.0244],[19.9213,51.0256],[19.8976,51.0282],[19.8862,51.0476],[19.8763,51.0483],[19.8749,51.0449],[19.8761,51.0432],[19.8736,51.0433],[19.8728,51.0376],[19.8692,51.0382],[19.8666,51.0365],[19.8676,51.0343],[19.864,51.0302],[19.865,51.0269],[19.8678,51.0248],[19.865,51.0236],[19.8675,51.0221],[19.8665,51.0199],[19.8649,51.0189],[19.8639,51.0202],[19.8612,51.0182],[19.8605,51.012],[19.8635,51.0048],[19.8605,51.0048],[19.8614,51.0029],[19.8568,50.9987],[19.8545,50.999],[19.8473,50.9948],[19.8351,50.9767],[19.8331,50.9767],[19.8296,50.9686],[19.8309,50.969],[19.8279,50.9668],[19.8306,50.9652],[19.8276,50.9626],[19.8297,50.9622],[19.8298,50.9591],[19.8342,50.9585],[19.833,50.958],[19.8345,50.9569],[19.8326,50.9558],[19.8349,50.9551],[19.8331,50.9539],[19.8349,50.9521],[19.8331,50.9499],[19.8417,50.9484],[19.8462,50.9452],[19.8434,50.9439],[19.847,50.9413],[19.8462,50.9396],[19.8488,50.9357],[19.8472,50.9338],[19.848,50.9322],[19.841,50.9233],[19.8375,50.9213],[19.8366,50.9192],[19.8376,50.9188],[19.836,50.918],[19.8376,50.9173],[19.823,50.9154],[19.8237,50.9141],[19.8193,50.9132],[19.808,50.9067],[19.7997,50.9084],[19.7937,50.9071],[19.7928,50.9058],[19.7949,50.9048],[19.7914,50.9039],[19.7918,50.9014],[19.7893,50.9005],[19.7928,50.9013],[19.7928,50.8993],[19.7888,50.8991],[19.7904,50.8985],[19.7887,50.898],[19.7905,50.8968],[19.7889,50.8963],[19.7905,50.8937],[19.7874,50.894],[19.789,50.8918],[19.787,50.8908],[19.7849,50.8919],[19.7869,50.8872],[19.782,50.8847],[19.7766,50.8851],[19.7752,50.8834],[19.7767,50.883],[19.7777,50.8799],[19.7751,50.8783],[19.7472,50.8665],[19.7461,50.861],[19.7435,50.8596],[19.7441,50.8578],[19.7472,50.8572],[19.7426,50.8548],[19.7441,50.8538],[19.7423,50.8515],[19.735,50.8509],[19.7341,50.8491],[19.7286,50.8494],[19.7279,50.8433],[19.6991,50.8443],[19.6957,50.8462],[19.695,50.8436],[19.6829,50.8452],[19.6775,50.8504],[19.6749,50.8476],[19.6701,50.8487],[19.6675,50.8541],[19.6614,50.8545],[19.6617,50.8569],[19.6584,50.8603],[19.6578,50.8633],[19.6601,50.8676],[19.6611,50.8747],[19.6386,50.88],[19.6382,50.8788],[19.6302,50.8787],[19.618,50.8805],[19.6139,50.8773],[19.5936,50.8999],[19.5877,50.9024],[19.5872,50.9052],[19.5774,50.9048],[19.577,50.9072]]]]}},{"type":"Feature","properties":{"GID_2":"POL.3.16_1","GID_0":"POL","COUNTRY":"Poland","GID_1":"POL.3_1","NAME_1":"Lodzkie","NL_NAME_1":"NA","NAME_2":"Rawa","VARNAME_2":"NA","NL_NAME_2":"NA","TYPE_2":"Powiat","ENGTYPE_2":"County","CC_2":"1013","HASC_2":"NA"},"geometry":{"type":"MultiPolygon","coordinates":[[[[20.4417,51.6913],[20.4368,51.6882],[20.4375,51.6865],[20.4419,51.6857],[20.4423,51.6847],[20.438,51.6829],[20.4394,51.6815],[20.4237,51.6762],[20.4085,51.6749],[20.4067,51.6726],[20.4002,51.6728],[20.3981,51.6711],[20.3955,51.6667],[20.3954,51.6626],[20.3904,51.6599],[20.3913,51.6553],[20.3951,51.6514],[20.3953,51.647],[20.3697,51.6321],[20.3653,51.6337],[20.3592,51.6401],[20.36,51.6434],[20.3586,51.6477],[20.3544,51.6474],[20.3544,51.6462],[20.3377,51.6482],[20.3385,51.6517],[20.333,51.6527],[20.331,51.6487],[20.3265,51.6476],[20.3179,51.6503],[20.3206,51.6556],[20.3095,51.6554],[20.31,51.6535],[20.3048,51.6535],[20.2944,51.6552],[20.2953,51.6563],[20.2913,51.6572],[20.2855,51.6543],[20.2851,51.66],[20.2807,51.6678],[20.2837,51.6804],[20.2876,51.6823],[20.2858,51.6886],[20.2786,51.6958],[20.2798,51.696],[20.2796,51.7005],[20.2685,51.6994],[20.2699,51.6967],[20.2662,51.6965],[20.2646,51.7102],[20.253,51.7099],[20.2469,51.7116],[20.24,51.7079],[20.2381,51.7099],[20.2403,51.7117],[20.232,51.7128],[20.2205,51.7244],[20.2089,51.7205],[20.2063,51.7239],[20.2042,51.7232],[20.2085,51.7182],[20.2015,51.7157],[20.1985,51.7162],[20.1982,51.7182],[20.1822,51.7114],[20.1751,51.711],[20.1759,51.708],[20.1777,51.7072],[20.1728,51.7019],[20.1695,51.7006],[20.1661,51.7033],[20.1598,51.7043],[20.1527,51.7027],[20.15,51.705],[20.1509,51.7062],[20.1405,51.7088],[20.138,51.7109],[20.1448,51.7113],[20.1471,51.7139],[20.1514,51.7141],[20.1527,51.716],[20.151,51.7189],[20.1509,51.7242],[20.1494,51.723],[20.134,51.7242],[20.1338,51.726],[20.1278,51.7287],[20.1232,51.7279],[20.115,51.7316],[20.1115,51.7385],[20.1151,51.7387],[20.1158,51.7402],[20.1314,51.74],[20.1395,51.7415],[20.1384,51.7424],[20.1413,51.7528],[20.146,51.7603],[20.1595,51.7603],[20.1654,51.7585],[20.1693,51.7643],[20.1666,51.7693],[20.1706,51.7718],[20.1742,51.7713],[20.1793,51.7794],[20.1868,51.7784],[20.189,51.7839],[20.1892,51.7998],[20.1852,51.8028],[20.1531,51.8049],[20.1318,51.8113],[20.1244,51.8115],[20.1251,51.8132],[20.1185,51.8197],[20.1222,51.8258],[20.1365,51.8358],[20.1379,51.8442],[20.1518,51.8399],[20.1746,51.8423],[20.1869,51.8344],[20.2067,51.8393],[20.2043,51.844],[20.2072,51.8442],[20.2065,51.8481],[20.215,51.8505],[20.2235,51.8495],[20.2326,51.8509],[20.2412,51.8493],[20.2642,51.851],[20.2861,51.8498],[20.2867,51.849],[20.2824,51.8485],[20.2838,51.848],[20.2825,51.847],[20.2837,51.8446],[20.2856,51.8449],[20.2848,51.8437],[20.299,51.8453],[20.3136,51.8403],[20.3152,51.8416],[20.3149,51.8473],[20.3406,51.8496],[20.3362,51.8515],[20.3347,51.8572],[20.3289,51.8629],[20.3318,51.8707],[20.3505,51.8694],[20.3572,51.8649],[20.3679,51.8651],[20.3772,51.8585],[20.3795,51.8607],[20.415,51.8697],[20.4317,51.8527],[20.4337,51.8482],[20.439,51.8496],[20.4481,51.8557],[20.4525,51.8561],[20.4587,51.8632],[20.4732,51.8625],[20.4765,51.8638],[20.4745,51.8659],[20.4785,51.8679],[20.4913,51.8688],[20.51,51.8671],[20.5113,51.873],[20.5087,51.8821],[20.5119,51.887],[20.5188,51.8923],[20.5634,51.8876],[20.5708,51.888],[20.569,51.8865],[20.5664,51.8763],[20.5748,51.8734],[20.5762,51.8715],[20.5857,51.8696],[20.5843,51.8676],[20.591,51.8603],[20.5919,51.8551],[20.5903,51.8525],[20.5906,51.8494],[20.6054,51.8496],[20.5963,51.8398],[20.5997,51.8274],[20.619,51.8276],[20.6198,51.8216],[20.6195,51.8204],[20.6083,51.8195],[20.6077,51.8161],[20.5761,51.8199],[20.5761,51.821],[20.5629,51.8212],[20.5575,51.8188],[20.5602,51.8122],[20.5821,51.8111],[20.5791,51.7927],[20.582,51.7912],[20.5866,51.7845],[20.5842,51.7823],[20.586,51.7781],[20.5924,51.7768],[20.5951,51.7694],[20.5877,51.7703],[20.5873,51.769],[20.5941,51.768],[20.5841,51.7618],[20.5826,51.748],[20.6022,51.7465],[20.6388,51.7375],[20.639,51.7325],[20.6486,51.7303],[20.6585,51.7242],[20.6545,51.7149],[20.6575,51.7087],[20.6593,51.6986],[20.6567,51.6938],[20.6532,51.6771],[20.6368,51.6763],[20.6339,51.6699],[20.6239,51.669],[20.6199,51.6648],[20.6232,51.6615],[20.6216,51.6579],[20.5972,51.6595],[20.5966,51.6572],[20.5843,51.6629],[20.5738,51.663],[20.5352,51.6687],[20.5227,51.6657],[20.5225,51.677],[20.5197,51.6764],[20.5197,51.6707],[20.5182,51.6709],[20.5187,51.6739],[20.515,51.6744],[20.5145,51.6855],[20.4965,51.6856],[20.4877,51.6836],[20.4797,51.686],[20.4672,51.6928],[20.467,51.6972],[20.4581,51.6925],[20.4537,51.6934],[20.4535,51.6914],[20.4509,51.6901],[20.4507,51.686],[20.4449,51.6883],[20.4417,51.6913]]]]}},{"type":"Feature","properties":{"GID_2":"POL.3.17_1","GID_0":"POL","COUNTRY":"Poland","GID_1":"POL.3_1","NAME_1":"Lodzkie","NL_NAME_1":"NA","NAME_2":"Sieradz","VARNAME_2":"NA","NL_NAME_2":"NA","TYPE_2":"Powiat","ENGTYPE_2":"County","CC_2":"1014","HASC_2":"NA"},"geometry":{"type":"MultiPolygon","coordinates":[[[[18.7243,51.3574],[18.7059,51.3567],[18.7002,51.3593],[18.6851,51.3517],[18.6825,51.3577],[18.6723,51.3617],[18.6701,51.3594],[18.662,51.3585],[18.6357,51.365],[18.622,51.366],[18.6202,51.3675],[18.6198,51.3737],[18.6168,51.3808],[18.6143,51.3814],[18.6078,51.3781],[18.5965,51.3778],[18.596,51.3759],[18.5928,51.3743],[18.5877,51.3774],[18.5882,51.3757],[18.5691,51.3831],[18.5216,51.3845],[18.5196,51.3902],[18.5018,51.3963],[18.4958,51.3958],[18.4649,51.3994],[18.4555,51.3973],[18.427,51.3978],[18.413,51.3964],[18.404,51.3934],[18.3675,51.3895],[18.3623,51.3909],[18.353,51.3892],[18.3505,51.3905],[18.3436,51.3884],[18.3355,51.3891],[18.3291,51.3919],[18.3272,51.4004],[18.332,51.4075],[18.332,51.4108],[18.3294,51.4178],[18.3263,51.4198],[18.3405,51.4301],[18.3407,51.441],[18.3456,51.4472],[18.3514,51.4497],[18.3562,51.4566],[18.3575,51.4606],[18.3562,51.4642],[18.3579,51.4667],[18.3518,51.4698],[18.3533,51.4707],[18.3616,51.468],[18.3767,51.4728],[18.3828,51.4773],[18.38,51.5183],[18.3771,51.5189],[18.3753,51.5219],[18.3606,51.5314],[18.3608,51.5338],[18.3585,51.5364],[18.3598,51.5405],[18.3694,51.5437],[18.3739,51.5479],[18.3683,51.5497],[18.3696,51.5562],[18.3678,51.5616],[18.3648,51.5645],[18.3672,51.5685],[18.3704,51.5705],[18.3699,51.5732],[18.3727,51.5768],[18.3705,51.591],[18.3786,51.5923],[18.3768,51.6001],[18.3487,51.6014],[18.3527,51.6072],[18.3686,51.617],[18.3651,51.6209],[18.365,51.6239],[18.3585,51.6263],[18.35,51.6269],[18.3533,51.6298],[18.3528,51.6333],[18.37,51.6343],[18.3703,51.6359],[18.3743,51.6374],[18.3814,51.6508],[18.3809,51.6523],[18.3722,51.6546],[18.3728,51.6555],[18.37,51.6568],[18.3553,51.6605],[18.3578,51.6722],[18.3642,51.6817],[18.3799,51.6844],[18.3788,51.6892],[18.3854,51.6946],[18.3969,51.6958],[18.3963,51.6987],[18.393,51.7014],[18.4122,51.7006],[18.4137,51.7046],[18.4096,51.706],[18.4114,51.7113],[18.4102,51.7161],[18.4005,51.7222],[18.4011,51.7238],[18.4067,51.7237],[18.4082,51.7266],[18.4208,51.7268],[18.4235,51.7359],[18.4202,51.7415],[18.4153,51.7453],[18.405,51.7467],[18.4027,51.7504],[18.4172,51.7485],[18.4215,51.7579],[18.4299,51.7572],[18.4322,51.765],[18.4295,51.7694],[18.4293,51.7732],[18.4263,51.7736],[18.4254,51.7775],[18.42,51.7795],[18.4165,51.785],[18.4093,51.7917],[18.4243,51.7928],[18.4244,51.8006],[18.4291,51.8016],[18.426,51.7924],[18.4368,51.7936],[18.4383,51.7945],[18.4374,51.7977],[18.4443,51.7985],[18.4422,51.8032],[18.4435,51.8058],[18.4411,51.8094],[18.4425,51.8174],[18.4393,51.8248],[18.4414,51.8265],[18.4478,51.8271],[18.4719,51.8199],[18.4676,51.8258],[18.467,51.8296],[18.4627,51.8298],[18.4629,51.8314],[18.4671,51.8317],[18.4638,51.8345],[18.4644,51.8378],[18.4694,51.8389],[18.4713,51.8411],[18.4686,51.8448],[18.472,51.851],[18.4869,51.8494],[18.4941,51.8514],[18.4942,51.8527],[18.5073,51.8544],[18.5105,51.8507],[18.51,51.8421],[18.5155,51.8342],[18.5346,51.8361],[18.5337,51.8391],[18.5349,51.8393],[18.535,51.8417],[18.5465,51.8429],[18.55,51.8454],[18.5696,51.8444],[18.5887,51.8461],[18.5949,51.848],[18.6105,51.8393],[18.6132,51.8344],[18.6306,51.8307],[18.6425,51.8339],[18.6487,51.8268],[18.6654,51.8264],[18.6691,51.8238],[18.6723,51.8247],[18.6857,51.821],[18.6812,51.8168],[18.6835,51.8145],[18.6835,51.8106],[18.6766,51.8051],[18.6697,51.8036],[18.6683,51.8018],[18.6696,51.7935],[18.6665,51.7933],[18.6678,51.7854],[18.661,51.7851],[18.662,51.774],[18.6653,51.772],[18.6567,51.7677],[18.6597,51.7658],[18.6572,51.7646],[18.6576,51.7622],[18.6543,51.7568],[18.6558,51.7566],[18.6568,51.7539],[18.6531,51.7506],[18.6549,51.7495],[18.6514,51.7488],[18.6672,51.7441],[18.6669,51.7455],[18.6697,51.746],[18.6775,51.7456],[18.6764,51.7416],[18.6923,51.7422],[18.7022,51.7389],[18.7138,51.7396],[18.7264,51.7354],[18.7344,51.7347],[18.7331,51.7422],[18.7342,51.7436],[18.7395,51.7471],[18.7498,51.7488],[18.747,51.7588],[18.7608,51.7607],[18.7637,51.7552],[18.7642,51.7496],[18.7834,51.746],[18.8058,51.7395],[18.8156,51.7362],[18.8235,51.7308],[18.8395,51.7269],[18.8402,51.7237],[18.8372,51.717],[18.8374,51.7103],[18.8415,51.6968],[18.8332,51.6946],[18.821,51.685],[18.8156,51.6879],[18.8092,51.6846],[18.8016,51.6876],[18.8048,51.6753],[18.8065,51.6745],[18.8051,51.6717],[18.8069,51.6693],[18.8066,51.6657],[18.8102,51.6664],[18.821,51.6627],[18.8168,51.6619],[18.8192,51.6572],[18.8258,51.6582],[18.8273,51.6523],[18.8299,51.6543],[18.8566,51.6423],[18.8468,51.6354],[18.8734,51.6165],[18.8643,51.6123],[18.8727,51.6109],[18.871,51.6089],[18.872,51.6067],[18.8798,51.6009],[18.8797,51.5992],[18.8756,51.5937],[18.8696,51.5904],[18.8609,51.5904],[18.8452,51.5876],[18.8428,51.5858],[18.8429,51.577],[18.8339,51.5763],[18.8113,51.5633],[18.818,51.5616],[18.8235,51.5579],[18.822,51.5569],[18.8234,51.5561],[18.8167,51.5512],[18.8188,51.5497],[18.8231,51.5482],[18.8306,51.5528],[18.8331,51.5528],[18.8392,51.5463],[18.8478,51.5478],[18.8477,51.5417],[18.8537,51.5373],[18.8586,51.5394],[18.8621,51.5384],[18.8611,51.5363],[18.854,51.5332],[18.8544,51.5292],[18.8593,51.5253],[18.8675,51.5226],[18.8714,51.5185],[18.8661,51.5145],[18.868,51.5096],[18.8579,51.5059],[18.8585,51.5015],[18.8571,51.4984],[18.8685,51.4925],[18.8673,51.4904],[18.8634,51.4907],[18.8627,51.4881],[18.8639,51.4835],[18.8694,51.4822],[18.8659,51.478],[18.8693,51.4727],[18.8671,51.4681],[18.8622,51.4657],[18.8637,51.4655],[18.8603,51.4607],[18.8586,51.4609],[18.8541,51.4558],[18.8562,51.4553],[18.8691,51.4695],[18.8785,51.4661],[18.8677,51.4529],[18.8571,51.455],[18.8544,51.4509],[18.8506,51.4525],[18.8469,51.4468],[18.8429,51.4471],[18.8419,51.4451],[18.8375,51.4436],[18.83,51.4473],[18.8236,51.4391],[18.8313,51.4346],[18.8268,51.4345],[18.8246,51.4312],[18.818,51.4334],[18.8155,51.4321],[18.8132,51.4284],[18.8128,51.423],[18.8052,51.4184],[18.8051,51.4148],[18.8081,51.4136],[18.8083,51.4118],[18.7994,51.4107],[18.7978,51.408],[18.7827,51.4102],[18.7809,51.4068],[18.7807,51.3965],[18.7902,51.3937],[18.785,51.3869],[18.7682,51.3799],[18.7699,51.3732],[18.7668,51.3652],[18.7296,51.3611],[18.7243,51.3574]],[[18.8173,51.6565],[18.8069,51.6534],[18.7939,51.6535],[18.8015,51.6451],[18.8197,51.6503],[18.8173,51.6565]]]]}},{"type":"Feature","properties":{"GID_2":"POL.3.19_1","GID_0":"POL","COUNTRY":"Poland","GID_1":"POL.3_1","NAME_1":"Lodzkie","NL_NAME_1":"NA","NAME_2":"Skierniewice","VARNAME_2":"NA","NL_NAME_2":"NA","TYPE_2":"Powiat","ENGTYPE_2":"County","CC_2":"1015","HASC_2":"NA"},"geometry":{"type":"MultiPolygon","coordinates":[[[[20.0159,51.7736],[20.0046,51.7744],[19.9871,51.7807],[19.9899,51.7939],[20.0022,51.7905],[20.0049,51.7987],[19.9953,51.7991],[19.995,51.8145],[20.0022,51.8148],[20.0143,51.8269],[19.9944,51.8369],[19.9857,51.8342],[19.9786,51.8363],[19.9684,51.8432],[19.9656,51.8479],[19.9658,51.851],[19.9555,51.8464],[19.9446,51.8459],[19.9227,51.8496],[19.904,51.8584],[19.8958,51.8589],[19.8895,51.8624],[19.8845,51.8687],[19.8761,51.8723],[19.8778,51.8831],[19.8861,51.8881],[19.878,51.8952],[19.8734,51.8948],[19.8685,51.9159],[19.9005,51.9095],[19.8986,51.9192],[19.9301,51.9236],[19.9245,51.9343],[19.9091,51.9321],[19.9067,51.9357],[19.9078,51.94],[19.9059,51.9415],[19.9069,51.949],[19.9166,51.9496],[19.9172,51.9552],[19.9267,51.9567],[19.924,51.967],[19.9479,51.9693],[19.9451,51.9813],[19.9633,51.983],[19.9611,51.9921],[20.0024,51.9959],[20.0054,51.9838],[20.0213,51.9864],[20.0204,51.9883],[20.0617,51.9947],[20.0515,52.0038],[20.0674,52.0134],[20.0895,52.0217],[20.0778,52.0282],[20.1222,52.0233],[20.1117,52.0285],[20.1268,52.0428],[20.1287,52.0498],[20.1186,52.0509],[20.1191,52.0552],[20.1223,52.0568],[20.121,52.0607],[20.1256,52.0611],[20.1234,52.0674],[20.1188,52.0669],[20.1192,52.0694],[20.0979,52.0683],[20.0958,52.074],[20.0966,52.0776],[20.0928,52.0857],[20.1241,52.0937],[20.1136,52.1253],[20.1017,52.1221],[20.0987,52.1299],[20.1117,52.1313],[20.1094,52.1394],[20.1123,52.1423],[20.1132,52.1415],[20.1185,52.1446],[20.1348,52.1453],[20.1472,52.1493],[20.1606,52.1513],[20.1627,52.147],[20.1642,52.1473],[20.1614,52.1426],[20.1651,52.1386],[20.1784,52.1322],[20.1862,52.1235],[20.1969,52.1171],[20.2026,52.1147],[20.2063,52.115],[20.213,52.1186],[20.2519,52.1173],[20.2574,52.1063],[20.2689,52.1007],[20.2706,52.0936],[20.2684,52.0914],[20.2699,52.0771],[20.246,52.0756],[20.2433,52.0731],[20.2493,52.0674],[20.2478,52.0614],[20.2505,52.0562],[20.2531,52.0553],[20.2059,52.028],[20.2028,52.0308],[20.1994,52.0304],[20.2011,52.0295],[20.1984,52.0258],[20.2022,52.0249],[20.2016,52.0228],[20.2111,52.0176],[20.2123,52.0137],[20.2219,52.0089],[20.2268,52.0044],[20.2432,51.9989],[20.2501,52.0062],[20.2624,52.0005],[20.2551,51.9956],[20.2622,51.9935],[20.2602,51.9914],[20.2722,51.9823],[20.2715,51.9713],[20.2933,51.9685],[20.294,51.9671],[20.2407,51.951],[20.2435,51.9334],[20.2658,51.9309],[20.2687,51.9352],[20.2853,51.9386],[20.2919,51.9368],[20.2895,51.9383],[20.2916,51.9397],[20.2969,51.9357],[20.3099,51.935],[20.3121,51.929],[20.3116,51.9252],[20.3144,51.9241],[20.312,51.9235],[20.3116,51.9185],[20.3085,51.9157],[20.2989,51.9144],[20.2954,51.9123],[20.3099,51.9138],[20.3115,51.9123],[20.3179,51.9123],[20.3239,51.922],[20.3537,51.9197],[20.3598,51.9283],[20.3726,51.9236],[20.3837,51.937],[20.3779,51.9387],[20.3715,51.9338],[20.3707,51.9383],[20.3815,51.9425],[20.3891,51.942],[20.3932,51.9381],[20.3971,51.9305],[20.4135,51.9304],[20.4197,51.9346],[20.4235,51.941],[20.4192,51.9465],[20.4201,51.9479],[20.4302,51.9381],[20.4326,51.9374],[20.4394,51.9435],[20.4457,51.941],[20.4438,51.9389],[20.4492,51.9378],[20.4493,51.9365],[20.4571,51.9332],[20.4755,51.9311],[20.4784,51.9268],[20.478,51.9202],[20.4858,51.9205],[20.4909,51.9104],[20.4794,51.9],[20.4895,51.8941],[20.4983,51.8895],[20.51,51.8944],[20.5188,51.8923],[20.5119,51.887],[20.5087,51.8821],[20.5113,51.873],[20.51,51.8671],[20.4913,51.8688],[20.4785,51.8679],[20.4745,51.8659],[20.4765,51.8638],[20.4732,51.8625],[20.4587,51.8632],[20.4525,51.8561],[20.4481,51.8557],[20.439,51.8496],[20.4337,51.8482],[20.4317,51.8527],[20.415,51.8697],[20.3795,51.8607],[20.3772,51.8585],[20.3679,51.8651],[20.3572,51.8649],[20.3505,51.8694],[20.3318,51.8707],[20.3289,51.8629],[20.3347,51.8572],[20.3362,51.8515],[20.3406,51.8496],[20.3149,51.8473],[20.3152,51.8416],[20.3136,51.8403],[20.299,51.8453],[20.2848,51.8437],[20.2856,51.8449],[20.2837,51.8446],[20.2825,51.847],[20.2838,51.848],[20.2824,51.8485],[20.2867,51.849],[20.2861,51.8498],[20.2642,51.851],[20.2412,51.8493],[20.2326,51.8509],[20.2235,51.8495],[20.215,51.8505],[20.2065,51.8481],[20.2072,51.8442],[20.2043,51.844],[20.2067,51.8393],[20.1869,51.8344],[20.1746,51.8423],[20.1518,51.8399],[20.1379,51.8442],[20.1365,51.8358],[20.1222,51.8258],[20.1185,51.8197],[20.1251,51.8132],[20.1244,51.8115],[20.1318,51.8113],[20.1531,51.8049],[20.1852,51.8028],[20.1892,51.7998],[20.1894,51.79],[20.189,51.7839],[20.1863,51.7776],[20.1793,51.7794],[20.1742,51.7713],[20.1706,51.7718],[20.1666,51.7693],[20.1693,51.7643],[20.1654,51.7585],[20.1595,51.7603],[20.146,51.7603],[20.1413,51.7528],[20.1384,51.7424],[20.1395,51.7415],[20.1363,51.7407],[20.1164,51.7398],[20.1043,51.7426],[20.1015,51.7423],[20.0987,51.739],[20.0938,51.7386],[20.0916,51.7423],[20.0848,51.7449],[20.0802,51.7496],[20.0721,51.7514],[20.0699,51.7557],[20.0614,51.7602],[20.0606,51.7626],[20.0348,51.7665],[20.0287,51.7693],[20.0222,51.7698],[20.0197,51.7728],[20.0159,51.7736]],[[20.108,51.9664],[20.1102,51.9662],[20.1095,51.9582],[20.1049,51.9585],[20.113,51.9527],[20.1199,51.9507],[20.1119,51.9489],[20.1131,51.9432],[20.1071,51.9391],[20.1117,51.9361],[20.1051,51.9337],[20.1074,51.9299],[20.1052,51.9272],[20.1133,51.9264],[20.1145,51.9283],[20.1229,51.9267],[20.1319,51.933],[20.1548,51.9299],[20.156,51.9248],[20.1584,51.9225],[20.1606,51.9244],[20.1591,51.9268],[20.1596,51.9314],[20.163,51.9311],[20.1631,51.9333],[20.1705,51.9301],[20.1815,51.9296],[20.1805,51.9314],[20.184,51.9312],[20.1782,51.9429],[20.1883,51.9431],[20.1924,51.948],[20.1833,51.9498],[20.184,51.9641],[20.1975,51.9615],[20.1924,51.9628],[20.2001,51.9624],[20.1843,51.9657],[20.1864,51.9749],[20.1995,51.9737],[20.2002,51.9719],[20.2005,51.9735],[20.2175,51.9707],[20.2324,51.9732],[20.2333,51.9754],[20.2315,51.976],[20.2323,51.9785],[20.2289,51.9787],[20.2281,51.9833],[20.2209,51.9844],[20.22,51.9859],[20.1964,51.9815],[20.173,51.9863],[20.1635,51.9936],[20.1608,51.9907],[20.1604,51.9874],[20.1499,51.9933],[20.1455,51.9902],[20.1502,51.9876],[20.1173,51.9752],[20.1227,51.9754],[20.108,51.9664]]]]}},{"type":"Feature","properties":{"GID_2":"POL.3.18_1","GID_0":"POL","COUNTRY":"Poland","GID_1":"POL.3_1","NAME_1":"Lodzkie","NL_NAME_1":"NA","NAME_2":"Skierniewice","VARNAME_2":"NA","NL_NAME_2":"NA","TYPE_2":"Miastonaprawachpowiatu","ENGTYPE_2":"Citywithpowiatrights","CC_2":"1063","HASC_2":"NA"},"geometry":{"type":"MultiPolygon","coordinates":[[[[20.1052,51.9272],[20.1074,51.9299],[20.1051,51.9337],[20.1117,51.9361],[20.1071,51.9391],[20.1131,51.9432],[20.1119,51.9489],[20.1199,51.9507],[20.113,51.9527],[20.1049,51.9585],[20.1095,51.9582],[20.1102,51.9662],[20.107,51.9664],[20.1227,51.9754],[20.1173,51.9752],[20.1502,51.9876],[20.1455,51.9902],[20.1499,51.9933],[20.1604,51.9874],[20.1608,51.9907],[20.1635,51.9936],[20.173,51.9863],[20.1964,51.9815],[20.22,51.9859],[20.2209,51.9844],[20.2281,51.9833],[20.2289,51.9787],[20.2327,51.9779],[20.2315,51.9761],[20.2333,51.9754],[20.2324,51.9732],[20.2175,51.9707],[20.2005,51.9735],[20.2002,51.9719],[20.1995,51.9737],[20.1864,51.9749],[20.1843,51.9657],[20.2001,51.9624],[20.1924,51.9628],[20.1975,51.9615],[20.184,51.9641],[20.1833,51.9498],[20.1924,51.948],[20.1883,51.9431],[20.1782,51.9429],[20.184,51.9312],[20.1805,51.9314],[20.1815,51.9296],[20.1705,51.9301],[20.1631,51.9333],[20.163,51.9311],[20.1596,51.9314],[20.1591,51.9268],[20.1606,51.9244],[20.1584,51.9225],[20.156,51.9248],[20.1548,51.9299],[20.1319,51.933],[20.1229,51.9267],[20.1145,51.9283],[20.1133,51.9264],[20.1052,51.9272]]]]}},{"type":"Feature","properties":{"GID_2":"POL.3.20_1","GID_0":"POL","COUNTRY":"Poland","GID_1":"POL.3_1","NAME_1":"Lodzkie","NL_NAME_1":"NA","NAME_2":"TomaszowMazowiecki","VARNAME_2":"NA","NL_NAME_2":"NA","TYPE_2":"Powiat","ENGTYPE_2":"County","CC_2":"1016","HASC_2":"NA"},"geometry":{"type":"MultiPolygon","coordinates":[[[[20.0565,51.441],[20.0511,51.4407],[20.0361,51.4335],[20.032,51.4342],[20.0165,51.431],[20.0056,51.4352],[19.9473,51.4283],[19.9364,51.4252],[19.9278,51.4199],[19.9264,51.4242],[19.9359,51.4271],[19.9338,51.4325],[19.9383,51.4354],[19.9349,51.4409],[19.9434,51.4413],[19.9468,51.4467],[19.9562,51.4471],[19.9579,51.4522],[19.9622,51.4529],[19.9519,51.4569],[19.9579,51.4604],[19.9534,51.467],[19.958,51.4771],[19.9486,51.4796],[19.9185,51.4823],[19.9212,51.4898],[19.9212,51.4969],[19.9176,51.5005],[19.9099,51.5038],[19.9023,51.5132],[19.8959,51.5143],[19.8948,51.517],[19.8863,51.5103],[19.8746,51.5076],[19.8726,51.5059],[19.8704,51.5199],[19.8562,51.5234],[19.8636,51.5285],[19.8809,51.5288],[19.8814,51.5394],[19.8882,51.5406],[19.8907,51.5445],[19.8856,51.5471],[19.8844,51.5487],[19.8852,51.5513],[19.878,51.557],[19.87,51.5579],[19.8661,51.565],[19.8496,51.5784],[19.8417,51.579],[19.8257,51.5697],[19.8297,51.5598],[19.8293,51.5562],[19.8218,51.543],[19.8339,51.5388],[19.8356,51.5343],[19.8132,51.5399],[19.8037,51.5316],[19.7962,51.5305],[19.7869,51.5387],[19.7876,51.5398],[19.7859,51.54],[19.7851,51.5427],[19.783,51.542],[19.782,51.5452],[19.778,51.5452],[19.7734,51.5586],[19.7573,51.5581],[19.7578,51.5567],[19.7393,51.5588],[19.7312,51.5635],[19.7308,51.5653],[19.7341,51.5694],[19.7224,51.572],[19.7239,51.574],[19.7134,51.572],[19.7183,51.5809],[19.7217,51.5831],[19.7204,51.5877],[19.7242,51.5967],[19.7226,51.5973],[19.7234,51.5986],[19.717,51.6007],[19.7192,51.6033],[19.7184,51.6068],[19.721,51.6122],[19.7156,51.619],[19.7091,51.6232],[19.7083,51.6295],[19.7134,51.629],[19.7271,51.6349],[19.7278,51.638],[19.7208,51.6387],[19.7319,51.6803],[19.7364,51.6798],[19.7465,51.6874],[19.7335,51.6926],[19.7519,51.7102],[19.7573,51.7074],[19.7722,51.7061],[19.7702,51.6954],[19.7789,51.6953],[19.78,51.7078],[19.7907,51.708],[19.8081,51.7041],[19.8081,51.7017],[19.8254,51.7],[19.825,51.6951],[19.8333,51.6949],[19.8335,51.6969],[19.845,51.6906],[19.8459,51.6863],[19.849,51.6908],[19.8563,51.6942],[19.859,51.6939],[19.8621,51.6888],[19.8708,51.6858],[19.8771,51.6798],[19.8743,51.6753],[19.8755,51.6713],[19.8809,51.6654],[19.8788,51.6603],[19.9129,51.6644],[19.9467,51.6981],[19.9446,51.699],[19.9536,51.706],[19.9463,51.7093],[19.9508,51.7128],[19.9559,51.7127],[19.9557,51.7191],[19.9687,51.7281],[19.9822,51.727],[19.983,51.7345],[19.9776,51.7361],[19.9824,51.7407],[19.9814,51.7412],[19.9852,51.742],[19.9857,51.7452],[19.9957,51.7473],[19.9968,51.7488],[19.989,51.7558],[19.9906,51.7625],[20.0002,51.7633],[20.0066,51.7659],[20.0078,51.7698],[20.0148,51.7715],[20.0137,51.7727],[20.0162,51.7735],[20.0197,51.7728],[20.0222,51.7698],[20.0287,51.7693],[20.0348,51.7665],[20.0606,51.7626],[20.0614,51.7602],[20.0699,51.7557],[20.0721,51.7514],[20.0802,51.7496],[20.0848,51.7449],[20.0916,51.7423],[20.0938,51.7386],[20.0987,51.739],[20.102,51.7425],[20.1077,51.7424],[20.1082,51.7411],[20.1158,51.7402],[20.1151,51.7387],[20.1115,51.7385],[20.116,51.7309],[20.1232,51.7279],[20.1278,51.7287],[20.1338,51.726],[20.134,51.7242],[20.1494,51.723],[20.1509,51.7242],[20.151,51.7189],[20.1527,51.716],[20.1514,51.7141],[20.1471,51.7139],[20.1448,51.7113],[20.138,51.7109],[20.1405,51.7088],[20.1509,51.7062],[20.15,51.705],[20.1527,51.7027],[20.1598,51.7043],[20.1661,51.7033],[20.1695,51.7006],[20.1728,51.7019],[20.1777,51.7072],[20.1759,51.708],[20.1751,51.711],[20.1822,51.7114],[20.1982,51.7182],[20.1985,51.7162],[20.2015,51.7157],[20.2085,51.7182],[20.2042,51.7232],[20.2063,51.7239],[20.2089,51.7205],[20.2205,51.7244],[20.232,51.7128],[20.2403,51.7117],[20.2381,51.7099],[20.24,51.7079],[20.2469,51.7116],[20.253,51.7099],[20.2646,51.7102],[20.2662,51.6965],[20.2699,51.6967],[20.2685,51.6994],[20.2796,51.7005],[20.2798,51.696],[20.2786,51.6958],[20.2858,51.6886],[20.2876,51.6823],[20.2837,51.6804],[20.2807,51.6678],[20.2851,51.66],[20.2855,51.6543],[20.2913,51.6572],[20.2953,51.6563],[20.2944,51.6552],[20.3048,51.6535],[20.31,51.6535],[20.3095,51.6554],[20.3206,51.6556],[20.3179,51.6503],[20.3265,51.6476],[20.331,51.6487],[20.333,51.6527],[20.3385,51.6517],[20.3377,51.6482],[20.3544,51.6462],[20.3544,51.6474],[20.3586,51.6477],[20.36,51.6434],[20.3592,51.6401],[20.3681,51.6324],[20.3723,51.6328],[20.385,51.6416],[20.3912,51.636],[20.4148,51.634],[20.4134,51.6306],[20.4187,51.6303],[20.4188,51.6205],[20.4249,51.6116],[20.4224,51.6098],[20.4228,51.6065],[20.4174,51.6068],[20.4151,51.6045],[20.4202,51.6],[20.4113,51.5983],[20.4105,51.5946],[20.4081,51.5924],[20.4005,51.5894],[20.401,51.5869],[20.3997,51.5856],[20.3881,51.5847],[20.3809,51.5802],[20.3668,51.5764],[20.3622,51.5779],[20.3604,51.5817],[20.3543,51.584],[20.3498,51.5806],[20.3488,51.5757],[20.3441,51.5746],[20.3353,51.5751],[20.3347,51.577],[20.3419,51.5797],[20.339,51.5807],[20.3363,51.5786],[20.3367,51.5834],[20.3346,51.5845],[20.3256,51.5824],[20.3249,51.5801],[20.321,51.5779],[20.3231,51.5741],[20.3101,51.5605],[20.3004,51.5528],[20.2918,51.5505],[20.2872,51.5445],[20.2817,51.5415],[20.2678,51.5285],[20.2588,51.5244],[20.2525,51.5246],[20.2517,51.5231],[20.2543,51.5215],[20.2544,51.5192],[20.2518,51.5181],[20.2522,51.516],[20.2568,51.5133],[20.2657,51.5134],[20.2672,51.5112],[20.2684,51.5068],[20.2655,51.5016],[20.2608,51.5038],[20.2473,51.5062],[20.2307,51.5049],[20.2298,51.5022],[20.2275,51.5025],[20.2251,51.4887],[20.21,51.4922],[20.1994,51.4822],[20.1865,51.4871],[20.185,51.486],[20.1882,51.4749],[20.1913,51.4698],[20.1918,51.4631],[20.148,51.4618],[20.1291,51.4633],[20.1193,51.4518],[20.1016,51.4706],[20.0832,51.465],[20.0782,51.4709],[20.0552,51.4681],[20.0579,51.4601],[20.0661,51.4565],[20.0613,51.455],[20.0583,51.4507],[20.0565,51.441]]]]}},{"type":"Feature","properties":{"GID_2":"POL.3.21_1","GID_0":"POL","COUNTRY":"Poland","GID_1":"POL.3_1","NAME_1":"Lodzkie","NL_NAME_1":"NA","NAME_2":"Wielun","VARNAME_2":"NA","NL_NAME_2":"NA","TYPE_2":"Powiat","ENGTYPE_2":"County","CC_2":"1017","HASC_2":"NA"},"geometry":{"type":"MultiPolygon","coordinates":[[[[18.5453,51.1412],[18.5367,51.1379],[18.5208,51.1403],[18.5155,51.1327],[18.5165,51.1208],[18.5201,51.1162],[18.5166,51.1112],[18.5197,51.108],[18.5129,51.1032],[18.4987,51.0996],[18.4964,51.0978],[18.4965,51.0952],[18.4895,51.0907],[18.4783,51.0923],[18.4814,51.0997],[18.4697,51.1044],[18.4645,51.1202],[18.4541,51.1151],[18.4369,51.1141],[18.4298,51.1157],[18.4291,51.1176],[18.4219,51.1171],[18.4189,51.1259],[18.4065,51.1241],[18.3927,51.1264],[18.3877,51.13],[18.3817,51.1282],[18.3786,51.1309],[18.3756,51.1311],[18.3751,51.1343],[18.3703,51.1352],[18.3672,51.1388],[18.3633,51.1377],[18.3632,51.1363],[18.3606,51.1375],[18.3574,51.136],[18.3497,51.1372],[18.3534,51.1422],[18.3522,51.146],[18.3541,51.1602],[18.349,51.1682],[18.3503,51.1693],[18.3505,51.175],[18.3475,51.1867],[18.352,51.1982],[18.3553,51.1989],[18.3659,51.2169],[18.3623,51.2253],[18.3622,51.231],[18.3635,51.2376],[18.3651,51.2385],[18.3652,51.2424],[18.3635,51.2431],[18.3659,51.2439],[18.3675,51.2471],[18.3698,51.2641],[18.3782,51.2678],[18.388,51.2752],[18.3958,51.2743],[18.3963,51.2773],[18.4016,51.2774],[18.4053,51.3162],[18.418,51.3152],[18.4321,51.3215],[18.4395,51.3208],[18.4428,51.3232],[18.4522,51.3253],[18.4536,51.3243],[18.4504,51.3231],[18.4525,51.3208],[18.4569,51.3224],[18.4568,51.3203],[18.459,51.3202],[18.4604,51.3255],[18.4623,51.3172],[18.4677,51.317],[18.4668,51.3128],[18.4774,51.3122],[18.4755,51.3035],[18.4797,51.3035],[18.479,51.3],[18.4825,51.3],[18.4834,51.3034],[18.4865,51.3034],[18.4899,51.2986],[18.4887,51.2967],[18.4993,51.2982],[18.5028,51.3003],[18.4974,51.305],[18.5027,51.3072],[18.5039,51.3105],[18.5011,51.3203],[18.5019,51.3255],[18.4987,51.3256],[18.4999,51.3269],[18.4982,51.3278],[18.4901,51.3286],[18.4895,51.333],[18.4926,51.3332],[18.4924,51.335],[18.4932,51.3332],[18.4938,51.3345],[18.5114,51.3312],[18.5097,51.3339],[18.5478,51.3404],[18.5368,51.3638],[18.541,51.3635],[18.5422,51.365],[18.5374,51.3732],[18.5625,51.3775],[18.5612,51.3836],[18.5733,51.3824],[18.5928,51.3743],[18.596,51.3759],[18.5965,51.3778],[18.6078,51.3781],[18.6143,51.3814],[18.6168,51.3808],[18.6198,51.3737],[18.6202,51.3675],[18.622,51.366],[18.6357,51.365],[18.662,51.3585],[18.6701,51.3594],[18.6723,51.3617],[18.6825,51.3577],[18.6851,51.3517],[18.7002,51.3593],[18.7059,51.3567],[18.7251,51.3572],[18.7296,51.3611],[18.7668,51.3652],[18.7699,51.3732],[18.7682,51.3799],[18.785,51.3869],[18.7902,51.3937],[18.7807,51.3965],[18.7809,51.4068],[18.7827,51.4102],[18.7978,51.408],[18.7994,51.4107],[18.803,51.4105],[18.8043,51.4076],[18.8237,51.4038],[18.8281,51.4],[18.8301,51.3957],[18.8375,51.398],[18.8489,51.3974],[18.8539,51.3999],[18.856,51.4038],[18.8601,51.3983],[18.8696,51.3913],[18.8743,51.3838],[18.8931,51.3837],[18.8983,51.3616],[18.9132,51.3579],[18.9122,51.3566],[18.9063,51.3581],[18.9031,51.3562],[18.8997,51.357],[18.899,51.3591],[18.8909,51.3568],[18.8936,51.3533],[18.8864,51.3514],[18.8842,51.354],[18.8769,51.3516],[18.88,51.3471],[18.8855,51.3453],[18.876,51.3406],[18.8775,51.3355],[18.8683,51.3346],[18.8613,51.3233],[18.8824,51.3161],[18.8885,51.3049],[18.8558,51.2906],[18.856,51.2879],[18.8584,51.288],[18.8589,51.2832],[18.8663,51.2806],[18.8584,51.275],[18.8582,51.2735],[18.8629,51.2705],[18.8613,51.2681],[18.846,51.2703],[18.8457,51.2668],[18.8355,51.2679],[18.8351,51.2637],[18.8288,51.2643],[18.8278,51.2603],[18.8309,51.2597],[18.8306,51.2587],[18.8152,51.2602],[18.8147,51.2529],[18.8028,51.2542],[18.8029,51.2571],[18.8007,51.2578],[18.7906,51.2545],[18.7974,51.2516],[18.7951,51.2478],[18.7965,51.2444],[18.7934,51.2411],[18.8008,51.233],[18.7906,51.2238],[18.7908,51.2193],[18.7876,51.2145],[18.7938,51.2128],[18.7961,51.2081],[18.8039,51.2076],[18.8089,51.2044],[18.8246,51.2001],[18.8265,51.2027],[18.829,51.2034],[18.8272,51.1983],[18.8206,51.1913],[18.8165,51.1906],[18.8175,51.1881],[18.8162,51.1863],[18.8176,51.1853],[18.8133,51.1844],[18.8111,51.1814],[18.8218,51.1796],[18.8202,51.1773],[18.8214,51.1705],[18.8337,51.1705],[18.832,51.1694],[18.8339,51.1667],[18.8175,51.1642],[18.7926,51.1698],[18.7881,51.1646],[18.7898,51.1619],[18.7794,51.1654],[18.7732,51.1416],[18.7899,51.1373],[18.7916,51.1362],[18.7909,51.1345],[18.7759,51.1353],[18.7744,51.1329],[18.7657,51.1317],[18.7733,51.1316],[18.7738,51.1303],[18.7655,51.1303],[18.7648,51.1238],[18.7522,51.1189],[18.7578,51.1172],[18.7563,51.1125],[18.7615,51.1067],[18.7605,51.1015],[18.7525,51.102],[18.7493,51.1051],[18.7428,51.1022],[18.74,51.1039],[18.7467,51.0983],[18.7567,51.0995],[18.7572,51.0969],[18.7611,51.0934],[18.7667,51.0938],[18.7669,51.0923],[18.7706,51.0919],[18.7709,51.0955],[18.7795,51.0964],[18.7841,51.0922],[18.7841,51.0862],[18.7855,51.0854],[18.7814,51.0849],[18.7822,51.0828],[18.7794,51.0837],[18.7715,51.0823],[18.7681,51.0891],[18.7654,51.0879],[18.7666,51.0825],[18.769,51.0827],[18.7702,51.0783],[18.7657,51.0768],[18.7669,51.0753],[18.7651,51.0743],[18.7628,51.0749],[18.7647,51.0731],[18.7627,51.0728],[18.7637,51.0708],[18.7601,51.0698],[18.7611,51.0675],[18.7664,51.0666],[18.7679,51.0648],[18.7494,51.0623],[18.7394,51.0634],[18.7318,51.0665],[18.7204,51.0646],[18.7101,51.0656],[18.6971,51.0614],[18.6608,51.0546],[18.6484,51.0611],[18.6375,51.0634],[18.625,51.0717],[18.6235,51.0772],[18.608,51.0818],[18.5924,51.0809],[18.5776,51.0821],[18.5774,51.0844],[18.5808,51.0898],[18.5789,51.0935],[18.5623,51.1065],[18.5614,51.1111],[18.5641,51.1123],[18.5676,51.119],[18.5537,51.1388],[18.5453,51.1412]]]]}},{"type":"Feature","properties":{"GID_2":"POL.3.22_1","GID_0":"POL","COUNTRY":"Poland","GID_1":"POL.3_1","NAME_1":"Lodzkie","NL_NAME_1":"NA","NAME_2":"Wieruszow","VARNAME_2":"NA","NL_NAME_2":"NA","TYPE_2":"Powiat","ENGTYPE_2":"County","CC_2":"1018","HASC_2":"NA"},"geometry":{"type":"MultiPolygon","coordinates":[[[[18.3613,51.2106],[18.3553,51.1989],[18.352,51.1982],[18.3475,51.1867],[18.3505,51.175],[18.3503,51.1693],[18.349,51.1682],[18.3541,51.1602],[18.3522,51.146],[18.3534,51.1422],[18.3498,51.1372],[18.328,51.1388],[18.3131,51.134],[18.3051,51.1354],[18.303,51.1372],[18.3043,51.1388],[18.303,51.1402],[18.2988,51.1401],[18.2973,51.1424],[18.2926,51.1434],[18.289,51.1465],[18.2779,51.1477],[18.2703,51.1506],[18.265,51.156],[18.2596,51.1576],[18.2526,51.1558],[18.2462,51.1576],[18.2459,51.1562],[18.2435,51.1561],[18.2377,51.1588],[18.2326,51.1577],[18.2309,51.1558],[18.2236,51.157],[18.2214,51.1545],[18.1962,51.1581],[18.187,51.1571],[18.1832,51.1606],[18.1744,51.1613],[18.1675,51.1638],[18.1656,51.1652],[18.1662,51.1673],[18.1635,51.1677],[18.1637,51.1696],[18.1625,51.1699],[18.1644,51.1715],[18.1634,51.1734],[18.1685,51.178],[18.1664,51.1815],[18.1711,51.1882],[18.1764,51.1908],[18.1622,51.1923],[18.1621,51.2055],[18.1641,51.2064],[18.1652,51.2123],[18.1702,51.2122],[18.1697,51.2138],[18.1721,51.2151],[18.1732,51.218],[18.1778,51.2192],[18.1803,51.2233],[18.1778,51.224],[18.179,51.2252],[18.1764,51.2262],[18.177,51.2276],[18.1743,51.2309],[18.1756,51.2318],[18.174,51.2343],[18.1761,51.2361],[18.1749,51.2382],[18.172,51.2414],[18.1692,51.2405],[18.1669,51.2428],[18.169,51.2458],[18.1667,51.2463],[18.1686,51.2481],[18.167,51.2505],[18.1683,51.2527],[18.1675,51.2557],[18.1702,51.2586],[18.1693,51.2605],[18.1721,51.263],[18.1704,51.2637],[18.1704,51.2676],[18.1691,51.2679],[18.1722,51.269],[18.1688,51.2719],[18.1594,51.2736],[18.1563,51.2719],[18.1507,51.2732],[18.1533,51.264],[18.138,51.2641],[18.1366,51.2697],[18.1264,51.2689],[18.1229,51.2642],[18.1211,51.266],[18.1179,51.2654],[18.1193,51.2621],[18.118,51.2613],[18.11,51.2602],[18.108,51.2636],[18.1068,51.2628],[18.1034,51.2683],[18.1078,51.2693],[18.1095,51.2728],[18.1129,51.2734],[18.1169,51.2775],[18.103,51.2804],[18.1062,51.2819],[18.105,51.2855],[18.1136,51.2849],[18.1202,51.2866],[18.1119,51.29],[18.1138,51.292],[18.1098,51.2932],[18.1119,51.297],[18.1136,51.2971],[18.1088,51.3069],[18.1122,51.3075],[18.1128,51.3108],[18.0921,51.3252],[18.0934,51.3411],[18.0745,51.3499],[18.0989,51.3621],[18.1092,51.3587],[18.1265,51.3575],[18.1297,51.3622],[18.1351,51.3608],[18.138,51.3782],[18.1492,51.3914],[18.1898,51.3865],[18.1931,51.3877],[18.1919,51.3898],[18.1954,51.3901],[18.1938,51.3923],[18.1977,51.3943],[18.1963,51.3955],[18.1996,51.3951],[18.1994,51.397],[18.2029,51.3979],[18.2079,51.4034],[18.2072,51.4053],[18.2087,51.4062],[18.2068,51.4072],[18.2082,51.4083],[18.2058,51.4093],[18.2073,51.4105],[18.2051,51.4117],[18.207,51.4125],[18.2042,51.4138],[18.2056,51.4141],[18.2045,51.4151],[18.2059,51.4165],[18.2041,51.4167],[18.2089,51.4181],[18.2112,51.4256],[18.2079,51.4266],[18.2063,51.4327],[18.2029,51.4346],[18.1992,51.4339],[18.1986,51.4362],[18.19,51.4385],[18.1882,51.4412],[18.2157,51.4477],[18.2114,51.4519],[18.2127,51.4543],[18.2279,51.4519],[18.2553,51.4388],[18.3229,51.4218],[18.3294,51.4178],[18.332,51.4108],[18.332,51.4075],[18.3272,51.4004],[18.3291,51.3919],[18.3355,51.3891],[18.3436,51.3884],[18.3505,51.3905],[18.353,51.3892],[18.3623,51.3909],[18.3675,51.3895],[18.404,51.3934],[18.413,51.3964],[18.427,51.3978],[18.4555,51.3973],[18.4649,51.3994],[18.4958,51.3958],[18.5018,51.3963],[18.5196,51.3902],[18.5216,51.3845],[18.5612,51.3837],[18.5625,51.3775],[18.5374,51.3732],[18.5422,51.365],[18.541,51.3635],[18.5368,51.3638],[18.5478,51.3404],[18.5097,51.3339],[18.5114,51.3312],[18.4938,51.3345],[18.4932,51.3332],[18.4924,51.335],[18.4926,51.3332],[18.4895,51.333],[18.4901,51.3286],[18.4982,51.3278],[18.4999,51.3269],[18.4987,51.3256],[18.5019,51.3255],[18.5011,51.3203],[18.5039,51.3105],[18.5027,51.3072],[18.4974,51.305],[18.5028,51.3003],[18.4993,51.2982],[18.4887,51.2967],[18.4899,51.2986],[18.4865,51.3034],[18.4834,51.3034],[18.4825,51.3],[18.479,51.3],[18.4797,51.3035],[18.4755,51.3035],[18.4774,51.3122],[18.4668,51.3128],[18.4677,51.317],[18.4623,51.3172],[18.4604,51.3255],[18.459,51.3202],[18.4568,51.3203],[18.4569,51.3224],[18.4525,51.3208],[18.4504,51.3231],[18.4536,51.3243],[18.4522,51.3253],[18.4428,51.3232],[18.4395,51.3208],[18.4321,51.3215],[18.418,51.3152],[18.4053,51.3162],[18.4016,51.2774],[18.3963,51.2773],[18.3958,51.2743],[18.388,51.2752],[18.3782,51.2678],[18.3698,51.2641],[18.3675,51.2471],[18.3659,51.2439],[18.3635,51.2431],[18.3652,51.2424],[18.3651,51.2385],[18.3635,51.2376],[18.3622,51.231],[18.3623,51.2253],[18.3659,51.2169],[18.3613,51.2106]]]]}},{"type":"Feature","properties":{"GID_2":"POL.3.23_1","GID_0":"POL","COUNTRY":"Poland","GID_1":"POL.3_1","NAME_1":"Lodzkie","NL_NAME_1":"NA","NAME_2":"ZdunskaWola","VARNAME_2":"NA","NL_NAME_2":"NA","TYPE_2":"Powiat","ENGTYPE_2":"County","CC_2":"1019","HASC_2":"NA"},"geometry":{"type":"MultiPolygon","coordinates":[[[[19.0138,51.5634],[19.0046,51.5603],[18.9937,51.5483],[18.9873,51.5466],[18.975,51.5463],[18.9773,51.5429],[18.9736,51.5388],[18.9743,51.535],[18.9696,51.5287],[18.9565,51.5326],[18.9561,51.5289],[18.9535,51.5258],[18.9482,51.5202],[18.9445,51.5189],[18.9459,51.5151],[18.9432,51.5053],[18.9432,51.4986],[18.9403,51.4925],[18.9429,51.4922],[18.9418,51.4889],[18.938,51.4878],[18.9371,51.486],[18.9181,51.482],[18.9201,51.4799],[18.9248,51.4792],[18.9254,51.4769],[18.9313,51.476],[18.9329,51.4708],[18.931,51.4695],[18.9287,51.4711],[18.9224,51.4673],[18.9128,51.4697],[18.9138,51.4708],[18.9068,51.4739],[18.9083,51.4797],[18.9009,51.4831],[18.8943,51.4786],[18.8903,51.4788],[18.8842,51.4722],[18.8792,51.4755],[18.8804,51.4771],[18.8695,51.4813],[18.8732,51.4854],[18.872,51.486],[18.8725,51.4891],[18.8631,51.4891],[18.8634,51.4907],[18.8678,51.4906],[18.8685,51.4925],[18.8571,51.4984],[18.8585,51.5015],[18.8579,51.5059],[18.868,51.5096],[18.8661,51.5145],[18.8714,51.5185],[18.8675,51.5226],[18.8593,51.5253],[18.8544,51.5292],[18.854,51.5332],[18.8611,51.5363],[18.8621,51.5384],[18.8586,51.5394],[18.8537,51.5373],[18.8477,51.5417],[18.8478,51.5478],[18.8392,51.5463],[18.8331,51.5528],[18.8306,51.5528],[18.8231,51.5482],[18.8188,51.5497],[18.8167,51.5512],[18.8234,51.5561],[18.822,51.5569],[18.8235,51.5579],[18.818,51.5616],[18.8113,51.5633],[18.8339,51.5763],[18.8429,51.577],[18.8428,51.5858],[18.845,51.5875],[18.8703,51.5907],[18.8758,51.5939],[18.8799,51.6007],[18.872,51.6067],[18.871,51.6089],[18.8727,51.6109],[18.8643,51.6123],[18.8734,51.6165],[18.8468,51.6354],[18.8566,51.6423],[18.8299,51.6543],[18.8273,51.6523],[18.8258,51.6582],[18.8192,51.6572],[18.8168,51.6619],[18.821,51.6627],[18.8102,51.6664],[18.8066,51.6657],[18.8069,51.6693],[18.8051,51.6717],[18.8065,51.6745],[18.8048,51.6753],[18.8016,51.6876],[18.8092,51.6846],[18.8156,51.6879],[18.821,51.685],[18.8332,51.6946],[18.8415,51.6968],[18.8374,51.7103],[18.8372,51.717],[18.8402,51.7237],[18.8395,51.7269],[18.8535,51.7203],[18.8613,51.7215],[18.8643,51.7309],[18.8686,51.7341],[18.8769,51.7456],[18.8824,51.7496],[18.8964,51.7522],[18.9011,51.7545],[18.9113,51.7523],[18.9276,51.7527],[18.9334,51.7507],[18.9373,51.7466],[18.97,51.7442],[18.9768,51.7493],[18.9783,51.7543],[18.9856,51.7637],[19.0053,51.7728],[19.0092,51.7734],[19.0219,51.7682],[19.0473,51.7667],[19.0552,51.7579],[19.0553,51.7543],[19.0451,51.7525],[19.0388,51.7423],[19.0388,51.7399],[19.0541,51.7339],[19.0663,51.7341],[19.0726,51.7193],[19.0811,51.7179],[19.0954,51.712],[19.0979,51.7072],[19.1055,51.7033],[19.1036,51.6963],[19.1079,51.6889],[19.0879,51.6881],[19.0807,51.6837],[19.0681,51.6812],[19.0597,51.684],[19.0558,51.6875],[19.0552,51.6858],[19.043,51.6868],[19.0445,51.6794],[19.0568,51.6738],[19.0542,51.6711],[19.0672,51.6623],[19.0578,51.6604],[19.0519,51.6644],[19.0531,51.6656],[19.0511,51.6675],[19.0469,51.6623],[19.04,51.6668],[19.0358,51.666],[19.0362,51.6633],[19.0309,51.6647],[19.0302,51.6662],[19.03,51.6644],[19.0272,51.665],[19.0304,51.6676],[19.0283,51.6682],[19.008,51.6502],[19.0133,51.6328],[19.0244,51.6217],[19.032,51.6176],[19.0333,51.6132],[19.0327,51.6106],[19.0265,51.6114],[19.0195,51.6097],[19.0205,51.604],[19.0345,51.5973],[19.0401,51.5927],[19.0416,51.5837],[19.0377,51.5825],[19.0339,51.5771],[19.0291,51.5786],[19.0243,51.5756],[19.0223,51.573],[19.0251,51.5706],[19.0259,51.5672],[19.0233,51.5688],[19.0211,51.568],[19.0211,51.5638],[19.0223,51.5636],[19.0211,51.5636],[19.0212,51.561],[19.0174,51.5653],[19.0138,51.5634]]],[[[18.8197,51.6504],[18.8015,51.6451],[18.7939,51.6535],[18.8069,51.6534],[18.8181,51.6568],[18.8197,51.6504]]]]}},{"type":"Feature","properties":{"GID_2":"POL.3.24_1","GID_0":"POL","COUNTRY":"Poland","GID_1":"POL.3_1","NAME_1":"Lodzkie","NL_NAME_1":"NA","NAME_2":"Zgierz","VARNAME_2":"NA","NL_NAME_2":"NA","TYPE_2":"Powiat","ENGTYPE_2":"County","CC_2":"1020","HASC_2":"NA"},"geometry":{"type":"MultiPolygon","coordinates":[[[[19.3504,51.8381],[19.3491,51.8375],[19.3519,51.835],[19.3515,51.8299],[19.3436,51.8305],[19.3438,51.8204],[19.3366,51.8202],[19.3367,51.8164],[19.341,51.8166],[19.3421,51.8142],[19.3379,51.8124],[19.3355,51.808],[19.3209,51.8081],[19.3222,51.8058],[19.3249,51.8058],[19.3241,51.802],[19.3301,51.8015],[19.3291,51.7958],[19.3392,51.7963],[19.3399,51.8007],[19.342,51.8009],[19.3455,51.7976],[19.3573,51.7929],[19.3489,51.7847],[19.3365,51.7839],[19.3355,51.782],[19.3243,51.7777],[19.3099,51.7796],[19.3102,51.7753],[19.2974,51.7712],[19.2852,51.7759],[19.2831,51.7743],[19.283,51.7716],[19.2812,51.7717],[19.2789,51.7768],[19.275,51.7793],[19.2745,51.7824],[19.2733,51.7823],[19.2738,51.7804],[19.2668,51.784],[19.2659,51.7894],[19.2638,51.7895],[19.2648,51.7844],[19.2578,51.786],[19.2401,51.7966],[19.2329,51.7945],[19.2269,51.7949],[19.2187,51.7983],[19.2136,51.7976],[19.2074,51.794],[19.2011,51.7936],[19.2003,51.8041],[19.1803,51.8095],[19.1618,51.8125],[19.1504,51.8226],[19.1438,51.8256],[19.1386,51.8251],[19.1412,51.8293],[19.1394,51.8292],[19.1399,51.8353],[19.1454,51.8363],[19.1551,51.8464],[19.1496,51.8497],[19.1557,51.8707],[19.1728,51.8752],[19.1786,51.875],[19.183,51.8786],[19.1822,51.8812],[19.1872,51.8896],[19.1883,51.897],[19.1905,51.8993],[19.1912,51.9116],[19.1885,51.9174],[19.1862,51.9177],[19.1782,51.9162],[19.1795,51.9154],[19.173,51.9084],[19.1631,51.913],[19.1449,51.9057],[19.1357,51.9106],[19.1384,51.9245],[19.1408,51.9259],[19.1363,51.928],[19.1426,51.9457],[19.1465,51.949],[19.1458,51.9549],[19.1474,51.9554],[19.1517,51.9647],[19.1467,51.9693],[19.1467,51.971],[19.139,51.9755],[19.1275,51.9777],[19.1313,51.9844],[19.1295,51.9861],[19.1307,51.9889],[19.1204,51.9903],[19.1213,51.9964],[19.127,51.9961],[19.1288,52.0007],[19.1259,52.005],[19.1209,52.0073],[19.122,52.0109],[19.1285,52.0099],[19.1295,52.0125],[19.1362,52.0124],[19.1423,52.0108],[19.1504,52.0116],[19.1574,52.0094],[19.1584,52.0112],[19.1648,52.0087],[19.1717,52.0091],[19.1741,52.0136],[19.1822,52.0177],[19.183,52.016],[19.22,52.014],[19.223,52.0248],[19.2336,52.0274],[19.2417,52.0247],[19.2515,52.0267],[19.2597,52.0261],[19.2585,52.0307],[19.2685,52.0322],[19.2779,52.0358],[19.2901,52.0364],[19.2896,52.0285],[19.2941,52.0286],[19.2937,52.0231],[19.3141,52.017],[19.3151,52.0202],[19.3361,52.0206],[19.3359,52.023],[19.3452,52.0255],[19.3396,52.0286],[19.3418,52.0324],[19.3543,52.0295],[19.3554,52.0323],[19.3571,52.0325],[19.3605,52.0318],[19.3603,52.0279],[19.3729,52.0255],[19.3622,52.0228],[19.3701,52.0097],[19.3797,52.009],[19.378,52.0051],[19.3804,52.0027],[19.3885,52.0054],[19.4096,52.0056],[19.4256,52.0021],[19.4303,52.0139],[19.4359,52.0147],[19.4377,52.0081],[19.4443,52.0077],[19.4449,52.0064],[19.4538,52.0066],[19.4512,51.9987],[19.4635,51.9966],[19.4795,52.0025],[19.4828,51.9985],[19.4908,52.0011],[19.4881,52.0031],[19.4808,52.0221],[19.4842,52.0226],[19.4862,52.0198],[19.4871,52.0162],[19.4858,52.0143],[19.4964,52.0178],[19.4982,52.0143],[19.5024,52.0153],[19.5027,52.0094],[19.5051,52.0058],[19.5139,52.0113],[19.5241,52.0021],[19.5392,52.0139],[19.5411,52.0169],[19.5402,52.0229],[19.5431,52.0265],[19.5469,52.0234],[19.558,52.0217],[19.5622,52.0347],[19.5735,52.0339],[19.5773,52.0321],[19.5919,52.037],[19.5909,52.0299],[19.6212,52.0288],[19.619,52.0274],[19.6309,52.026],[19.6298,52.0198],[19.6341,52.0204],[19.6338,52.0192],[19.6516,52.0263],[19.6578,52.0256],[19.6727,52.029],[19.6795,52.0292],[19.6936,52.0237],[19.706,52.0236],[19.7087,52.0212],[19.709,52.0228],[19.7378,52.0281],[19.7355,52.0216],[19.7249,52.0187],[19.7195,52.0136],[19.7309,51.9966],[19.7693,51.9877],[19.7864,51.9868],[19.8049,51.9745],[19.8319,51.9769],[19.84,51.952],[19.7996,51.9486],[19.7861,51.9442],[19.7782,51.9463],[19.7649,51.9453],[19.7511,51.9367],[19.7439,51.9375],[19.7356,51.9432],[19.7243,51.9465],[19.7131,51.94],[19.7122,51.9414],[19.7138,51.9423],[19.7058,51.9449],[19.7034,51.9425],[19.7065,51.9399],[19.705,51.9392],[19.7055,51.9313],[19.7098,51.9262],[19.7015,51.9221],[19.6982,51.9158],[19.6943,51.9146],[19.6893,51.9101],[19.6911,51.9078],[19.6894,51.9046],[19.6843,51.9023],[19.681,51.8988],[19.6813,51.8975],[19.6757,51.8949],[19.6767,51.8913],[19.7043,51.8938],[19.7064,51.8793],[19.713,51.8782],[19.6907,51.8688],[19.6848,51.8642],[19.6726,51.862],[19.6608,51.8537],[19.6457,51.8547],[19.6379,51.8573],[19.6223,51.8576],[19.6115,51.8646],[19.6101,51.8473],[19.5934,51.8441],[19.5913,51.847],[19.586,51.8358],[19.568,51.8376],[19.5631,51.8459],[19.56,51.8456],[19.5563,51.8485],[19.5515,51.8435],[19.5144,51.8498],[19.5065,51.8599],[19.4936,51.8565],[19.4903,51.8591],[19.4571,51.8487],[19.4453,51.8505],[19.4454,51.8489],[19.454,51.8459],[19.4552,51.8432],[19.454,51.8422],[19.4568,51.8397],[19.4559,51.8363],[19.4369,51.834],[19.4362,51.8323],[19.4107,51.828],[19.3991,51.8295],[19.3964,51.8262],[19.3874,51.8259],[19.3812,51.8215],[19.3844,51.8362],[19.3703,51.8371],[19.3552,51.8354],[19.3504,51.8381]]]]}}]}