{"type":"FeatureCollection","name":"Dolnoslaskie_Lubuskie_Zachodniopomorskie_Wielkopolskie","crs":{"type":"name","properties":{"name":"urn:ogc:def:crs:OGC:1.3:CRS84"}},"features":[{"type":"Feature","properties":{"GID_2":"POL.1.1_1","GID_0":"POL","COUNTRY":"Poland","GID_1":"POL.1_1","NAME_1":"Dolnoslaskie","NL_NAME_1":"NA","NAME_2":"Boleslawiec","VARNAME_2":"NA","NL_NAME_2":"NA","TYPE_2":"Powiat","ENGTYPE_2":"County","CC_2":"0201","HASC_2":"NA"},"geometry":{"type":"MultiPolygon","coordinates":[[[[15.4949,51.1783],[15.4925,51.1754],[15.4785,51.1753],[15.4787,51.1704],[15.4837,51.1666],[15.4835,51.1539],[15.4876,51.1494],[15.484,51.1442],[15.4807,51.1425],[15.4804,51.136],[15.4751,51.1343],[15.4744,51.1315],[15.4646,51.1279],[15.4566,51.122],[15.4522,51.1231],[15.444,51.1189],[15.4438,51.1124],[15.4396,51.1124],[15.4325,51.1142],[15.4278,51.1185],[15.4287,51.1216],[15.4272,51.1228],[15.4324,51.1296],[15.4317,51.1369],[15.4364,51.1389],[15.4312,51.1411],[15.4266,51.1464],[15.4305,51.1489],[15.4244,51.1504],[15.4219,51.1477],[15.4099,51.1533],[15.3903,51.1566],[15.3851,51.1602],[15.385,51.165],[15.3944,51.1751],[15.384,51.1808],[15.378,51.1807],[15.3759,51.1842],[15.3708,51.1839],[15.3667,51.1869],[15.364,51.1863],[15.3575,51.1886],[15.3397,51.1995],[15.3338,51.1986],[15.3206,51.1924],[15.3169,51.1869],[15.314,51.1882],[15.302,51.1834],[15.2956,51.1875],[15.2796,51.192],[15.2743,51.1952],[15.2702,51.1952],[15.2702,51.1914],[15.2595,51.1914],[15.2497,51.1885],[15.2471,51.1903],[15.2463,51.1889],[15.24,51.1911],[15.2323,51.1914],[15.2323,51.1926],[15.217,51.1931],[15.221,51.1983],[15.2139,51.2017],[15.2128,51.2105],[15.2091,51.2144],[15.2138,51.2165],[15.206,51.2202],[15.2126,51.2208],[15.2137,51.2235],[15.2266,51.2292],[15.2416,51.2423],[15.2429,51.2517],[15.2399,51.255],[15.2498,51.2568],[15.2556,51.2601],[15.2517,51.2663],[15.2729,51.2628],[15.2959,51.267],[15.2971,51.2684],[15.3024,51.2638],[15.3068,51.2557],[15.3101,51.2534],[15.3399,51.2587],[15.326,51.2649],[15.3156,51.2731],[15.2972,51.2794],[15.2955,51.2821],[15.2966,51.2838],[15.2916,51.2854],[15.2889,51.2902],[15.29,51.2954],[15.2888,51.3005],[15.2908,51.3049],[15.2862,51.3193],[15.2673,51.3163],[15.265,51.3229],[15.2679,51.3276],[15.2486,51.3678],[15.2642,51.3685],[15.2687,51.3731],[15.2562,51.399],[15.2962,51.4066],[15.2956,51.4101],[15.2921,51.4147],[15.2869,51.4171],[15.2778,51.4253],[15.2784,51.428],[15.2755,51.4298],[15.2897,51.4314],[15.2892,51.4293],[15.2928,51.4231],[15.2983,51.4201],[15.3152,51.4177],[15.3217,51.4083],[15.3274,51.4077],[15.3337,51.4099],[15.3245,51.4184],[15.3284,51.422],[15.3284,51.4296],[15.3433,51.4469],[15.3337,51.4516],[15.3394,51.4741],[15.3469,51.4716],[15.3725,51.4697],[15.3788,51.47],[15.3821,51.4721],[15.3802,51.4739],[15.3801,51.4811],[15.3782,51.4818],[15.3756,51.4791],[15.3706,51.4801],[15.3693,51.4858],[15.3715,51.4884],[15.3669,51.4934],[15.3691,51.4964],[15.3712,51.5079],[15.3742,51.5097],[15.3773,51.5088],[15.3778,51.5107],[15.3824,51.5124],[15.3799,51.5141],[15.3825,51.5149],[15.3818,51.5161],[15.3847,51.5184],[15.3852,51.5279],[15.3943,51.5291],[15.3935,51.5302],[15.3965,51.531],[15.4011,51.5272],[15.4058,51.5196],[15.4176,51.5229],[15.4349,51.525],[15.437,51.5273],[15.4501,51.526],[15.4576,51.5211],[15.4625,51.5223],[15.4706,51.5182],[15.4692,51.5146],[15.4823,51.513],[15.4858,51.5136],[15.4841,51.5235],[15.4856,51.5215],[15.4883,51.5224],[15.4877,51.5276],[15.5959,51.4696],[15.5935,51.466],[15.5903,51.4645],[15.5928,51.4624],[15.5873,51.4602],[15.5878,51.4568],[15.583,51.4558],[15.5809,51.4531],[15.5861,51.4518],[15.586,51.4498],[15.588,51.4506],[15.5909,51.4489],[15.5924,51.4494],[15.5916,51.451],[15.5928,51.452],[15.5971,51.4515],[15.5998,51.4457],[15.6168,51.4602],[15.6234,51.4635],[15.6241,51.472],[15.6289,51.4706],[15.629,51.4722],[15.6345,51.4721],[15.6347,51.4789],[15.6459,51.4791],[15.647,51.476],[15.6488,51.4767],[15.6523,51.473],[15.656,51.4724],[15.6642,51.4827],[15.6637,51.4849],[15.6592,51.4881],[15.6673,51.4888],[15.6676,51.499],[15.6731,51.4989],[15.6733,51.5057],[15.6788,51.5056],[15.6789,51.5124],[15.701,51.5125],[15.6993,51.5158],[15.7006,51.5174],[15.725,51.5174],[15.73,51.5123],[15.7363,51.5116],[15.7446,51.5134],[15.7544,51.5131],[15.7569,51.5113],[15.767,51.5107],[15.767,51.5072],[15.7793,51.5072],[15.7793,51.5024],[15.8075,51.5026],[15.8114,51.4925],[15.8015,51.4909],[15.8017,51.4889],[15.8098,51.4887],[15.8154,51.4842],[15.8246,51.4833],[15.8296,51.4758],[15.8452,51.466],[15.8428,51.4648],[15.8459,51.4616],[15.8584,51.4566],[15.8222,51.4507],[15.8212,51.4493],[15.8191,51.4434],[15.8193,51.4378],[15.8174,51.4358],[15.816,51.4296],[15.8185,51.4181],[15.8168,51.4084],[15.8232,51.4074],[15.8295,51.4042],[15.83,51.4019],[15.8282,51.4003],[15.8376,51.3961],[15.8371,51.3949],[15.8445,51.3948],[15.8455,51.3925],[15.8503,51.3901],[15.8497,51.388],[15.8401,51.3869],[15.8403,51.3836],[15.8351,51.3816],[15.8358,51.3783],[15.8333,51.3761],[15.8362,51.3742],[15.8328,51.372],[15.837,51.3701],[15.8278,51.3619],[15.829,51.3615],[15.8263,51.3531],[15.8161,51.3535],[15.8162,51.3517],[15.8139,51.3499],[15.8154,51.3466],[15.8128,51.3443],[15.8085,51.3454],[15.8045,51.3413],[15.795,51.3359],[15.792,51.3305],[15.7809,51.3246],[15.7792,51.3221],[15.7718,51.3194],[15.7703,51.3119],[15.771,51.3013],[15.7836,51.2896],[15.7878,51.2896],[15.7898,51.2863],[15.7768,51.2871],[15.7776,51.2808],[15.7693,51.2789],[15.7676,51.2738],[15.7681,51.269],[15.7472,51.263],[15.7482,51.2602],[15.7524,51.2588],[15.7425,51.2522],[15.7474,51.2407],[15.7568,51.2318],[15.7527,51.2286],[15.753,51.2186],[15.7549,51.2105],[15.7572,51.2099],[15.7606,51.2058],[15.7567,51.1958],[15.7575,51.1908],[15.7563,51.1878],[15.754,51.1868],[15.7512,51.1803],[15.745,51.1778],[15.7406,51.1785],[15.7428,51.1732],[15.7396,51.1712],[15.7316,51.1699],[15.7203,51.1717],[15.7121,51.1639],[15.7056,51.1611],[15.698,51.1606],[15.6978,51.1593],[15.6882,51.1597],[15.6939,51.1625],[15.6917,51.1621],[15.689,51.164],[15.6843,51.1634],[15.6848,51.165],[15.6834,51.1652],[15.68,51.164],[15.6772,51.1656],[15.679,51.166],[15.6774,51.1678],[15.671,51.168],[15.6651,51.1756],[15.6521,51.1779],[15.6429,51.1846],[15.6385,51.1852],[15.6348,51.1834],[15.6331,51.1857],[15.6253,51.1835],[15.6113,51.1832],[15.6109,51.1849],[15.6137,51.186],[15.5987,51.1868],[15.6003,51.1812],[15.5876,51.1793],[15.5768,51.1871],[15.5742,51.1839],[15.5672,51.1841],[15.5655,51.1993],[15.5553,51.1959],[15.5552,51.1943],[15.5442,51.1941],[15.542,51.1954],[15.5406,51.1935],[15.5423,51.1914],[15.534,51.1877],[15.5226,51.1867],[15.5149,51.1847],[15.5115,51.1817],[15.4966,51.1797],[15.4949,51.1783]]]]}},{"type":"Feature","properties":{"GID_2":"POL.1.2_1","GID_0":"POL","COUNTRY":"Poland","GID_1":"POL.1_1","NAME_1":"Dolnoslaskie","NL_NAME_1":"NA","NAME_2":"Dzierzoniow","VARNAME_2":"NA","NL_NAME_2":"NA","TYPE_2":"Powiat","ENGTYPE_2":"County","CC_2":"0202","HASC_2":"NA"},"geometry":{"type":"MultiPolygon","coordinates":[[[[16.551,50.6378],[16.5475,50.639],[16.5479,50.6423],[16.543,50.645],[16.5428,50.6485],[16.5351,50.6491],[16.5304,50.6542],[16.5255,50.6566],[16.5166,50.6565],[16.5141,50.6579],[16.5063,50.6649],[16.4993,50.6757],[16.4796,50.6811],[16.4845,50.6838],[16.4841,50.6874],[16.4804,50.6934],[16.491,50.6973],[16.4929,50.6992],[16.4935,50.7035],[16.4901,50.707],[16.4911,50.708],[16.4837,50.7093],[16.485,50.712],[16.4837,50.715],[16.4981,50.7113],[16.5032,50.7151],[16.5033,50.7178],[16.5077,50.7184],[16.5121,50.7214],[16.5155,50.7216],[16.5169,50.7202],[16.5217,50.7215],[16.5238,50.7257],[16.5293,50.7286],[16.5301,50.7314],[16.5462,50.7354],[16.5581,50.7438],[16.5634,50.7446],[16.5592,50.7527],[16.5716,50.7574],[16.5704,50.7599],[16.5671,50.7624],[16.5683,50.7635],[16.5579,50.7655],[16.548,50.7772],[16.556,50.7818],[16.5803,50.7892],[16.5938,50.7989],[16.582,50.8113],[16.5789,50.8179],[16.5836,50.8234],[16.5839,50.8262],[16.5856,50.8268],[16.5961,50.822],[16.6138,50.8184],[16.6336,50.8246],[16.6337,50.8259],[16.6383,50.8259],[16.635,50.8177],[16.6394,50.817],[16.65,50.8199],[16.6497,50.8227],[16.6564,50.824],[16.6593,50.8215],[16.669,50.8205],[16.6704,50.8266],[16.6785,50.8263],[16.6802,50.8292],[16.6924,50.8354],[16.6964,50.8397],[16.6971,50.8432],[16.7012,50.845],[16.7071,50.845],[16.7277,50.8376],[16.7389,50.8366],[16.7427,50.8371],[16.7537,50.8439],[16.7733,50.8448],[16.7751,50.8446],[16.7744,50.8392],[16.7816,50.8353],[16.7947,50.8333],[16.8062,50.8349],[16.8047,50.8326],[16.8065,50.8283],[16.8038,50.8216],[16.8129,50.8194],[16.824,50.82],[16.8248,50.8223],[16.8229,50.8223],[16.8234,50.825],[16.8201,50.8279],[16.8293,50.8277],[16.8283,50.8321],[16.8309,50.832],[16.8329,50.8339],[16.8496,50.833],[16.8507,50.8304],[16.8578,50.8321],[16.8763,50.8322],[16.8808,50.8288],[16.8766,50.8222],[16.887,50.8187],[16.8895,50.814],[16.8884,50.8122],[16.883,50.8105],[16.8822,50.8091],[16.8848,50.8078],[16.8834,50.8054],[16.8866,50.8058],[16.8917,50.8024],[16.8919,50.7999],[16.8952,50.7988],[16.8843,50.7905],[16.8907,50.7867],[16.8918,50.7886],[16.894,50.7867],[16.893,50.7847],[16.894,50.7842],[16.8975,50.7919],[16.9042,50.7885],[16.897,50.7784],[16.8905,50.7803],[16.8836,50.7709],[16.8817,50.7676],[16.8851,50.7657],[16.8811,50.7617],[16.8831,50.7595],[16.8893,50.7582],[16.8858,50.7556],[16.886,50.753],[16.8733,50.7445],[16.8783,50.7439],[16.8662,50.7357],[16.8668,50.7336],[16.8617,50.7296],[16.8634,50.727],[16.8579,50.7214],[16.8678,50.7203],[16.8773,50.7246],[16.883,50.7211],[16.8887,50.7229],[16.8953,50.7213],[16.8882,50.7168],[16.8844,50.7104],[16.8803,50.7085],[16.8799,50.7051],[16.8765,50.701],[16.8808,50.6981],[16.8799,50.6916],[16.8757,50.6918],[16.876,50.6856],[16.8725,50.6805],[16.8676,50.6772],[16.8642,50.679],[16.8492,50.6784],[16.8379,50.6716],[16.8235,50.6704],[16.8216,50.6672],[16.8133,50.6646],[16.8057,50.6602],[16.7971,50.6601],[16.798,50.6657],[16.8003,50.6696],[16.7972,50.67],[16.7824,50.6668],[16.7774,50.6626],[16.778,50.6596],[16.7727,50.6583],[16.7657,50.6598],[16.7682,50.6623],[16.7656,50.6631],[16.7464,50.6637],[16.7291,50.6677],[16.7188,50.6662],[16.7138,50.6647],[16.7153,50.6618],[16.7046,50.6619],[16.7008,50.6598],[16.7007,50.6531],[16.7036,50.6485],[16.7022,50.6471],[16.7034,50.645],[16.7024,50.6408],[16.6861,50.6443],[16.6782,50.6444],[16.6764,50.6427],[16.6728,50.6427],[16.6704,50.6465],[16.646,50.6364],[16.644,50.6341],[16.6149,50.625],[16.594,50.6452],[16.5906,50.6439],[16.589,50.6391],[16.5803,50.6354],[16.5795,50.6323],[16.5831,50.6283],[16.5582,50.6336],[16.551,50.6378]]]]}},{"type":"Feature","properties":{"GID_2":"POL.1.3_1","GID_0":"POL","COUNTRY":"Poland","GID_1":"POL.1_1","NAME_1":"Dolnoslaskie","NL_NAME_1":"NA","NAME_2":"Glogow","VARNAME_2":"NA","NL_NAME_2":"NA","TYPE_2":"Powiat","ENGTYPE_2":"County","CC_2":"0203","HASC_2":"NA"},"geometry":{"type":"MultiPolygon","coordinates":[[[[16.2252,51.6948],[16.2381,51.6883],[16.2521,51.6859],[16.2554,51.6793],[16.2654,51.6725],[16.2697,51.6634],[16.2756,51.6621],[16.2899,51.6647],[16.2987,51.6628],[16.3085,51.6571],[16.3083,51.6489],[16.3113,51.6448],[16.3346,51.6426],[16.3355,51.6396],[16.3293,51.6321],[16.3349,51.6245],[16.3352,51.6152],[16.3402,51.612],[16.3554,51.6092],[16.3541,51.6055],[16.3555,51.603],[16.3496,51.5995],[16.3485,51.5958],[16.3458,51.5958],[16.3384,51.5976],[16.3331,51.6014],[16.3268,51.5984],[16.3152,51.6012],[16.317,51.606],[16.3116,51.6066],[16.3081,51.6099],[16.3088,51.6106],[16.3037,51.613],[16.2958,51.6132],[16.2942,51.6111],[16.2845,51.6125],[16.2825,51.6106],[16.2606,51.6162],[16.2559,51.6158],[16.2544,51.6141],[16.25,51.6166],[16.2384,51.6168],[16.2311,51.6201],[16.2364,51.6205],[16.2346,51.622],[16.2275,51.6227],[16.2139,51.6343],[16.2042,51.6317],[16.2037,51.6267],[16.1931,51.6269],[16.1867,51.6296],[16.1879,51.6266],[16.1952,51.622],[16.1964,51.6191],[16.1928,51.6167],[16.184,51.6174],[16.1855,51.613],[16.1787,51.6114],[16.1705,51.6174],[16.1422,51.6169],[16.1431,51.6117],[16.1346,51.6124],[16.1305,51.6092],[16.1178,51.6109],[16.1172,51.6089],[16.1138,51.6097],[16.1126,51.6075],[16.1067,51.6127],[16.105,51.6116],[16.0992,51.6146],[16.0861,51.6108],[16.0818,51.6018],[16.096,51.6003],[16.0936,51.5961],[16.0956,51.5956],[16.0946,51.594],[16.1067,51.5906],[16.1038,51.5891],[16.0985,51.5908],[16.0973,51.5883],[16.0955,51.5888],[16.0939,51.5851],[16.096,51.5851],[16.0953,51.5843],[16.0875,51.5835],[16.0854,51.58],[16.0841,51.5743],[16.0905,51.5707],[16.0911,51.5679],[16.093,51.568],[16.0964,51.5639],[16.0951,51.5606],[16.0756,51.563],[16.0713,51.5603],[16.0697,51.5562],[16.0623,51.5578],[16.0556,51.556],[16.0449,51.5569],[16.0417,51.5537],[16.0332,51.5598],[16.0298,51.5592],[16.0202,51.5558],[16.016,51.5494],[16.0026,51.5379],[15.9986,51.5379],[15.9878,51.5416],[15.9824,51.5452],[15.9819,51.5473],[15.9703,51.5479],[15.9626,51.5459],[15.9634,51.55],[15.971,51.5525],[15.9753,51.5581],[15.9851,51.5613],[15.9854,51.5648],[15.9879,51.5649],[15.9909,51.5736],[16.0009,51.5868],[16.014,51.5978],[16.0181,51.6032],[16.0161,51.6048],[16.019,51.6083],[16.0134,51.6077],[16.0099,51.613],[15.9989,51.6156],[15.993,51.6133],[15.9937,51.6117],[15.9814,51.6149],[15.9833,51.6141],[15.98,51.6104],[15.9757,51.6096],[15.9578,51.6138],[15.9623,51.6169],[15.9692,51.6183],[15.9698,51.6213],[15.9673,51.6227],[15.9703,51.623],[15.9702,51.6245],[15.9721,51.625],[15.9672,51.6293],[15.9679,51.6334],[15.9645,51.6338],[15.9656,51.636],[15.9627,51.6349],[15.9625,51.6385],[15.9385,51.64],[15.9487,51.6477],[15.9364,51.6493],[15.9358,51.6568],[15.9319,51.6567],[15.9328,51.659],[15.9315,51.6598],[15.9331,51.6631],[15.9208,51.6606],[15.9226,51.6655],[15.9211,51.6693],[15.915,51.6687],[15.9125,51.6717],[15.8956,51.6721],[15.8817,51.6684],[15.881,51.671],[15.8683,51.67],[15.8684,51.6712],[15.8742,51.6721],[15.8681,51.6721],[15.8678,51.6734],[15.8497,51.6652],[15.8413,51.6675],[15.8343,51.6722],[15.8448,51.6754],[15.8425,51.6816],[15.8525,51.6839],[15.8549,51.6888],[15.8645,51.6903],[15.8685,51.6888],[15.8687,51.6911],[15.8623,51.6925],[15.8656,51.6926],[15.8626,51.7018],[15.8659,51.7022],[15.8651,51.707],[15.8682,51.7066],[15.8695,51.7197],[15.8718,51.7207],[15.8769,51.719],[15.8824,51.7199],[15.8947,51.7303],[15.9041,51.7296],[15.9124,51.7255],[15.9219,51.7297],[15.9266,51.7296],[15.9297,51.7377],[15.9439,51.7355],[15.9465,51.7365],[15.9521,51.7339],[15.9545,51.7362],[15.9632,51.7337],[15.964,51.7373],[15.9592,51.7395],[15.9615,51.7405],[15.9603,51.741],[15.9608,51.7436],[15.9677,51.7452],[15.9735,51.7439],[15.9801,51.7453],[15.9737,51.7463],[15.9766,51.7481],[15.9687,51.7684],[15.9771,51.7681],[15.98,51.7737],[15.989,51.7692],[16.0082,51.7734],[16.007,51.7739],[16.0086,51.7757],[16.0043,51.7798],[15.9984,51.7772],[15.9941,51.779],[15.9823,51.7785],[15.9773,51.7816],[15.9719,51.7825],[15.9718,51.7846],[15.97,51.7847],[15.966,51.7915],[15.9685,51.7949],[15.9773,51.7959],[15.9826,51.7998],[15.9792,51.8023],[15.9948,51.8048],[15.9962,51.8012],[16.0014,51.8036],[16.0039,51.8005],[16.0092,51.8021],[16.029,51.8024],[16.0349,51.7954],[16.034,51.785],[16.0352,51.7817],[16.0399,51.7807],[16.0435,51.7838],[16.0538,51.7817],[16.07,51.7826],[16.0727,51.7777],[16.0778,51.777],[16.0786,51.7728],[16.0921,51.7702],[16.0913,51.7684],[16.0959,51.7671],[16.0996,51.7662],[16.1008,51.7674],[16.1164,51.7636],[16.1183,51.7657],[16.134,51.7652],[16.1335,51.7583],[16.1517,51.7601],[16.1605,51.7589],[16.1729,51.7638],[16.1778,51.764],[16.1617,51.7183],[16.1586,51.718],[16.1582,51.716],[16.1612,51.7155],[16.16,51.7117],[16.1723,51.7092],[16.1735,51.7122],[16.1831,51.7115],[16.1819,51.7129],[16.1854,51.716],[16.1949,51.7156],[16.1997,51.7181],[16.2016,51.7172],[16.2023,51.7145],[16.2175,51.7146],[16.219,51.71],[16.2278,51.6987],[16.2236,51.6967],[16.2233,51.6954],[16.2252,51.6948]]]]}},{"type":"Feature","properties":{"GID_2":"POL.1.4_1","GID_0":"POL","COUNTRY":"Poland","GID_1":"POL.1_1","NAME_1":"Dolnoslaskie","NL_NAME_1":"NA","NAME_2":"Gora","VARNAME_2":"NA","NL_NAME_2":"NA","TYPE_2":"Powiat","ENGTYPE_2":"County","CC_2":"0204","HASC_2":"NA"},"geometry":{"type":"MultiPolygon","coordinates":[[[[16.682,51.647],[16.7094,51.6472],[16.7154,51.6486],[16.7276,51.6475],[16.7291,51.6458],[16.7283,51.6431],[16.7344,51.6423],[16.7435,51.6449],[16.7681,51.6447],[16.7835,51.641],[16.7764,51.6313],[16.7661,51.6277],[16.772,51.6136],[16.7843,51.6107],[16.7996,51.6035],[16.8026,51.6008],[16.7954,51.5996],[16.7948,51.5917],[16.7928,51.5905],[16.8037,51.5864],[16.8111,51.5869],[16.8156,51.5847],[16.8193,51.5777],[16.8288,51.5717],[16.8236,51.573],[16.8149,51.5634],[16.806,51.5514],[16.8057,51.5484],[16.7986,51.535],[16.7917,51.5287],[16.7924,51.5261],[16.7989,51.5229],[16.815,51.5225],[16.8198,51.5174],[16.8208,51.513],[16.8144,51.5119],[16.8076,51.5081],[16.7862,51.5049],[16.7675,51.5107],[16.7604,51.5053],[16.7649,51.5018],[16.7688,51.5023],[16.7784,51.4963],[16.7765,51.4903],[16.7642,51.4854],[16.7607,51.4871],[16.753,51.4875],[16.7419,51.4855],[16.7351,51.4865],[16.7291,51.4876],[16.7284,51.4902],[16.7086,51.4911],[16.6945,51.4966],[16.6807,51.4948],[16.6763,51.4966],[16.6713,51.4963],[16.6614,51.4948],[16.6572,51.4906],[16.6454,51.4914],[16.6431,51.4902],[16.6421,51.4923],[16.6473,51.5038],[16.6457,51.5062],[16.6492,51.5074],[16.6507,51.5097],[16.6505,51.5149],[16.6423,51.5145],[16.6186,51.5178],[16.61,51.5178],[16.5948,51.5135],[16.594,51.5117],[16.5888,51.5098],[16.5906,51.5048],[16.5862,51.5042],[16.586,51.5025],[16.5759,51.5046],[16.57,51.5032],[16.5695,51.5048],[16.5602,51.5052],[16.5611,51.5097],[16.5412,51.5112],[16.5366,51.5084],[16.5238,51.5067],[16.5242,51.505],[16.522,51.5022],[16.5091,51.506],[16.5077,51.5081],[16.5041,51.5091],[16.4983,51.5049],[16.498,51.5019],[16.4921,51.5002],[16.4895,51.5038],[16.4868,51.5035],[16.4868,51.5021],[16.4783,51.5027],[16.4781,51.499],[16.4728,51.4994],[16.4673,51.5015],[16.4739,51.5058],[16.4819,51.5175],[16.477,51.521],[16.4638,51.5211],[16.4606,51.5224],[16.4594,51.5253],[16.4623,51.5296],[16.4614,51.5348],[16.4516,51.542],[16.4526,51.5504],[16.4584,51.5569],[16.4633,51.5595],[16.4642,51.5638],[16.4582,51.5666],[16.4473,51.5678],[16.4322,51.5757],[16.423,51.5775],[16.4057,51.5774],[16.401,51.5844],[16.3912,51.5857],[16.3892,51.5877],[16.3896,51.5938],[16.3852,51.5996],[16.3936,51.6062],[16.3924,51.6099],[16.39,51.6113],[16.3758,51.6124],[16.3622,51.6082],[16.3379,51.6129],[16.3344,51.617],[16.3349,51.6245],[16.3294,51.6313],[16.3298,51.6336],[16.3355,51.6396],[16.3352,51.6421],[16.3321,51.6438],[16.3166,51.6435],[16.3113,51.6448],[16.3083,51.6489],[16.3085,51.6571],[16.2987,51.6628],[16.2888,51.6647],[16.2756,51.6621],[16.271,51.6629],[16.2713,51.6684],[16.276,51.6724],[16.2678,51.6779],[16.2691,51.6845],[16.2765,51.6872],[16.2764,51.6883],[16.2996,51.69],[16.2973,51.6946],[16.3022,51.6954],[16.3027,51.6985],[16.3173,51.7026],[16.3265,51.7021],[16.3382,51.7059],[16.34,51.7088],[16.3469,51.7089],[16.3501,51.7108],[16.3479,51.7125],[16.3508,51.7144],[16.3505,51.7158],[16.3559,51.716],[16.3599,51.7195],[16.3589,51.7207],[16.3693,51.7288],[16.3663,51.7322],[16.367,51.7334],[16.3616,51.7359],[16.3617,51.7415],[16.3656,51.7415],[16.3707,51.745],[16.3726,51.7497],[16.3754,51.7502],[16.378,51.753],[16.3759,51.7598],[16.3795,51.7658],[16.3771,51.7672],[16.3833,51.7704],[16.3952,51.7672],[16.3983,51.7706],[16.4082,51.7729],[16.411,51.7788],[16.4086,51.78],[16.4168,51.7827],[16.4162,51.7849],[16.4303,51.7847],[16.4489,51.788],[16.4639,51.7841],[16.469,51.786],[16.4772,51.7857],[16.4845,51.7823],[16.4924,51.7814],[16.5405,51.7815],[16.5453,51.7801],[16.5419,51.7761],[16.5441,51.774],[16.5411,51.7707],[16.5422,51.7695],[16.54,51.7671],[16.5409,51.7663],[16.5767,51.7686],[16.5798,51.7659],[16.5806,51.7521],[16.583,51.7508],[16.5947,51.7505],[16.6002,51.7474],[16.6003,51.7459],[16.6064,51.7448],[16.619,51.7447],[16.6231,51.747],[16.6352,51.7491],[16.6479,51.7442],[16.6394,51.733],[16.6397,51.7316],[16.6458,51.7292],[16.6441,51.7255],[16.645,51.7219],[16.6527,51.7188],[16.6531,51.7163],[16.6566,51.716],[16.6634,51.712],[16.6823,51.7079],[16.6824,51.7027],[16.6803,51.6987],[16.6769,51.6993],[16.6756,51.6977],[16.675,51.6953],[16.6774,51.6947],[16.6763,51.6922],[16.6638,51.6988],[16.6595,51.6968],[16.6589,51.6954],[16.6617,51.6943],[16.6576,51.6892],[16.6637,51.6886],[16.642,51.6835],[16.6432,51.6821],[16.6388,51.6779],[16.6399,51.6716],[16.6386,51.6716],[16.639,51.6664],[16.6432,51.6607],[16.6499,51.6578],[16.6637,51.6563],[16.6774,51.6577],[16.685,51.6559],[16.6824,51.651],[16.6802,51.6506],[16.682,51.647]]]]}},{"type":"Feature","properties":{"GID_2":"POL.1.5_1","GID_0":"POL","COUNTRY":"Poland","GID_1":"POL.1_1","NAME_1":"Dolnoslaskie","NL_NAME_1":"NA","NAME_2":"Jawor","VARNAME_2":"NA","NL_NAME_2":"NA","TYPE_2":"Powiat","ENGTYPE_2":"County","CC_2":"0205","HASC_2":"NA"},"geometry":{"type":"MultiPolygon","coordinates":[[[[16.1595,50.9506],[16.1618,50.9467],[16.1698,50.9453],[16.1725,50.9403],[16.1776,50.936],[16.1751,50.9337],[16.1792,50.9273],[16.1878,50.9194],[16.185,50.918],[16.187,50.9163],[16.1928,50.9167],[16.2,50.9138],[16.1989,50.9123],[16.2008,50.9058],[16.1987,50.9056],[16.1987,50.9035],[16.195,50.9019],[16.1942,50.8991],[16.1952,50.8935],[16.1995,50.8918],[16.2043,50.8859],[16.2003,50.8857],[16.2027,50.8801],[16.1974,50.8714],[16.1847,50.8653],[16.179,50.8639],[16.1611,50.8657],[16.1508,50.8642],[16.1375,50.8598],[16.1279,50.8542],[16.1184,50.8527],[16.1173,50.8555],[16.103,50.8591],[16.1151,50.8599],[16.1218,50.8659],[16.1225,50.8707],[16.1194,50.8699],[16.1096,50.8724],[16.0704,50.8705],[16.0667,50.8735],[16.0741,50.8785],[16.0724,50.8791],[16.0728,50.8822],[16.0755,50.8844],[16.0608,50.8859],[16.0505,50.8908],[16.0509,50.8944],[16.0592,50.8955],[16.059,50.9012],[16.0461,50.8977],[16.0338,50.8963],[16.0364,50.902],[16.0411,50.904],[16.0476,50.9108],[16.0441,50.9133],[16.0386,50.9134],[16.0395,50.9095],[16.0355,50.9047],[16.0379,50.9048],[16.033,50.901],[16.0252,50.9015],[16.0273,50.9052],[16.0193,50.9088],[16.0181,50.9059],[16.0212,50.904],[16.0187,50.9038],[16.0179,50.9002],[16.0268,50.8977],[16.0269,50.8963],[16.019,50.8976],[16.0203,50.8968],[16.0182,50.8964],[16.0172,50.8929],[16.0112,50.8939],[16.0096,50.8958],[16.0009,50.8956],[15.9991,50.8977],[16.0005,50.8994],[15.9915,50.8993],[15.9881,50.9008],[15.9871,50.8993],[15.9807,50.9014],[15.9742,50.8991],[15.9721,50.9003],[15.9701,50.8982],[15.976,50.8979],[15.9804,50.8953],[15.9714,50.8924],[15.9546,50.895],[15.9501,50.8963],[15.948,50.8987],[15.9436,50.8986],[15.9365,50.8952],[15.9342,50.8958],[15.9349,50.899],[15.9296,50.8985],[15.9323,50.9068],[15.9301,50.9071],[15.9306,50.9107],[15.9333,50.9109],[15.9306,50.914],[15.9323,50.9146],[15.9337,50.9185],[15.9311,50.9223],[15.9366,50.9236],[15.9391,50.9203],[15.941,50.9216],[15.9442,50.9206],[15.9403,50.9236],[15.9452,50.9218],[15.9458,50.9236],[15.9445,50.9245],[15.9526,50.9279],[15.9541,50.9335],[15.9558,50.9339],[15.9536,50.9366],[15.9561,50.9367],[15.9556,50.9381],[15.96,50.9404],[15.9603,50.943],[15.9722,50.9466],[15.976,50.9483],[15.9748,50.9497],[15.9757,50.9508],[15.9804,50.9521],[15.98,50.9537],[15.9774,50.9541],[15.9806,50.9584],[15.9817,50.9655],[15.9858,50.9693],[15.9848,50.9716],[15.9869,50.9725],[15.989,50.9771],[15.9911,50.9769],[16.0014,50.9909],[15.9842,50.9971],[15.9824,50.9996],[15.983,51.0031],[15.9782,51.0086],[15.9821,51.0115],[15.9791,51.0152],[15.9798,51.0189],[15.9616,51.0263],[15.9611,51.0277],[15.9512,51.0295],[15.9542,51.0313],[15.9426,51.0351],[15.9424,51.0421],[15.934,51.0431],[15.934,51.0471],[15.9368,51.051],[15.933,51.0612],[15.939,51.0627],[15.9404,51.0654],[15.9502,51.0681],[15.9517,51.0702],[15.9565,51.0694],[15.9639,51.0741],[15.9705,51.074],[15.975,51.0774],[15.9819,51.0713],[15.9903,51.0731],[15.9981,51.0797],[16.0107,51.0794],[16.0107,51.0808],[16.0143,51.0822],[16.0151,51.0864],[16.0279,51.1055],[16.0339,51.1045],[16.0444,51.1076],[16.0475,51.1102],[16.0473,51.1153],[16.0665,51.1213],[16.0695,51.1192],[16.0684,51.1169],[16.0708,51.1119],[16.0699,51.106],[16.0873,51.102],[16.0925,51.0994],[16.0963,51.1009],[16.1076,51.1109],[16.1252,51.108],[16.129,51.1115],[16.1293,51.1103],[16.1341,51.1119],[16.1331,51.115],[16.1342,51.1213],[16.1373,51.129],[16.1485,51.1324],[16.1515,51.1317],[16.1523,51.1367],[16.1718,51.1331],[16.1734,51.1276],[16.195,51.1225],[16.1934,51.1144],[16.1963,51.1134],[16.1975,51.1108],[16.195,51.1053],[16.2083,51.106],[16.2093,51.1092],[16.2125,51.1091],[16.2132,51.1106],[16.2165,51.1098],[16.2176,51.1147],[16.2233,51.1148],[16.2269,51.1119],[16.2253,51.1068],[16.2362,51.0989],[16.2422,51.1064],[16.249,51.1094],[16.2647,51.1085],[16.2687,51.1067],[16.2751,51.1121],[16.2755,51.1142],[16.279,51.1131],[16.2789,51.1091],[16.2903,51.1091],[16.2942,51.1131],[16.3036,51.1153],[16.3058,51.1216],[16.3119,51.1296],[16.3206,51.1367],[16.3239,51.137],[16.3267,51.1447],[16.3406,51.1461],[16.3494,51.1495],[16.3564,51.1495],[16.3545,51.1468],[16.3545,51.1449],[16.3598,51.146],[16.3651,51.1448],[16.3731,51.1405],[16.3727,51.1385],[16.3776,51.1382],[16.37,51.1357],[16.3863,51.1331],[16.3871,51.1289],[16.4066,51.1251],[16.4085,51.1294],[16.4139,51.131],[16.4394,51.1277],[16.4498,51.1218],[16.4589,51.1116],[16.475,51.1059],[16.4713,51.0953],[16.4749,51.0957],[16.4759,51.0892],[16.4796,51.0878],[16.4802,51.0859],[16.471,51.0846],[16.461,51.0807],[16.4561,51.0803],[16.4504,51.0822],[16.4445,51.0774],[16.4371,51.0758],[16.4339,51.0765],[16.4317,51.0801],[16.4253,51.0798],[16.4242,51.0753],[16.4204,51.0746],[16.4188,51.0709],[16.4053,51.0708],[16.4038,51.0624],[16.3979,51.0625],[16.3937,51.0579],[16.383,51.0635],[16.3746,51.0634],[16.3752,51.0707],[16.3734,51.0733],[16.3586,51.0698],[16.3563,51.071],[16.3445,51.0654],[16.3466,51.0611],[16.3438,51.0567],[16.3317,51.0544],[16.3333,51.0498],[16.3356,51.0501],[16.336,51.0473],[16.3319,51.0467],[16.3392,51.0405],[16.3429,51.0341],[16.3396,51.0327],[16.3372,51.029],[16.3351,51.0297],[16.32,51.0233],[16.3223,51.0167],[16.3199,51.0135],[16.2989,51.0192],[16.2893,51.0188],[16.2691,51.0121],[16.2686,51.0079],[16.2651,51.0022],[16.2378,51.0081],[16.2369,51.0114],[16.2317,51.0141],[16.2234,51.015],[16.2176,51.0183],[16.1986,51.0167],[16.1984,51.0102],[16.1955,51.0042],[16.2007,51.0032],[16.1999,51.0016],[16.2064,50.999],[16.2068,50.9973],[16.2049,50.9964],[16.2058,50.9927],[16.2025,50.9884],[16.2032,50.9835],[16.2017,50.9837],[16.2023,50.9791],[16.2008,50.9763],[16.201,50.9736],[16.2038,50.9715],[16.1833,50.9644],[16.1778,50.964],[16.1761,50.9669],[16.1685,50.964],[16.1704,50.9613],[16.173,50.9614],[16.1653,50.9576],[16.1595,50.9506]]]]}},{"type":"Feature","properties":{"GID_2":"POL.1.7_1","GID_0":"POL","COUNTRY":"Poland","GID_1":"POL.1_1","NAME_1":"Dolnoslaskie","NL_NAME_1":"NA","NAME_2":"JeleniaGora","VARNAME_2":"NA","NL_NAME_2":"NA","TYPE_2":"Powiat","ENGTYPE_2":"County","CC_2":"0206","HASC_2":"NA"},"geometry":{"type":"MultiPolygon","coordinates":[[[[15.7939,50.7536],[15.7915,50.7527],[15.7903,50.749],[15.7872,50.7489],[15.7875,50.7462],[15.7832,50.7442],[15.7675,50.7436],[15.766,50.748],[15.7519,50.7475],[15.7523,50.743],[15.7382,50.7424],[15.7386,50.7379],[15.7315,50.7376],[15.7243,50.7397],[15.7241,50.7418],[15.6939,50.7406],[15.6886,50.7428],[15.6839,50.7526],[15.6803,50.7547],[15.68,50.7581],[15.6659,50.7575],[15.6654,50.762],[15.6442,50.7611],[15.6438,50.7656],[15.6297,50.7651],[15.6292,50.7696],[15.6241,50.7693],[15.6322,50.7748],[15.639,50.7872],[15.6454,50.7939],[15.6487,50.8013],[15.6388,50.8032],[15.6294,50.8078],[15.6317,50.8094],[15.6311,50.8105],[15.6326,50.8101],[15.6325,50.8148],[15.6365,50.8125],[15.6383,50.8142],[15.6352,50.8225],[15.6334,50.8236],[15.6359,50.8252],[15.6436,50.8255],[15.656,50.8302],[15.6546,50.8323],[15.6577,50.8333],[15.6601,50.8375],[15.6629,50.8386],[15.6608,50.8441],[15.6661,50.8471],[15.6735,50.8462],[15.6807,50.8509],[15.6863,50.8499],[15.6907,50.8519],[15.6952,50.8509],[15.701,50.8463],[15.7048,50.8482],[15.7072,50.8468],[15.7142,50.8554],[15.7196,50.8594],[15.7168,50.8633],[15.7323,50.8732],[15.7359,50.8732],[15.7469,50.8679],[15.748,50.8647],[15.747,50.8637],[15.7487,50.8629],[15.7481,50.8592],[15.7662,50.8561],[15.7647,50.8594],[15.7727,50.8645],[15.7708,50.866],[15.7775,50.8682],[15.7651,50.8757],[15.7637,50.8813],[15.7725,50.8842],[15.7871,50.8934],[15.7978,50.8839],[15.7971,50.8895],[15.7944,50.891],[15.7964,50.8925],[15.7948,50.8964],[15.8023,50.9004],[15.8054,50.8994],[15.8092,50.9009],[15.8096,50.9026],[15.8121,50.9009],[15.8179,50.9007],[15.8208,50.8946],[15.8275,50.893],[15.851,50.8972],[15.8561,50.8976],[15.8599,50.8958],[15.8646,50.8972],[15.8631,50.8984],[15.8665,50.898],[15.8688,50.9011],[15.872,50.8985],[15.8772,50.9003],[15.874,50.9065],[15.8762,50.9073],[15.8703,50.9114],[15.8714,50.9119],[15.8698,50.9133],[15.8547,50.9179],[15.8503,50.9149],[15.8446,50.9159],[15.8447,50.9235],[15.8483,50.925],[15.8395,50.9304],[15.8283,50.9321],[15.8254,50.9291],[15.8204,50.9296],[15.8202,50.9233],[15.8012,50.9158],[15.792,50.918],[15.783,50.9227],[15.7822,50.9265],[15.7719,50.9275],[15.7707,50.9287],[15.7717,50.9308],[15.7683,50.9326],[15.7604,50.9272],[15.7337,50.9204],[15.7265,50.9215],[15.7246,50.925],[15.7279,50.9268],[15.7158,50.9314],[15.7093,50.9302],[15.7079,50.9269],[15.7054,50.9255],[15.7077,50.9235],[15.6989,50.921],[15.7003,50.9179],[15.688,50.915],[15.6843,50.9109],[15.6725,50.9116],[15.6693,50.9095],[15.6677,50.9114],[15.6601,50.9024],[15.6541,50.9012],[15.6578,50.8963],[15.6527,50.8961],[15.6499,50.8942],[15.6521,50.8914],[15.6578,50.8901],[15.6642,50.8845],[15.6618,50.8829],[15.6635,50.8814],[15.6606,50.8807],[15.6637,50.8769],[15.6555,50.8725],[15.6574,50.8704],[15.649,50.8696],[15.6302,50.8624],[15.6377,50.8594],[15.6406,50.8563],[15.6343,50.8557],[15.6324,50.853],[15.6207,50.8465],[15.6207,50.8427],[15.6237,50.8423],[15.6214,50.8383],[15.6191,50.8376],[15.6177,50.8299],[15.6104,50.8343],[15.605,50.8267],[15.6086,50.8245],[15.6168,50.8286],[15.6228,50.8283],[15.6133,50.8236],[15.6059,50.8219],[15.6077,50.8199],[15.6069,50.8187],[15.5986,50.8202],[15.5866,50.8164],[15.5866,50.8148],[15.5835,50.8127],[15.5837,50.8091],[15.5862,50.8045],[15.5861,50.7994],[15.5787,50.781],[15.543,50.7803],[15.5427,50.784],[15.5356,50.7837],[15.536,50.7795],[15.5227,50.7787],[15.514,50.7869],[15.5135,50.7918],[15.4805,50.7908],[15.4777,50.7948],[15.4629,50.8011],[15.4627,50.8032],[15.4556,50.8029],[15.4552,50.8074],[15.4481,50.8074],[15.4472,50.8161],[15.433,50.8155],[15.4335,50.811],[15.4193,50.8104],[15.4202,50.8022],[15.4185,50.7977],[15.4136,50.7966],[15.4141,50.7923],[15.4095,50.7874],[15.4004,50.787],[15.401,50.7808],[15.3958,50.7778],[15.3821,50.7772],[15.38,50.7781],[15.3797,50.7816],[15.3726,50.7813],[15.3734,50.785],[15.3719,50.7874],[15.3741,50.7891],[15.3715,50.7925],[15.3725,50.7958],[15.3708,50.7992],[15.3662,50.8019],[15.3687,50.8054],[15.374,50.8074],[15.372,50.8082],[15.3741,50.8118],[15.37,50.8144],[15.372,50.8191],[15.3761,50.8211],[15.3722,50.8236],[15.3693,50.8321],[15.37,50.834],[15.3682,50.836],[15.3769,50.8388],[15.3857,50.8386],[15.3968,50.834],[15.4068,50.8336],[15.4109,50.8319],[15.4143,50.8353],[15.4121,50.838],[15.4134,50.853],[15.4392,50.8523],[15.4484,50.8646],[15.4562,50.8848],[15.4717,50.8808],[15.4763,50.8779],[15.4894,50.8792],[15.49,50.8812],[15.5001,50.8878],[15.5011,50.889],[15.4987,50.8912],[15.501,50.8931],[15.4956,50.8976],[15.4883,50.8982],[15.4847,50.9033],[15.4869,50.9047],[15.4849,50.9099],[15.4864,50.9118],[15.4942,50.913],[15.4958,50.9153],[15.4982,50.9156],[15.4983,50.914],[15.5025,50.9147],[15.5026,50.9128],[15.5049,50.9124],[15.5077,50.9144],[15.5033,50.9226],[15.5051,50.9247],[15.5044,50.9258],[15.509,50.9292],[15.5171,50.9313],[15.522,50.939],[15.5252,50.9409],[15.5364,50.9376],[15.5684,50.9396],[15.5859,50.9484],[15.595,50.9494],[15.607,50.9481],[15.6074,50.9512],[15.6162,50.9529],[15.6214,50.9491],[15.6381,50.9492],[15.6397,50.9512],[15.6338,50.9543],[15.6339,50.9555],[15.6383,50.9562],[15.649,50.9532],[15.6551,50.9571],[15.6668,50.9553],[15.6676,50.958],[15.6721,50.9593],[15.6945,50.9555],[15.6983,50.9574],[15.6956,50.9586],[15.6981,50.9622],[15.6978,50.9644],[15.6922,50.9663],[15.6928,50.9686],[15.69,50.9695],[15.6921,50.9732],[15.6903,50.9771],[15.6835,50.9821],[15.6789,50.982],[15.6767,50.9842],[15.6869,50.9878],[15.6861,50.9889],[15.6935,50.9897],[15.6928,50.9914],[15.6864,50.9946],[15.6904,50.9981],[15.6909,51.0009],[15.6913,50.9997],[15.6965,50.9997],[15.6983,50.9975],[15.7199,50.9966],[15.717,51.0019],[15.7145,51.0011],[15.717,51.0024],[15.7254,51.0036],[15.7225,51.0072],[15.7326,51.0119],[15.7378,51.0114],[15.7371,51.0132],[15.7384,51.013],[15.7509,51.007],[15.7617,51.0066],[15.7587,51.0054],[15.7672,51.0014],[15.774,51.0016],[15.7733,50.9999],[15.7755,50.9958],[15.7719,50.9947],[15.7771,50.9949],[15.7771,50.9938],[15.7829,50.9929],[15.7854,50.994],[15.8009,50.9861],[15.8223,50.9809],[15.8226,50.9741],[15.8158,50.9713],[15.8179,50.9693],[15.8151,50.9663],[15.8239,50.9546],[15.8255,50.9477],[15.8342,50.9399],[15.8282,50.9403],[15.8356,50.9378],[15.8353,50.9332],[15.837,50.9331],[15.8381,50.9374],[15.8474,50.9358],[15.8475,50.937],[15.8703,50.9448],[15.8795,50.9448],[15.8844,50.9505],[15.8859,50.9497],[15.885,50.9478],[15.8901,50.9439],[15.8902,50.942],[15.8977,50.9415],[15.8971,50.9402],[15.9003,50.9372],[15.904,50.937],[15.9034,50.9328],[15.9011,50.9316],[15.9067,50.9288],[15.9065,50.9272],[15.9172,50.9271],[15.9183,50.9259],[15.9204,50.927],[15.9242,50.9251],[15.9227,50.9231],[15.924,50.9224],[15.9267,50.924],[15.9254,50.9255],[15.9267,50.9268],[15.9326,50.924],[15.9311,50.9223],[15.9337,50.9184],[15.9323,50.9146],[15.9306,50.914],[15.9333,50.9109],[15.9306,50.9107],[15.9301,50.9071],[15.9323,50.9068],[15.9296,50.8985],[15.9346,50.8992],[15.9342,50.8958],[15.9359,50.8953],[15.9475,50.8988],[15.9546,50.895],[15.962,50.8946],[15.9562,50.8773],[15.9524,50.8725],[15.9564,50.8572],[15.9559,50.8529],[15.9579,50.8495],[15.9521,50.8443],[15.9431,50.8426],[15.9441,50.839],[15.9391,50.839],[15.9368,50.8354],[15.9344,50.8371],[15.9297,50.8346],[15.9232,50.8367],[15.9268,50.8335],[15.9257,50.832],[15.9277,50.8284],[15.9237,50.8231],[15.9075,50.8159],[15.9002,50.8081],[15.8888,50.8042],[15.8938,50.7977],[15.8899,50.7948],[15.8925,50.7907],[15.8829,50.7851],[15.883,50.7818],[15.8786,50.7792],[15.8754,50.7734],[15.8726,50.7744],[15.8674,50.7696],[15.8679,50.7634],[15.8632,50.7615],[15.8592,50.7575],[15.8663,50.7553],[15.8644,50.7486],[15.8617,50.7453],[15.8508,50.7432],[15.8447,50.7457],[15.8319,50.7427],[15.8228,50.7474],[15.8226,50.7503],[15.8195,50.7501],[15.8162,50.7553],[15.7939,50.7536]]]]}},{"type":"Feature","properties":{"GID_2":"POL.1.6_1","GID_0":"POL","COUNTRY":"Poland","GID_1":"POL.1_1","NAME_1":"Dolnoslaskie","NL_NAME_1":"NA","NAME_2":"JeleniaGora","VARNAME_2":"NA","NL_NAME_2":"NA","TYPE_2":"Miastonaprawachpowiatu","ENGTYPE_2":"Citywithpowiatrights","CC_2":"0206","HASC_2":"NA"},"geometry":{"type":"MultiPolygon","coordinates":[[[[15.6241,50.7693],[15.62,50.7678],[15.6164,50.7723],[15.6018,50.7768],[15.5779,50.7787],[15.5861,50.7994],[15.5862,50.8045],[15.5837,50.8091],[15.5835,50.8127],[15.5866,50.8148],[15.5867,50.8165],[15.5955,50.8198],[15.6069,50.8187],[15.6077,50.8199],[15.6059,50.8219],[15.6133,50.8236],[15.6231,50.8285],[15.6168,50.8286],[15.6113,50.8248],[15.6059,50.8251],[15.605,50.8267],[15.6104,50.8343],[15.6177,50.8299],[15.6191,50.8376],[15.6214,50.8383],[15.6237,50.8423],[15.6207,50.8427],[15.6207,50.8465],[15.6324,50.853],[15.6343,50.8557],[15.6406,50.8563],[15.6377,50.8594],[15.6302,50.8624],[15.649,50.8696],[15.6574,50.8704],[15.6555,50.8725],[15.6637,50.8769],[15.6606,50.8807],[15.6635,50.8814],[15.6618,50.8829],[15.6642,50.8845],[15.6578,50.8901],[15.6521,50.8914],[15.6499,50.8942],[15.6527,50.8961],[15.6578,50.8963],[15.6541,50.9012],[15.6601,50.9024],[15.6677,50.9114],[15.6693,50.9095],[15.6725,50.9116],[15.6843,50.9109],[15.688,50.915],[15.7003,50.9179],[15.6989,50.921],[15.7077,50.9235],[15.7054,50.9255],[15.7079,50.9269],[15.7093,50.9302],[15.7158,50.9314],[15.7279,50.9268],[15.7246,50.925],[15.7265,50.9215],[15.7337,50.9204],[15.7604,50.9272],[15.7683,50.9326],[15.7717,50.9308],[15.7707,50.9287],[15.7719,50.9275],[15.7822,50.9265],[15.783,50.9227],[15.792,50.918],[15.8012,50.9158],[15.8202,50.9233],[15.8204,50.9296],[15.8254,50.9291],[15.8283,50.9321],[15.8395,50.9304],[15.8477,50.9265],[15.8478,50.924],[15.8447,50.9235],[15.8446,50.9159],[15.8503,50.9149],[15.8547,50.9179],[15.8698,50.9133],[15.8714,50.9119],[15.8703,50.9114],[15.8762,50.9073],[15.874,50.9065],[15.8772,50.9003],[15.875,50.8988],[15.8718,50.8986],[15.8688,50.9011],[15.8665,50.898],[15.8631,50.8984],[15.8646,50.8972],[15.8599,50.8958],[15.8561,50.8976],[15.851,50.8972],[15.8275,50.893],[15.8208,50.8946],[15.8179,50.9007],[15.8121,50.9009],[15.8096,50.9026],[15.8092,50.9009],[15.8054,50.8994],[15.8009,50.8999],[15.7948,50.8964],[15.7964,50.8925],[15.7944,50.891],[15.7971,50.8895],[15.7978,50.8839],[15.7871,50.8934],[15.7725,50.8842],[15.7637,50.8813],[15.7651,50.8757],[15.7775,50.8682],[15.7708,50.866],[15.7727,50.8645],[15.7647,50.8594],[15.7662,50.8561],[15.7481,50.8592],[15.7487,50.8629],[15.747,50.8637],[15.748,50.8647],[15.7469,50.8679],[15.7359,50.8732],[15.7323,50.8732],[15.7168,50.8633],[15.7196,50.8594],[15.7142,50.8554],[15.7072,50.8468],[15.7048,50.8482],[15.701,50.8463],[15.6952,50.8509],[15.6907,50.8519],[15.6863,50.8499],[15.6807,50.8509],[15.6735,50.8462],[15.6661,50.8471],[15.6608,50.8441],[15.6629,50.8386],[15.6601,50.8375],[15.6577,50.8333],[15.6546,50.8323],[15.656,50.8302],[15.6436,50.8255],[15.6335,50.8241],[15.6383,50.8142],[15.6365,50.8125],[15.6325,50.8148],[15.6326,50.8101],[15.6311,50.8105],[15.6317,50.8094],[15.6294,50.8078],[15.6388,50.8032],[15.6487,50.8013],[15.6454,50.7939],[15.639,50.7872],[15.6322,50.7748],[15.6241,50.7693]]]]}},{"type":"Feature","properties":{"GID_2":"POL.1.8_1","GID_0":"POL","COUNTRY":"Poland","GID_1":"POL.1_1","NAME_1":"Dolnoslaskie","NL_NAME_1":"NA","NAME_2":"KamiennaGora","VARNAME_2":"NA","NL_NAME_2":"NA","TYPE_2":"Powiat","ENGTYPE_2":"County","CC_2":"0207","HASC_2":"NA"},"geometry":{"type":"MultiPolygon","coordinates":[[[[16.1055,50.662],[16.1037,50.6634],[16.1005,50.6615],[16.0925,50.6612],[16.0933,50.6528],[16.0863,50.652],[16.0865,50.6487],[16.0847,50.6471],[16.0676,50.6398],[16.0598,50.625],[16.0573,50.6169],[16.0584,50.6149],[16.04,50.6142],[16.0402,50.6122],[16.0248,50.5986],[16.0195,50.6003],[16.0157,50.6061],[16.0112,50.6069],[16.0085,50.6047],[15.9982,50.6082],[15.9978,50.6126],[15.9907,50.6123],[15.9902,50.6178],[15.9972,50.6223],[16.0218,50.6302],[16.0163,50.6333],[16.0085,50.6345],[16.0055,50.6424],[16.0021,50.644],[16.0019,50.6458],[16.005,50.6486],[16.0034,50.6513],[16.0043,50.6581],[15.9979,50.6685],[15.9989,50.6723],[15.9937,50.6734],[15.9923,50.6752],[15.9914,50.6846],[15.9769,50.6887],[15.9765,50.693],[15.9342,50.6914],[15.9346,50.6869],[15.9315,50.6863],[15.9298,50.6829],[15.9262,50.6808],[15.9195,50.6846],[15.9102,50.6814],[15.8927,50.6808],[15.893,50.6767],[15.879,50.6757],[15.8794,50.6713],[15.8722,50.6725],[15.8719,50.6755],[15.8609,50.675],[15.8632,50.6815],[15.8599,50.6873],[15.8574,50.6968],[15.8531,50.7006],[15.851,50.7082],[15.8476,50.7092],[15.847,50.7151],[15.8405,50.715],[15.8396,50.7193],[15.8348,50.7202],[15.8299,50.7244],[15.8315,50.7264],[15.8301,50.7278],[15.8317,50.7302],[15.8304,50.7351],[15.8312,50.7413],[15.8319,50.7427],[15.8447,50.7457],[15.8508,50.7432],[15.8617,50.7453],[15.8644,50.7486],[15.8663,50.7553],[15.8592,50.7575],[15.8632,50.7615],[15.8679,50.7634],[15.8674,50.7696],[15.8726,50.7744],[15.8754,50.7734],[15.8786,50.7792],[15.883,50.7818],[15.8829,50.7851],[15.8925,50.7907],[15.8899,50.7948],[15.8938,50.7977],[15.8888,50.8042],[15.9002,50.8081],[15.9075,50.8159],[15.9237,50.8231],[15.9277,50.8284],[15.9257,50.832],[15.9268,50.8335],[15.9232,50.8367],[15.9297,50.8346],[15.9344,50.8371],[15.9368,50.8354],[15.9391,50.839],[15.9441,50.839],[15.9431,50.8426],[15.9506,50.8436],[15.9572,50.8485],[15.958,50.85],[15.9559,50.8529],[15.9564,50.8572],[15.9524,50.8725],[15.9562,50.8773],[15.962,50.8946],[15.9714,50.8924],[15.9804,50.8953],[15.976,50.8979],[15.9701,50.8982],[15.9721,50.9003],[15.9742,50.8991],[15.9807,50.9014],[15.9871,50.8993],[15.9881,50.9008],[15.9915,50.8993],[16.0005,50.8994],[15.9991,50.8977],[16.0009,50.8956],[16.0096,50.8958],[16.0112,50.8939],[16.0172,50.8929],[16.0182,50.8964],[16.0203,50.8968],[16.019,50.8976],[16.0269,50.8963],[16.0268,50.8977],[16.0179,50.9002],[16.0187,50.9038],[16.0212,50.904],[16.0181,50.9059],[16.0193,50.9088],[16.0273,50.9052],[16.0252,50.9015],[16.033,50.901],[16.0379,50.9048],[16.0355,50.9047],[16.0395,50.9095],[16.0386,50.9134],[16.0441,50.9133],[16.0476,50.9108],[16.0411,50.904],[16.0364,50.902],[16.0338,50.8963],[16.0461,50.8977],[16.059,50.9012],[16.0592,50.8955],[16.0509,50.8944],[16.0505,50.8908],[16.0608,50.8859],[16.0755,50.8844],[16.0728,50.8822],[16.0724,50.8791],[16.0741,50.8785],[16.0667,50.8735],[16.0676,50.8717],[16.0707,50.8705],[16.1096,50.8724],[16.1194,50.8699],[16.1225,50.8707],[16.1218,50.8659],[16.1151,50.8599],[16.1016,50.8587],[16.1001,50.8605],[16.0842,50.8603],[16.0833,50.8558],[16.0883,50.8551],[16.0861,50.8535],[16.0808,50.8548],[16.0836,50.846],[16.0782,50.8453],[16.077,50.8406],[16.0736,50.8374],[16.0722,50.8311],[16.0676,50.8265],[16.0741,50.8237],[16.0749,50.8252],[16.0817,50.8259],[16.0869,50.8187],[16.0793,50.8192],[16.0807,50.8156],[16.0768,50.8157],[16.0772,50.8146],[16.0724,50.8134],[16.0735,50.8103],[16.0687,50.8112],[16.0729,50.8067],[16.0709,50.8049],[16.0707,50.8013],[16.0732,50.7992],[16.071,50.7961],[16.0695,50.7965],[16.0679,50.7908],[16.0758,50.7895],[16.075,50.788],[16.0774,50.7848],[16.0756,50.7796],[16.0881,50.7764],[16.0867,50.7752],[16.0927,50.7725],[16.105,50.7633],[16.1078,50.7582],[16.1047,50.7518],[16.1007,50.7482],[16.1074,50.7401],[16.1118,50.7373],[16.1129,50.7343],[16.112,50.7317],[16.116,50.7242],[16.1264,50.7188],[16.131,50.7116],[16.1341,50.7095],[16.1381,50.7106],[16.1397,50.7097],[16.155,50.7125],[16.1554,50.7103],[16.1633,50.7097],[16.1638,50.7086],[16.173,50.7089],[16.1775,50.7044],[16.1788,50.7],[16.1795,50.6938],[16.1647,50.6831],[16.1535,50.6865],[16.1451,50.6834],[16.1422,50.6804],[16.1343,50.6785],[16.1235,50.6771],[16.116,50.6788],[16.111,50.6778],[16.1083,50.6753],[16.1082,50.6699],[16.1044,50.6677],[16.1075,50.6632],[16.1055,50.662]]]]}},{"type":"Feature","properties":{"GID_2":"POL.1.9_1","GID_0":"POL","COUNTRY":"Poland","GID_1":"POL.1_1","NAME_1":"Dolnoslaskie","NL_NAME_1":"NA","NAME_2":"Klodzko","VARNAME_2":"NA","NL_NAME_2":"NA","TYPE_2":"Powiat","ENGTYPE_2":"County","CC_2":"0208","HASC_2":"NA"},"geometry":{"type":"MultiPolygon","coordinates":[[[[16.5844,50.1511],[16.5855,50.152],[16.5832,50.1548],[16.5781,50.1551],[16.5784,50.1577],[16.5688,50.1604],[16.5686,50.1633],[16.5617,50.1634],[16.5578,50.1706],[16.5582,50.174],[16.5638,50.1798],[16.5604,50.1841],[16.5571,50.1848],[16.5589,50.1891],[16.5544,50.1962],[16.557,50.1995],[16.556,50.2031],[16.5613,50.2055],[16.5617,50.2076],[16.5585,50.2101],[16.5574,50.2204],[16.5512,50.223],[16.5483,50.2298],[16.5452,50.23],[16.5406,50.2338],[16.5375,50.239],[16.5292,50.2376],[16.521,50.2407],[16.5203,50.2475],[16.5133,50.2473],[16.5143,50.2516],[16.5085,50.2528],[16.5066,50.2556],[16.5081,50.2576],[16.5063,50.2603],[16.4975,50.2598],[16.4937,50.2635],[16.4897,50.2642],[16.4887,50.269],[16.4867,50.2709],[16.4819,50.2714],[16.4803,50.2749],[16.4812,50.2756],[16.4756,50.2821],[16.4667,50.2869],[16.4681,50.2902],[16.4675,50.2954],[16.462,50.2964],[16.4602,50.2996],[16.4559,50.2999],[16.4539,50.3027],[16.4482,50.305],[16.4454,50.311],[16.4448,50.3172],[16.4378,50.3171],[16.4375,50.3214],[16.43,50.3251],[16.4108,50.3246],[16.4053,50.3201],[16.3993,50.3192],[16.388,50.3254],[16.3877,50.3288],[16.3832,50.3288],[16.3752,50.3423],[16.3653,50.3466],[16.3646,50.3551],[16.3633,50.355],[16.3659,50.3573],[16.3656,50.3632],[16.368,50.367],[16.3636,50.3707],[16.3649,50.3739],[16.3607,50.3795],[16.3525,50.3786],[16.3484,50.3816],[16.3286,50.3809],[16.3263,50.3821],[16.3169,50.3802],[16.3087,50.3831],[16.3047,50.3826],[16.2992,50.3808],[16.2919,50.3703],[16.2828,50.3672],[16.2861,50.3704],[16.2791,50.3701],[16.2787,50.3746],[16.2768,50.3746],[16.2769,50.3762],[16.2663,50.381],[16.2656,50.3831],[16.2674,50.3867],[16.2631,50.3936],[16.256,50.3937],[16.2558,50.3964],[16.2488,50.3961],[16.2486,50.399],[16.2519,50.3997],[16.2519,50.4023],[16.2538,50.4032],[16.2529,50.4056],[16.2479,50.407],[16.2477,50.4096],[16.2416,50.4097],[16.2417,50.4114],[16.2381,50.4141],[16.2302,50.4122],[16.2243,50.4088],[16.2145,50.4091],[16.2125,50.4103],[16.2122,50.414],[16.2141,50.4147],[16.212,50.4185],[16.2112,50.4264],[16.2066,50.4278],[16.2038,50.4306],[16.1967,50.4308],[16.1965,50.4337],[16.1987,50.4347],[16.1988,50.4418],[16.2026,50.4441],[16.205,50.4487],[16.213,50.4517],[16.2214,50.4509],[16.2208,50.4463],[16.224,50.4421],[16.2319,50.4435],[16.231,50.4447],[16.2336,50.446],[16.2341,50.4487],[16.2305,50.4507],[16.23,50.4541],[16.2227,50.4568],[16.2226,50.4584],[16.2353,50.4599],[16.2363,50.4608],[16.2353,50.4633],[16.2434,50.4631],[16.2557,50.4676],[16.2496,50.4729],[16.2636,50.4734],[16.2632,50.4779],[16.2664,50.478],[16.2686,50.4759],[16.2747,50.4766],[16.2702,50.4793],[16.2699,50.4826],[16.2941,50.4792],[16.2997,50.4852],[16.3016,50.4894],[16.3005,50.4915],[16.3046,50.491],[16.3124,50.4941],[16.3121,50.4972],[16.3094,50.4994],[16.3115,50.5061],[16.3173,50.5068],[16.3176,50.5023],[16.3317,50.5028],[16.332,50.4983],[16.3386,50.4986],[16.3438,50.4958],[16.3478,50.4965],[16.3482,50.4989],[16.3516,50.498],[16.3602,50.4993],[16.36,50.5011],[16.3637,50.5039],[16.3668,50.504],[16.3678,50.5086],[16.3735,50.5088],[16.3739,50.5164],[16.3868,50.5183],[16.3867,50.5203],[16.3886,50.5218],[16.3935,50.523],[16.3933,50.5253],[16.3999,50.5274],[16.4018,50.5299],[16.3968,50.5333],[16.3982,50.5345],[16.3923,50.5387],[16.3921,50.541],[16.3991,50.5413],[16.3988,50.545],[16.411,50.548],[16.4106,50.5564],[16.4084,50.5614],[16.4044,50.5643],[16.4046,50.5693],[16.4251,50.5692],[16.4251,50.5704],[16.433,50.574],[16.4459,50.5744],[16.4449,50.5879],[16.4409,50.5878],[16.4374,50.5927],[16.4371,50.5967],[16.4336,50.5966],[16.4283,50.5999],[16.4222,50.6069],[16.4128,50.6101],[16.405,50.6173],[16.3941,50.619],[16.3924,50.6267],[16.3853,50.6265],[16.3849,50.631],[16.3802,50.6308],[16.3781,50.6344],[16.3795,50.6365],[16.3778,50.6369],[16.3866,50.6428],[16.4031,50.6451],[16.403,50.6473],[16.4065,50.6495],[16.403,50.6533],[16.4047,50.6541],[16.4173,50.6537],[16.4366,50.6482],[16.449,50.647],[16.4476,50.6523],[16.4528,50.6552],[16.4567,50.66],[16.4692,50.663],[16.4766,50.668],[16.4767,50.6704],[16.4805,50.6753],[16.4809,50.6799],[16.4797,50.6811],[16.4993,50.6757],[16.5063,50.6649],[16.5141,50.6579],[16.5166,50.6565],[16.5255,50.6566],[16.5304,50.6542],[16.5351,50.6491],[16.5428,50.6485],[16.543,50.645],[16.5479,50.6423],[16.5475,50.639],[16.5582,50.6336],[16.5789,50.6299],[16.5881,50.6254],[16.5868,50.6225],[16.5874,50.6181],[16.5965,50.6138],[16.5988,50.5989],[16.6055,50.5887],[16.6122,50.5847],[16.6236,50.581],[16.6293,50.5745],[16.6358,50.5727],[16.6367,50.5709],[16.6306,50.5678],[16.629,50.5644],[16.6263,50.5633],[16.6264,50.5614],[16.6353,50.5581],[16.6419,50.5522],[16.642,50.5497],[16.6502,50.5478],[16.652,50.5491],[16.6636,50.5446],[16.669,50.5442],[16.6855,50.5372],[16.6864,50.532],[16.6796,50.5322],[16.676,50.5301],[16.6764,50.5273],[16.6737,50.5259],[16.6778,50.5246],[16.6762,50.523],[16.6751,50.5165],[16.6838,50.5156],[16.6874,50.5128],[16.6859,50.5115],[16.6903,50.5046],[16.6899,50.5021],[16.7003,50.4968],[16.703,50.4887],[16.702,50.483],[16.6947,50.4823],[16.7079,50.4764],[16.7284,50.4753],[16.7365,50.4777],[16.7364,50.4756],[16.7452,50.4681],[16.7464,50.464],[16.7525,50.4599],[16.7571,50.4539],[16.7553,50.4511],[16.758,50.4476],[16.7569,50.444],[16.7616,50.4397],[16.7613,50.4352],[16.7653,50.4309],[16.7674,50.4256],[16.7924,50.4239],[16.7935,50.4176],[16.7974,50.4106],[16.8068,50.4009],[16.813,50.3982],[16.8196,50.4006],[16.8281,50.3974],[16.8391,50.4],[16.8459,50.3992],[16.8505,50.4009],[16.8529,50.4063],[16.8667,50.4073],[16.8671,50.4028],[16.8741,50.4022],[16.8744,50.3985],[16.8814,50.3987],[16.8817,50.3942],[16.8887,50.3944],[16.889,50.3899],[16.903,50.3903],[16.9034,50.3858],[16.9104,50.386],[16.9125,50.3545],[16.9195,50.3547],[16.9201,50.3457],[16.9271,50.3459],[16.9286,50.3234],[16.9356,50.3236],[16.9362,50.3146],[16.9432,50.3148],[16.9435,50.3103],[16.9645,50.3109],[16.9648,50.3064],[16.9788,50.3067],[16.9791,50.3023],[16.9931,50.3024],[16.9934,50.2982],[17.0004,50.2984],[17.0007,50.2939],[17.0077,50.2941],[17.0089,50.2761],[17.0159,50.2763],[17.0165,50.2673],[17.0095,50.267],[17.0099,50.2603],[17.0016,50.2564],[17.0034,50.2529],[17.004,50.2443],[17.0109,50.2445],[17.0115,50.2355],[17.0185,50.2357],[17.0193,50.2241],[17.0153,50.2197],[17.0024,50.2164],[16.9969,50.2167],[16.9926,50.2263],[16.9837,50.2328],[16.9836,50.2347],[16.9815,50.2347],[16.9804,50.2416],[16.9763,50.2449],[16.974,50.2435],[16.962,50.2431],[16.9623,50.2386],[16.9553,50.2384],[16.9562,50.2249],[16.9257,50.224],[16.9174,50.2262],[16.8991,50.2229],[16.8981,50.2186],[16.8875,50.2156],[16.8841,50.2093],[16.8802,50.2092],[16.8809,50.2001],[16.8739,50.1999],[16.874,50.1974],[16.8625,50.1996],[16.8619,50.2011],[16.8514,50.2048],[16.8486,50.2076],[16.8454,50.2066],[16.8453,50.2081],[16.8383,50.2079],[16.8386,50.2038],[16.8347,50.201],[16.8359,50.1979],[16.8259,50.1946],[16.8229,50.1887],[16.8156,50.1922],[16.8097,50.189],[16.8046,50.1888],[16.805,50.1843],[16.798,50.1841],[16.7986,50.1751],[16.7916,50.1749],[16.7926,50.1614],[16.7856,50.1612],[16.7861,50.1532],[16.7816,50.1513],[16.7833,50.1456],[16.7637,50.138],[16.7593,50.1378],[16.7594,50.1359],[16.7554,50.1339],[16.7509,50.1353],[16.745,50.1347],[16.7338,50.1202],[16.7291,50.1169],[16.7272,50.1097],[16.7232,50.1067],[16.7239,50.1052],[16.706,50.0966],[16.6887,50.0986],[16.6783,50.1037],[16.6647,50.1061],[16.6636,50.1077],[16.6413,50.1122],[16.6334,50.1114],[16.6319,50.1148],[16.6252,50.121],[16.614,50.1251],[16.613,50.1319],[16.6035,50.134],[16.5995,50.1385],[16.5953,50.1405],[16.5894,50.1401],[16.5842,50.1417],[16.5844,50.1511]]]]}},{"type":"Feature","properties":{"GID_2":"POL.1.11_1","GID_0":"POL","COUNTRY":"Poland","GID_1":"POL.1_1","NAME_1":"Dolnoslaskie","NL_NAME_1":"NA","NAME_2":"Legnica","VARNAME_2":"NA","NL_NAME_2":"NA","TYPE_2":"Powiat","ENGTYPE_2":"County","CC_2":"0209","HASC_2":"NA"},"geometry":{"type":"MultiPolygon","coordinates":[[[[16.1954,51.1059],[16.1975,51.1108],[16.1963,51.1134],[16.1934,51.1144],[16.1948,51.1227],[16.1734,51.1276],[16.1718,51.1331],[16.1523,51.1367],[16.1515,51.1317],[16.1485,51.1324],[16.1373,51.129],[16.1342,51.1213],[16.1331,51.115],[16.1341,51.1119],[16.1293,51.1103],[16.129,51.1115],[16.1252,51.108],[16.1076,51.1109],[16.0963,51.1009],[16.0925,51.0994],[16.0873,51.102],[16.0699,51.106],[16.0708,51.1119],[16.0684,51.1169],[16.0695,51.1192],[16.0675,51.1215],[16.0551,51.1169],[16.043,51.1153],[16.04,51.1216],[16.0409,51.1248],[16.0379,51.1275],[16.0396,51.1328],[16.0377,51.133],[16.0371,51.1348],[16.0393,51.1379],[16.036,51.1389],[16.0362,51.1433],[16.0247,51.1482],[16.0275,51.1555],[16.0249,51.1568],[16.0198,51.1553],[16.0174,51.1594],[16.0326,51.1654],[16.0318,51.1768],[16.062,51.1951],[16.0608,51.1962],[16.062,51.197],[16.0559,51.2043],[16.0553,51.2077],[16.0516,51.2104],[16.053,51.2132],[16.0519,51.214],[16.0631,51.2173],[16.0506,51.2246],[16.0382,51.2272],[16.0259,51.2212],[16.0155,51.2245],[16.0092,51.2244],[16.0049,51.2212],[16.0014,51.2225],[15.9977,51.2194],[15.9807,51.2214],[15.9813,51.2187],[15.9964,51.2061],[15.9857,51.2041],[15.9796,51.2054],[15.979,51.2043],[15.9701,51.2056],[15.9527,51.2048],[15.9447,51.209],[15.9549,51.2117],[15.9511,51.2146],[15.9468,51.2133],[15.9441,51.2143],[15.9451,51.2147],[15.9425,51.2172],[15.9143,51.2245],[15.9281,51.2319],[15.9047,51.2462],[15.8958,51.2476],[15.8931,51.2498],[15.8859,51.2481],[15.8844,51.2503],[15.8854,51.2524],[15.8735,51.2491],[15.8721,51.2475],[15.8314,51.259],[15.8198,51.2591],[15.8082,51.2623],[15.7983,51.2568],[15.8017,51.2557],[15.7991,51.2546],[15.8034,51.2545],[15.805,51.2503],[15.8049,51.2473],[15.8016,51.2472],[15.8019,51.2445],[15.798,51.2413],[15.7931,51.2383],[15.7891,51.2386],[15.7885,51.2359],[15.7793,51.2348],[15.7785,51.2337],[15.7812,51.234],[15.7797,51.2332],[15.7799,51.2312],[15.7703,51.2318],[15.7578,51.2287],[15.7622,51.2242],[15.7599,51.2227],[15.7594,51.2196],[15.753,51.2186],[15.7527,51.2286],[15.7569,51.2314],[15.7474,51.2407],[15.7424,51.2519],[15.7524,51.2588],[15.7482,51.2602],[15.7472,51.263],[15.7681,51.269],[15.7676,51.2738],[15.7693,51.2789],[15.7776,51.2808],[15.7768,51.2871],[15.7898,51.2863],[15.7878,51.2896],[15.7836,51.2896],[15.771,51.3013],[15.7703,51.3119],[15.7718,51.3194],[15.7792,51.3221],[15.7809,51.3246],[15.792,51.3305],[15.795,51.3359],[15.8045,51.3413],[15.8085,51.3454],[15.8128,51.3443],[15.8154,51.3466],[15.8139,51.3499],[15.8162,51.3517],[15.8161,51.3535],[15.8263,51.3531],[15.829,51.3615],[15.8278,51.3619],[15.837,51.3701],[15.8328,51.372],[15.8362,51.3742],[15.8333,51.3761],[15.8358,51.3783],[15.8351,51.3816],[15.8409,51.3836],[15.8503,51.3818],[15.8615,51.3733],[15.8761,51.3693],[15.8824,51.3717],[15.8879,51.3714],[15.8937,51.3631],[15.9064,51.3635],[15.9063,51.3611],[15.9131,51.3558],[15.9219,51.3534],[15.9267,51.3493],[15.9224,51.3445],[15.9374,51.3394],[15.9458,51.3375],[15.9476,51.3382],[15.9477,51.3425],[15.9534,51.3435],[15.9615,51.3396],[15.9658,51.3403],[15.9707,51.3374],[15.9862,51.3367],[15.9844,51.3341],[16.008,51.3263],[16.0133,51.3296],[16.0138,51.3275],[16.0055,51.3236],[16.0041,51.3179],[16.0098,51.3123],[16.0133,51.3115],[16.0167,51.3072],[16.0142,51.3036],[16.0338,51.3046],[16.0361,51.3027],[16.0454,51.3009],[16.0518,51.3015],[16.0611,51.2951],[16.0675,51.2947],[16.0674,51.2928],[16.07,51.2915],[16.0769,51.2937],[16.0686,51.2989],[16.0709,51.3004],[16.0709,51.3025],[16.0804,51.3026],[16.0805,51.2998],[16.0888,51.2985],[16.0888,51.2961],[16.0844,51.2934],[16.0877,51.2896],[16.0935,51.2895],[16.0943,51.2865],[16.1066,51.2871],[16.1075,51.2905],[16.111,51.2905],[16.1122,51.2882],[16.1158,51.2874],[16.1286,51.289],[16.1279,51.2916],[16.1298,51.2932],[16.1573,51.2931],[16.1734,51.2875],[16.1772,51.2844],[16.1903,51.279],[16.1915,51.2761],[16.1896,51.2706],[16.1955,51.2717],[16.1961,51.2838],[16.2006,51.2843],[16.2015,51.2891],[16.2055,51.2892],[16.2066,51.2933],[16.2109,51.2899],[16.2122,51.2954],[16.2329,51.2942],[16.2319,51.2907],[16.2334,51.2899],[16.2432,51.2869],[16.2537,51.286],[16.2593,51.2836],[16.273,51.2868],[16.2793,51.2898],[16.2823,51.2928],[16.2814,51.2952],[16.2838,51.2962],[16.3085,51.2912],[16.3137,51.2944],[16.3192,51.3022],[16.3252,51.3064],[16.3329,51.3057],[16.3335,51.309],[16.3389,51.3126],[16.3348,51.3138],[16.3327,51.3165],[16.3272,51.3178],[16.3338,51.3222],[16.3344,51.3246],[16.3318,51.3259],[16.341,51.3324],[16.3556,51.3277],[16.3546,51.3259],[16.3605,51.325],[16.3631,51.3222],[16.3698,51.3228],[16.3879,51.3187],[16.3862,51.3115],[16.3924,51.3068],[16.3952,51.3019],[16.3935,51.3013],[16.3964,51.3016],[16.4006,51.2995],[16.408,51.3005],[16.4074,51.2973],[16.4102,51.294],[16.4157,51.2937],[16.417,51.2916],[16.4253,51.289],[16.429,51.2849],[16.43,51.2798],[16.4352,51.2756],[16.4402,51.2739],[16.4536,51.2736],[16.4643,51.2665],[16.459,51.2577],[16.4623,51.2538],[16.4729,51.2499],[16.4694,51.2429],[16.4714,51.2387],[16.47,51.2334],[16.4714,51.2312],[16.4703,51.2296],[16.4615,51.2313],[16.4528,51.2303],[16.4488,51.2121],[16.4662,51.2073],[16.4671,51.2032],[16.4607,51.192],[16.4558,51.1893],[16.4546,51.1836],[16.4455,51.1788],[16.4478,51.1764],[16.4468,51.1713],[16.4512,51.1696],[16.4516,51.1676],[16.4568,51.1639],[16.4566,51.1608],[16.4637,51.158],[16.4674,51.1476],[16.4544,51.1477],[16.4475,51.1427],[16.4442,51.139],[16.4429,51.1346],[16.4487,51.1342],[16.4491,51.1317],[16.4464,51.1279],[16.4417,51.1261],[16.4391,51.1278],[16.4139,51.131],[16.4085,51.1294],[16.4066,51.1251],[16.3986,51.1258],[16.3871,51.1289],[16.3863,51.1331],[16.37,51.1357],[16.3776,51.1382],[16.3727,51.1385],[16.3731,51.1405],[16.3644,51.1451],[16.3545,51.1449],[16.3564,51.1495],[16.3494,51.1495],[16.3406,51.1461],[16.3267,51.1447],[16.3239,51.137],[16.3206,51.1367],[16.3119,51.1296],[16.3058,51.1216],[16.3036,51.1153],[16.2942,51.1131],[16.2903,51.1091],[16.2789,51.1091],[16.279,51.1131],[16.2755,51.1142],[16.2751,51.1121],[16.2687,51.1067],[16.2647,51.1085],[16.249,51.1094],[16.2422,51.1064],[16.2362,51.0989],[16.2253,51.1068],[16.2269,51.1119],[16.2233,51.1148],[16.2176,51.1147],[16.2165,51.1098],[16.2132,51.1106],[16.2125,51.1091],[16.2093,51.1092],[16.2083,51.106],[16.1954,51.1059]],[[16.1659,51.1608],[16.1841,51.1606],[16.1891,51.1751],[16.1939,51.1774],[16.1903,51.178],[16.1953,51.1933],[16.2038,51.1892],[16.2113,51.1903],[16.2177,51.1882],[16.2223,51.1907],[16.2206,51.1932],[16.2302,51.1988],[16.2249,51.2034],[16.2285,51.2084],[16.2269,51.2103],[16.2289,51.2111],[16.2256,51.2136],[16.2332,51.2197],[16.2299,51.222],[16.2224,51.2204],[16.2182,51.2232],[16.2191,51.2264],[16.2151,51.2273],[16.2206,51.2399],[16.216,51.2419],[16.2119,51.2461],[16.1969,51.2439],[16.1957,51.2406],[16.1787,51.2433],[16.1802,51.2476],[16.1658,51.2476],[16.1608,51.2356],[16.1582,51.236],[16.1598,51.2384],[16.1581,51.24],[16.1545,51.2393],[16.1451,51.2488],[16.1393,51.2474],[16.1506,51.2333],[16.1518,51.2293],[16.1509,51.2242],[16.1462,51.2207],[16.1327,51.2217],[16.1342,51.2128],[16.1228,51.2115],[16.1243,51.2046],[16.1219,51.2042],[16.1236,51.1994],[16.1284,51.2003],[16.1284,51.2002],[16.1133,51.1918],[16.0833,51.1813],[16.093,51.1807],[16.0941,51.1793],[16.0996,51.1799],[16.1045,51.1736],[16.1038,51.171],[16.1064,51.1714],[16.1071,51.1689],[16.1057,51.1668],[16.1308,51.1623],[16.1659,51.1608]]]]}},{"type":"Feature","properties":{"GID_2":"POL.1.10_1","GID_0":"POL","COUNTRY":"Poland","GID_1":"POL.1_1","NAME_1":"Dolnoslaskie","NL_NAME_1":"NA","NAME_2":"Legnica","VARNAME_2":"NA","NL_NAME_2":"NA","TYPE_2":"Miastonaprawachpowiatu","ENGTYPE_2":"Citywithpowiatrights","CC_2":"0209","HASC_2":"NA"},"geometry":{"type":"MultiPolygon","coordinates":[[[[16.1653,51.1608],[16.1308,51.1623],[16.1057,51.1668],[16.1071,51.1689],[16.1064,51.1714],[16.1038,51.171],[16.1045,51.1736],[16.0996,51.1799],[16.0941,51.1793],[16.093,51.1807],[16.0833,51.1813],[16.1133,51.1918],[16.1284,51.2002],[16.1236,51.1994],[16.1219,51.2042],[16.1243,51.2046],[16.1228,51.2115],[16.1342,51.2128],[16.1327,51.2217],[16.1462,51.2207],[16.1509,51.2242],[16.1518,51.2293],[16.1506,51.2333],[16.1393,51.2474],[16.1451,51.2488],[16.1545,51.2393],[16.1581,51.24],[16.1598,51.2384],[16.1582,51.236],[16.1608,51.2356],[16.1658,51.2476],[16.1802,51.2476],[16.1787,51.2433],[16.1957,51.2406],[16.1965,51.2436],[16.1983,51.2443],[16.2097,51.2461],[16.214,51.245],[16.216,51.2419],[16.2206,51.2399],[16.2151,51.2273],[16.2191,51.2264],[16.2181,51.2233],[16.222,51.2205],[16.2303,51.222],[16.2332,51.2197],[16.2256,51.2136],[16.2289,51.2111],[16.2269,51.2103],[16.2285,51.2084],[16.2249,51.2034],[16.2302,51.1988],[16.2206,51.1932],[16.2223,51.1907],[16.2177,51.1882],[16.2113,51.1903],[16.2038,51.1892],[16.1953,51.1933],[16.1903,51.178],[16.1939,51.1774],[16.1891,51.1751],[16.1841,51.1606],[16.1653,51.1608]]]]}},{"type":"Feature","properties":{"GID_2":"POL.1.12_1","GID_0":"POL","COUNTRY":"Poland","GID_1":"POL.1_1","NAME_1":"Dolnoslaskie","NL_NAME_1":"NA","NAME_2":"Luban","VARNAME_2":"NA","NL_NAME_2":"NA","TYPE_2":"Powiat","ENGTYPE_2":"County","CC_2":"0210","HASC_2":"NA"},"geometry":{"type":"MultiPolygon","coordinates":[[[[15.2748,50.9034],[15.2732,50.9169],[15.2688,50.9171],[15.2669,50.9203],[15.2683,50.9244],[15.2723,50.9258],[15.2712,50.9364],[15.2773,50.9391],[15.2799,50.9426],[15.2887,50.9463],[15.2912,50.9493],[15.2918,50.9538],[15.2978,50.9541],[15.2974,50.9586],[15.2903,50.9582],[15.2898,50.9627],[15.2827,50.9624],[15.2822,50.9669],[15.2751,50.9666],[15.2772,50.9716],[15.2737,50.9801],[15.2594,50.9808],[15.259,50.9839],[15.2448,50.9833],[15.2439,50.9923],[15.2393,50.9921],[15.2372,50.9945],[15.2423,50.9969],[15.2388,50.9985],[15.2283,50.9961],[15.2079,50.9952],[15.2081,50.9922],[15.1942,50.9901],[15.1951,50.9817],[15.1933,50.981],[15.1876,50.9808],[15.1732,50.9861],[15.1772,50.9935],[15.1748,50.9988],[15.1748,51.0103],[15.1719,51.02],[15.1617,51.0202],[15.149,51.0337],[15.1457,51.0414],[15.1459,51.0465],[15.1426,51.052],[15.1433,51.0554],[15.1357,51.0618],[15.1367,51.0624],[15.1339,51.0638],[15.1211,51.0802],[15.1311,51.0853],[15.1255,51.0875],[15.1315,51.0998],[15.1186,51.1017],[15.122,51.103],[15.1226,51.1048],[15.1257,51.1039],[15.1292,51.1078],[15.1289,51.1126],[15.125,51.1125],[15.1299,51.1258],[15.1411,51.1327],[15.1439,51.1315],[15.146,51.1395],[15.1556,51.1441],[15.1522,51.1462],[15.1552,51.1501],[15.1529,51.1582],[15.1565,51.1626],[15.1582,51.1619],[15.1625,51.165],[15.1641,51.164],[15.1702,51.1669],[15.1848,51.163],[15.1973,51.1619],[15.2026,51.1665],[15.2084,51.1675],[15.2085,51.1715],[15.2125,51.1775],[15.2069,51.1909],[15.2141,51.1932],[15.2323,51.1926],[15.2323,51.1914],[15.24,51.1911],[15.2463,51.1889],[15.2471,51.1903],[15.2497,51.1885],[15.2595,51.1914],[15.2702,51.1914],[15.2702,51.1952],[15.2743,51.1952],[15.2796,51.192],[15.2956,51.1875],[15.302,51.1834],[15.314,51.1882],[15.3169,51.1869],[15.3206,51.1924],[15.3338,51.1986],[15.3401,51.1995],[15.3575,51.1886],[15.364,51.1863],[15.3667,51.1869],[15.3708,51.1839],[15.3759,51.1842],[15.378,51.1807],[15.384,51.1808],[15.3936,51.176],[15.3944,51.1751],[15.385,51.165],[15.3851,51.1602],[15.3903,51.1566],[15.4099,51.1533],[15.4219,51.1477],[15.4244,51.1504],[15.4289,51.1497],[15.4305,51.1489],[15.4266,51.1464],[15.4312,51.1411],[15.4364,51.1389],[15.4317,51.1369],[15.4324,51.1296],[15.4272,51.1228],[15.4285,51.1204],[15.4196,51.1207],[15.4186,51.1179],[15.4207,51.1106],[15.414,51.1063],[15.4142,51.1032],[15.4075,51.1003],[15.4137,51.0922],[15.4121,51.0914],[15.4131,51.083],[15.4175,51.0808],[15.4155,51.0748],[15.4105,51.0707],[15.4081,51.0694],[15.4039,51.0705],[15.4066,51.0644],[15.4059,51.0622],[15.403,51.0575],[15.3999,51.0567],[15.4004,51.0553],[15.3958,51.0519],[15.3996,51.0489],[15.401,51.0497],[15.4057,51.0475],[15.4056,51.0449],[15.4078,51.0423],[15.406,51.0424],[15.4052,51.0397],[15.3976,51.0343],[15.3951,51.0304],[15.3918,51.0322],[15.3882,51.0311],[15.3861,51.0295],[15.3866,51.0251],[15.3782,51.0242],[15.3757,51.0215],[15.3789,51.0181],[15.3915,51.0149],[15.3899,51.0105],[15.3925,51.0102],[15.3906,51.0052],[15.3885,51.0044],[15.3869,51.0005],[15.3834,51.0003],[15.3825,50.999],[15.3844,50.9973],[15.3794,50.9979],[15.3735,50.995],[15.3596,50.9968],[15.3548,50.994],[15.3502,50.9942],[15.3514,50.9987],[15.348,50.9984],[15.3499,51.0034],[15.3456,51.0039],[15.331,50.9994],[15.3326,50.9977],[15.3278,50.9942],[15.3215,50.9937],[15.3069,50.9874],[15.3054,50.9849],[15.3066,50.9791],[15.3135,50.9763],[15.3143,50.9725],[15.3107,50.9712],[15.3174,50.9665],[15.3178,50.964],[15.326,50.962],[15.3314,50.9631],[15.3372,50.9497],[15.3375,50.9421],[15.3408,50.9419],[15.3364,50.9393],[15.3372,50.9369],[15.334,50.935],[15.3349,50.9342],[15.3281,50.93],[15.3316,50.9288],[15.339,50.9304],[15.3408,50.9294],[15.3375,50.9286],[15.3385,50.9276],[15.3432,50.9287],[15.346,50.9243],[15.3482,50.9244],[15.3428,50.9231],[15.3434,50.9207],[15.3419,50.9202],[15.3443,50.9191],[15.3494,50.9236],[15.3529,50.9219],[15.3506,50.9172],[15.3484,50.9183],[15.3463,50.9168],[15.3488,50.9152],[15.3463,50.9131],[15.3491,50.912],[15.3475,50.911],[15.3492,50.9093],[15.3461,50.9056],[15.3509,50.9029],[15.3579,50.9029],[15.3702,50.8983],[15.3728,50.8984],[15.3775,50.9021],[15.3793,50.9003],[15.3751,50.8983],[15.3735,50.8967],[15.3745,50.8947],[15.3725,50.8941],[15.3761,50.892],[15.3759,50.8919],[15.3739,50.8929],[15.3733,50.893],[15.3741,50.8916],[15.3725,50.8909],[15.3668,50.8928],[15.3616,50.8906],[15.351,50.8937],[15.3465,50.893],[15.3411,50.896],[15.3371,50.8963],[15.3373,50.899],[15.3359,50.899],[15.3378,50.9015],[15.3338,50.9025],[15.334,50.9047],[15.3205,50.9049],[15.3234,50.908],[15.3177,50.9092],[15.3179,50.9113],[15.3216,50.9122],[15.3178,50.9142],[15.3161,50.9126],[15.3164,50.9104],[15.3108,50.9087],[15.3066,50.9121],[15.305,50.9102],[15.3031,50.9125],[15.2982,50.9082],[15.2999,50.9064],[15.2966,50.9079],[15.2949,50.9046],[15.2937,50.9062],[15.2821,50.8999],[15.2817,50.9037],[15.2748,50.9034]]]]}},{"type":"Feature","properties":{"GID_2":"POL.1.13_1","GID_0":"POL","COUNTRY":"Poland","GID_1":"POL.1_1","NAME_1":"Dolnoslaskie","NL_NAME_1":"NA","NAME_2":"Lubin","VARNAME_2":"NA","NL_NAME_2":"NA","TYPE_2":"Powiat","ENGTYPE_2":"County","CC_2":"0211","HASC_2":"NA"},"geometry":{"type":"MultiPolygon","coordinates":[[[[16.0663,51.2943],[16.0611,51.2951],[16.0518,51.3015],[16.0454,51.3009],[16.0361,51.3027],[16.0338,51.3046],[16.0142,51.3036],[16.0167,51.3072],[16.0133,51.3115],[16.0098,51.3123],[16.0041,51.3179],[16.0062,51.3243],[16.0187,51.3281],[16.0241,51.3315],[16.0241,51.3346],[16.0266,51.3363],[16.0367,51.3376],[16.0417,51.3364],[16.042,51.3344],[16.0477,51.3333],[16.0722,51.3363],[16.0799,51.3377],[16.0854,51.3424],[16.0945,51.3466],[16.0781,51.3473],[16.0719,51.3505],[16.0714,51.3557],[16.0739,51.3598],[16.0792,51.3632],[16.0799,51.3668],[16.0678,51.371],[16.0688,51.3736],[16.066,51.3766],[16.0695,51.3808],[16.0981,51.3837],[16.102,51.3964],[16.1075,51.3974],[16.1086,51.4005],[16.0997,51.4133],[16.0989,51.418],[16.088,51.4166],[16.0753,51.436],[16.0736,51.4352],[16.071,51.4376],[16.073,51.453],[16.075,51.455],[16.0821,51.4568],[16.0837,51.4622],[16.091,51.4652],[16.0988,51.4662],[16.0973,51.4679],[16.0994,51.4661],[16.1064,51.4682],[16.1137,51.4638],[16.1187,51.4695],[16.1269,51.4717],[16.1366,51.4677],[16.13,51.4628],[16.1344,51.4616],[16.1335,51.4594],[16.1382,51.4598],[16.1365,51.4575],[16.1522,51.4596],[16.1534,51.4576],[16.1624,51.454],[16.186,51.4569],[16.1898,51.4655],[16.191,51.4652],[16.1963,51.4715],[16.1978,51.483],[16.2023,51.4846],[16.1951,51.4846],[16.1869,51.4804],[16.1867,51.4784],[16.1831,51.4802],[16.1828,51.4832],[16.1786,51.4869],[16.1793,51.4989],[16.1864,51.5121],[16.2008,51.5113],[16.2044,51.5149],[16.2016,51.5155],[16.2075,51.5203],[16.2102,51.5246],[16.2192,51.5228],[16.2435,51.522],[16.2459,51.5241],[16.2448,51.5251],[16.251,51.5387],[16.2562,51.5378],[16.2572,51.5435],[16.2706,51.5443],[16.2621,51.5494],[16.2679,51.5519],[16.2655,51.555],[16.2606,51.557],[16.2633,51.5581],[16.2684,51.566],[16.2743,51.5683],[16.298,51.5678],[16.3212,51.5705],[16.319,51.5745],[16.3175,51.5832],[16.3194,51.5913],[16.3258,51.5947],[16.3281,51.599],[16.3331,51.6014],[16.3387,51.5975],[16.3485,51.5958],[16.3496,51.5995],[16.3555,51.603],[16.3541,51.6055],[16.3554,51.6092],[16.3643,51.6084],[16.374,51.6122],[16.3828,51.6129],[16.39,51.6113],[16.3924,51.6099],[16.3936,51.6062],[16.3852,51.5996],[16.3896,51.5938],[16.3892,51.5877],[16.3912,51.5857],[16.401,51.5844],[16.4057,51.5774],[16.423,51.5775],[16.4322,51.5757],[16.4473,51.5678],[16.4582,51.5666],[16.4643,51.5635],[16.4633,51.5595],[16.4584,51.5569],[16.4526,51.5504],[16.4516,51.542],[16.4614,51.5348],[16.4623,51.5296],[16.4594,51.5253],[16.4606,51.5224],[16.4638,51.5211],[16.477,51.521],[16.4812,51.5186],[16.4822,51.5161],[16.4722,51.5042],[16.4546,51.4936],[16.4492,51.4764],[16.4511,51.4718],[16.4508,51.4659],[16.4384,51.4275],[16.44,51.4243],[16.446,51.4199],[16.4431,51.412],[16.4446,51.4076],[16.4572,51.4001],[16.4604,51.3924],[16.4688,51.3829],[16.4709,51.3731],[16.4766,51.3692],[16.4771,51.3664],[16.4683,51.3614],[16.4671,51.3539],[16.4583,51.3505],[16.454,51.3464],[16.4534,51.3399],[16.4567,51.3324],[16.4613,51.328],[16.4608,51.3257],[16.4449,51.3165],[16.4364,51.3081],[16.4288,51.3048],[16.4157,51.2937],[16.4102,51.294],[16.4074,51.2973],[16.408,51.3005],[16.4006,51.2995],[16.3964,51.3016],[16.3935,51.3013],[16.3952,51.3019],[16.3924,51.3068],[16.3862,51.3115],[16.3879,51.3187],[16.3698,51.3228],[16.3631,51.3222],[16.3605,51.325],[16.3546,51.3259],[16.3556,51.3277],[16.341,51.3324],[16.3318,51.3259],[16.3344,51.3246],[16.3338,51.3222],[16.3272,51.3178],[16.3327,51.3165],[16.3348,51.3138],[16.3389,51.3126],[16.3335,51.309],[16.3329,51.3057],[16.3252,51.3064],[16.3192,51.3022],[16.3137,51.2944],[16.3085,51.2912],[16.2838,51.2962],[16.2814,51.2952],[16.2823,51.2928],[16.2793,51.2898],[16.273,51.2868],[16.2593,51.2836],[16.2537,51.286],[16.2432,51.2869],[16.2334,51.2899],[16.2319,51.2907],[16.2329,51.2942],[16.2122,51.2954],[16.2109,51.2899],[16.2066,51.2933],[16.2055,51.2892],[16.2015,51.2891],[16.2006,51.2843],[16.1961,51.2838],[16.1955,51.2717],[16.1896,51.2706],[16.1915,51.2761],[16.1903,51.279],[16.1772,51.2844],[16.1734,51.2875],[16.1573,51.2931],[16.1298,51.2932],[16.1279,51.2916],[16.1286,51.289],[16.1158,51.2874],[16.1122,51.2882],[16.111,51.2905],[16.1075,51.2905],[16.1066,51.2871],[16.0943,51.2865],[16.0935,51.2895],[16.0877,51.2896],[16.0844,51.2934],[16.0888,51.2961],[16.0888,51.2985],[16.0805,51.2998],[16.0804,51.3026],[16.0782,51.3026],[16.071,51.3026],[16.0709,51.3004],[16.0686,51.2989],[16.0769,51.2937],[16.07,51.2915],[16.0674,51.2928],[16.0675,51.2947],[16.0663,51.2943]]]]}},{"type":"Feature","properties":{"GID_2":"POL.1.14_1","GID_0":"POL","COUNTRY":"Poland","GID_1":"POL.1_1","NAME_1":"Dolnoslaskie","NL_NAME_1":"NA","NAME_2":"LwowekSlaski","VARNAME_2":"NA","NL_NAME_2":"NA","TYPE_2":"Powiat","ENGTYPE_2":"County","CC_2":"0212","HASC_2":"NA"},"geometry":{"type":"MultiPolygon","coordinates":[[[[15.3678,50.8363],[15.3662,50.8442],[15.3593,50.8445],[15.3583,50.8472],[15.3529,50.8504],[15.3539,50.8513],[15.3501,50.8508],[15.3456,50.8541],[15.3439,50.8534],[15.3435,50.8567],[15.3365,50.8564],[15.336,50.8609],[15.3218,50.8603],[15.3214,50.8648],[15.3072,50.8642],[15.3063,50.8732],[15.2992,50.8729],[15.2983,50.8818],[15.2912,50.8815],[15.2907,50.886],[15.2836,50.886],[15.2821,50.8999],[15.2937,50.9062],[15.2949,50.9046],[15.2966,50.9079],[15.2999,50.9064],[15.2982,50.9082],[15.3031,50.9125],[15.305,50.9102],[15.3066,50.9121],[15.3108,50.9087],[15.3164,50.9104],[15.3161,50.9126],[15.3178,50.9142],[15.3216,50.9122],[15.3179,50.9113],[15.3177,50.9092],[15.3234,50.908],[15.3205,50.9049],[15.334,50.9047],[15.3338,50.9025],[15.3378,50.9015],[15.3359,50.899],[15.3373,50.899],[15.3371,50.8963],[15.3411,50.896],[15.3465,50.893],[15.351,50.8937],[15.3616,50.8906],[15.3668,50.8928],[15.3725,50.8909],[15.3741,50.8916],[15.3733,50.893],[15.3761,50.892],[15.3725,50.8941],[15.3745,50.8947],[15.3735,50.8967],[15.3796,50.901],[15.3765,50.9022],[15.3735,50.8989],[15.3702,50.8983],[15.3579,50.9029],[15.3509,50.9029],[15.3461,50.9056],[15.3492,50.9093],[15.3475,50.911],[15.3491,50.912],[15.3463,50.9131],[15.3488,50.9152],[15.3463,50.9168],[15.3484,50.9183],[15.3506,50.9172],[15.3529,50.9219],[15.3494,50.9236],[15.3443,50.9191],[15.3419,50.9202],[15.3434,50.9207],[15.3428,50.9231],[15.3482,50.9244],[15.346,50.9243],[15.3432,50.9287],[15.3385,50.9276],[15.3375,50.9286],[15.3408,50.9294],[15.339,50.9304],[15.3316,50.9288],[15.3281,50.93],[15.3349,50.9342],[15.334,50.935],[15.3372,50.9369],[15.3364,50.9393],[15.3408,50.9419],[15.3375,50.9421],[15.3372,50.9497],[15.3314,50.9631],[15.326,50.962],[15.3178,50.964],[15.3174,50.9665],[15.3107,50.9712],[15.3138,50.972],[15.3143,50.9737],[15.3135,50.9763],[15.3066,50.9791],[15.3058,50.9863],[15.3215,50.9937],[15.3278,50.9942],[15.3326,50.9977],[15.331,50.9994],[15.3456,51.0039],[15.3499,51.0034],[15.348,50.9984],[15.3514,50.9987],[15.3502,50.9942],[15.3548,50.994],[15.3596,50.9968],[15.3735,50.995],[15.3794,50.9979],[15.3844,50.9973],[15.3825,50.999],[15.3834,51.0003],[15.3869,51.0005],[15.3885,51.0044],[15.3906,51.0052],[15.3925,51.0102],[15.3899,51.0105],[15.3915,51.0149],[15.3789,51.0181],[15.3757,51.0215],[15.3782,51.0242],[15.3866,51.0251],[15.3861,51.0295],[15.3882,51.0311],[15.3918,51.0322],[15.3951,51.0304],[15.3976,51.0343],[15.4052,51.0397],[15.406,51.0424],[15.4078,51.0423],[15.4056,51.0449],[15.4057,51.0475],[15.401,51.0497],[15.3996,51.0489],[15.3958,51.0519],[15.4004,51.0553],[15.3999,51.0567],[15.403,51.0575],[15.4059,51.0622],[15.4066,51.0644],[15.4039,51.0705],[15.4081,51.0694],[15.4105,51.0707],[15.4155,51.0748],[15.4175,51.0808],[15.4131,51.083],[15.4121,51.0914],[15.4137,51.0922],[15.4075,51.1003],[15.4142,51.1032],[15.414,51.1063],[15.4207,51.1106],[15.4186,51.1179],[15.4196,51.1207],[15.4283,51.1202],[15.4282,51.1177],[15.4325,51.1142],[15.4438,51.1124],[15.444,51.1189],[15.4522,51.1231],[15.4566,51.122],[15.4646,51.1279],[15.4744,51.1315],[15.4751,51.1343],[15.4804,51.136],[15.4807,51.1425],[15.484,51.1442],[15.4876,51.1494],[15.4835,51.1539],[15.4837,51.1666],[15.4787,51.1704],[15.4785,51.1753],[15.4925,51.1754],[15.4966,51.1797],[15.5115,51.1817],[15.5149,51.1847],[15.5253,51.1873],[15.534,51.1877],[15.5423,51.1914],[15.5406,51.1935],[15.542,51.1954],[15.5442,51.1941],[15.5552,51.1943],[15.5553,51.1959],[15.5655,51.1993],[15.5672,51.1841],[15.5742,51.1839],[15.5768,51.1871],[15.5876,51.1793],[15.6003,51.1812],[15.5987,51.1868],[15.6137,51.186],[15.6109,51.1849],[15.6113,51.1832],[15.6253,51.1835],[15.6331,51.1857],[15.6348,51.1834],[15.6385,51.1852],[15.6429,51.1846],[15.6521,51.1779],[15.6651,51.1756],[15.671,51.168],[15.6774,51.1678],[15.679,51.166],[15.6772,51.1656],[15.68,51.164],[15.6834,51.1652],[15.6848,51.165],[15.6843,51.1634],[15.689,51.164],[15.6917,51.1621],[15.6939,51.1625],[15.6882,51.1597],[15.6978,51.1593],[15.6965,51.1578],[15.6979,51.1563],[15.7162,51.1496],[15.7229,51.1419],[15.7272,51.1396],[15.7273,51.1358],[15.724,51.1313],[15.7247,51.1269],[15.7198,51.1252],[15.7216,51.1242],[15.7206,51.1213],[15.722,51.1173],[15.7204,51.1159],[15.7194,51.1082],[15.7231,51.1045],[15.7268,51.1034],[15.7289,51.0957],[15.7358,51.0927],[15.7477,51.0824],[15.7497,51.0784],[15.7474,51.0779],[15.7474,51.0767],[15.7501,51.077],[15.752,51.0636],[15.7614,51.0647],[15.7579,51.0629],[15.7575,51.0581],[15.7561,51.0579],[15.7591,51.0543],[15.7629,51.054],[15.7623,51.0514],[15.7664,51.039],[15.7655,51.0362],[15.7619,51.036],[15.7607,51.0344],[15.7604,51.0246],[15.755,51.0247],[15.7458,51.0278],[15.7451,51.0236],[15.7471,51.0218],[15.7319,51.0226],[15.7211,51.0206],[15.7245,51.0189],[15.7239,51.0177],[15.7377,51.0114],[15.7318,51.0117],[15.7225,51.0072],[15.7254,51.0036],[15.717,51.0024],[15.7145,51.0011],[15.717,51.0019],[15.7199,50.9966],[15.6983,50.9975],[15.6965,50.9997],[15.6913,50.9997],[15.6909,51.0009],[15.6904,50.9981],[15.6864,50.9946],[15.6928,50.9914],[15.6935,50.9897],[15.6861,50.9889],[15.6869,50.9878],[15.6767,50.9842],[15.6789,50.982],[15.6835,50.9821],[15.6903,50.9771],[15.6921,50.9732],[15.69,50.9695],[15.6928,50.9686],[15.6922,50.9663],[15.6978,50.9644],[15.6981,50.9622],[15.6956,50.9586],[15.6983,50.9574],[15.6945,50.9555],[15.6721,50.9593],[15.6676,50.958],[15.6668,50.9553],[15.6551,50.9571],[15.649,50.9532],[15.6364,50.956],[15.6334,50.9548],[15.6397,50.9512],[15.6381,50.9492],[15.6214,50.9491],[15.6146,50.9529],[15.6074,50.9512],[15.607,50.9481],[15.595,50.9494],[15.5859,50.9484],[15.5698,50.94],[15.5626,50.9389],[15.5363,50.9376],[15.5252,50.9409],[15.522,50.939],[15.5171,50.9313],[15.509,50.9292],[15.5044,50.9258],[15.5051,50.9247],[15.5033,50.9226],[15.5077,50.9144],[15.5049,50.9124],[15.5026,50.9128],[15.5025,50.9147],[15.4983,50.914],[15.4982,50.9156],[15.4958,50.9153],[15.4942,50.913],[15.4864,50.9118],[15.4849,50.9099],[15.4869,50.9047],[15.4847,50.9033],[15.4883,50.8982],[15.4956,50.8976],[15.501,50.8931],[15.4987,50.8912],[15.5011,50.889],[15.5001,50.8878],[15.49,50.8812],[15.4894,50.8792],[15.4763,50.8779],[15.4717,50.8808],[15.4562,50.8848],[15.4484,50.8646],[15.4392,50.8523],[15.4134,50.853],[15.4121,50.838],[15.4143,50.8353],[15.4109,50.8319],[15.4068,50.8336],[15.3968,50.834],[15.3857,50.8386],[15.3769,50.8388],[15.3678,50.8363]]]]}},{"type":"Feature","properties":{"GID_2":"POL.1.15_1","GID_0":"POL","COUNTRY":"Poland","GID_1":"POL.1_1","NAME_1":"Dolnoslaskie","NL_NAME_1":"NA","NAME_2":"Milicz","VARNAME_2":"NA","NL_NAME_2":"NA","TYPE_2":"Powiat","ENGTYPE_2":"County","CC_2":"0213","HASC_2":"NA"},"geometry":{"type":"MultiPolygon","coordinates":[[[[17.5458,51.517],[17.5446,51.5156],[17.5354,51.5161],[17.5352,51.5138],[17.533,51.5133],[17.5216,51.5146],[17.52,51.5111],[17.5146,51.511],[17.5122,51.5055],[17.5143,51.5035],[17.513,51.5023],[17.514,51.5015],[17.5264,51.4999],[17.5238,51.497],[17.5242,51.4944],[17.5195,51.4933],[17.5184,51.4892],[17.5161,51.4881],[17.5187,51.4871],[17.518,51.4856],[17.5234,51.4848],[17.5213,51.4808],[17.5231,51.4803],[17.52,51.476],[17.5216,51.4726],[17.529,51.4698],[17.5207,51.4623],[17.527,51.4572],[17.5265,51.4534],[17.5128,51.4577],[17.51,51.4561],[17.4906,51.4555],[17.4868,51.454],[17.4872,51.4528],[17.4798,51.4532],[17.4784,51.4509],[17.4808,51.4482],[17.4692,51.4389],[17.462,51.4434],[17.4539,51.4421],[17.4509,51.4394],[17.4488,51.4407],[17.4417,51.4365],[17.4435,51.4339],[17.4421,51.434],[17.4385,51.4272],[17.436,51.4294],[17.4333,51.4241],[17.4305,51.4254],[17.4319,51.4298],[17.4256,51.431],[17.4247,51.4291],[17.4218,51.4287],[17.422,51.4249],[17.419,51.4209],[17.4295,51.4199],[17.4283,51.4165],[17.4292,51.4139],[17.4241,51.413],[17.4214,51.4089],[17.4117,51.4092],[17.4065,51.4054],[17.397,51.4043],[17.3943,51.3997],[17.397,51.3951],[17.3956,51.3926],[17.398,51.3897],[17.3954,51.3886],[17.3835,51.3913],[17.3848,51.382],[17.3812,51.3764],[17.3782,51.3767],[17.3777,51.3727],[17.375,51.3728],[17.3705,51.3681],[17.354,51.3677],[17.3401,51.3729],[17.3406,51.3769],[17.3302,51.3832],[17.3282,51.3808],[17.3159,51.3826],[17.314,51.3869],[17.3171,51.391],[17.3136,51.3958],[17.2793,51.3869],[17.2823,51.3948],[17.2693,51.3926],[17.2641,51.3953],[17.2626,51.3983],[17.2495,51.3941],[17.2328,51.392],[17.2159,51.397],[17.2213,51.4043],[17.2175,51.4057],[17.2183,51.4075],[17.2147,51.4078],[17.2157,51.4095],[17.2023,51.4139],[17.1695,51.4158],[17.1628,51.4224],[17.1539,51.4278],[17.1305,51.4317],[17.1274,51.4344],[17.1281,51.4355],[17.122,51.4366],[17.1234,51.4402],[17.1332,51.4388],[17.1327,51.4407],[17.1124,51.4481],[17.1295,51.459],[17.15,51.4649],[17.158,51.4699],[17.1492,51.4695],[17.1341,51.4655],[17.1254,51.4664],[17.1145,51.4611],[17.1054,51.4621],[17.0917,51.4604],[17.1064,51.4665],[17.1103,51.4698],[17.1073,51.4718],[17.1041,51.4799],[17.0984,51.4837],[17.1,51.4959],[17.0869,51.5074],[17.0815,51.5064],[17.074,51.5188],[17.0755,51.5192],[17.074,51.5212],[17.0713,51.5211],[17.0626,51.5357],[17.057,51.5303],[17.0529,51.5325],[17.0445,51.5314],[17.0439,51.5295],[17.0402,51.5282],[17.036,51.5338],[17.0299,51.5327],[17.0278,51.5305],[17.0174,51.5318],[17.0029,51.53],[16.9981,51.5353],[17.0002,51.5382],[16.9947,51.5391],[16.9895,51.542],[16.9924,51.5442],[16.9895,51.5471],[16.9906,51.55],[17.0106,51.5504],[17.0116,51.5545],[17.0199,51.5553],[17.0204,51.5535],[17.0461,51.556],[17.0538,51.5452],[17.0598,51.5457],[17.0593,51.5517],[17.0692,51.5525],[17.0702,51.5551],[17.0647,51.5664],[17.0808,51.5706],[17.0837,51.5691],[17.1085,51.5761],[17.1255,51.5653],[17.1708,51.5698],[17.1786,51.5739],[17.188,51.5765],[17.1992,51.5745],[17.2029,51.5678],[17.2065,51.567],[17.2147,51.5739],[17.2145,51.5856],[17.2107,51.5897],[17.2155,51.5939],[17.2155,51.5993],[17.2098,51.6027],[17.2085,51.6083],[17.2096,51.6092],[17.2083,51.6111],[17.2123,51.6154],[17.2115,51.6196],[17.2155,51.6296],[17.2185,51.6311],[17.2211,51.6293],[17.2214,51.6304],[17.2292,51.6299],[17.2259,51.6324],[17.2267,51.6333],[17.2337,51.6341],[17.2412,51.6336],[17.2391,51.6303],[17.2422,51.6297],[17.243,51.6333],[17.2412,51.6335],[17.2417,51.6371],[17.2493,51.6405],[17.2604,51.6404],[17.2583,51.643],[17.2909,51.6439],[17.3301,51.6479],[17.3373,51.6453],[17.3586,51.643],[17.3804,51.636],[17.3862,51.6351],[17.3892,51.6363],[17.4117,51.6312],[17.4189,51.6306],[17.4303,51.6326],[17.4378,51.6317],[17.4382,51.6329],[17.4597,51.6282],[17.4596,51.6264],[17.47,51.6264],[17.4864,51.6168],[17.4987,51.6159],[17.5036,51.6093],[17.5119,51.609],[17.5213,51.6057],[17.5185,51.6021],[17.5213,51.5963],[17.5218,51.5901],[17.5364,51.5891],[17.5558,51.5846],[17.5546,51.5785],[17.5568,51.5756],[17.5602,51.5749],[17.5601,51.5704],[17.5724,51.5668],[17.5719,51.5552],[17.5753,51.5486],[17.5763,51.5396],[17.5746,51.5396],[17.5732,51.5365],[17.5727,51.5299],[17.5637,51.5242],[17.5623,51.5217],[17.5551,51.5191],[17.5551,51.5178],[17.5458,51.517]]]]}},{"type":"Feature","properties":{"GID_2":"POL.1.16_1","GID_0":"POL","COUNTRY":"Poland","GID_1":"POL.1_1","NAME_1":"Dolnoslaskie","NL_NAME_1":"NA","NAME_2":"Olawa","VARNAME_2":"NA","NL_NAME_2":"NA","TYPE_2":"Powiat","ENGTYPE_2":"County","CC_2":"0215","HASC_2":"NA"},"geometry":{"type":"MultiPolygon","coordinates":[[[[17.2044,50.8747],[17.2033,50.8699],[17.2056,50.8694],[17.2002,50.8554],[17.1905,50.8599],[17.1639,50.8601],[17.1605,50.8628],[17.1554,50.8634],[17.1548,50.8658],[17.152,50.8671],[17.1501,50.8587],[17.1445,50.8501],[17.1365,50.8538],[17.1253,50.8405],[17.1234,50.8406],[17.1196,50.8419],[17.1184,50.8449],[17.1139,50.8481],[17.1104,50.8481],[17.1117,50.8509],[17.1088,50.8518],[17.1117,50.8597],[17.1001,50.8641],[17.1014,50.868],[17.0982,50.8721],[17.0928,50.8729],[17.0859,50.8764],[17.0864,50.8832],[17.0879,50.8848],[17.0709,50.8871],[17.0757,50.8932],[17.0719,50.8938],[17.0683,50.8977],[17.0693,50.9034],[17.0762,50.9056],[17.0834,50.9037],[17.0824,50.9073],[17.0762,50.9118],[17.0772,50.9144],[17.0756,50.9222],[17.0785,50.923],[17.0801,50.9258],[17.1059,50.9229],[17.1117,50.9197],[17.1129,50.925],[17.1112,50.9257],[17.1125,50.9288],[17.1144,50.9285],[17.1153,50.9374],[17.1076,50.9388],[17.108,50.9419],[17.1044,50.9437],[17.1036,50.9483],[17.1151,50.9615],[17.1383,50.9575],[17.1355,50.9649],[17.1444,50.9648],[17.1601,50.9675],[17.1628,50.971],[17.1631,50.9811],[17.1674,50.9861],[17.17,50.9865],[17.1676,50.9889],[17.1876,50.9994],[17.1974,51.0094],[17.2062,51.0059],[17.2163,51.0053],[17.226,51.0112],[17.2404,51.0132],[17.2448,51.0179],[17.2499,51.0161],[17.2542,51.0203],[17.2594,51.0304],[17.2613,51.0306],[17.2723,51.0223],[17.2887,51.0149],[17.293,51.018],[17.2867,51.0213],[17.2884,51.0229],[17.288,51.025],[17.2815,51.0285],[17.2806,51.0315],[17.2831,51.0312],[17.2951,51.0404],[17.2733,51.0483],[17.275,51.0503],[17.2698,51.0517],[17.2843,51.0561],[17.291,51.0607],[17.2918,51.0643],[17.2961,51.0663],[17.3212,51.064],[17.3226,51.0696],[17.3251,51.0725],[17.3262,51.0806],[17.3377,51.0879],[17.3402,51.0911],[17.3389,51.0915],[17.349,51.0953],[17.3611,51.0966],[17.376,51.1037],[17.3795,51.1024],[17.3927,51.1034],[17.3941,51.0983],[17.4014,51.0994],[17.4026,51.0978],[17.417,51.0999],[17.4237,51.0979],[17.4218,51.0954],[17.4285,51.0919],[17.4292,51.0896],[17.4338,51.0895],[17.4283,51.0829],[17.4219,51.0782],[17.4259,51.0712],[17.432,51.0677],[17.4472,51.0664],[17.4518,51.0632],[17.4521,51.0664],[17.4535,51.0661],[17.4547,51.0636],[17.4615,51.0608],[17.483,51.0606],[17.503,51.0577],[17.5172,51.0525],[17.5212,51.0484],[17.5255,51.0491],[17.5349,51.0432],[17.527,51.0314],[17.5189,51.0254],[17.5185,51.0175],[17.5143,51.0116],[17.522,51.0091],[17.5213,51.0057],[17.5285,51.0023],[17.5419,51.0026],[17.5437,50.9998],[17.5407,50.9921],[17.5425,50.9912],[17.5363,50.9889],[17.5349,50.9901],[17.5181,50.9872],[17.5043,50.9886],[17.4992,50.9927],[17.4907,50.9882],[17.4954,50.985],[17.5047,50.985],[17.5149,50.9797],[17.5131,50.9724],[17.5094,50.9694],[17.5049,50.9697],[17.5028,50.972],[17.5046,50.9731],[17.5016,50.9756],[17.4691,50.9719],[17.464,50.9783],[17.45,50.9717],[17.4314,50.9671],[17.4338,50.9543],[17.431,50.9459],[17.4319,50.9436],[17.4354,50.9432],[17.4396,50.937],[17.4379,50.9361],[17.4347,50.928],[17.4307,50.9262],[17.4297,50.9237],[17.4317,50.9211],[17.4315,50.9183],[17.4364,50.917],[17.4291,50.9147],[17.4272,50.9106],[17.4173,50.9126],[17.4081,50.9105],[17.4043,50.9128],[17.4026,50.9187],[17.4002,50.9201],[17.3804,50.9249],[17.3694,50.9257],[17.3685,50.9214],[17.3704,50.9182],[17.3658,50.9145],[17.3672,50.9137],[17.3579,50.9071],[17.3599,50.9061],[17.3524,50.9007],[17.3679,50.898],[17.3979,50.8893],[17.3939,50.8878],[17.3958,50.8804],[17.3951,50.8755],[17.3851,50.8756],[17.3843,50.8621],[17.365,50.8595],[17.3472,50.852],[17.3346,50.8522],[17.3282,50.8506],[17.3304,50.8446],[17.3424,50.8324],[17.3427,50.8275],[17.3178,50.8208],[17.3132,50.8241],[17.309,50.8245],[17.2946,50.8195],[17.297,50.8179],[17.2815,50.8174],[17.2851,50.8229],[17.2896,50.8217],[17.2905,50.8227],[17.278,50.8334],[17.2748,50.8312],[17.2712,50.832],[17.268,50.8363],[17.2647,50.8361],[17.2598,50.8405],[17.2562,50.8413],[17.2564,50.8439],[17.2451,50.8478],[17.2452,50.8525],[17.2428,50.8568],[17.2437,50.8598],[17.2404,50.861],[17.2401,50.8641],[17.2343,50.8633],[17.2318,50.8649],[17.2291,50.8633],[17.2264,50.8577],[17.2045,50.877],[17.2044,50.8747]]]]}},{"type":"Feature","properties":{"GID_2":"POL.1.17_1","GID_0":"POL","COUNTRY":"Poland","GID_1":"POL.1_1","NAME_1":"Dolnoslaskie","NL_NAME_1":"NA","NAME_2":"Olesnica","VARNAME_2":"NA","NL_NAME_2":"NA","TYPE_2":"Powiat","ENGTYPE_2":"County","CC_2":"0214","HASC_2":"NA"},"geometry":{"type":"MultiPolygon","coordinates":[[[[17.5171,51.0525],[17.4969,51.059],[17.4615,51.0608],[17.4547,51.0636],[17.4535,51.0661],[17.4521,51.0664],[17.4518,51.0632],[17.4472,51.0664],[17.432,51.0677],[17.4259,51.0712],[17.4219,51.0782],[17.4283,51.0829],[17.4338,51.0895],[17.4292,51.0896],[17.4285,51.0919],[17.4218,51.0954],[17.4237,51.0979],[17.417,51.0999],[17.4026,51.0978],[17.4014,51.0994],[17.3941,51.0983],[17.3927,51.1034],[17.3795,51.1024],[17.3658,51.1104],[17.3472,51.1118],[17.3319,51.1163],[17.3288,51.1178],[17.3307,51.1386],[17.3288,51.1415],[17.3243,51.1451],[17.3152,51.1438],[17.3167,51.1379],[17.3105,51.1377],[17.3061,51.1486],[17.291,51.1502],[17.2948,51.156],[17.293,51.1593],[17.3012,51.1582],[17.3035,51.1609],[17.3177,51.1589],[17.3207,51.1615],[17.3266,51.1587],[17.3377,51.1653],[17.3486,51.1672],[17.3245,51.1702],[17.3137,51.1672],[17.3099,51.1699],[17.3109,51.1705],[17.3059,51.1727],[17.2896,51.1737],[17.303,51.1918],[17.299,51.1955],[17.3021,51.2041],[17.3068,51.2102],[17.3102,51.2118],[17.3106,51.2148],[17.3024,51.219],[17.2942,51.2258],[17.2756,51.2236],[17.2713,51.2245],[17.2683,51.2265],[17.266,51.2321],[17.2601,51.2326],[17.258,51.2367],[17.251,51.2395],[17.2557,51.2429],[17.2611,51.2524],[17.2446,51.2628],[17.2382,51.2642],[17.2498,51.2705],[17.251,51.2767],[17.2649,51.2854],[17.2618,51.2888],[17.2576,51.2896],[17.259,51.291],[17.252,51.2912],[17.2548,51.2976],[17.264,51.2986],[17.2629,51.3009],[17.2687,51.3039],[17.2638,51.309],[17.2555,51.3102],[17.2557,51.3151],[17.2585,51.318],[17.2603,51.3238],[17.2593,51.3268],[17.2617,51.3356],[17.2557,51.3431],[17.2492,51.3479],[17.2572,51.35],[17.2615,51.3544],[17.2649,51.3515],[17.2686,51.3524],[17.2879,51.3423],[17.2995,51.3437],[17.2985,51.3456],[17.3118,51.3489],[17.3146,51.3529],[17.3148,51.3576],[17.3196,51.365],[17.3147,51.3715],[17.3191,51.3723],[17.3315,51.3715],[17.3392,51.3732],[17.3531,51.3678],[17.3705,51.3681],[17.375,51.3728],[17.3777,51.3727],[17.3782,51.3767],[17.3812,51.3764],[17.3845,51.3811],[17.3835,51.3913],[17.3954,51.3886],[17.398,51.3897],[17.3956,51.3926],[17.397,51.3951],[17.3943,51.3997],[17.397,51.4043],[17.4065,51.4054],[17.4117,51.4092],[17.4214,51.4089],[17.4241,51.413],[17.4292,51.4139],[17.4283,51.4165],[17.4295,51.4199],[17.419,51.4209],[17.422,51.4249],[17.4218,51.4287],[17.4247,51.4291],[17.4256,51.431],[17.4319,51.4298],[17.4305,51.4254],[17.4333,51.4241],[17.436,51.4294],[17.4385,51.4272],[17.4421,51.434],[17.4435,51.4339],[17.4417,51.4365],[17.4488,51.4407],[17.4509,51.4394],[17.4539,51.4421],[17.462,51.4434],[17.4691,51.4389],[17.4808,51.4482],[17.4784,51.4509],[17.4791,51.4528],[17.4872,51.4528],[17.4884,51.455],[17.4928,51.4559],[17.51,51.4561],[17.5139,51.4576],[17.5265,51.4534],[17.527,51.4572],[17.532,51.4522],[17.546,51.4447],[17.5519,51.4352],[17.549,51.4318],[17.5484,51.4278],[17.5453,51.4284],[17.5406,51.4213],[17.5485,51.4189],[17.5491,51.4162],[17.5536,51.4133],[17.5543,51.4105],[17.5661,51.4056],[17.5747,51.4059],[17.5849,51.4096],[17.6039,51.4094],[17.6121,51.4198],[17.6129,51.423],[17.6266,51.4191],[17.6314,51.4216],[17.6309,51.4235],[17.6405,51.4235],[17.6402,51.4211],[17.6491,51.418],[17.6526,51.4128],[17.6611,51.41],[17.6683,51.416],[17.6729,51.4152],[17.6829,51.411],[17.6823,51.4091],[17.6881,51.4078],[17.6868,51.4054],[17.7004,51.4017],[17.7031,51.3995],[17.7187,51.4032],[17.7196,51.4064],[17.7152,51.4113],[17.7163,51.4147],[17.7141,51.4185],[17.7186,51.4226],[17.7191,51.4213],[17.7232,51.4227],[17.7263,51.4208],[17.7295,51.4217],[17.738,51.4191],[17.7345,51.4167],[17.7485,51.4146],[17.7456,51.4127],[17.75,51.4113],[17.7558,51.4054],[17.7524,51.3986],[17.7364,51.4],[17.7365,51.3977],[17.7381,51.3976],[17.7375,51.3949],[17.7291,51.3957],[17.7329,51.3873],[17.72,51.3861],[17.7155,51.3714],[17.7061,51.3717],[17.7042,51.3668],[17.7066,51.3659],[17.7061,51.3639],[17.71,51.3635],[17.7095,51.3608],[17.7076,51.3604],[17.7098,51.3589],[17.723,51.3594],[17.7291,51.3538],[17.7285,51.3523],[17.7329,51.3494],[17.7436,51.3465],[17.7396,51.3429],[17.7416,51.342],[17.7409,51.3386],[17.7443,51.3364],[17.7438,51.3287],[17.7468,51.3262],[17.7626,51.3201],[17.765,51.3164],[17.7559,51.3113],[17.7605,51.3097],[17.7589,51.3083],[17.7644,51.3059],[17.7601,51.3023],[17.7665,51.3007],[17.7503,51.2907],[17.7473,51.286],[17.7522,51.2836],[17.7516,51.2812],[17.7382,51.2757],[17.7493,51.2701],[17.749,51.267],[17.7458,51.2639],[17.7429,51.2573],[17.743,51.2542],[17.7459,51.2498],[17.744,51.243],[17.7555,51.2332],[17.7552,51.2303],[17.7578,51.2267],[17.757,51.2229],[17.7548,51.2217],[17.7567,51.2163],[17.7633,51.2102],[17.7674,51.2039],[17.7765,51.1982],[17.7953,51.1941],[17.7951,51.1898],[17.7891,51.1879],[17.783,51.1883],[17.7798,51.1832],[17.7538,51.1868],[17.7502,51.1797],[17.739,51.1743],[17.7044,51.1739],[17.6982,51.1717],[17.7003,51.1633],[17.6822,51.1671],[17.6828,51.1657],[17.6742,51.1641],[17.6693,51.1608],[17.6588,51.1635],[17.6559,51.1666],[17.6394,51.1681],[17.6387,51.1706],[17.6404,51.1731],[17.6206,51.1754],[17.6195,51.1844],[17.6131,51.1873],[17.6115,51.1905],[17.6066,51.1896],[17.5966,51.1785],[17.6027,51.1759],[17.5971,51.1711],[17.5989,51.1678],[17.5892,51.1713],[17.5782,51.1622],[17.5679,51.1659],[17.5664,51.1614],[17.5586,51.1568],[17.5447,51.1545],[17.5455,51.1436],[17.5677,51.1378],[17.5655,51.1335],[17.5764,51.1294],[17.5755,51.1236],[17.5715,51.1176],[17.5782,51.1108],[17.5719,51.1062],[17.5677,51.098],[17.5624,51.0926],[17.5677,51.0884],[17.5786,51.0851],[17.5821,51.0818],[17.5644,51.0731],[17.5582,51.0678],[17.5351,51.0693],[17.5273,51.067],[17.5187,51.0588],[17.5245,51.0585],[17.5239,51.0534],[17.5184,51.0515],[17.5171,51.0525]]]]}},{"type":"Feature","properties":{"GID_2":"POL.1.18_1","GID_0":"POL","COUNTRY":"Poland","GID_1":"POL.1_1","NAME_1":"Dolnoslaskie","NL_NAME_1":"NA","NAME_2":"Polkowice","VARNAME_2":"NA","NL_NAME_2":"NA","TYPE_2":"Powiat","ENGTYPE_2":"County","CC_2":"0216","HASC_2":"NA"},"geometry":{"type":"MultiPolygon","coordinates":[[[[15.8402,51.3853],[15.8401,51.3869],[15.8495,51.3879],[15.8503,51.3901],[15.8455,51.3925],[15.8445,51.3948],[15.8371,51.3949],[15.8376,51.3961],[15.8282,51.4003],[15.83,51.4019],[15.8295,51.4042],[15.8232,51.4074],[15.8168,51.4084],[15.8162,51.4099],[15.8185,51.4181],[15.816,51.4296],[15.8174,51.4358],[15.8193,51.4378],[15.8192,51.4442],[15.8222,51.4507],[15.8584,51.4566],[15.8459,51.4616],[15.8428,51.4648],[15.8452,51.466],[15.8296,51.4758],[15.8246,51.4833],[15.8154,51.4842],[15.8098,51.4887],[15.8017,51.4889],[15.8015,51.4909],[15.8114,51.4925],[15.8075,51.5026],[15.7793,51.5024],[15.7793,51.5072],[15.767,51.5072],[15.767,51.5107],[15.7569,51.5113],[15.7544,51.5131],[15.73,51.5123],[15.725,51.5174],[15.714,51.5174],[15.7141,51.5216],[15.7107,51.5235],[15.712,51.5259],[15.7108,51.5296],[15.7125,51.532],[15.7114,51.533],[15.7126,51.5347],[15.7123,51.5466],[15.7032,51.5464],[15.7028,51.5504],[15.7064,51.5545],[15.7038,51.5571],[15.7236,51.5521],[15.7402,51.5552],[15.77,51.5697],[15.8077,51.5734],[15.8236,51.5727],[15.8158,51.6029],[15.8182,51.6029],[15.8216,51.6072],[15.8228,51.6131],[15.834,51.6222],[15.83,51.637],[15.8376,51.645],[15.8572,51.6504],[15.8556,51.6516],[15.8559,51.6578],[15.8515,51.6602],[15.8428,51.6613],[15.8451,51.6642],[15.8678,51.6734],[15.8681,51.6721],[15.8742,51.6721],[15.8684,51.6712],[15.8683,51.67],[15.881,51.671],[15.8817,51.6684],[15.8956,51.6721],[15.9125,51.6717],[15.915,51.6687],[15.9211,51.6693],[15.9226,51.6655],[15.9208,51.6606],[15.9331,51.6631],[15.9315,51.6598],[15.9328,51.659],[15.9319,51.6567],[15.9358,51.6568],[15.9364,51.6493],[15.9487,51.6477],[15.9385,51.64],[15.9625,51.6385],[15.9627,51.6349],[15.9656,51.636],[15.9645,51.6338],[15.9679,51.6334],[15.9672,51.6293],[15.9721,51.625],[15.9702,51.6245],[15.9703,51.623],[15.9673,51.6227],[15.9698,51.6213],[15.9692,51.6183],[15.9623,51.6169],[15.9578,51.6138],[15.9757,51.6096],[15.98,51.6104],[15.9833,51.6141],[15.9814,51.6149],[15.9937,51.6117],[15.993,51.6133],[15.9989,51.6156],[16.0099,51.613],[16.0134,51.6077],[16.019,51.6083],[16.0161,51.6048],[16.0181,51.6032],[16.014,51.5978],[16.0009,51.5868],[15.9909,51.5736],[15.9879,51.5649],[15.9854,51.5648],[15.9851,51.5613],[15.9753,51.5581],[15.971,51.5525],[15.9634,51.55],[15.9626,51.5459],[15.9703,51.5479],[15.9819,51.5473],[15.9824,51.5452],[15.9878,51.5416],[15.9986,51.5379],[16.0026,51.5379],[16.016,51.5494],[16.0202,51.5558],[16.0298,51.5592],[16.0332,51.5598],[16.0417,51.5537],[16.0449,51.5569],[16.0556,51.556],[16.0623,51.5578],[16.0697,51.5562],[16.0713,51.5603],[16.0756,51.563],[16.0951,51.5606],[16.0964,51.5639],[16.093,51.568],[16.0911,51.5679],[16.0905,51.5707],[16.0841,51.5743],[16.0854,51.58],[16.0875,51.5835],[16.0953,51.5843],[16.096,51.5851],[16.0939,51.5851],[16.0955,51.5888],[16.0973,51.5883],[16.0985,51.5908],[16.1038,51.5891],[16.1067,51.5906],[16.0946,51.594],[16.0956,51.5956],[16.0936,51.5961],[16.096,51.6003],[16.0818,51.6018],[16.0861,51.6108],[16.0978,51.6143],[16.105,51.6116],[16.1067,51.6127],[16.1126,51.6075],[16.1138,51.6097],[16.1172,51.6089],[16.1178,51.6109],[16.1305,51.6092],[16.1346,51.6124],[16.1431,51.6117],[16.1422,51.6169],[16.1705,51.6174],[16.1787,51.6114],[16.1855,51.613],[16.184,51.6174],[16.1928,51.6167],[16.1964,51.6191],[16.1952,51.622],[16.1879,51.6266],[16.1867,51.6296],[16.1931,51.6269],[16.2037,51.6267],[16.2042,51.6317],[16.2139,51.6343],[16.2275,51.6227],[16.2346,51.622],[16.2364,51.6205],[16.2311,51.6201],[16.2384,51.6168],[16.25,51.6166],[16.2544,51.6141],[16.2559,51.6158],[16.2606,51.6162],[16.2825,51.6106],[16.2845,51.6125],[16.2942,51.6111],[16.2958,51.6132],[16.3037,51.613],[16.3088,51.6106],[16.3081,51.6099],[16.3116,51.6066],[16.317,51.606],[16.3152,51.6012],[16.3277,51.5984],[16.3258,51.5947],[16.3194,51.5913],[16.3181,51.5883],[16.319,51.5745],[16.3212,51.5705],[16.298,51.5678],[16.2794,51.5688],[16.2696,51.5667],[16.2633,51.5581],[16.2606,51.557],[16.2655,51.555],[16.2679,51.5519],[16.2621,51.5494],[16.2706,51.5443],[16.2572,51.5435],[16.2562,51.5378],[16.251,51.5387],[16.2448,51.5251],[16.2459,51.5241],[16.2435,51.522],[16.2192,51.5228],[16.2102,51.5246],[16.2075,51.5203],[16.2016,51.5155],[16.2044,51.5149],[16.2008,51.5113],[16.1864,51.5121],[16.1793,51.4989],[16.1786,51.4869],[16.1828,51.4832],[16.1831,51.4802],[16.1867,51.4784],[16.1869,51.4804],[16.1951,51.4846],[16.2023,51.4846],[16.1978,51.483],[16.1963,51.4715],[16.191,51.4652],[16.1898,51.4655],[16.186,51.4569],[16.1624,51.454],[16.1534,51.4576],[16.1522,51.4596],[16.1365,51.4575],[16.1382,51.4598],[16.1335,51.4594],[16.1344,51.4616],[16.13,51.4628],[16.1366,51.4677],[16.1269,51.4717],[16.1187,51.4695],[16.1137,51.4638],[16.1064,51.4682],[16.0994,51.4661],[16.0973,51.4679],[16.0988,51.4662],[16.0922,51.4655],[16.084,51.4624],[16.0821,51.4568],[16.075,51.455],[16.073,51.453],[16.071,51.4376],[16.0736,51.4352],[16.0753,51.436],[16.088,51.4166],[16.0989,51.418],[16.0997,51.4133],[16.1086,51.4005],[16.1075,51.3974],[16.102,51.3964],[16.0981,51.3837],[16.0695,51.3808],[16.066,51.3766],[16.0688,51.3736],[16.0678,51.371],[16.0799,51.3668],[16.0792,51.3632],[16.0739,51.3598],[16.0714,51.3557],[16.0719,51.3505],[16.0781,51.3473],[16.0945,51.3466],[16.0854,51.3424],[16.0799,51.3377],[16.0477,51.3333],[16.042,51.3344],[16.0417,51.3364],[16.0367,51.3376],[16.0266,51.3363],[16.0241,51.3346],[16.0241,51.3315],[16.0187,51.3281],[16.0138,51.3275],[16.0134,51.3296],[16.0118,51.3298],[16.008,51.3263],[15.9844,51.3341],[15.9862,51.3367],[15.9707,51.3374],[15.9658,51.3403],[15.9615,51.3396],[15.9534,51.3435],[15.9477,51.3425],[15.9476,51.3382],[15.9445,51.3377],[15.9224,51.3445],[15.9267,51.3493],[15.9219,51.3534],[15.9131,51.3558],[15.9063,51.3611],[15.9064,51.3635],[15.8937,51.3631],[15.8876,51.3714],[15.882,51.3716],[15.8761,51.3693],[15.8615,51.3733],[15.8526,51.3806],[15.8403,51.3836],[15.8402,51.3853]]]]}},{"type":"Feature","properties":{"GID_2":"POL.1.19_1","GID_0":"POL","COUNTRY":"Poland","GID_1":"POL.1_1","NAME_1":"Dolnoslaskie","NL_NAME_1":"NA","NAME_2":"SrodaSlaska","VARNAME_2":"NA","NL_NAME_2":"NA","TYPE_2":"Powiat","ENGTYPE_2":"County","CC_2":"0218","HASC_2":"NA"},"geometry":{"type":"MultiPolygon","coordinates":[[[[16.3396,51.0327],[16.3428,51.0344],[16.3392,51.0405],[16.3319,51.0467],[16.336,51.0473],[16.3356,51.0501],[16.3333,51.0498],[16.3317,51.0544],[16.3431,51.0562],[16.3466,51.0611],[16.3445,51.0654],[16.3542,51.0703],[16.3586,51.0698],[16.3735,51.0733],[16.3752,51.0707],[16.3746,51.0634],[16.383,51.0635],[16.3937,51.0579],[16.3979,51.0625],[16.4038,51.0624],[16.4053,51.0708],[16.4188,51.0709],[16.4204,51.0746],[16.4242,51.0753],[16.4253,51.0798],[16.4317,51.0801],[16.4339,51.0765],[16.4371,51.0758],[16.4445,51.0774],[16.4504,51.0822],[16.4561,51.0803],[16.461,51.0807],[16.471,51.0846],[16.4802,51.0859],[16.4796,51.0878],[16.4759,51.0892],[16.4749,51.0957],[16.4713,51.0953],[16.4746,51.1064],[16.4589,51.1116],[16.4498,51.1218],[16.4418,51.1261],[16.4464,51.1279],[16.4491,51.1317],[16.4487,51.1342],[16.4429,51.1346],[16.4442,51.139],[16.4475,51.1427],[16.4544,51.1477],[16.4674,51.1476],[16.4637,51.158],[16.4566,51.1608],[16.4568,51.1639],[16.4516,51.1676],[16.4512,51.1696],[16.4468,51.1713],[16.4478,51.1764],[16.4455,51.1788],[16.4546,51.1836],[16.4558,51.1893],[16.4607,51.192],[16.4671,51.2032],[16.4662,51.2073],[16.4488,51.2121],[16.4528,51.2303],[16.4615,51.2313],[16.4703,51.2296],[16.4714,51.2312],[16.4842,51.2279],[16.5012,51.2264],[16.5087,51.2288],[16.5142,51.2341],[16.5347,51.2436],[16.5474,51.2431],[16.562,51.2467],[16.5711,51.2453],[16.5813,51.2489],[16.5864,51.2471],[16.5916,51.2408],[16.5976,51.2399],[16.6071,51.2458],[16.6269,51.2514],[16.6411,51.246],[16.6753,51.2498],[16.689,51.242],[16.6945,51.2412],[16.6989,51.2429],[16.7047,51.2491],[16.7177,51.2528],[16.7263,51.2602],[16.7367,51.2597],[16.748,51.2566],[16.7622,51.2613],[16.787,51.257],[16.8184,51.2589],[16.8209,51.2578],[16.8258,51.2502],[16.8418,51.2511],[16.845,51.249],[16.8484,51.2417],[16.8549,51.239],[16.8699,51.2368],[16.8735,51.2328],[16.8827,51.2296],[16.8898,51.2207],[16.9038,51.2151],[16.9062,51.2123],[16.9051,51.2095],[16.9002,51.2092],[16.8948,51.2047],[16.8894,51.2045],[16.888,51.206],[16.8817,51.2025],[16.8878,51.194],[16.8887,51.1902],[16.9026,51.1882],[16.9005,51.1841],[16.8935,51.1842],[16.8902,51.185],[16.8884,51.1874],[16.8818,51.1878],[16.8773,51.1856],[16.8754,51.1809],[16.8723,51.1794],[16.8638,51.18],[16.8628,51.1784],[16.855,51.1775],[16.8423,51.1828],[16.8383,51.1821],[16.8331,51.1844],[16.8276,51.1836],[16.8233,51.1769],[16.8264,51.1751],[16.8211,51.1718],[16.8276,51.1588],[16.8311,51.1577],[16.8254,51.1515],[16.8173,51.153],[16.8162,51.1499],[16.8131,51.1503],[16.8073,51.1389],[16.8096,51.1388],[16.8093,51.1374],[16.8137,51.1374],[16.8265,51.1413],[16.8187,51.1324],[16.8171,51.1264],[16.8333,51.1243],[16.8327,51.1226],[16.8345,51.1209],[16.8416,51.1177],[16.8427,51.1156],[16.8365,51.1172],[16.8364,51.1152],[16.8315,51.1138],[16.8298,51.1105],[16.8258,51.1102],[16.8239,51.1078],[16.8197,51.1063],[16.8217,51.1026],[16.8244,51.102],[16.8089,51.0927],[16.7945,51.0978],[16.7969,51.1],[16.7842,51.1022],[16.7613,51.088],[16.7531,51.0887],[16.7536,51.0842],[16.7497,51.0774],[16.7652,51.0757],[16.7681,51.0768],[16.7688,51.0756],[16.7628,51.0655],[16.7604,51.0645],[16.7618,51.0634],[16.762,51.0587],[16.7579,51.0545],[16.7386,51.0642],[16.7244,51.0633],[16.7199,51.06],[16.7138,51.0478],[16.7223,51.0411],[16.7191,51.0376],[16.7157,51.0371],[16.7102,51.0329],[16.7053,51.0314],[16.6889,51.0317],[16.6851,51.0293],[16.6826,51.0232],[16.6842,51.0159],[16.6798,51.0158],[16.6751,51.0182],[16.661,51.0193],[16.6585,51.0185],[16.6553,51.0129],[16.6581,51.0123],[16.655,51.0103],[16.6521,51.0108],[16.6509,51.0084],[16.6478,51.0073],[16.6326,51.006],[16.6213,51.0129],[16.6082,51.0097],[16.6083,51.0074],[16.6039,51.0014],[16.5955,51.0033],[16.577,50.9975],[16.5655,50.9961],[16.5608,50.9996],[16.5572,50.9993],[16.5507,50.9963],[16.5455,50.9968],[16.5417,50.994],[16.5265,50.991],[16.51,50.9928],[16.5099,50.9953],[16.5049,50.9981],[16.4883,50.9983],[16.47,51.0073],[16.4525,51.0088],[16.4299,51.014],[16.4315,51.0109],[16.4309,51.0078],[16.4162,51.0041],[16.4059,51.0067],[16.4058,51.0096],[16.3894,51.0094],[16.3807,51.0128],[16.3813,51.0155],[16.3666,51.0259],[16.3568,51.0247],[16.3474,51.0208],[16.3402,51.0209],[16.3356,51.0257],[16.3396,51.0327]]]]}},{"type":"Feature","properties":{"GID_2":"POL.1.20_1","GID_0":"POL","COUNTRY":"Poland","GID_1":"POL.1_1","NAME_1":"Dolnoslaskie","NL_NAME_1":"NA","NAME_2":"Strzelin","VARNAME_2":"NA","NL_NAME_2":"NA","TYPE_2":"Powiat","ENGTYPE_2":"County","CC_2":"0217","HASC_2":"NA"},"geometry":{"type":"MultiPolygon","coordinates":[[[[17.1235,50.8407],[17.1253,50.8405],[17.1365,50.8538],[17.1445,50.8501],[17.1501,50.8587],[17.152,50.8671],[17.1548,50.8658],[17.1554,50.8634],[17.1605,50.8628],[17.1639,50.8601],[17.1905,50.8599],[17.2002,50.8554],[17.2056,50.8694],[17.2033,50.8699],[17.2045,50.877],[17.2264,50.8577],[17.2291,50.8633],[17.2318,50.8649],[17.2343,50.8633],[17.2401,50.8641],[17.2404,50.861],[17.2437,50.8598],[17.2428,50.8568],[17.2452,50.8525],[17.2451,50.8478],[17.2564,50.8439],[17.2562,50.8413],[17.2598,50.8405],[17.2647,50.8361],[17.268,50.8363],[17.2712,50.832],[17.2748,50.8312],[17.278,50.8334],[17.2905,50.8227],[17.2896,50.8217],[17.2851,50.8229],[17.2815,50.8174],[17.297,50.8179],[17.2946,50.8195],[17.3053,50.8239],[17.3123,50.8243],[17.3178,50.8208],[17.3275,50.8186],[17.3398,50.8082],[17.3502,50.8076],[17.3493,50.8025],[17.3546,50.7943],[17.3494,50.7883],[17.3462,50.7879],[17.3451,50.7843],[17.3331,50.787],[17.3063,50.7882],[17.2859,50.7949],[17.2849,50.7923],[17.2722,50.7869],[17.2707,50.7849],[17.2712,50.7805],[17.2562,50.7746],[17.2539,50.772],[17.2624,50.7722],[17.2695,50.7705],[17.2684,50.7679],[17.2795,50.7609],[17.2976,50.7533],[17.2914,50.7465],[17.3012,50.743],[17.2943,50.7376],[17.2855,50.7431],[17.2756,50.7446],[17.271,50.7408],[17.2625,50.7391],[17.2643,50.7343],[17.2632,50.7299],[17.2619,50.7305],[17.2521,50.7177],[17.2478,50.7194],[17.2405,50.7184],[17.2389,50.7154],[17.2288,50.7173],[17.2291,50.7147],[17.2257,50.7156],[17.2208,50.7137],[17.2223,50.7067],[17.2202,50.7014],[17.2591,50.6905],[17.2559,50.6867],[17.252,50.6867],[17.2472,50.6821],[17.2347,50.6811],[17.2396,50.6716],[17.2375,50.6645],[17.239,50.6608],[17.238,50.6577],[17.2325,50.6551],[17.2362,50.654],[17.2389,50.6508],[17.2354,50.6496],[17.235,50.6455],[17.2302,50.6405],[17.234,50.6322],[17.2427,50.628],[17.2419,50.6242],[17.2448,50.6197],[17.236,50.6132],[17.2188,50.6158],[17.1883,50.6164],[17.1649,50.6135],[17.1638,50.6181],[17.1595,50.6176],[17.1513,50.6321],[17.1464,50.631],[17.1369,50.6356],[17.1366,50.638],[17.1327,50.6422],[17.1254,50.6419],[17.1203,50.6441],[17.1274,50.6506],[17.1311,50.6501],[17.1327,50.6531],[17.1371,50.6528],[17.1452,50.6605],[17.1457,50.6627],[17.1333,50.6619],[17.1225,50.6631],[17.1221,50.6673],[17.1241,50.6681],[17.1191,50.672],[17.1042,50.6718],[17.0931,50.6736],[17.0944,50.6747],[17.0687,50.6804],[17.0709,50.6847],[17.0648,50.6936],[17.0577,50.6933],[17.0583,50.6945],[17.0555,50.6976],[17.0447,50.7009],[17.042,50.6958],[17.0353,50.6974],[17.0353,50.6958],[17.0307,50.6965],[17.0313,50.6956],[17.0303,50.6951],[17.0281,50.6966],[17.0245,50.6921],[17.0049,50.696],[16.9939,50.6938],[16.9806,50.6936],[16.9824,50.6868],[16.9754,50.685],[16.9754,50.6901],[16.958,50.6933],[16.9518,50.7009],[16.9486,50.7023],[16.9442,50.7029],[16.9446,50.6996],[16.9395,50.6998],[16.9397,50.7029],[16.9375,50.7064],[16.9226,50.7093],[16.9226,50.715],[16.9152,50.716],[16.9141,50.711],[16.9012,50.7062],[16.8953,50.709],[16.8892,50.7068],[16.8815,50.709],[16.8844,50.7104],[16.8882,50.7168],[16.895,50.7218],[16.8887,50.7229],[16.883,50.7211],[16.8773,50.7246],[16.8678,50.7203],[16.8579,50.7214],[16.8634,50.727],[16.8617,50.7296],[16.8668,50.7336],[16.8662,50.7357],[16.8783,50.7439],[16.8733,50.7445],[16.886,50.753],[16.8858,50.7556],[16.8893,50.7582],[16.8831,50.7595],[16.8811,50.7617],[16.8851,50.7657],[16.8817,50.7676],[16.8836,50.7709],[16.8905,50.7803],[16.897,50.7784],[16.9042,50.7885],[16.8975,50.7919],[16.894,50.7842],[16.893,50.7847],[16.894,50.7867],[16.8918,50.7886],[16.8907,50.7867],[16.8843,50.7905],[16.8952,50.7988],[16.8919,50.7999],[16.8917,50.8024],[16.8866,50.8058],[16.8834,50.8054],[16.8848,50.8078],[16.8822,50.8091],[16.8884,50.8122],[16.8867,50.8099],[16.8983,50.8121],[16.9052,50.8108],[16.91,50.8117],[16.911,50.8138],[16.9031,50.8189],[16.8983,50.819],[16.8994,50.8291],[16.9139,50.8257],[16.9173,50.8308],[16.9153,50.8311],[16.9226,50.8378],[16.9199,50.8395],[16.921,50.8405],[16.9168,50.8425],[16.9212,50.8454],[16.9075,50.8535],[16.9028,50.8544],[16.9045,50.8639],[16.9015,50.8704],[16.9128,50.8713],[16.9232,50.866],[16.9334,50.8639],[16.9423,50.8651],[16.9475,50.8698],[16.9429,50.8749],[16.9448,50.878],[16.9495,50.881],[16.9513,50.8849],[16.9574,50.8853],[16.9548,50.8897],[16.9514,50.8914],[16.9588,50.9044],[16.9671,50.9052],[16.9766,50.9],[16.98,50.9074],[16.9754,50.9081],[16.9797,50.9136],[16.9812,50.9107],[16.9872,50.9131],[16.9891,50.9157],[16.9924,50.913],[16.9932,50.9089],[16.9971,50.9071],[16.9977,50.9096],[17.0022,50.9114],[17.0033,50.9174],[17.0114,50.9204],[17.0173,50.9171],[17.0179,50.9099],[17.0225,50.9085],[17.0267,50.9094],[17.0324,50.9083],[17.0376,50.9168],[17.0415,50.9197],[17.0515,50.917],[17.0557,50.9047],[17.0701,50.903],[17.0683,50.8977],[17.0719,50.8938],[17.0757,50.8932],[17.0709,50.8871],[17.0879,50.8848],[17.0864,50.8832],[17.0859,50.8764],[17.0928,50.8729],[17.0982,50.8721],[17.1014,50.868],[17.1001,50.8641],[17.1117,50.8597],[17.1088,50.8518],[17.1117,50.8509],[17.1104,50.8481],[17.1139,50.8481],[17.1184,50.8449],[17.1196,50.8419],[17.1235,50.8407]]]]}},{"type":"Feature","properties":{"GID_2":"POL.1.21_1","GID_0":"POL","COUNTRY":"Poland","GID_1":"POL.1_1","NAME_1":"Dolnoslaskie","NL_NAME_1":"NA","NAME_2":"Swidnica","VARNAME_2":"NA","NL_NAME_2":"NA","TYPE_2":"Powiat","ENGTYPE_2":"County","CC_2":"0219","HASC_2":"NA"},"geometry":{"type":"MultiPolygon","coordinates":[[[[16.5858,50.8267],[16.5833,50.8259],[16.5836,50.8234],[16.5789,50.8179],[16.582,50.8113],[16.5938,50.7989],[16.5803,50.7892],[16.556,50.7818],[16.548,50.7772],[16.5579,50.7655],[16.5683,50.7635],[16.5671,50.7624],[16.5704,50.7599],[16.5716,50.7574],[16.5592,50.7527],[16.5634,50.7446],[16.5581,50.7438],[16.5462,50.7354],[16.5301,50.7314],[16.5293,50.7286],[16.5238,50.7257],[16.5217,50.7215],[16.5169,50.7202],[16.5152,50.7217],[16.5106,50.721],[16.5077,50.7184],[16.5033,50.7178],[16.5032,50.7151],[16.4981,50.7113],[16.4903,50.7123],[16.488,50.7161],[16.4919,50.7199],[16.4839,50.7212],[16.4819,50.725],[16.4825,50.7284],[16.4722,50.7307],[16.4751,50.7342],[16.4722,50.7364],[16.4591,50.738],[16.4621,50.7462],[16.4487,50.7495],[16.4553,50.7509],[16.4378,50.7549],[16.4342,50.7567],[16.4346,50.7599],[16.431,50.7596],[16.4295,50.7616],[16.43,50.758],[16.4146,50.7585],[16.4107,50.7617],[16.4092,50.7673],[16.4058,50.769],[16.4033,50.7693],[16.4002,50.7668],[16.3947,50.7655],[16.3923,50.7662],[16.3856,50.7716],[16.3864,50.7725],[16.38,50.7759],[16.3819,50.777],[16.3802,50.7777],[16.3808,50.7799],[16.3792,50.7799],[16.3769,50.7861],[16.3666,50.7928],[16.3545,50.7914],[16.3507,50.7933],[16.3553,50.796],[16.3322,50.8105],[16.3341,50.8139],[16.3476,50.8214],[16.3537,50.821],[16.3546,50.8221],[16.3493,50.8288],[16.3476,50.8341],[16.3435,50.8359],[16.3421,50.8385],[16.3374,50.8381],[16.3341,50.8403],[16.3273,50.8394],[16.3223,50.8413],[16.319,50.8453],[16.3155,50.8449],[16.3134,50.8423],[16.3121,50.8452],[16.3071,50.8477],[16.3027,50.8475],[16.2999,50.8496],[16.2912,50.8483],[16.2904,50.8454],[16.2898,50.8473],[16.288,50.8462],[16.2873,50.8481],[16.2806,50.8475],[16.2723,50.854],[16.2828,50.8578],[16.2819,50.8597],[16.274,50.8635],[16.2794,50.8691],[16.2786,50.8713],[16.2657,50.877],[16.2584,50.8772],[16.2448,50.8716],[16.2389,50.8747],[16.2422,50.8779],[16.2433,50.882],[16.2396,50.8868],[16.2322,50.8871],[16.232,50.8859],[16.2201,50.8843],[16.2108,50.884],[16.2039,50.8857],[16.2012,50.8902],[16.1959,50.8929],[16.1945,50.8957],[16.195,50.9019],[16.1987,50.9035],[16.1987,50.9056],[16.2008,50.9058],[16.1991,50.9097],[16.1995,50.915],[16.187,50.9163],[16.185,50.918],[16.1878,50.9194],[16.1792,50.9273],[16.1751,50.9337],[16.1776,50.936],[16.1725,50.9403],[16.1698,50.9453],[16.1618,50.9467],[16.1594,50.9507],[16.1653,50.9576],[16.173,50.9614],[16.1704,50.9613],[16.1685,50.964],[16.1761,50.9669],[16.1778,50.964],[16.1833,50.9644],[16.2038,50.9715],[16.201,50.9736],[16.2008,50.9763],[16.2023,50.9791],[16.2017,50.9837],[16.2032,50.9835],[16.2025,50.9884],[16.2057,50.9925],[16.2048,50.9961],[16.2068,50.9973],[16.2064,50.999],[16.1999,51.0016],[16.2001,51.0035],[16.1955,51.0042],[16.1984,51.0102],[16.1986,51.0167],[16.2018,51.0175],[16.2176,51.0183],[16.2234,51.015],[16.2317,51.0141],[16.2369,51.0114],[16.2378,51.0081],[16.2651,51.0022],[16.2686,51.0079],[16.2691,51.0121],[16.2893,51.0188],[16.2989,51.0192],[16.3199,51.0135],[16.3223,51.0167],[16.32,51.0233],[16.3351,51.0297],[16.3372,51.029],[16.3361,51.0244],[16.3404,51.0208],[16.3474,51.0208],[16.3568,51.0247],[16.3666,51.0259],[16.3813,51.0155],[16.3807,51.0128],[16.3894,51.0094],[16.4058,51.0096],[16.4059,51.0067],[16.4125,51.0043],[16.4306,51.0076],[16.4315,51.0109],[16.4299,51.014],[16.4525,51.0088],[16.47,51.0073],[16.4883,50.9983],[16.5049,50.9981],[16.5099,50.9953],[16.5104,50.9927],[16.5265,50.991],[16.5417,50.994],[16.5455,50.9968],[16.5507,50.9963],[16.5572,50.9993],[16.5608,50.9996],[16.5655,50.9961],[16.577,50.9975],[16.5929,51.0029],[16.5986,51.0031],[16.6047,51.0012],[16.6103,50.9961],[16.6173,50.9945],[16.6179,50.9916],[16.6152,50.9889],[16.6302,50.9803],[16.615,50.9795],[16.617,50.9747],[16.6054,50.9734],[16.6014,50.9753],[16.6011,50.9787],[16.5968,50.9803],[16.5884,50.9793],[16.588,50.9779],[16.5855,50.9781],[16.5816,50.9755],[16.5871,50.9684],[16.5858,50.9676],[16.5905,50.9609],[16.5905,50.9582],[16.5858,50.9559],[16.5842,50.9493],[16.5798,50.9498],[16.5794,50.9486],[16.5661,50.9514],[16.5714,50.9399],[16.5756,50.9398],[16.5747,50.9367],[16.5831,50.937],[16.5831,50.935],[16.5818,50.9349],[16.5831,50.9343],[16.58,50.9341],[16.5812,50.9331],[16.5767,50.9328],[16.5763,50.9316],[16.5793,50.9303],[16.5759,50.9233],[16.5729,50.9229],[16.5758,50.9199],[16.5809,50.9191],[16.5813,50.9178],[16.5905,50.9174],[16.5921,50.9152],[16.6022,50.9194],[16.6013,50.9218],[16.6059,50.9239],[16.6167,50.9225],[16.618,50.9282],[16.6426,50.9227],[16.6461,50.9244],[16.6532,50.924],[16.6509,50.9327],[16.6732,50.9348],[16.6716,50.9379],[16.6902,50.9394],[16.6924,50.9367],[16.6891,50.9342],[16.7005,50.9337],[16.7017,50.9299],[16.6914,50.9237],[16.6798,50.9211],[16.675,50.917],[16.6762,50.9159],[16.6834,50.9176],[16.6898,50.9165],[16.6872,50.9104],[16.6975,50.9089],[16.6916,50.9059],[16.6935,50.9028],[16.6931,50.8999],[16.6956,50.8986],[16.6933,50.8982],[16.6948,50.8931],[16.6975,50.8918],[16.6964,50.8893],[16.691,50.8871],[16.6841,50.8885],[16.6857,50.8855],[16.6795,50.8855],[16.6767,50.8819],[16.674,50.8818],[16.6758,50.8775],[16.6716,50.8768],[16.6775,50.8715],[16.6761,50.8651],[16.6764,50.8535],[16.675,50.8512],[16.6871,50.8502],[16.6863,50.8437],[16.6881,50.8433],[16.6867,50.8405],[16.6971,50.8431],[16.6972,50.8418],[16.6924,50.8354],[16.6802,50.8292],[16.6785,50.8263],[16.6704,50.8266],[16.669,50.8205],[16.6593,50.8215],[16.6564,50.824],[16.6497,50.8227],[16.65,50.8199],[16.6464,50.8185],[16.6352,50.8174],[16.6387,50.8258],[16.6337,50.8259],[16.6336,50.8246],[16.6138,50.8184],[16.594,50.8226],[16.5858,50.8267]]]]}},{"type":"Feature","properties":{"GID_2":"POL.1.22_1","GID_0":"POL","COUNTRY":"Poland","GID_1":"POL.1_1","NAME_1":"Dolnoslaskie","NL_NAME_1":"NA","NAME_2":"Trzebnica","VARNAME_2":"NA","NL_NAME_2":"NA","TYPE_2":"Powiat","ENGTYPE_2":"County","CC_2":"0220","HASC_2":"NA"},"geometry":{"type":"MultiPolygon","coordinates":[[[[17.0918,51.4604],[17.1054,51.4621],[17.1145,51.4611],[17.1254,51.4664],[17.1341,51.4655],[17.1492,51.4695],[17.158,51.4699],[17.15,51.4649],[17.1295,51.459],[17.1124,51.4481],[17.1327,51.4407],[17.1332,51.4388],[17.1234,51.4402],[17.122,51.4366],[17.1281,51.4355],[17.1274,51.4344],[17.1305,51.4317],[17.1539,51.4278],[17.1628,51.4224],[17.1695,51.4158],[17.2023,51.4139],[17.2157,51.4095],[17.2147,51.4078],[17.2183,51.4075],[17.2175,51.4057],[17.2213,51.4043],[17.2159,51.397],[17.2349,51.3918],[17.2495,51.3941],[17.2626,51.3983],[17.2641,51.3953],[17.2693,51.3926],[17.2823,51.3948],[17.2793,51.3869],[17.3136,51.3958],[17.3171,51.391],[17.314,51.3869],[17.3159,51.3826],[17.3282,51.3808],[17.3302,51.3832],[17.3406,51.3769],[17.3401,51.3729],[17.3147,51.3715],[17.3196,51.365],[17.3148,51.3576],[17.3147,51.353],[17.3118,51.3489],[17.2985,51.3456],[17.2995,51.3437],[17.2879,51.3423],[17.2686,51.3524],[17.2649,51.3515],[17.2615,51.3544],[17.2572,51.35],[17.2492,51.3479],[17.2557,51.3431],[17.2617,51.3356],[17.2593,51.3268],[17.2603,51.3238],[17.2585,51.318],[17.2557,51.3151],[17.2555,51.3102],[17.2638,51.309],[17.2687,51.3039],[17.2629,51.3009],[17.264,51.2986],[17.2548,51.2976],[17.252,51.2912],[17.259,51.291],[17.2576,51.2896],[17.2618,51.2888],[17.265,51.2855],[17.251,51.2767],[17.2488,51.27],[17.2421,51.267],[17.2417,51.2696],[17.2262,51.2726],[17.2266,51.274],[17.2233,51.2749],[17.2156,51.2749],[17.2073,51.2704],[17.2052,51.2711],[17.2018,51.2678],[17.2037,51.267],[17.2014,51.2665],[17.1945,51.2753],[17.1818,51.2756],[17.1783,51.2583],[17.1764,51.2551],[17.1786,51.2517],[17.1732,51.2521],[17.1726,51.2495],[17.175,51.249],[17.1732,51.2451],[17.171,51.2463],[17.1601,51.2436],[17.1576,51.2396],[17.1454,51.2417],[17.1475,51.2439],[17.1407,51.2468],[17.1362,51.2514],[17.1333,51.2523],[17.1332,51.2538],[17.1236,51.2558],[17.1187,51.2433],[17.0923,51.2491],[17.0867,51.241],[17.0804,51.2417],[17.077,51.2391],[17.0728,51.2329],[17.0796,51.2236],[17.0869,51.2237],[17.0808,51.221],[17.0875,51.2143],[17.0899,51.204],[17.094,51.1974],[17.0929,51.1946],[17.0983,51.194],[17.0969,51.1864],[17.1003,51.1759],[17.0982,51.1763],[17.0981,51.1744],[17.0845,51.1768],[17.0827,51.175],[17.0801,51.1752],[17.0776,51.1659],[17.0797,51.1642],[17.0784,51.1628],[17.0724,51.166],[17.0654,51.1649],[17.0424,51.1735],[17.0271,51.1755],[17.0241,51.179],[17.0263,51.1809],[17.0225,51.1859],[17.0181,51.1858],[17.0146,51.1876],[17.0135,51.1857],[17.0149,51.1826],[16.9999,51.1818],[16.9992,51.1877],[17.0008,51.1915],[16.999,51.1938],[17.0009,51.1975],[16.9916,51.2024],[16.9796,51.2055],[16.9693,51.2049],[16.967,51.2054],[16.9663,51.2076],[16.958,51.2094],[16.9543,51.2084],[16.9494,51.2033],[16.9445,51.2032],[16.9379,51.1997],[16.9215,51.1968],[16.9151,51.2017],[16.9062,51.2053],[16.9049,51.2086],[16.9064,51.2114],[16.9047,51.2145],[16.8898,51.2207],[16.8827,51.2296],[16.8735,51.2328],[16.8699,51.2368],[16.8549,51.239],[16.8484,51.2417],[16.845,51.249],[16.8418,51.2511],[16.8258,51.2502],[16.8209,51.2578],[16.8184,51.2589],[16.8006,51.2587],[16.8012,51.2614],[16.8045,51.2613],[16.8068,51.2652],[16.8118,51.2635],[16.8102,51.2654],[16.8109,51.2667],[16.8068,51.2674],[16.8097,51.2711],[16.8084,51.2813],[16.8123,51.2938],[16.8091,51.2955],[16.8063,51.2942],[16.7995,51.3029],[16.8107,51.3036],[16.8119,51.3155],[16.8002,51.316],[16.8061,51.3248],[16.8081,51.3347],[16.7937,51.3435],[16.7774,51.3438],[16.7915,51.3556],[16.7977,51.3543],[16.798,51.3574],[16.7811,51.3582],[16.7752,51.362],[16.7777,51.3678],[16.78,51.3671],[16.779,51.3694],[16.7847,51.3763],[16.7869,51.375],[16.7894,51.3801],[16.7977,51.3829],[16.8003,51.3892],[16.7986,51.3894],[16.7992,51.3913],[16.7906,51.3933],[16.7888,51.3966],[16.7848,51.3972],[16.7881,51.4011],[16.781,51.4],[16.7813,51.4023],[16.7751,51.4034],[16.7756,51.4046],[16.7728,51.4032],[16.7723,51.4012],[16.7677,51.4037],[16.7703,51.4058],[16.773,51.4049],[16.7718,51.4066],[16.783,51.4063],[16.7857,51.4113],[16.7922,51.4104],[16.797,51.4164],[16.7949,51.4182],[16.7984,51.4208],[16.7891,51.4251],[16.7936,51.4295],[16.7932,51.4319],[16.7896,51.4348],[16.7981,51.44],[16.7948,51.4514],[16.7967,51.4561],[16.7928,51.4616],[16.782,51.4689],[16.784,51.4713],[16.7591,51.4703],[16.7657,51.4796],[16.7652,51.482],[16.7666,51.484],[16.7642,51.4854],[16.7765,51.4903],[16.7784,51.4963],[16.7688,51.5023],[16.7649,51.5018],[16.7604,51.5053],[16.7675,51.5107],[16.7862,51.5049],[16.8076,51.5081],[16.8144,51.5119],[16.8208,51.513],[16.8198,51.5174],[16.815,51.5225],[16.7989,51.5229],[16.7924,51.5261],[16.7917,51.5287],[16.7986,51.535],[16.8057,51.5484],[16.806,51.5514],[16.8236,51.573],[16.8287,51.5717],[16.8319,51.5759],[16.8536,51.5803],[16.8684,51.5789],[16.8873,51.581],[16.8957,51.5784],[16.9047,51.5714],[16.9145,51.5595],[16.9282,51.5523],[16.9582,51.5525],[16.9627,51.5511],[16.9619,51.5494],[16.9646,51.5492],[16.9624,51.5447],[16.9719,51.5436],[16.9751,51.5478],[16.9787,51.5448],[16.9816,51.5509],[16.9906,51.55],[16.9895,51.5471],[16.9924,51.5442],[16.9895,51.542],[16.9947,51.5391],[17.0002,51.5382],[16.9981,51.5353],[17.0029,51.53],[17.0174,51.5318],[17.0278,51.5305],[17.0299,51.5327],[17.036,51.5338],[17.0402,51.5282],[17.0439,51.5295],[17.0445,51.5314],[17.0529,51.5325],[17.057,51.5303],[17.0626,51.5357],[17.0713,51.5211],[17.074,51.5212],[17.0755,51.5192],[17.074,51.5188],[17.0815,51.5064],[17.0869,51.5074],[17.1,51.4959],[17.0984,51.4837],[17.1041,51.4799],[17.1073,51.4718],[17.1103,51.4698],[17.1064,51.4665],[17.0918,51.4604]]]]}},{"type":"Feature","properties":{"GID_2":"POL.1.23_1","GID_0":"POL","COUNTRY":"Poland","GID_1":"POL.1_1","NAME_1":"Dolnoslaskie","NL_NAME_1":"NA","NAME_2":"Walbrzych","VARNAME_2":"NA","NL_NAME_2":"NA","TYPE_2":"Powiat","ENGTYPE_2":"County","CC_2":"0221","HASC_2":"NA"},"geometry":{"type":"MultiPolygon","coordinates":[[[[16.2666,50.6675],[16.2617,50.6681],[16.2614,50.6718],[16.2332,50.6708],[16.2295,50.6662],[16.2265,50.6661],[16.2255,50.657],[16.2202,50.6568],[16.2209,50.6398],[16.2147,50.6386],[16.215,50.6341],[16.201,50.6336],[16.2011,50.6317],[16.1988,50.6306],[16.1811,50.6284],[16.177,50.6396],[16.1704,50.6453],[16.1484,50.6533],[16.1395,50.6508],[16.1367,50.6528],[16.1352,50.6583],[16.1282,50.658],[16.1278,50.6625],[16.1073,50.6621],[16.1044,50.6677],[16.1082,50.6699],[16.1083,50.6753],[16.111,50.6778],[16.116,50.6788],[16.1235,50.6771],[16.1343,50.6785],[16.1422,50.6804],[16.1451,50.6834],[16.1535,50.6865],[16.1647,50.6831],[16.1776,50.692],[16.1795,50.6938],[16.1794,50.6965],[16.1775,50.7044],[16.1738,50.7086],[16.1556,50.7102],[16.155,50.7125],[16.1341,50.7095],[16.1298,50.7128],[16.1264,50.7188],[16.116,50.7242],[16.112,50.7317],[16.1129,50.7343],[16.1118,50.7373],[16.1074,50.7401],[16.1005,50.749],[16.1047,50.7518],[16.1078,50.7582],[16.107,50.7607],[16.103,50.7657],[16.0867,50.7752],[16.0881,50.7764],[16.0756,50.7796],[16.0774,50.7848],[16.075,50.788],[16.0758,50.7895],[16.0679,50.7908],[16.0695,50.7965],[16.071,50.7961],[16.0732,50.7992],[16.0707,50.8013],[16.0709,50.8049],[16.0729,50.8067],[16.0687,50.8112],[16.0735,50.8103],[16.0724,50.8134],[16.0772,50.8146],[16.0768,50.8157],[16.0807,50.8156],[16.0793,50.8192],[16.0869,50.8187],[16.0817,50.8259],[16.0749,50.8252],[16.0741,50.8237],[16.0676,50.8265],[16.0722,50.8311],[16.0736,50.8374],[16.077,50.8406],[16.0782,50.8453],[16.0836,50.846],[16.0808,50.8548],[16.0861,50.8535],[16.0883,50.8551],[16.0833,50.8558],[16.0842,50.8603],[16.1015,50.8603],[16.101,50.8588],[16.1173,50.8555],[16.1184,50.8527],[16.1274,50.8541],[16.1375,50.8598],[16.1508,50.8642],[16.1611,50.8657],[16.179,50.8639],[16.1847,50.8653],[16.1976,50.8715],[16.2028,50.8805],[16.2003,50.8857],[16.2201,50.8843],[16.232,50.8859],[16.2322,50.8871],[16.2396,50.8868],[16.2433,50.882],[16.2422,50.8779],[16.2389,50.8747],[16.2448,50.8716],[16.2584,50.8772],[16.2657,50.877],[16.2786,50.8713],[16.2794,50.8691],[16.274,50.8635],[16.2819,50.8597],[16.2828,50.8578],[16.2723,50.854],[16.2806,50.8475],[16.2873,50.8481],[16.288,50.8462],[16.2898,50.8473],[16.2904,50.8454],[16.2912,50.8483],[16.2999,50.8496],[16.3027,50.8475],[16.3071,50.8477],[16.3121,50.8452],[16.3134,50.8423],[16.3155,50.8449],[16.319,50.8453],[16.3236,50.8406],[16.3419,50.8385],[16.3435,50.8359],[16.3476,50.8341],[16.3543,50.8215],[16.3476,50.8214],[16.3341,50.8139],[16.3322,50.8105],[16.3553,50.796],[16.3507,50.7933],[16.3545,50.7914],[16.3666,50.7928],[16.3769,50.7861],[16.3792,50.7799],[16.3808,50.7799],[16.3802,50.7777],[16.3819,50.777],[16.38,50.7759],[16.3864,50.7725],[16.3856,50.7716],[16.3923,50.7662],[16.3947,50.7655],[16.4002,50.7668],[16.4033,50.7693],[16.4058,50.769],[16.4092,50.7673],[16.4107,50.7617],[16.4146,50.7585],[16.43,50.758],[16.4295,50.7616],[16.431,50.7596],[16.4346,50.7599],[16.4342,50.7567],[16.4378,50.7549],[16.4538,50.7517],[16.4553,50.7509],[16.4487,50.7495],[16.4621,50.7462],[16.4591,50.738],[16.4722,50.7364],[16.4751,50.7342],[16.4722,50.7307],[16.4825,50.7284],[16.4819,50.725],[16.4839,50.7212],[16.4919,50.7199],[16.488,50.7161],[16.4889,50.7144],[16.4837,50.715],[16.485,50.712],[16.4837,50.7093],[16.4914,50.7078],[16.4901,50.707],[16.4929,50.7051],[16.4929,50.6992],[16.4898,50.6965],[16.4804,50.6934],[16.4841,50.6874],[16.4845,50.6838],[16.4796,50.6814],[16.4809,50.6799],[16.4805,50.6753],[16.4767,50.6704],[16.4766,50.668],[16.4692,50.663],[16.4567,50.66],[16.4528,50.6552],[16.4476,50.6523],[16.449,50.647],[16.4366,50.6482],[16.4173,50.6537],[16.4047,50.6541],[16.403,50.6533],[16.4065,50.6495],[16.403,50.6473],[16.4031,50.6451],[16.3866,50.6428],[16.3778,50.6369],[16.3772,50.6398],[16.3707,50.6396],[16.3625,50.6483],[16.3561,50.6467],[16.3512,50.6479],[16.3494,50.6525],[16.344,50.6573],[16.3431,50.6615],[16.3406,50.6623],[16.3339,50.6625],[16.3218,50.6666],[16.3169,50.6648],[16.3045,50.6643],[16.3049,50.6598],[16.2998,50.6608],[16.2936,50.6599],[16.2907,50.6602],[16.2904,50.6638],[16.2813,50.6635],[16.2796,50.6656],[16.28,50.6681],[16.2666,50.6675]]]]}},{"type":"Feature","properties":{"GID_2":"POL.1.24_1","GID_0":"POL","COUNTRY":"Poland","GID_1":"POL.1_1","NAME_1":"Dolnoslaskie","NL_NAME_1":"NA","NAME_2":"Wolow","VARNAME_2":"NA","NL_NAME_2":"NA","TYPE_2":"Powiat","ENGTYPE_2":"County","CC_2":"0222","HASC_2":"NA"},"geometry":{"type":"MultiPolygon","coordinates":[[[[16.7908,51.2577],[16.7784,51.2576],[16.7622,51.2613],[16.7463,51.2566],[16.7367,51.2597],[16.7271,51.2604],[16.7177,51.2528],[16.7047,51.2491],[16.6989,51.2429],[16.6931,51.2412],[16.689,51.242],[16.6753,51.2498],[16.6411,51.246],[16.6279,51.2514],[16.6071,51.2458],[16.6001,51.241],[16.595,51.2398],[16.5896,51.2421],[16.5857,51.2475],[16.5799,51.2489],[16.5711,51.2453],[16.562,51.2467],[16.5474,51.2431],[16.5334,51.2432],[16.5142,51.2341],[16.5087,51.2288],[16.5026,51.2266],[16.4954,51.2263],[16.4721,51.2306],[16.47,51.2329],[16.4714,51.2387],[16.4694,51.2429],[16.4729,51.2499],[16.4623,51.2538],[16.459,51.2577],[16.4594,51.2604],[16.4643,51.2647],[16.4637,51.2673],[16.4536,51.2736],[16.4402,51.2739],[16.4352,51.2756],[16.43,51.2798],[16.429,51.2849],[16.4262,51.2882],[16.4156,51.2931],[16.4288,51.3048],[16.4364,51.3081],[16.4449,51.3165],[16.4608,51.3257],[16.4613,51.328],[16.4567,51.3324],[16.4534,51.3399],[16.454,51.3464],[16.4583,51.3505],[16.4671,51.3539],[16.4683,51.3614],[16.4771,51.3664],[16.4766,51.3692],[16.4709,51.3731],[16.4688,51.3829],[16.4604,51.3924],[16.4572,51.4001],[16.4446,51.4076],[16.4431,51.412],[16.446,51.4199],[16.4385,51.4266],[16.4508,51.4659],[16.4511,51.4718],[16.4492,51.4764],[16.4546,51.4936],[16.4673,51.5015],[16.4781,51.499],[16.4783,51.5027],[16.4868,51.5021],[16.4868,51.5035],[16.4895,51.5038],[16.4921,51.5002],[16.498,51.5019],[16.4983,51.5049],[16.5041,51.5091],[16.5077,51.5081],[16.5091,51.506],[16.522,51.5022],[16.5241,51.5069],[16.5366,51.5084],[16.5406,51.5112],[16.5527,51.5108],[16.5611,51.5097],[16.5602,51.5052],[16.5695,51.5048],[16.57,51.5032],[16.5759,51.5046],[16.586,51.5025],[16.5862,51.5042],[16.5906,51.5048],[16.5888,51.5098],[16.594,51.5117],[16.5948,51.5135],[16.61,51.5178],[16.6186,51.5178],[16.6423,51.5145],[16.6505,51.5149],[16.6507,51.5097],[16.6492,51.5074],[16.6457,51.5062],[16.6473,51.5038],[16.6421,51.4923],[16.6431,51.4902],[16.6454,51.4914],[16.6572,51.4906],[16.6614,51.4948],[16.6713,51.4963],[16.6763,51.4966],[16.6807,51.4948],[16.6945,51.4966],[16.7114,51.4906],[16.7284,51.4902],[16.7291,51.4876],[16.7419,51.4855],[16.7528,51.4875],[16.7607,51.4871],[16.7666,51.484],[16.7638,51.4756],[16.7591,51.4703],[16.784,51.4713],[16.782,51.4689],[16.7928,51.4616],[16.7967,51.4561],[16.7948,51.4514],[16.7981,51.44],[16.7896,51.4348],[16.7932,51.4319],[16.7936,51.4295],[16.7891,51.4251],[16.7984,51.4208],[16.7949,51.4182],[16.797,51.4164],[16.7922,51.4104],[16.7857,51.4113],[16.783,51.4063],[16.7718,51.4066],[16.773,51.4049],[16.7703,51.4058],[16.7677,51.4037],[16.7723,51.4012],[16.7728,51.4032],[16.7756,51.4046],[16.7751,51.4034],[16.7813,51.4023],[16.781,51.4],[16.7881,51.4011],[16.7848,51.3972],[16.7888,51.3966],[16.7906,51.3933],[16.7992,51.3913],[16.7986,51.3894],[16.8003,51.3892],[16.7977,51.3829],[16.7894,51.3801],[16.7869,51.375],[16.7847,51.3763],[16.779,51.3694],[16.78,51.3671],[16.7777,51.3678],[16.7752,51.362],[16.7811,51.3582],[16.798,51.3574],[16.798,51.3547],[16.7915,51.3556],[16.7774,51.3438],[16.7937,51.3435],[16.8075,51.3358],[16.8061,51.3248],[16.8002,51.316],[16.8119,51.3155],[16.8107,51.3036],[16.7995,51.3029],[16.8063,51.2942],[16.8091,51.2955],[16.8123,51.2938],[16.8084,51.2813],[16.8097,51.2711],[16.8068,51.2674],[16.8109,51.2667],[16.8102,51.2654],[16.8118,51.2635],[16.8068,51.2652],[16.8045,51.2613],[16.8012,51.2614],[16.8006,51.2587],[16.7908,51.2577]]]]}},{"type":"Feature","properties":{"GID_2":"POL.1.26_1","GID_0":"POL","COUNTRY":"Poland","GID_1":"POL.1_1","NAME_1":"Dolnoslaskie","NL_NAME_1":"NA","NAME_2":"Wroclaw","VARNAME_2":"NA","NL_NAME_2":"NA","TYPE_2":"Powiat","ENGTYPE_2":"County","CC_2":"0223","HASC_2":"NA"},"geometry":{"type":"MultiPolygon","coordinates":[[[[16.8894,50.8134],[16.887,50.8187],[16.8766,50.8222],[16.8808,50.8288],[16.8763,50.8322],[16.8578,50.8321],[16.8507,50.8304],[16.8496,50.833],[16.8329,50.8339],[16.8309,50.832],[16.8283,50.8321],[16.8293,50.8277],[16.8201,50.8279],[16.8234,50.825],[16.8229,50.8223],[16.8249,50.8221],[16.824,50.82],[16.821,50.8189],[16.8038,50.8216],[16.8065,50.8283],[16.8047,50.8326],[16.8062,50.8349],[16.7947,50.8333],[16.7816,50.8353],[16.7743,50.8393],[16.7751,50.8446],[16.7537,50.8439],[16.7397,50.8367],[16.7277,50.8376],[16.7071,50.845],[16.7012,50.845],[16.6932,50.8411],[16.6867,50.8405],[16.6881,50.8433],[16.6863,50.8437],[16.6871,50.8502],[16.675,50.8512],[16.6764,50.8535],[16.6761,50.8651],[16.6775,50.8715],[16.6716,50.8768],[16.6758,50.8775],[16.674,50.8818],[16.6767,50.8819],[16.6795,50.8855],[16.6857,50.8855],[16.6841,50.8885],[16.691,50.8871],[16.6964,50.8893],[16.6975,50.8918],[16.6948,50.8931],[16.6933,50.8982],[16.6956,50.8986],[16.6931,50.8999],[16.6935,50.9028],[16.6916,50.9059],[16.6975,50.9089],[16.6872,50.9104],[16.6898,50.9165],[16.6834,50.9176],[16.6762,50.9159],[16.675,50.917],[16.6798,50.9211],[16.6914,50.9237],[16.7017,50.9299],[16.7005,50.9337],[16.6891,50.9342],[16.6924,50.9367],[16.6902,50.9394],[16.6716,50.9379],[16.6732,50.9348],[16.6509,50.9327],[16.6532,50.924],[16.6461,50.9244],[16.6426,50.9227],[16.618,50.9282],[16.6167,50.9225],[16.6059,50.9239],[16.6013,50.9218],[16.6022,50.9194],[16.5921,50.9152],[16.5905,50.9174],[16.5813,50.9178],[16.5809,50.9191],[16.5758,50.9199],[16.5729,50.9229],[16.5759,50.9233],[16.5793,50.9303],[16.5763,50.9316],[16.5767,50.9328],[16.5812,50.9331],[16.58,50.9341],[16.5831,50.9343],[16.5818,50.9349],[16.5831,50.935],[16.5831,50.937],[16.5747,50.9367],[16.5756,50.9398],[16.5714,50.9399],[16.5661,50.9514],[16.5794,50.9486],[16.5798,50.9498],[16.5842,50.9493],[16.5858,50.9559],[16.5905,50.9582],[16.5907,50.9598],[16.5858,50.9676],[16.5871,50.9683],[16.5846,50.9705],[16.5846,50.9728],[16.5815,50.9754],[16.5855,50.9781],[16.5934,50.9801],[16.5991,50.9798],[16.6011,50.9787],[16.6014,50.9753],[16.6054,50.9734],[16.617,50.9747],[16.615,50.9795],[16.6302,50.9803],[16.6152,50.9889],[16.6179,50.9916],[16.6173,50.9945],[16.6103,50.9961],[16.6047,51.0012],[16.6029,51.0011],[16.6075,51.006],[16.6082,51.0097],[16.6213,51.0129],[16.6326,51.006],[16.6456,51.007],[16.6581,51.0123],[16.6553,51.0129],[16.6585,51.0185],[16.661,51.0193],[16.6751,51.0182],[16.6798,51.0158],[16.6842,51.0159],[16.6826,51.0232],[16.6851,51.0293],[16.6889,51.0317],[16.7053,51.0314],[16.7102,51.0329],[16.7157,51.0371],[16.7191,51.0376],[16.7223,51.0411],[16.7138,51.0478],[16.7199,51.06],[16.7244,51.0633],[16.7386,51.0642],[16.7579,51.0545],[16.762,51.0587],[16.7618,51.0634],[16.7604,51.0645],[16.7628,51.0655],[16.7688,51.0756],[16.7681,51.0768],[16.7652,51.0757],[16.7497,51.0774],[16.7536,51.0842],[16.7531,51.0887],[16.7613,51.088],[16.7842,51.1022],[16.7969,51.1],[16.7945,51.0978],[16.8089,51.0927],[16.8244,51.102],[16.8217,51.1026],[16.8196,51.1063],[16.8331,51.1126],[16.8381,51.1102],[16.8434,51.111],[16.8519,51.1093],[16.8582,51.1121],[16.854,51.1072],[16.859,51.1003],[16.8768,51.0945],[16.8873,51.0934],[16.8876,51.0979],[16.8897,51.099],[16.9037,51.0969],[16.9229,51.0978],[16.923,51.0923],[16.9192,51.0816],[16.9172,51.0811],[16.9229,51.0797],[16.9379,51.082],[16.9394,51.0768],[16.9581,51.0674],[16.9551,51.0588],[16.9645,51.0495],[16.9664,51.0491],[16.9717,51.0554],[16.9786,51.0533],[16.9869,51.0536],[16.9909,51.0577],[16.9929,51.0556],[16.9922,51.0516],[16.9998,51.0493],[17.0053,51.0557],[17.0087,51.0551],[17.0119,51.0542],[17.0099,51.0465],[17.0279,51.0427],[17.0291,51.0428],[17.0313,51.0501],[17.0508,51.0444],[17.0521,51.0461],[17.0609,51.0452],[17.06,51.0486],[17.0658,51.0503],[17.0652,51.059],[17.0682,51.0591],[17.0719,51.0588],[17.0742,51.054],[17.0765,51.0538],[17.0787,51.0505],[17.0855,51.0467],[17.1034,51.0453],[17.1072,51.0509],[17.0958,51.0593],[17.1014,51.0613],[17.0987,51.0638],[17.1096,51.0743],[17.1083,51.0754],[17.1114,51.0792],[17.1194,51.081],[17.1184,51.0817],[17.1204,51.0831],[17.127,51.0817],[17.1298,51.0793],[17.1473,51.0833],[17.1485,51.0812],[17.1503,51.0818],[17.1579,51.0878],[17.1622,51.0888],[17.1593,51.0923],[17.1601,51.0945],[17.1618,51.0927],[17.1648,51.0967],[17.1714,51.0959],[17.1691,51.1007],[17.1762,51.1063],[17.1721,51.1115],[17.1661,51.1126],[17.1642,51.1161],[17.1609,51.1182],[17.156,51.1192],[17.1501,51.1236],[17.1447,51.1229],[17.1369,51.1278],[17.1394,51.1314],[17.1415,51.1318],[17.1506,51.1448],[17.1529,51.1517],[17.1522,51.1596],[17.1549,51.1618],[17.1536,51.1622],[17.1561,51.1754],[17.1586,51.1776],[17.1446,51.1786],[17.1417,51.1771],[17.1432,51.1802],[17.1323,51.1802],[17.1293,51.1748],[17.1304,51.1749],[17.1257,51.1727],[17.1249,51.1707],[17.1123,51.1751],[17.1103,51.173],[17.1003,51.1759],[17.0969,51.1864],[17.0983,51.194],[17.0929,51.1946],[17.094,51.1974],[17.0899,51.204],[17.0875,51.2143],[17.0808,51.221],[17.0869,51.2237],[17.0796,51.2236],[17.0728,51.2329],[17.0755,51.2375],[17.0804,51.2417],[17.0867,51.241],[17.0913,51.2488],[17.1187,51.2433],[17.1228,51.2517],[17.123,51.2558],[17.1245,51.2558],[17.1332,51.2538],[17.1333,51.2523],[17.1362,51.2514],[17.1407,51.2468],[17.1475,51.2439],[17.1454,51.2417],[17.1576,51.2396],[17.1601,51.2436],[17.171,51.2463],[17.1732,51.2451],[17.175,51.249],[17.1726,51.2495],[17.1732,51.2521],[17.1786,51.2517],[17.1764,51.2551],[17.1783,51.2583],[17.1818,51.2756],[17.1945,51.2753],[17.2014,51.2665],[17.2037,51.267],[17.2018,51.2678],[17.2052,51.2711],[17.2103,51.2715],[17.2126,51.2744],[17.2229,51.275],[17.2266,51.274],[17.2262,51.2726],[17.2417,51.2696],[17.2421,51.267],[17.2382,51.2642],[17.2446,51.2628],[17.2611,51.2524],[17.2557,51.2429],[17.251,51.2395],[17.258,51.2367],[17.2601,51.2326],[17.266,51.2321],[17.2692,51.2255],[17.2756,51.2236],[17.2942,51.2258],[17.3024,51.219],[17.3106,51.2148],[17.3102,51.2118],[17.3068,51.2102],[17.3021,51.2041],[17.299,51.1955],[17.303,51.1918],[17.2952,51.1799],[17.2891,51.1741],[17.3059,51.1727],[17.3109,51.1705],[17.3099,51.1699],[17.3137,51.1672],[17.3245,51.1702],[17.3449,51.1686],[17.3486,51.1672],[17.3377,51.1653],[17.3266,51.1587],[17.3207,51.1615],[17.3177,51.1589],[17.3035,51.1609],[17.3012,51.1582],[17.293,51.1593],[17.2948,51.156],[17.2908,51.1505],[17.3061,51.1486],[17.3105,51.1377],[17.3167,51.1379],[17.3152,51.1438],[17.3243,51.1451],[17.3307,51.1386],[17.3288,51.1178],[17.3436,51.1125],[17.3658,51.1104],[17.376,51.1037],[17.3611,51.0966],[17.349,51.0953],[17.3389,51.0915],[17.3402,51.0911],[17.3377,51.0879],[17.3262,51.0806],[17.3251,51.0725],[17.3226,51.0696],[17.3212,51.064],[17.2961,51.0663],[17.2918,51.0643],[17.291,51.0607],[17.2843,51.0561],[17.2698,51.0517],[17.275,51.0503],[17.2733,51.0483],[17.2951,51.0404],[17.2831,51.0312],[17.2806,51.0315],[17.2802,51.0299],[17.288,51.025],[17.2884,51.0229],[17.2867,51.0213],[17.2883,51.0197],[17.293,51.018],[17.2887,51.0149],[17.2841,51.0165],[17.2723,51.0223],[17.2613,51.0306],[17.2594,51.0304],[17.2542,51.0203],[17.2499,51.0161],[17.2448,51.0179],[17.2404,51.0132],[17.226,51.0112],[17.2163,51.0053],[17.2062,51.0059],[17.1974,51.0094],[17.1876,50.9994],[17.1676,50.9889],[17.17,50.9865],[17.1674,50.9861],[17.1631,50.9811],[17.1628,50.971],[17.1601,50.9675],[17.1444,50.9648],[17.1355,50.9649],[17.1383,50.9575],[17.1151,50.9615],[17.1097,50.9567],[17.1041,50.9498],[17.1036,50.9467],[17.1046,50.9435],[17.108,50.9419],[17.1076,50.9388],[17.1153,50.9374],[17.1144,50.9285],[17.1125,50.9288],[17.1112,50.9257],[17.1129,50.925],[17.1125,50.9212],[17.1117,50.9197],[17.1059,50.9229],[17.0801,50.9258],[17.0785,50.923],[17.0756,50.9222],[17.0772,50.9144],[17.0762,50.9118],[17.0824,50.9073],[17.0834,50.9037],[17.0762,50.9056],[17.0692,50.9031],[17.0558,50.9047],[17.0515,50.917],[17.0415,50.9197],[17.0376,50.9168],[17.0324,50.9083],[17.0218,50.9086],[17.0179,50.9099],[17.0173,50.9171],[17.0114,50.9204],[17.0033,50.9174],[17.0022,50.9114],[16.9977,50.9096],[16.9971,50.9071],[16.9932,50.9089],[16.9924,50.913],[16.9891,50.9157],[16.9872,50.9131],[16.9812,50.9107],[16.9797,50.9136],[16.9754,50.9081],[16.98,50.9074],[16.9766,50.9],[16.9671,50.9052],[16.9585,50.9043],[16.9514,50.8914],[16.9548,50.8897],[16.9574,50.8853],[16.9513,50.8849],[16.9495,50.881],[16.9448,50.878],[16.9429,50.8749],[16.9475,50.8698],[16.9423,50.8651],[16.9334,50.8639],[16.9232,50.866],[16.9128,50.8713],[16.9015,50.8704],[16.9045,50.8639],[16.9028,50.8544],[16.9075,50.8535],[16.9212,50.8454],[16.9168,50.8425],[16.921,50.8405],[16.9199,50.8395],[16.9226,50.8378],[16.9153,50.8311],[16.9173,50.8308],[16.9139,50.8257],[16.8994,50.8291],[16.8983,50.819],[16.9031,50.8189],[16.911,50.8138],[16.91,50.8117],[16.9052,50.8108],[16.8983,50.8121],[16.8867,50.8099],[16.8894,50.8134]]]]}},{"type":"Feature","properties":{"GID_2":"POL.1.25_1","GID_0":"POL","COUNTRY":"Poland","GID_1":"POL.1_1","NAME_1":"Dolnoslaskie","NL_NAME_1":"NA","NAME_2":"Wroclaw","VARNAME_2":"NA","NL_NAME_2":"NA","TYPE_2":"Miastonaprawachpowiatu","ENGTYPE_2":"Citywithpowiatrights","CC_2":"0223","HASC_2":"NA"},"geometry":{"type":"MultiPolygon","coordinates":[[[[16.8307,51.1118],[16.8315,51.1138],[16.8364,51.1152],[16.8365,51.1172],[16.8418,51.1161],[16.8412,51.1151],[16.8429,51.1162],[16.8354,51.1201],[16.8327,51.1226],[16.8333,51.1243],[16.8171,51.1264],[16.8187,51.1324],[16.8265,51.1413],[16.8137,51.1374],[16.8093,51.1374],[16.8096,51.1388],[16.8073,51.1389],[16.8131,51.1503],[16.8162,51.1499],[16.8173,51.153],[16.8254,51.1515],[16.8311,51.1577],[16.8276,51.1588],[16.8211,51.1718],[16.8264,51.1751],[16.8233,51.1769],[16.8276,51.1836],[16.8331,51.1844],[16.8383,51.1821],[16.8423,51.1828],[16.855,51.1775],[16.8628,51.1784],[16.8638,51.18],[16.8723,51.1794],[16.8754,51.1809],[16.8773,51.1856],[16.8818,51.1878],[16.8884,51.1874],[16.8902,51.185],[16.8935,51.1842],[16.9005,51.1841],[16.9027,51.1876],[16.9018,51.1887],[16.8928,51.1886],[16.8877,51.191],[16.8878,51.194],[16.8839,51.2009],[16.8818,51.2015],[16.8821,51.2036],[16.8883,51.206],[16.8894,51.2045],[16.8933,51.2042],[16.9033,51.2101],[16.9051,51.2095],[16.9069,51.2046],[16.9151,51.2017],[16.9226,51.1967],[16.9379,51.1997],[16.9445,51.2032],[16.9494,51.2033],[16.9543,51.2084],[16.958,51.2094],[16.9663,51.2076],[16.967,51.2054],[16.9693,51.2049],[16.9796,51.2055],[16.9902,51.2029],[17.0009,51.1975],[16.999,51.1938],[17.0008,51.1915],[16.9992,51.1877],[16.9999,51.1818],[17.0149,51.1826],[17.0135,51.1857],[17.0146,51.1876],[17.0181,51.1858],[17.0225,51.1859],[17.0263,51.1809],[17.0241,51.179],[17.0271,51.1755],[17.0424,51.1735],[17.0654,51.1649],[17.0724,51.166],[17.0784,51.1628],[17.0797,51.1642],[17.0776,51.1659],[17.0801,51.1752],[17.0827,51.175],[17.0845,51.1768],[17.0981,51.1744],[17.0982,51.1763],[17.1103,51.173],[17.1123,51.1751],[17.1249,51.1707],[17.1257,51.1727],[17.1304,51.1749],[17.1293,51.1748],[17.1323,51.1802],[17.1432,51.1802],[17.1417,51.1771],[17.1446,51.1786],[17.1509,51.1772],[17.1573,51.1785],[17.1586,51.1776],[17.1561,51.1754],[17.1536,51.1622],[17.1549,51.1618],[17.1522,51.1596],[17.1529,51.1517],[17.1506,51.1448],[17.1415,51.1318],[17.1394,51.1314],[17.1369,51.1278],[17.1447,51.1229],[17.1501,51.1236],[17.156,51.1192],[17.1609,51.1182],[17.1642,51.1161],[17.1661,51.1126],[17.1721,51.1115],[17.1762,51.1063],[17.1691,51.1007],[17.1714,51.0959],[17.1648,51.0967],[17.1618,51.0927],[17.1601,51.0945],[17.1593,51.0923],[17.1622,51.0888],[17.1579,51.0878],[17.1503,51.0818],[17.1485,51.0812],[17.1473,51.0833],[17.1298,51.0793],[17.127,51.0817],[17.1204,51.0831],[17.1184,51.0817],[17.1194,51.081],[17.1114,51.0792],[17.1083,51.0754],[17.1096,51.0743],[17.0987,51.0638],[17.1014,51.0613],[17.0958,51.0593],[17.1072,51.0509],[17.1034,51.0453],[17.0855,51.0467],[17.0787,51.0505],[17.0765,51.0538],[17.0742,51.054],[17.0719,51.0588],[17.0673,51.0591],[17.0652,51.059],[17.0658,51.0503],[17.06,51.0486],[17.0609,51.0452],[17.0521,51.0461],[17.0508,51.0444],[17.0313,51.0501],[17.0281,51.0427],[17.0099,51.0465],[17.0119,51.0542],[17.0087,51.0551],[17.0053,51.0557],[16.9998,51.0493],[16.9922,51.0516],[16.9929,51.0556],[16.9909,51.0577],[16.9869,51.0536],[16.9786,51.0533],[16.9717,51.0554],[16.9664,51.0491],[16.9645,51.0495],[16.9551,51.0588],[16.9581,51.0674],[16.9394,51.0768],[16.9379,51.082],[16.9229,51.0797],[16.9172,51.0811],[16.9192,51.0816],[16.923,51.0923],[16.9229,51.0978],[16.9037,51.0969],[16.8897,51.099],[16.8876,51.0979],[16.8873,51.0934],[16.8768,51.0945],[16.859,51.1003],[16.854,51.1072],[16.8582,51.1121],[16.8519,51.1093],[16.8434,51.111],[16.8381,51.1102],[16.8334,51.1126],[16.8307,51.1118]]]]}},{"type":"Feature","properties":{"GID_2":"POL.1.27_1","GID_0":"POL","COUNTRY":"Poland","GID_1":"POL.1_1","NAME_1":"Dolnoslaskie","NL_NAME_1":"NA","NAME_2":"ZabkowiceSlaskie","VARNAME_2":"NA","NL_NAME_2":"NA","TYPE_2":"Powiat","ENGTYPE_2":"County","CC_2":"0224","HASC_2":"NA"},"geometry":{"type":"MultiPolygon","coordinates":[[[[16.9046,50.4483],[16.8985,50.4477],[16.8948,50.4442],[16.8867,50.4442],[16.8812,50.4424],[16.8807,50.4362],[16.8756,50.4326],[16.8764,50.4301],[16.8722,50.43],[16.8725,50.4257],[16.869,50.4209],[16.8658,50.4208],[16.8662,50.4151],[16.8594,50.4116],[16.8597,50.4074],[16.8529,50.4063],[16.8505,50.4009],[16.8486,50.3999],[16.8391,50.4],[16.8281,50.3974],[16.8196,50.4006],[16.813,50.3982],[16.8116,50.3999],[16.8084,50.3998],[16.7974,50.4106],[16.7935,50.4176],[16.7924,50.4239],[16.7674,50.4256],[16.7653,50.4309],[16.7613,50.4352],[16.7616,50.4397],[16.7569,50.444],[16.758,50.4476],[16.7553,50.4511],[16.7571,50.4539],[16.7525,50.4599],[16.7464,50.464],[16.7452,50.4681],[16.7364,50.4756],[16.7365,50.4777],[16.7284,50.4753],[16.7079,50.4764],[16.6947,50.4823],[16.702,50.483],[16.703,50.4887],[16.7003,50.4968],[16.6899,50.5021],[16.6903,50.5046],[16.6859,50.5115],[16.6874,50.5128],[16.6838,50.5156],[16.6751,50.5165],[16.6762,50.523],[16.6778,50.5246],[16.6737,50.5259],[16.6764,50.5273],[16.676,50.5301],[16.6796,50.5322],[16.6864,50.532],[16.6855,50.5372],[16.669,50.5442],[16.6636,50.5446],[16.652,50.5491],[16.6502,50.5478],[16.642,50.5497],[16.6419,50.5522],[16.6353,50.5581],[16.6264,50.5614],[16.6263,50.5633],[16.629,50.5644],[16.6306,50.5678],[16.6367,50.5709],[16.6358,50.5727],[16.6293,50.5745],[16.6236,50.581],[16.6122,50.5847],[16.6055,50.5887],[16.5988,50.5989],[16.5967,50.6135],[16.5876,50.6179],[16.5868,50.6225],[16.5883,50.6251],[16.5836,50.6277],[16.5795,50.6323],[16.5803,50.6354],[16.589,50.6391],[16.5906,50.6439],[16.594,50.6452],[16.6149,50.625],[16.644,50.6341],[16.646,50.6364],[16.6704,50.6465],[16.6728,50.6427],[16.6764,50.6427],[16.6782,50.6444],[16.6861,50.6443],[16.7024,50.6408],[16.7034,50.645],[16.7022,50.6471],[16.7036,50.6485],[16.7007,50.6531],[16.7008,50.6598],[16.7046,50.6619],[16.7153,50.6618],[16.7142,50.6649],[16.7264,50.6675],[16.7464,50.6637],[16.7656,50.6631],[16.7682,50.6623],[16.7657,50.6598],[16.7727,50.6583],[16.778,50.6596],[16.7774,50.6626],[16.7824,50.6668],[16.7974,50.67],[16.8003,50.6696],[16.798,50.6657],[16.7971,50.6601],[16.8057,50.6602],[16.8133,50.6646],[16.8216,50.6672],[16.8235,50.6704],[16.8379,50.6716],[16.8492,50.6784],[16.8642,50.679],[16.8676,50.6772],[16.8725,50.6805],[16.876,50.6856],[16.8757,50.6918],[16.8799,50.6916],[16.8808,50.6981],[16.8765,50.701],[16.8796,50.7044],[16.8805,50.7086],[16.8892,50.7068],[16.8953,50.709],[16.9012,50.7062],[16.9141,50.711],[16.9152,50.716],[16.9226,50.715],[16.9226,50.7093],[16.9375,50.7064],[16.9397,50.7029],[16.9395,50.6998],[16.9446,50.6996],[16.9442,50.7029],[16.9486,50.7023],[16.9518,50.7009],[16.958,50.6933],[16.9754,50.6901],[16.9754,50.685],[16.9824,50.6868],[16.9806,50.6936],[16.9939,50.6938],[17.0049,50.696],[17.0245,50.6921],[17.0281,50.6966],[17.0303,50.6951],[17.0307,50.6965],[17.0353,50.6958],[17.0353,50.6974],[17.042,50.6958],[17.0447,50.7009],[17.0555,50.6976],[17.0583,50.6945],[17.0577,50.6933],[17.0648,50.6936],[17.0709,50.6847],[17.0687,50.6804],[17.0944,50.6747],[17.0931,50.6736],[17.1042,50.6718],[17.1191,50.672],[17.1241,50.6681],[17.1221,50.6673],[17.1225,50.6631],[17.1333,50.6619],[17.1457,50.6627],[17.1452,50.6605],[17.1371,50.6528],[17.1327,50.6531],[17.1311,50.6501],[17.1274,50.6506],[17.1203,50.6441],[17.1254,50.6419],[17.1327,50.6422],[17.1366,50.638],[17.1369,50.6356],[17.1464,50.631],[17.1513,50.6321],[17.1595,50.6176],[17.1638,50.6181],[17.1649,50.6135],[17.1513,50.6104],[17.1219,50.6075],[17.1212,50.6032],[17.1164,50.5958],[17.1149,50.5874],[17.1113,50.5868],[17.1121,50.586],[17.0992,50.5759],[17.0991,50.5723],[17.0941,50.5644],[17.0756,50.5559],[17.0687,50.5445],[17.0637,50.5423],[17.0613,50.5369],[17.0625,50.5308],[17.0687,50.5245],[17.0743,50.5226],[17.0734,50.5208],[17.0748,50.5171],[17.0743,50.5149],[17.0679,50.5136],[17.0568,50.505],[17.0577,50.5],[17.0626,50.4969],[17.0588,50.4917],[17.0643,50.4889],[17.0623,50.486],[17.0587,50.485],[17.0623,50.4839],[17.0624,50.4811],[17.0602,50.4808],[17.0627,50.4797],[17.0624,50.4761],[17.0546,50.4757],[17.0532,50.4724],[17.0509,50.4715],[17.0536,50.4712],[17.055,50.4692],[17.0523,50.466],[17.0399,50.4632],[17.0263,50.4663],[17.0192,50.4651],[17.0166,50.4685],[17.0251,50.4707],[17.0173,50.4735],[17.0201,50.4803],[17.0073,50.4794],[17.006,50.4744],[16.9969,50.4783],[16.9928,50.4749],[16.9859,50.4765],[16.9823,50.4738],[16.976,50.4756],[16.9789,50.4793],[16.9772,50.4801],[16.9805,50.4824],[16.9786,50.4833],[16.9763,50.4821],[16.9774,50.4841],[16.975,50.4856],[16.9747,50.4887],[16.9703,50.4883],[16.9709,50.4849],[16.9688,50.4844],[16.9655,50.4879],[16.959,50.4879],[16.9492,50.4822],[16.9468,50.4793],[16.9418,50.4681],[16.945,50.468],[16.9406,50.4613],[16.9184,50.4529],[16.9144,50.4497],[16.9046,50.4483]]]]}},{"type":"Feature","properties":{"GID_2":"POL.1.28_1","GID_0":"POL","COUNTRY":"Poland","GID_1":"POL.1_1","NAME_1":"Dolnoslaskie","NL_NAME_1":"NA","NAME_2":"Zgorzelec","VARNAME_2":"NA","NL_NAME_2":"NA","TYPE_2":"Powiat","ENGTYPE_2":"County","CC_2":"0225","HASC_2":"NA"},"geometry":{"type":"MultiPolygon","coordinates":[[[[14.9852,51.0109],[14.9838,51.0065],[14.9757,50.9981],[14.9722,50.9979],[14.9725,50.9948],[14.9682,50.99],[14.9742,50.9879],[14.9889,50.978],[14.9919,50.9813],[15.0059,50.9866],[15.0095,50.9836],[15.0102,50.9771],[15.013,50.9772],[15.0183,50.9685],[15.0112,50.9681],[15.0111,50.9597],[15.0143,50.9398],[15.0078,50.9359],[15.0017,50.9287],[14.9954,50.9271],[14.9895,50.9216],[14.9959,50.9132],[14.9989,50.9129],[14.9992,50.9068],[15.0068,50.9072],[15.0029,50.9045],[14.9969,50.9042],[14.9966,50.8949],[14.994,50.8918],[14.9985,50.8878],[15.0004,50.8728],[14.9792,50.8718],[14.9796,50.868],[14.9764,50.8671],[14.9452,50.8657],[14.9438,50.8701],[14.9295,50.8707],[14.9291,50.8739],[14.9152,50.8735],[14.9144,50.8778],[14.9003,50.8771],[14.8973,50.8674],[14.8866,50.8727],[14.8861,50.8764],[14.8791,50.8761],[14.8785,50.8806],[14.8644,50.8799],[14.8639,50.8706],[14.8554,50.8687],[14.8471,50.8703],[14.8386,50.8696],[14.8295,50.8737],[14.8224,50.8733],[14.8227,50.871],[14.8203,50.873],[14.8174,50.8796],[14.8208,50.8867],[14.8434,50.9007],[14.8516,50.9106],[14.8681,50.9179],[14.8769,50.9324],[14.8908,50.9352],[14.8966,50.9406],[14.8954,50.9473],[14.893,50.9496],[14.8976,50.9594],[14.9039,50.9612],[14.8996,50.9633],[14.904,50.9675],[14.9031,50.9717],[14.9194,50.9753],[14.9183,50.9826],[14.9203,50.9879],[14.9175,50.99],[14.9172,50.9952],[14.9204,50.9979],[14.9249,50.9966],[14.929,50.998],[14.938,51.0115],[14.9393,51.017],[14.9358,51.0181],[14.9352,51.0202],[14.9378,51.0221],[14.9399,51.0207],[14.9393,51.0236],[14.9424,51.0241],[14.9403,51.0262],[14.9454,51.0264],[14.949,51.0305],[14.9465,51.0315],[14.9517,51.0375],[14.9481,51.0393],[14.9498,51.041],[14.949,51.0428],[14.9517,51.0423],[14.9538,51.0467],[14.9579,51.0468],[14.9617,51.05],[14.9647,51.0501],[14.963,51.0579],[14.9713,51.0661],[14.97,51.0677],[14.9713,51.0695],[14.968,51.0697],[14.9677,51.071],[14.9793,51.077],[14.9769,51.0817],[14.9778,51.0835],[14.976,51.0841],[14.9776,51.0855],[14.9763,51.087],[14.9801,51.0872],[14.9797,51.0898],[14.984,51.0908],[14.9819,51.0932],[14.9827,51.0949],[14.9802,51.0958],[14.9839,51.0974],[14.9829,51.0995],[14.984,51.1021],[14.9783,51.1079],[14.9811,51.1088],[14.9799,51.1106],[14.9826,51.1134],[14.9809,51.1161],[14.9829,51.1179],[14.9892,51.1166],[14.9978,51.1224],[14.9949,51.1239],[14.9968,51.1316],[14.9959,51.1353],[14.9905,51.1428],[14.9964,51.144],[15.0009,51.1499],[14.9943,51.1574],[14.9931,51.1624],[15.005,51.1677],[15.0015,51.1724],[15.0048,51.1755],[15.0051,51.1783],[15.0084,51.1802],[15.0088,51.1826],[15.0047,51.1909],[15.0142,51.1957],[15.0141,51.1983],[15.0077,51.1996],[15.0088,51.2013],[15.0076,51.2045],[15.0131,51.209],[15.0129,51.2111],[15.0101,51.2113],[15.0098,51.2135],[15.0172,51.2154],[15.0161,51.2172],[15.0182,51.221],[15.0161,51.2273],[15.0259,51.232],[15.0267,51.234],[15.0235,51.2352],[15.0289,51.2372],[15.0269,51.2396],[15.0285,51.2417],[15.0338,51.2411],[15.0379,51.244],[15.0314,51.2483],[15.0295,51.2514],[15.0264,51.2491],[15.0234,51.2503],[15.025,51.2539],[15.0302,51.2546],[15.032,51.2574],[15.0378,51.258],[15.0361,51.2617],[15.036,51.2647],[15.0382,51.267],[15.0368,51.2705],[15.0418,51.2726],[15.0418,51.2742],[15.0343,51.2777],[15.0354,51.2829],[15.0325,51.2848],[15.032,51.2877],[15.0335,51.2939],[15.0296,51.2946],[15.0291,51.2968],[15.0217,51.3006],[15.012,51.3013],[15.0139,51.3043],[15.0126,51.3086],[15.0068,51.3112],[15.0092,51.3163],[15.0055,51.3172],[15.0025,51.3203],[14.9977,51.3205],[14.9931,51.323],[14.9924,51.3244],[14.994,51.3274],[14.9927,51.3287],[14.9861,51.3293],[14.9857,51.3322],[14.9806,51.3367],[14.9807,51.3399],[14.9778,51.3417],[14.9769,51.346],[14.9785,51.3481],[14.9775,51.353],[14.9758,51.3541],[14.9762,51.3569],[14.973,51.3597],[14.9666,51.3595],[14.9654,51.3623],[14.9748,51.364],[15.0124,51.3634],[15.0128,51.3679],[15.009,51.3742],[15.0134,51.3843],[15.0182,51.3866],[15.0179,51.3935],[15.0712,51.397],[15.078,51.4018],[15.083,51.4079],[15.0828,51.4187],[15.0851,51.4205],[15.0851,51.4252],[15.0879,51.4273],[15.0927,51.4295],[15.0954,51.4254],[15.1095,51.4278],[15.1118,51.4284],[15.1109,51.4298],[15.1186,51.4317],[15.1297,51.4379],[15.1506,51.4424],[15.1531,51.446],[15.1648,51.4508],[15.1872,51.464],[15.2024,51.4628],[15.2035,51.4573],[15.2014,51.4558],[15.2027,51.4535],[15.1999,51.4493],[15.2022,51.4457],[15.21,51.4441],[15.2214,51.4446],[15.2435,51.4463],[15.252,51.449],[15.2556,51.4451],[15.2679,51.4414],[15.2724,51.438],[15.2726,51.4328],[15.2784,51.428],[15.2772,51.4258],[15.2869,51.4171],[15.2921,51.4147],[15.2964,51.4079],[15.2962,51.4066],[15.2562,51.399],[15.2687,51.3731],[15.2642,51.3685],[15.2486,51.3678],[15.2679,51.3276],[15.265,51.3229],[15.2673,51.3163],[15.2862,51.3193],[15.2908,51.3049],[15.2888,51.3005],[15.29,51.2954],[15.2889,51.2902],[15.2916,51.2854],[15.2966,51.2838],[15.2955,51.2821],[15.2972,51.2794],[15.3156,51.2731],[15.326,51.2649],[15.3399,51.2587],[15.3101,51.2534],[15.3068,51.2557],[15.3024,51.2638],[15.2971,51.2684],[15.2959,51.267],[15.2729,51.2628],[15.2517,51.2663],[15.2556,51.2601],[15.2498,51.2568],[15.2399,51.255],[15.2429,51.2517],[15.2416,51.2423],[15.2266,51.2292],[15.2137,51.2235],[15.2126,51.2208],[15.206,51.2202],[15.2138,51.2165],[15.2091,51.2144],[15.2128,51.2105],[15.2139,51.2017],[15.221,51.1979],[15.2183,51.1937],[15.2069,51.1909],[15.2125,51.1775],[15.2085,51.1715],[15.2084,51.1675],[15.2026,51.1665],[15.1973,51.1619],[15.1848,51.163],[15.1702,51.1669],[15.1641,51.164],[15.1625,51.165],[15.1548,51.1609],[15.1529,51.1581],[15.1552,51.1501],[15.1522,51.1462],[15.1556,51.1441],[15.146,51.1395],[15.1439,51.1315],[15.1411,51.1327],[15.1299,51.1258],[15.125,51.1125],[15.1289,51.1126],[15.1292,51.1078],[15.1257,51.1039],[15.1226,51.1048],[15.122,51.103],[15.1186,51.1017],[15.1315,51.0998],[15.1255,51.0875],[15.1311,51.0853],[15.1211,51.0802],[15.1217,51.0783],[15.1308,51.0693],[15.1339,51.0638],[15.1367,51.0624],[15.1357,51.0618],[15.1433,51.0554],[15.1426,51.052],[15.1459,51.0465],[15.1457,51.0414],[15.149,51.0337],[15.1617,51.0202],[15.1682,51.0185],[15.1444,51.0134],[15.1452,51.0125],[15.1421,51.0103],[15.135,51.01],[15.136,51.0005],[15.1331,50.9939],[15.1408,50.9936],[15.1423,50.993],[15.1421,50.9913],[15.128,50.9901],[15.1226,50.9928],[15.1222,50.9958],[15.1081,50.9952],[15.1076,50.9997],[15.099,50.9993],[15.0969,51.0019],[15.0993,51.0052],[15.1062,51.0071],[15.1074,51.0083],[15.1067,51.0104],[15.0984,51.0132],[15.0938,51.0125],[15.0851,51.0148],[15.0842,51.0135],[15.0768,51.0134],[15.0772,51.0163],[15.0759,51.0172],[15.0699,51.0178],[15.0696,51.0205],[15.061,51.0229],[15.0577,51.0225],[15.0579,51.0137],[15.0557,51.012],[15.0354,51.0128],[15.0336,51.0234],[15.0265,51.023],[15.0255,51.032],[15.0184,51.0317],[15.0189,51.0272],[15.0118,51.0269],[15.0128,51.0179],[15.0057,51.0175],[15.006,51.0133],[14.9849,51.0121],[14.9852,51.0109]]]]}},{"type":"Feature","properties":{"GID_2":"POL.1.29_1","GID_0":"POL","COUNTRY":"Poland","GID_1":"POL.1_1","NAME_1":"Dolnoslaskie","NL_NAME_1":"NA","NAME_2":"Zlotoryja","VARNAME_2":"NA","NL_NAME_2":"NA","TYPE_2":"Powiat","ENGTYPE_2":"County","CC_2":"0226","HASC_2":"NA"},"geometry":{"type":"MultiPolygon","coordinates":[[[[15.9817,50.9652],[15.9806,50.9584],[15.9774,50.9541],[15.98,50.9537],[15.9804,50.9521],[15.9757,50.9508],[15.9748,50.9497],[15.976,50.9483],[15.9722,50.9466],[15.9603,50.943],[15.96,50.9404],[15.9556,50.9381],[15.9561,50.9367],[15.9536,50.9366],[15.9558,50.9339],[15.9541,50.9335],[15.9526,50.9279],[15.9445,50.9245],[15.9458,50.9236],[15.9452,50.9218],[15.9403,50.9236],[15.9445,50.9216],[15.9438,50.9205],[15.941,50.9216],[15.9391,50.9203],[15.9366,50.9236],[15.9329,50.9235],[15.9267,50.9268],[15.9254,50.9255],[15.9267,50.924],[15.924,50.9224],[15.9227,50.9231],[15.9242,50.9251],[15.9204,50.927],[15.9183,50.9259],[15.9172,50.9271],[15.9065,50.9272],[15.9067,50.9288],[15.9011,50.9316],[15.9034,50.9328],[15.904,50.937],[15.9003,50.9372],[15.8971,50.9402],[15.8977,50.9415],[15.8902,50.942],[15.8901,50.9439],[15.885,50.9478],[15.8859,50.9497],[15.8844,50.9505],[15.8795,50.9448],[15.8703,50.9448],[15.8475,50.937],[15.8474,50.9358],[15.8381,50.9374],[15.837,50.9331],[15.8353,50.9332],[15.8356,50.9378],[15.8282,50.9403],[15.8342,50.9399],[15.8255,50.9477],[15.8239,50.9546],[15.8151,50.9663],[15.8179,50.9693],[15.8158,50.9713],[15.8226,50.9741],[15.8223,50.9809],[15.8009,50.9861],[15.7854,50.994],[15.7829,50.9929],[15.7771,50.9938],[15.7771,50.9949],[15.7719,50.9947],[15.7755,50.9958],[15.7733,50.9999],[15.774,51.0016],[15.7672,51.0014],[15.7587,51.0054],[15.7617,51.0066],[15.7509,51.007],[15.7384,51.013],[15.7371,51.0132],[15.7378,51.0114],[15.7349,51.0125],[15.7292,51.0148],[15.7303,51.0158],[15.7287,51.0167],[15.7239,51.0177],[15.7245,51.0189],[15.7211,51.0206],[15.7319,51.0226],[15.7471,51.0218],[15.7451,51.0236],[15.7458,51.0278],[15.755,51.0247],[15.7604,51.0246],[15.7607,51.0344],[15.7619,51.036],[15.7655,51.0362],[15.7664,51.0409],[15.7623,51.0514],[15.7629,51.054],[15.7591,51.0543],[15.7561,51.0579],[15.7575,51.0581],[15.7579,51.0629],[15.7614,51.0647],[15.752,51.0636],[15.7501,51.077],[15.7474,51.0767],[15.7474,51.0779],[15.7497,51.0784],[15.7477,51.0824],[15.7358,51.0927],[15.7289,51.0957],[15.7268,51.1034],[15.7231,51.1045],[15.7194,51.1082],[15.7204,51.1159],[15.722,51.1173],[15.7206,51.1213],[15.7216,51.1242],[15.7198,51.1252],[15.7247,51.1269],[15.724,51.1313],[15.7273,51.1358],[15.7274,51.1393],[15.7229,51.1419],[15.7162,51.1496],[15.7059,51.1525],[15.6965,51.1578],[15.698,51.1606],[15.7038,51.1604],[15.7117,51.1636],[15.7203,51.1717],[15.7315,51.1699],[15.7396,51.1712],[15.7431,51.1736],[15.7406,51.1785],[15.745,51.1778],[15.7512,51.1803],[15.754,51.1868],[15.7574,51.1902],[15.7567,51.1958],[15.7606,51.2058],[15.7572,51.2099],[15.7549,51.2105],[15.753,51.2186],[15.7594,51.2196],[15.7599,51.2227],[15.7622,51.2242],[15.7578,51.2287],[15.7703,51.2318],[15.7799,51.2312],[15.7797,51.2332],[15.7812,51.234],[15.7785,51.2337],[15.7793,51.2348],[15.7885,51.2359],[15.7891,51.2386],[15.7931,51.2383],[15.798,51.2413],[15.8019,51.2445],[15.8016,51.2472],[15.8049,51.2473],[15.805,51.2503],[15.8034,51.2545],[15.7991,51.2546],[15.8017,51.2557],[15.7983,51.2568],[15.8082,51.2623],[15.8198,51.2591],[15.8314,51.259],[15.8721,51.2475],[15.8735,51.2491],[15.8854,51.2524],[15.8844,51.2503],[15.8859,51.2481],[15.8931,51.2498],[15.8958,51.2476],[15.9047,51.2462],[15.9281,51.2319],[15.9143,51.2245],[15.9425,51.2172],[15.9451,51.2147],[15.9441,51.2143],[15.9468,51.2133],[15.9511,51.2146],[15.9549,51.2117],[15.9447,51.209],[15.9527,51.2048],[15.9701,51.2056],[15.979,51.2043],[15.9796,51.2054],[15.9857,51.2041],[15.9964,51.2061],[15.9813,51.2187],[15.9807,51.2214],[15.9977,51.2194],[16.0014,51.2225],[16.0049,51.2212],[16.0092,51.2244],[16.0155,51.2245],[16.0259,51.2212],[16.0376,51.2271],[16.0426,51.2271],[16.0552,51.2231],[16.0631,51.2173],[16.0519,51.214],[16.053,51.2132],[16.0516,51.2104],[16.0553,51.2077],[16.0559,51.2043],[16.062,51.197],[16.0608,51.1962],[16.062,51.1951],[16.0318,51.1768],[16.0326,51.1654],[16.0174,51.1594],[16.0198,51.1553],[16.0249,51.1568],[16.0275,51.1555],[16.0247,51.1482],[16.0362,51.1433],[16.036,51.1389],[16.0393,51.1379],[16.0371,51.1348],[16.0377,51.133],[16.0396,51.1328],[16.0379,51.1275],[16.0409,51.1248],[16.04,51.1216],[16.043,51.1153],[16.0481,51.1142],[16.0475,51.1102],[16.0444,51.1076],[16.0369,51.1053],[16.0279,51.1055],[16.0273,51.1034],[16.0258,51.1038],[16.0242,51.0993],[16.0151,51.0864],[16.0144,51.0824],[16.0107,51.0808],[16.0107,51.0794],[15.9981,51.0797],[15.9903,51.0731],[15.9819,51.0713],[15.975,51.0774],[15.9705,51.074],[15.9639,51.0741],[15.9565,51.0694],[15.9517,51.0702],[15.9502,51.0681],[15.9404,51.0654],[15.939,51.0627],[15.933,51.0612],[15.9368,51.051],[15.934,51.0471],[15.934,51.0431],[15.9424,51.0421],[15.9426,51.0351],[15.9542,51.0313],[15.9512,51.0295],[15.9611,51.0277],[15.9616,51.0263],[15.9798,51.0189],[15.9791,51.0152],[15.9821,51.0115],[15.9782,51.0086],[15.983,51.0031],[15.9824,50.9996],[15.9842,50.9971],[16.0014,50.9909],[15.9911,50.9769],[15.9884,50.9764],[15.9869,50.9725],[15.9848,50.9716],[15.9858,50.9693],[15.9817,50.9652]]]]}},{"type":"Feature","properties":{"GID_2":"POL.5.2_1","GID_0":"POL","COUNTRY":"Poland","GID_1":"POL.5_1","NAME_1":"Lubuskie","NL_NAME_1":"NA","NAME_2":"Gorzow","VARNAME_2":"NA","NL_NAME_2":"NA","TYPE_2":"Powiat","ENGTYPE_2":"County","CC_2":"0801","HASC_2":"NA"},"geometry":{"type":"MultiPolygon","coordinates":[[[[14.6099,52.5954],[14.605,52.6035],[14.598,52.6096],[14.5816,52.6156],[14.572,52.6218],[14.564,52.6247],[14.5688,52.6298],[14.5716,52.629],[14.5745,52.6356],[14.5767,52.6364],[14.5781,52.635],[14.5772,52.6335],[14.5827,52.6324],[14.6285,52.6548],[14.6286,52.6604],[14.6383,52.6593],[14.6504,52.6533],[14.6472,52.6512],[14.6625,52.648],[14.6636,52.6463],[14.6591,52.6446],[14.6583,52.6423],[14.6697,52.6378],[14.6899,52.6358],[14.6899,52.6334],[14.6917,52.6331],[14.7152,52.6326],[14.7218,52.631],[14.722,52.6326],[14.7268,52.6339],[14.7249,52.6362],[14.729,52.6373],[14.7326,52.6405],[14.7301,52.642],[14.7434,52.6413],[14.7422,52.6432],[14.7492,52.6444],[14.7476,52.6471],[14.7491,52.6621],[14.7524,52.6689],[14.7554,52.6712],[14.7636,52.6704],[14.7651,52.6737],[14.7783,52.6822],[14.7916,52.6971],[14.7914,52.7046],[14.7965,52.7178],[14.7979,52.7265],[14.7952,52.7359],[14.7997,52.7375],[14.7894,52.752],[14.792,52.7544],[14.7912,52.7569],[14.801,52.7585],[14.8045,52.7627],[14.809,52.7649],[14.8107,52.7696],[14.8149,52.7721],[14.8135,52.773],[14.8155,52.7744],[14.8296,52.7733],[14.8395,52.7759],[14.8363,52.7774],[14.8489,52.7774],[14.8505,52.7852],[14.8485,52.7849],[14.8444,52.7903],[14.8546,52.7922],[14.8546,52.7907],[14.8653,52.792],[14.8618,52.8003],[14.8636,52.8008],[14.8616,52.8024],[14.8656,52.8037],[14.8638,52.8062],[14.8662,52.8079],[14.8652,52.8096],[14.8679,52.8122],[14.8549,52.8124],[14.8567,52.8153],[14.8545,52.8162],[14.8586,52.8176],[14.8544,52.8195],[14.8574,52.8206],[14.8537,52.822],[14.8546,52.8241],[14.851,52.8281],[14.8558,52.8307],[14.8594,52.8279],[14.8733,52.8338],[14.866,52.8406],[14.8654,52.8434],[14.8634,52.8434],[14.8657,52.8473],[14.8884,52.8463],[14.8949,52.8404],[14.8956,52.8331],[14.9019,52.8373],[14.9107,52.8381],[14.917,52.8412],[14.9159,52.8426],[14.9188,52.8434],[14.9197,52.8469],[14.9179,52.8493],[14.9137,52.8505],[14.9103,52.8552],[14.9048,52.854],[14.9029,52.8559],[14.8953,52.8553],[14.8903,52.8607],[14.894,52.8619],[14.8924,52.8637],[14.8941,52.8642],[14.893,52.8656],[14.8968,52.8724],[14.9017,52.8758],[14.9042,52.8839],[14.9095,52.8873],[14.9164,52.8879],[14.9178,52.8893],[14.9254,52.8897],[14.9261,52.8883],[14.9233,52.8829],[14.9339,52.8851],[14.935,52.8844],[14.9315,52.8818],[14.9445,52.8764],[14.9489,52.8785],[14.9546,52.8744],[14.9489,52.8715],[14.9564,52.8709],[14.9633,52.8677],[14.9688,52.8697],[14.9783,52.8662],[14.9831,52.8615],[14.98,52.8599],[14.9809,52.8548],[14.9791,52.8537],[14.9816,52.8489],[14.9881,52.8509],[14.9892,52.8482],[14.9878,52.8465],[14.9908,52.8425],[14.9987,52.8446],[15.0021,52.8472],[15.0096,52.8477],[15.0072,52.8537],[15.0087,52.8546],[15.0131,52.8546],[15.0148,52.8568],[15.0211,52.8577],[15.0281,52.8569],[15.0336,52.8607],[15.0374,52.8611],[15.037,52.8622],[15.041,52.8593],[15.0447,52.8497],[15.0491,52.8435],[15.0546,52.8432],[15.0652,52.839],[15.0684,52.837],[15.0682,52.8334],[15.0718,52.8306],[15.1576,52.8528],[15.1592,52.8572],[15.163,52.8545],[15.1665,52.8543],[15.2765,52.8827],[15.2757,52.8834],[15.2804,52.8847],[15.2788,52.8854],[15.2811,52.887],[15.2838,52.8817],[15.2875,52.8796],[15.2881,52.882],[15.2856,52.886],[15.3219,52.8958],[15.3224,52.8942],[15.3268,52.8948],[15.3326,52.899],[15.3317,52.9044],[15.3654,52.9018],[15.3671,52.9009],[15.3657,52.8996],[15.3669,52.8944],[15.3653,52.8935],[15.374,52.8875],[15.4009,52.8846],[15.4193,52.8851],[15.4234,52.8865],[15.4318,52.8812],[15.4314,52.8797],[15.4372,52.8782],[15.4382,52.8739],[15.4406,52.8719],[15.4395,52.8712],[15.4409,52.8697],[15.4403,52.8659],[15.4465,52.8612],[15.4421,52.8576],[15.4424,52.8513],[15.44,52.8496],[15.4453,52.8425],[15.4248,52.8391],[15.4204,52.8341],[15.4235,52.8252],[15.432,52.8198],[15.4329,52.8149],[15.4271,52.8133],[15.4212,52.8144],[15.4079,52.8143],[15.4076,52.8138],[15.4135,52.8103],[15.4338,52.8096],[15.4448,52.8017],[15.4477,52.8012],[15.4506,52.7978],[15.4618,52.792],[15.4659,52.7925],[15.4683,52.7908],[15.4694,52.789],[15.4605,52.7867],[15.4581,52.783],[15.4459,52.7785],[15.4498,52.7753],[15.4467,52.7723],[15.4481,52.7711],[15.4562,52.7765],[15.4741,52.7629],[15.4826,52.7597],[15.4901,52.752],[15.4951,52.7527],[15.4993,52.7513],[15.5086,52.7542],[15.5103,52.7574],[15.5227,52.7641],[15.5337,52.7659],[15.5386,52.7698],[15.5623,52.7639],[15.569,52.7641],[15.5753,52.7672],[15.5834,52.7665],[15.5852,52.7625],[15.5814,52.7593],[15.578,52.7592],[15.58,52.7581],[15.579,52.756],[15.5833,52.7485],[15.5878,52.7446],[15.5874,52.7263],[15.5931,52.7255],[15.601,52.7267],[15.6055,52.7254],[15.6062,52.7228],[15.6029,52.7169],[15.6037,52.7141],[15.5959,52.709],[15.5815,52.7041],[15.5708,52.6973],[15.5614,52.6957],[15.5368,52.6937],[15.5139,52.6961],[15.5005,52.6951],[15.472,52.6998],[15.4523,52.6995],[15.4405,52.701],[15.4346,52.7002],[15.434,52.6976],[15.4322,52.6973],[15.4307,52.7005],[15.4057,52.6933],[15.4008,52.6933],[15.4023,52.6958],[15.393,52.699],[15.3897,52.6955],[15.3877,52.689],[15.3904,52.6803],[15.3945,52.6773],[15.3901,52.6725],[15.3901,52.6705],[15.3969,52.6662],[15.4075,52.6643],[15.4089,52.6611],[15.3976,52.658],[15.3873,52.652],[15.381,52.6435],[15.371,52.6425],[15.3702,52.6403],[15.3727,52.6371],[15.371,52.6325],[15.3638,52.6215],[15.3518,52.6099],[15.3485,52.6038],[15.3481,52.5981],[15.3503,52.5915],[15.2399,52.5878],[15.2096,52.5844],[15.2094,52.5893],[15.2141,52.5944],[15.2115,52.5944],[15.211,52.6081],[15.2056,52.6081],[15.2054,52.6128],[15.2016,52.6156],[15.1984,52.6154],[15.1967,52.6261],[15.2064,52.6337],[15.1954,52.6354],[15.1741,52.6455],[15.1643,52.6469],[15.1577,52.6521],[15.1541,52.6508],[15.1501,52.6458],[15.1356,52.6431],[15.1127,52.6208],[15.1045,52.6176],[15.0804,52.6172],[15.0642,52.6211],[15.0599,52.6242],[15.0596,52.6281],[15.0565,52.6313],[15.0512,52.6329],[15.0471,52.6372],[15.0396,52.641],[15.032,52.6434],[15.0244,52.6404],[15.0089,52.6385],[15.0077,52.6407],[14.9996,52.6393],[14.9992,52.6403],[14.9353,52.6197],[14.9025,52.6182],[14.8803,52.6154],[14.8622,52.6187],[14.8612,52.6175],[14.8587,52.6191],[14.8565,52.6182],[14.8531,52.6223],[14.8502,52.6221],[14.8123,52.6088],[14.7879,52.6022],[14.7819,52.6015],[14.7604,52.6039],[14.7364,52.5975],[14.7052,52.5925],[14.6995,52.5895],[14.6563,52.5802],[14.6551,52.5783],[14.6492,52.5764],[14.6494,52.5739],[14.6473,52.5722],[14.6414,52.5757],[14.637,52.5753],[14.6174,52.5838],[14.6118,52.5891],[14.6099,52.5954]],[[15.1315,52.7757],[15.1295,52.7689],[15.1402,52.7655],[15.1382,52.7636],[15.1464,52.7623],[15.147,52.7568],[15.1495,52.7572],[15.1492,52.7485],[15.1313,52.759],[15.1258,52.7489],[15.1242,52.7501],[15.1234,52.7484],[15.1407,52.7308],[15.1381,52.7263],[15.1272,52.7235],[15.1254,52.7212],[15.1262,52.7178],[15.1307,52.7153],[15.135,52.7098],[15.1442,52.7095],[15.1516,52.7118],[15.1551,52.7075],[15.175,52.7105],[15.1777,52.7067],[15.1815,52.7084],[15.181,52.7096],[15.1843,52.7098],[15.191,52.7031],[15.1942,52.7045],[15.1964,52.7016],[15.1995,52.7029],[15.2081,52.6993],[15.2062,52.6968],[15.232,52.6891],[15.2303,52.6869],[15.25,52.6842],[15.2632,52.6902],[15.2638,52.6885],[15.2773,52.6903],[15.2881,52.6848],[15.2976,52.6918],[15.2984,52.6931],[15.2966,52.6966],[15.3018,52.6981],[15.3066,52.7099],[15.3066,52.7172],[15.3109,52.7185],[15.3081,52.7253],[15.2978,52.7225],[15.2885,52.7219],[15.276,52.7273],[15.279,52.7282],[15.2814,52.7317],[15.2961,52.7304],[15.2973,52.7343],[15.2947,52.7369],[15.2877,52.7363],[15.2856,52.7388],[15.281,52.74],[15.2869,52.747],[15.2868,52.7492],[15.2818,52.7493],[15.2822,52.7694],[15.2459,52.7735],[15.2298,52.7737],[15.2151,52.7683],[15.2158,52.7673],[15.2131,52.7664],[15.2152,52.7635],[15.2098,52.7622],[15.2088,52.7635],[15.1907,52.759],[15.1874,52.7633],[15.1685,52.7697],[15.1582,52.7698],[15.1353,52.777],[15.1341,52.7754],[15.1315,52.7757]]]]}},{"type":"Feature","properties":{"GID_2":"POL.5.1_1","GID_0":"POL","COUNTRY":"Poland","GID_1":"POL.5_1","NAME_1":"Lubuskie","NL_NAME_1":"NA","NAME_2":"GorzowWielkopolski","VARNAME_2":"NA","NL_NAME_2":"NA","TYPE_2":"Miastonaprawachpowiatu","ENGTYPE_2":"Citywithpowiatrights","CC_2":"0861","HASC_2":"NA"},"geometry":{"type":"MultiPolygon","coordinates":[[[[15.191,52.7031],[15.1843,52.7098],[15.181,52.7096],[15.1815,52.7084],[15.1777,52.7067],[15.175,52.7105],[15.1551,52.7075],[15.1516,52.7118],[15.1442,52.7095],[15.135,52.7098],[15.1307,52.7153],[15.1262,52.7178],[15.1254,52.7212],[15.1272,52.7235],[15.1381,52.7263],[15.141,52.7295],[15.1333,52.7392],[15.1234,52.7482],[15.1242,52.7501],[15.1258,52.7489],[15.1313,52.759],[15.1492,52.7485],[15.1495,52.7572],[15.147,52.7568],[15.1464,52.7623],[15.1382,52.7636],[15.1402,52.7655],[15.1292,52.7693],[15.1318,52.776],[15.137,52.7766],[15.1582,52.7698],[15.1685,52.7697],[15.1874,52.7633],[15.1907,52.759],[15.2088,52.7635],[15.2098,52.7622],[15.2152,52.7635],[15.2131,52.7664],[15.2158,52.7673],[15.2151,52.7683],[15.2298,52.7737],[15.2459,52.7735],[15.2822,52.7694],[15.2818,52.7493],[15.2868,52.7492],[15.2869,52.747],[15.281,52.74],[15.2856,52.7388],[15.2877,52.7363],[15.2947,52.7369],[15.2973,52.7343],[15.2961,52.7304],[15.2814,52.7317],[15.279,52.7282],[15.276,52.7273],[15.2885,52.7219],[15.2978,52.7225],[15.3081,52.7253],[15.3109,52.7185],[15.3066,52.7172],[15.3066,52.7099],[15.3018,52.6981],[15.2966,52.6966],[15.2984,52.6931],[15.2976,52.6918],[15.2881,52.6848],[15.2773,52.6903],[15.2638,52.6885],[15.2632,52.6902],[15.25,52.6842],[15.2303,52.6869],[15.232,52.6891],[15.2062,52.6968],[15.2081,52.6993],[15.1995,52.7029],[15.1964,52.7016],[15.1942,52.7045],[15.191,52.7031]]]]}},{"type":"Feature","properties":{"GID_2":"POL.5.3_1","GID_0":"POL","COUNTRY":"Poland","GID_1":"POL.5_1","NAME_1":"Lubuskie","NL_NAME_1":"NA","NAME_2":"KrosnoOdrzanskie","VARNAME_2":"NA","NL_NAME_2":"NA","TYPE_2":"Powiat","ENGTYPE_2":"County","CC_2":"0802","HASC_2":"NA"},"geometry":{"type":"MultiPolygon","coordinates":[[[[14.7142,52.0026],[14.7148,52.0049],[14.7252,52.0082],[14.7267,52.0139],[14.7408,52.0228],[14.7404,52.0291],[14.7483,52.0318],[14.7475,52.0368],[14.7498,52.043],[14.7457,52.0465],[14.7468,52.0505],[14.7452,52.0539],[14.7573,52.0607],[14.7591,52.0657],[14.7552,52.07],[14.7641,52.0709],[14.7684,52.0789],[14.7747,52.0813],[14.7806,52.0799],[14.7851,52.0736],[14.7902,52.0705],[14.7973,52.0707],[14.8067,52.074],[14.7899,52.0833],[14.7923,52.0862],[14.7964,52.0858],[14.8004,52.0902],[14.8058,52.0901],[14.7976,52.0924],[14.7989,52.0946],[14.8049,52.0947],[14.8033,52.0976],[14.8047,52.0987],[14.7993,52.101],[14.7978,52.1034],[14.7986,52.1052],[14.7947,52.1078],[14.8124,52.1094],[14.8139,52.1107],[14.8121,52.113],[14.8128,52.1146],[14.8159,52.1155],[14.8104,52.1197],[14.8084,52.1234],[14.81,52.1322],[14.8084,52.1349],[14.8108,52.1383],[14.8219,52.1409],[14.835,52.1493],[14.8376,52.1449],[14.8445,52.1458],[14.843,52.1478],[14.847,52.1488],[14.852,52.1459],[14.8592,52.1466],[14.8608,52.1432],[14.8706,52.1423],[14.871,52.1361],[14.8614,52.1372],[14.8644,52.1323],[14.8865,52.1378],[14.8827,52.1408],[14.8845,52.1423],[14.8828,52.1432],[14.8847,52.1448],[14.8777,52.1476],[14.8805,52.1479],[14.8846,52.1522],[14.8796,52.1552],[14.8742,52.1512],[14.8692,52.1538],[14.8888,52.1665],[14.8867,52.1697],[14.8808,52.1717],[14.8814,52.1765],[14.8833,52.1784],[14.8841,52.1765],[14.8889,52.178],[14.8894,52.1765],[14.8917,52.1765],[14.8927,52.1782],[14.8914,52.1816],[14.8963,52.1829],[14.8832,52.1945],[14.8895,52.2068],[14.8924,52.2068],[14.8933,52.2054],[14.8951,52.2074],[14.8982,52.2053],[14.8988,52.2071],[14.9006,52.2062],[14.9037,52.2078],[14.9058,52.206],[14.9072,52.2071],[14.9053,52.2081],[14.9073,52.2105],[14.91,52.2088],[14.9198,52.2092],[14.9176,52.2083],[14.9187,52.2068],[14.9231,52.2087],[14.924,52.2073],[14.921,52.2069],[14.9238,52.2046],[14.9252,52.2051],[14.9238,52.2059],[14.9319,52.2071],[14.9304,52.2083],[14.9314,52.2094],[14.9333,52.2081],[14.9377,52.2111],[14.9469,52.209],[14.9609,52.2086],[14.9823,52.2189],[15.007,52.2178],[15.009,52.2152],[15.0196,52.2158],[15.0239,52.2165],[15.0271,52.2189],[15.026,52.2238],[15.0322,52.2219],[15.0328,52.2203],[15.0462,52.2218],[15.0492,52.2247],[15.056,52.2248],[15.0566,52.2272],[15.0603,52.2274],[15.061,52.2298],[15.0599,52.2306],[15.0635,52.2322],[15.0703,52.2324],[15.07,52.2313],[15.0722,52.2317],[15.0714,52.2306],[15.0727,52.2317],[15.0772,52.229],[15.0798,52.2305],[15.0803,52.2329],[15.083,52.2324],[15.0871,52.2347],[15.087,52.2335],[15.0897,52.2328],[15.0867,52.2318],[15.0861,52.2272],[15.0913,52.2261],[15.089,52.226],[15.0903,52.2233],[15.0927,52.2228],[15.101,52.205],[15.1375,52.2124],[15.1538,52.2147],[15.1554,52.2113],[15.1978,52.2188],[15.2039,52.2058],[15.2146,52.2076],[15.2208,52.1946],[15.2534,52.2081],[15.2874,52.214],[15.2938,52.2118],[15.3048,52.2042],[15.3144,52.2026],[15.3125,52.1951],[15.3069,52.1939],[15.3061,52.1903],[15.304,52.1903],[15.3009,52.1757],[15.2968,52.1694],[15.298,52.1637],[15.2959,52.1546],[15.2917,52.1456],[15.2928,52.1432],[15.3062,52.1326],[15.3033,52.1272],[15.2963,52.1218],[15.2945,52.1159],[15.2911,52.114],[15.2904,52.1122],[15.2925,52.1092],[15.2859,52.1061],[15.2893,52.0972],[15.2874,52.0926],[15.289,52.089],[15.296,52.0833],[15.2898,52.0813],[15.2842,52.084],[15.2848,52.0821],[15.2825,52.0791],[15.2835,52.0781],[15.2804,52.0755],[15.2788,52.0756],[15.2733,52.0861],[15.268,52.0867],[15.2566,52.0848],[15.263,52.0697],[15.262,52.0688],[15.263,52.0682],[15.2614,52.0687],[15.2619,52.0668],[15.2666,52.0658],[15.2661,52.0625],[15.2707,52.0585],[15.2737,52.0445],[15.2759,52.041],[15.2758,52.0394],[15.2708,52.0394],[15.267,52.0352],[15.2761,52.0284],[15.2781,52.0216],[15.2648,52.016],[15.2608,52.0108],[15.2603,52.0052],[15.2581,52.0037],[15.2619,52.0013],[15.2714,51.9996],[15.2732,51.9976],[15.2817,51.9832],[15.2765,51.9742],[15.2786,51.972],[15.2883,51.9686],[15.2933,51.9621],[15.2832,51.9488],[15.2748,51.934],[15.2657,51.9313],[15.2502,51.9334],[15.2446,51.9287],[15.2357,51.9132],[15.2393,51.9061],[15.2322,51.8991],[15.2039,51.9],[15.1978,51.8965],[15.1771,51.8915],[15.1647,51.882],[15.1563,51.8827],[15.1556,51.8799],[15.1531,51.8781],[15.139,51.8743],[15.1186,51.8661],[15.1061,51.8628],[15.0841,51.8609],[15.0771,51.8618],[15.0705,51.8646],[15.0692,51.8663],[15.0693,51.8728],[15.0513,51.8777],[15.0314,51.8805],[15.015,51.888],[14.9994,51.8838],[14.9804,51.8821],[14.9736,51.8825],[14.9716,51.8844],[14.9725,51.8857],[14.9677,51.8858],[14.9665,51.8871],[14.9499,51.889],[14.9389,51.8937],[14.9329,51.8929],[14.9187,51.8873],[14.9272,51.8789],[14.9066,51.8729],[14.8897,51.8709],[14.8821,51.8716],[14.8596,51.8817],[14.8572,51.8812],[14.8488,51.8756],[14.851,51.8726],[14.854,51.8727],[14.8514,51.8717],[14.8513,51.8671],[14.8584,51.8497],[14.8557,51.8489],[14.8482,51.8505],[14.8457,51.8492],[14.8425,51.8509],[14.8401,51.8493],[14.8292,51.8521],[14.828,51.854],[14.8192,51.8489],[14.8176,51.8495],[14.8179,51.8484],[14.7984,51.8478],[14.7858,51.8499],[14.7817,51.8563],[14.7693,51.857],[14.7623,51.8597],[14.7639,51.8536],[14.753,51.8525],[14.7513,51.8505],[14.756,51.8486],[14.7565,51.8468],[14.7541,51.8471],[14.7551,51.8453],[14.7613,51.8429],[14.7713,51.8425],[14.7764,51.8392],[14.7763,51.8379],[14.7515,51.8359],[14.7236,51.8382],[14.7234,51.8355],[14.732,51.8257],[14.7324,51.8225],[14.7306,51.82],[14.7322,51.8175],[14.7309,51.8155],[14.7354,51.813],[14.7366,51.81],[14.7202,51.8109],[14.7135,51.815],[14.693,51.8105],[14.6864,51.8027],[14.6831,51.7928],[14.6739,51.7859],[14.6687,51.785],[14.663,51.7884],[14.6499,51.7866],[14.6451,51.7958],[14.6361,51.7977],[14.634,51.801],[14.6228,51.8005],[14.6159,51.802],[14.6136,51.8041],[14.6067,51.804],[14.6008,51.8092],[14.6006,51.8129],[14.5972,51.8173],[14.5904,51.8204],[14.5896,51.8265],[14.5931,51.8306],[14.591,51.8335],[14.5921,51.8359],[14.5906,51.8387],[14.5963,51.8422],[14.6013,51.8397],[14.605,51.8402],[14.6061,51.8419],[14.6034,51.8462],[14.6041,51.8479],[14.6071,51.8481],[14.6096,51.845],[14.6119,51.8451],[14.6122,51.8473],[14.6071,51.8522],[14.6116,51.8574],[14.6245,51.8582],[14.6346,51.8654],[14.6442,51.8674],[14.6468,51.8723],[14.6526,51.8744],[14.6525,51.8789],[14.6546,51.8834],[14.6618,51.887],[14.6631,51.8905],[14.6744,51.8896],[14.6745,51.8944],[14.6805,51.8951],[14.6853,51.8985],[14.6936,51.9013],[14.6945,51.9034],[14.6913,51.9081],[14.6997,51.9143],[14.7024,51.9212],[14.7055,51.9236],[14.7034,51.9309],[14.7072,51.9359],[14.7136,51.9373],[14.7194,51.942],[14.7213,51.9522],[14.718,51.9559],[14.714,51.957],[14.708,51.9646],[14.7069,51.9735],[14.7048,51.9761],[14.707,51.9796],[14.7117,51.9797],[14.7162,51.9824],[14.7174,51.9886],[14.7214,51.9938],[14.7197,51.9988],[14.7142,52.0026]]]]}},{"type":"Feature","properties":{"GID_2":"POL.5.4_1","GID_0":"POL","COUNTRY":"Poland","GID_1":"POL.5_1","NAME_1":"Lubuskie","NL_NAME_1":"NA","NAME_2":"Miedzyrzecz","VARNAME_2":"NA","NL_NAME_2":"NA","TYPE_2":"Powiat","ENGTYPE_2":"County","CC_2":"0803","HASC_2":"NA"},"geometry":{"type":"MultiPolygon","coordinates":[[[[15.7783,52.6373],[15.7929,52.6371],[15.7959,52.6358],[15.7941,52.6274],[15.7962,52.6251],[15.8006,52.6238],[15.7961,52.6213],[15.7863,52.6219],[15.7846,52.6185],[15.7959,52.6085],[15.7959,52.6058],[15.8061,52.6046],[15.8067,52.5973],[15.8124,52.5934],[15.8203,52.5919],[15.8205,52.5897],[15.8292,52.5886],[15.8319,52.5876],[15.8314,52.5862],[15.836,52.5872],[15.8283,52.5829],[15.8303,52.5776],[15.8259,52.5759],[15.8265,52.5733],[15.824,52.5709],[15.8246,52.5671],[15.8324,52.5662],[15.8431,52.5596],[15.8425,52.555],[15.8562,52.5489],[15.8585,52.5444],[15.8487,52.5367],[15.8348,52.5293],[15.8433,52.5248],[15.8502,52.5168],[15.863,52.5104],[15.8772,52.5107],[15.8758,52.5065],[15.8696,52.5042],[15.8726,52.502],[15.8676,52.5026],[15.8705,52.5008],[15.8704,52.4986],[15.8734,52.4971],[15.8725,52.4963],[15.8784,52.4955],[15.8789,52.4931],[15.8857,52.4896],[15.8837,52.4892],[15.8853,52.4861],[15.8837,52.4851],[15.8893,52.4749],[15.8912,52.4753],[15.8916,52.4732],[15.8903,52.473],[15.8929,52.4682],[15.8903,52.4648],[15.8861,52.4648],[15.8789,52.4725],[15.8769,52.4719],[15.8788,52.4699],[15.8776,52.4695],[15.8797,52.4654],[15.8838,52.4657],[15.8877,52.4613],[15.8927,52.4605],[15.8932,52.456],[15.8966,52.4516],[15.896,52.449],[15.8987,52.4493],[15.8982,52.4474],[15.8753,52.4427],[15.8779,52.4373],[15.8752,52.4373],[15.8736,52.4353],[15.8683,52.4351],[15.8617,52.4403],[15.8574,52.4398],[15.8565,52.4375],[15.8544,52.4372],[15.8544,52.436],[15.8563,52.4361],[15.8564,52.4326],[15.8519,52.4316],[15.8441,52.4318],[15.8409,52.4339],[15.8314,52.4352],[15.8315,52.4372],[15.8344,52.4383],[15.8317,52.4395],[15.8333,52.4446],[15.8271,52.4546],[15.8258,52.4544],[15.8267,52.4514],[15.8251,52.4501],[15.8207,52.451],[15.8219,52.4486],[15.8103,52.4444],[15.8094,52.4428],[15.8134,52.4418],[15.8125,52.441],[15.8082,52.442],[15.8069,52.4447],[15.8041,52.4436],[15.8065,52.439],[15.8065,52.4351],[15.8094,52.4361],[15.8112,52.4344],[15.8106,52.4325],[15.8187,52.4291],[15.8157,52.4287],[15.8158,52.4272],[15.8211,52.4245],[15.8261,52.4266],[15.8279,52.4256],[15.8245,52.4222],[15.8274,52.4216],[15.8311,52.4165],[15.8395,52.413],[15.8395,52.4115],[15.8376,52.411],[15.8436,52.4029],[15.8498,52.4017],[15.8513,52.4035],[15.8548,52.4022],[15.8598,52.4029],[15.8702,52.3965],[15.8839,52.394],[15.8962,52.3942],[15.9003,52.3909],[15.8991,52.3881],[15.9009,52.3862],[15.8998,52.385],[15.9006,52.3827],[15.8966,52.3807],[15.8881,52.372],[15.8908,52.3712],[15.8904,52.367],[15.8882,52.3666],[15.8903,52.3534],[15.8813,52.3522],[15.8813,52.3425],[15.8882,52.3365],[15.888,52.3338],[15.8828,52.33],[15.8825,52.3268],[15.8837,52.3243],[15.8877,52.3227],[15.8875,52.3185],[15.8899,52.3176],[15.89,52.3111],[15.8919,52.3103],[15.8886,52.3073],[15.8856,52.3071],[15.8842,52.3112],[15.8818,52.3088],[15.8838,52.3043],[15.8786,52.2981],[15.8782,52.2943],[15.8808,52.2904],[15.8783,52.2896],[15.8551,52.2848],[15.8266,52.2837],[15.8301,52.2879],[15.8377,52.289],[15.8504,52.2941],[15.8494,52.2977],[15.8521,52.3008],[15.8489,52.3043],[15.851,52.3055],[15.8501,52.3064],[15.8553,52.3071],[15.8501,52.3086],[15.8514,52.3098],[15.8474,52.3088],[15.8386,52.3137],[15.8345,52.312],[15.8302,52.3205],[15.7966,52.3184],[15.7971,52.3172],[15.7599,52.3064],[15.7662,52.3041],[15.7329,52.2928],[15.725,52.2906],[15.7196,52.2931],[15.7111,52.2897],[15.7038,52.2933],[15.7004,52.2902],[15.6963,52.2973],[15.6617,52.3065],[15.6509,52.3108],[15.6483,52.313],[15.6507,52.3165],[15.6394,52.323],[15.6325,52.3234],[15.6262,52.3208],[15.6224,52.3427],[15.6037,52.3442],[15.5973,52.343],[15.5848,52.3452],[15.5709,52.3421],[15.5654,52.345],[15.569,52.3465],[15.5675,52.3479],[15.5685,52.3493],[15.5749,52.3487],[15.5738,52.3513],[15.5674,52.3494],[15.5648,52.3502],[15.5644,52.3517],[15.554,52.3542],[15.5535,52.3529],[15.5421,52.3552],[15.5228,52.3559],[15.4978,52.3592],[15.4961,52.3632],[15.4937,52.3636],[15.4922,52.3661],[15.455,52.3605],[15.455,52.3677],[15.4513,52.3696],[15.4418,52.3681],[15.4358,52.3756],[15.4506,52.386],[15.446,52.3862],[15.4468,52.3871],[15.4387,52.3898],[15.4419,52.3949],[15.4359,52.3993],[15.4289,52.401],[15.4217,52.4054],[15.4217,52.4079],[15.416,52.4099],[15.4191,52.4192],[15.4087,52.4218],[15.3921,52.4191],[15.3788,52.4188],[15.3717,52.4204],[15.3722,52.4182],[15.3694,52.4157],[15.3657,52.416],[15.3676,52.4174],[15.3658,52.4175],[15.3613,52.416],[15.3486,52.4177],[15.3511,52.4215],[15.35,52.4231],[15.3338,52.4263],[15.337,52.4363],[15.3219,52.4408],[15.3208,52.4442],[15.3227,52.444],[15.3174,52.4481],[15.3221,52.455],[15.2987,52.4618],[15.3042,52.4733],[15.2803,52.4785],[15.2799,52.481],[15.2782,52.4807],[15.2759,52.4829],[15.2694,52.4828],[15.2687,52.4845],[15.2658,52.4852],[15.2659,52.4916],[15.2675,52.4903],[15.2708,52.4927],[15.2848,52.4945],[15.2907,52.4981],[15.2902,52.5019],[15.2753,52.5083],[15.2749,52.5277],[15.2767,52.5282],[15.2771,52.5304],[15.2763,52.541],[15.3078,52.542],[15.3049,52.5443],[15.3102,52.5439],[15.306,52.5901],[15.3503,52.5915],[15.3481,52.5981],[15.3485,52.6038],[15.3518,52.6099],[15.3638,52.6215],[15.371,52.6325],[15.3727,52.6371],[15.3702,52.6403],[15.371,52.6425],[15.381,52.6435],[15.3873,52.652],[15.3976,52.658],[15.4089,52.6611],[15.4075,52.6643],[15.3969,52.6662],[15.3901,52.6705],[15.3901,52.6725],[15.3945,52.6773],[15.3904,52.6803],[15.3877,52.689],[15.3897,52.6955],[15.393,52.699],[15.4023,52.6958],[15.4008,52.6933],[15.4057,52.6933],[15.4307,52.7005],[15.4322,52.6973],[15.434,52.6976],[15.4346,52.7002],[15.4405,52.701],[15.4523,52.6995],[15.472,52.6998],[15.5005,52.6951],[15.5139,52.6961],[15.5308,52.694],[15.5453,52.6941],[15.5708,52.6973],[15.5788,52.7027],[15.5946,52.7083],[15.6037,52.7141],[15.6134,52.7059],[15.6248,52.7024],[15.6367,52.7012],[15.6719,52.703],[15.7026,52.7091],[15.7359,52.7132],[15.7797,52.7004],[15.7933,52.7069],[15.8003,52.6953],[15.8037,52.6938],[15.8078,52.6846],[15.8129,52.6792],[15.814,52.6678],[15.7931,52.665],[15.7861,52.6677],[15.7819,52.6617],[15.7829,52.6528],[15.7807,52.6499],[15.7782,52.6496],[15.7799,52.6442],[15.7771,52.6434],[15.7786,52.6413],[15.7763,52.6379],[15.7783,52.6373]]]]}},{"type":"Feature","properties":{"GID_2":"POL.5.5_1","GID_0":"POL","COUNTRY":"Poland","GID_1":"POL.5_1","NAME_1":"Lubuskie","NL_NAME_1":"NA","NAME_2":"NowaSol","VARNAME_2":"NA","NL_NAME_2":"NA","TYPE_2":"Powiat","ENGTYPE_2":"County","CC_2":"0804","HASC_2":"NA"},"geometry":{"type":"MultiPolygon","coordinates":[[[[15.8192,51.6684],[15.8167,51.6674],[15.8052,51.6698],[15.8031,51.6685],[15.8017,51.6635],[15.7951,51.6634],[15.7943,51.6608],[15.7862,51.6591],[15.7752,51.6607],[15.7563,51.6597],[15.7542,51.6585],[15.7562,51.6558],[15.7532,51.6533],[15.7435,51.6533],[15.7429,51.6516],[15.738,51.6524],[15.7315,51.6486],[15.729,51.645],[15.7141,51.6515],[15.7065,51.6502],[15.7064,51.6516],[15.7015,51.6528],[15.7049,51.656],[15.701,51.659],[15.694,51.6603],[15.6922,51.6584],[15.6844,51.6562],[15.6782,51.6596],[15.6818,51.6633],[15.6785,51.6657],[15.6747,51.6666],[15.6696,51.6644],[15.6601,51.67],[15.6474,51.6721],[15.6472,51.6699],[15.6269,51.6689],[15.6224,51.67],[15.6204,51.6724],[15.6148,51.6716],[15.6105,51.6688],[15.6004,51.67],[15.5983,51.6727],[15.5989,51.6792],[15.5946,51.6807],[15.579,51.6943],[15.5637,51.6919],[15.5494,51.6868],[15.5441,51.6865],[15.5427,51.6882],[15.526,51.6833],[15.5194,51.6834],[15.5181,51.6917],[15.5131,51.6977],[15.5191,51.7058],[15.5204,51.716],[15.5194,51.7213],[15.5123,51.7236],[15.5042,51.7236],[15.5021,51.7319],[15.5027,51.7382],[15.4962,51.7395],[15.492,51.7431],[15.4845,51.7444],[15.485,51.7482],[15.4913,51.748],[15.4889,51.7508],[15.4944,51.7503],[15.4847,51.7565],[15.4817,51.7568],[15.4803,51.7607],[15.4765,51.7616],[15.4726,51.7683],[15.4635,51.7746],[15.4469,51.7728],[15.4432,51.7776],[15.4422,51.7817],[15.4593,51.7836],[15.4617,51.7861],[15.4681,51.7871],[15.4575,51.7908],[15.4502,51.7974],[15.4521,51.7983],[15.4565,51.807],[15.4675,51.8145],[15.4683,51.8276],[15.4659,51.8274],[15.4686,51.8281],[15.4743,51.8276],[15.4853,51.8218],[15.4986,51.8225],[15.5084,51.8201],[15.5292,51.8234],[15.5285,51.825],[15.5307,51.8248],[15.5292,51.8293],[15.525,51.8309],[15.5207,51.8391],[15.5215,51.8402],[15.5183,51.8435],[15.5208,51.8464],[15.5253,51.845],[15.5245,51.8439],[15.5306,51.8439],[15.5412,51.8406],[15.5569,51.8383],[15.5629,51.8382],[15.5645,51.84],[15.5736,51.8375],[15.574,51.8421],[15.5769,51.842],[15.5771,51.8442],[15.5828,51.8427],[15.5842,51.8455],[15.5945,51.8446],[15.5992,51.8521],[15.6188,51.8504],[15.622,51.8506],[15.6222,51.852],[15.6242,51.8528],[15.6244,51.8508],[15.6295,51.8504],[15.6294,51.8481],[15.6326,51.8456],[15.6469,51.8472],[15.6469,51.8516],[15.644,51.8513],[15.6373,51.8563],[15.6372,51.8598],[15.641,51.8605],[15.6402,51.8645],[15.6368,51.865],[15.6368,51.8688],[15.644,51.8671],[15.6454,51.87],[15.6488,51.8707],[15.6524,51.8754],[15.6362,51.8782],[15.6355,51.8824],[15.6399,51.8863],[15.6481,51.889],[15.6451,51.8934],[15.636,51.8963],[15.639,51.9025],[15.6373,51.9051],[15.6651,51.9032],[15.6843,51.897],[15.6911,51.8976],[15.7072,51.892],[15.7214,51.9005],[15.7329,51.8999],[15.734,51.9021],[15.7401,51.9038],[15.7559,51.9015],[15.7546,51.9027],[15.7616,51.9044],[15.7662,51.901],[15.7586,51.8946],[15.7601,51.8911],[15.7838,51.8877],[15.7877,51.8858],[15.8015,51.8881],[15.8002,51.8898],[15.8053,51.8939],[15.8091,51.896],[15.8128,51.8951],[15.8155,51.9],[15.8118,51.9019],[15.8173,51.9061],[15.83,51.9069],[15.839,51.9123],[15.8495,51.9136],[15.8503,51.9168],[15.8532,51.9187],[15.8679,51.9217],[15.8659,51.928],[15.8635,51.9296],[15.8583,51.9319],[15.8485,51.9317],[15.8434,51.9355],[15.846,51.9391],[15.8498,51.9386],[15.8523,51.9416],[15.862,51.94],[15.8618,51.9439],[15.8674,51.9446],[15.8751,51.949],[15.8764,51.9508],[15.8733,51.9537],[15.8714,51.9601],[15.8922,51.9549],[15.8996,51.9591],[15.904,51.9596],[15.908,51.9633],[15.9035,51.9668],[15.9017,51.976],[15.905,51.9758],[15.9061,51.9728],[15.9119,51.9728],[15.9135,51.9747],[15.9336,51.9799],[15.9324,51.9854],[15.9247,51.9908],[15.9235,51.9967],[15.9211,51.9982],[15.9197,52.0075],[15.9176,52.01],[15.9192,52.016],[15.9253,52.0199],[15.9234,52.0216],[15.9209,52.02],[15.9138,52.0198],[15.9148,52.0217],[15.9125,52.0218],[15.9125,52.0234],[15.9097,52.0249],[15.9104,52.0274],[15.9131,52.0272],[15.9119,52.0298],[15.9098,52.0317],[15.9033,52.0329],[15.901,52.037],[15.9081,52.0394],[15.9127,52.036],[15.9283,52.0362],[15.9304,52.0355],[15.9323,52.0314],[15.9369,52.031],[15.9381,52.0292],[15.9426,52.0299],[15.9424,52.0325],[15.9465,52.0336],[15.9536,52.0304],[15.9512,52.028],[15.954,52.0283],[15.9537,52.0264],[15.966,52.0267],[15.965,52.0178],[15.9684,52.0115],[15.9692,52.0026],[15.9719,51.9997],[15.9762,51.9981],[15.9797,51.9996],[15.9815,51.9977],[15.9839,51.9977],[15.9836,51.9952],[15.9898,51.9965],[15.9868,51.9989],[15.9855,52.0039],[15.988,52.0039],[16.0057,51.9931],[16.0094,51.9845],[16.0085,51.9829],[16.0106,51.9814],[16.0078,51.9793],[16.0079,51.9755],[16.0083,51.971],[16.0117,51.9685],[16.0112,51.9652],[16.0024,51.9589],[15.9968,51.9472],[15.9714,51.9417],[15.9586,51.9436],[15.9451,51.9374],[15.948,51.9341],[15.9547,51.9335],[15.9556,51.9313],[15.9592,51.9311],[15.9624,51.9284],[15.9715,51.9263],[15.9674,51.9245],[15.9678,51.9231],[15.9705,51.9227],[15.9713,51.9202],[15.9569,51.9219],[15.9556,51.9207],[15.957,51.9192],[15.971,51.9165],[15.9762,51.9119],[15.9815,51.9114],[15.9869,51.9084],[15.9872,51.9067],[15.9918,51.9036],[15.9926,51.8969],[15.9945,51.8954],[15.9927,51.8915],[15.985,51.8933],[15.9782,51.891],[15.974,51.8828],[15.9803,51.8748],[15.975,51.8702],[15.9665,51.8719],[15.9685,51.8693],[15.9644,51.8701],[15.9654,51.8687],[15.9632,51.868],[15.9614,51.87],[15.9588,51.8691],[15.9488,51.8713],[15.9512,51.8755],[15.9539,51.8748],[15.9551,51.8785],[15.9528,51.8794],[15.9509,51.8781],[15.9457,51.88],[15.9428,51.8757],[15.9365,51.8767],[15.9299,51.8744],[15.9259,51.8753],[15.9278,51.8706],[15.9256,51.8699],[15.9039,51.8669],[15.9054,51.8613],[15.912,51.857],[15.9034,51.8541],[15.8772,51.8514],[15.8715,51.853],[15.8671,51.8597],[15.8654,51.8599],[15.8611,51.8517],[15.8544,51.855],[15.8492,51.8556],[15.8501,51.8534],[15.8394,51.8519],[15.84,51.8504],[15.8358,51.8497],[15.8352,51.8519],[15.8251,51.8462],[15.8384,51.8352],[15.841,51.8292],[15.852,51.8259],[15.8805,51.8236],[15.883,51.8177],[15.8786,51.8119],[15.8839,51.7989],[15.8912,51.798],[15.8923,51.7999],[15.8926,51.7977],[15.9016,51.7976],[15.9213,51.7991],[15.928,51.8011],[15.9507,51.8007],[15.9543,51.7924],[15.9521,51.7897],[15.9582,51.79],[15.9626,51.7872],[15.9681,51.7879],[15.97,51.7847],[15.9718,51.7846],[15.9719,51.7825],[15.9773,51.7816],[15.9823,51.7785],[15.9941,51.779],[15.9984,51.7772],[16.0043,51.7798],[16.0086,51.7757],[16.007,51.7739],[16.0083,51.7735],[15.989,51.7692],[15.98,51.7737],[15.9771,51.7681],[15.9687,51.7684],[15.9766,51.7481],[15.9737,51.7463],[15.9801,51.7453],[15.9735,51.7439],[15.9677,51.7452],[15.9608,51.7436],[15.9603,51.741],[15.9615,51.7405],[15.9592,51.7395],[15.964,51.7373],[15.9632,51.7337],[15.9545,51.7362],[15.9521,51.7339],[15.9465,51.7365],[15.9439,51.7355],[15.9297,51.7377],[15.9266,51.7296],[15.9219,51.7297],[15.9124,51.7255],[15.9041,51.7296],[15.8947,51.7303],[15.8824,51.7199],[15.8769,51.719],[15.8718,51.7207],[15.8695,51.7197],[15.8682,51.7066],[15.8651,51.707],[15.8659,51.7022],[15.8626,51.7018],[15.8656,51.6926],[15.8623,51.6925],[15.8687,51.6911],[15.8685,51.6888],[15.8645,51.6903],[15.8549,51.6888],[15.8525,51.6839],[15.8425,51.6816],[15.8448,51.6754],[15.8192,51.6684]]]]}},{"type":"Feature","properties":{"GID_2":"POL.5.6_1","GID_0":"POL","COUNTRY":"Poland","GID_1":"POL.5_1","NAME_1":"Lubuskie","NL_NAME_1":"NA","NAME_2":"Slubice","VARNAME_2":"NA","NL_NAME_2":"NA","TYPE_2":"Powiat","ENGTYPE_2":"County","CC_2":"0805","HASC_2":"NA"},"geometry":{"type":"MultiPolygon","coordinates":[[[[14.871,52.2962],[14.8686,52.2906],[14.8714,52.2896],[14.8734,52.2848],[14.877,52.2813],[14.8805,52.2798],[14.889,52.2829],[14.8905,52.2797],[14.899,52.2812],[14.9024,52.2743],[14.9095,52.2742],[14.9112,52.2646],[14.9171,52.2657],[14.919,52.2605],[14.9169,52.2529],[14.9015,52.2571],[14.8918,52.2529],[14.8869,52.2549],[14.8843,52.253],[14.8889,52.2472],[14.902,52.2411],[14.8972,52.2402],[14.9018,52.2316],[14.9042,52.2308],[14.903,52.2292],[14.9133,52.2099],[14.91,52.2088],[14.9071,52.2104],[14.9053,52.2081],[14.9072,52.2071],[14.9058,52.206],[14.9037,52.2078],[14.9006,52.2062],[14.8988,52.2071],[14.8982,52.2053],[14.8951,52.2074],[14.8933,52.2054],[14.8924,52.2068],[14.8895,52.2068],[14.8851,52.2],[14.8832,52.1945],[14.8963,52.1829],[14.8914,52.1816],[14.8927,52.1782],[14.8917,52.1765],[14.8894,52.1765],[14.8889,52.178],[14.8841,52.1765],[14.8833,52.1784],[14.8814,52.1765],[14.8808,52.1717],[14.8867,52.1697],[14.8888,52.1665],[14.8692,52.1538],[14.8742,52.1512],[14.8796,52.1552],[14.8846,52.1522],[14.8805,52.1479],[14.8777,52.1476],[14.8847,52.1448],[14.8828,52.1432],[14.8845,52.1423],[14.8827,52.1408],[14.8865,52.1378],[14.8644,52.1323],[14.8614,52.1372],[14.871,52.1361],[14.8706,52.1423],[14.8608,52.1432],[14.8592,52.1466],[14.852,52.1459],[14.847,52.1488],[14.843,52.1478],[14.8445,52.1458],[14.8376,52.1449],[14.835,52.1493],[14.8219,52.1409],[14.8108,52.1383],[14.8084,52.1349],[14.81,52.1322],[14.8084,52.1234],[14.8104,52.1197],[14.8159,52.1155],[14.8128,52.1146],[14.8121,52.113],[14.8139,52.1107],[14.8124,52.1094],[14.7946,52.1077],[14.7986,52.1052],[14.7978,52.1034],[14.7993,52.101],[14.8047,52.0987],[14.8033,52.0976],[14.8049,52.0947],[14.7989,52.0946],[14.7976,52.0924],[14.8058,52.0901],[14.8004,52.0902],[14.7964,52.0858],[14.7923,52.0862],[14.7899,52.0833],[14.8067,52.074],[14.7961,52.0705],[14.7882,52.0714],[14.7806,52.0799],[14.7747,52.0813],[14.7684,52.0789],[14.7641,52.0709],[14.7552,52.07],[14.7511,52.0728],[14.7461,52.0813],[14.7375,52.0873],[14.7207,52.0946],[14.7004,52.0981],[14.6878,52.1073],[14.6816,52.1167],[14.6842,52.1242],[14.6791,52.1435],[14.6822,52.1481],[14.7031,52.1643],[14.7052,52.1679],[14.7053,52.1735],[14.7012,52.1803],[14.6881,52.1893],[14.6852,52.1941],[14.6885,52.1989],[14.7026,52.2061],[14.7084,52.2117],[14.716,52.2355],[14.7062,52.2419],[14.7009,52.2504],[14.6927,52.2557],[14.6625,52.2618],[14.6414,52.2637],[14.6171,52.2715],[14.5965,52.2729],[14.5916,52.2759],[14.5875,52.2835],[14.576,52.2884],[14.5741,52.2922],[14.5748,52.2956],[14.5842,52.3024],[14.5849,52.3065],[14.5782,52.3132],[14.5781,52.3184],[14.5762,52.3215],[14.5616,52.3279],[14.561,52.331],[14.5633,52.3364],[14.5625,52.3398],[14.5544,52.3487],[14.5521,52.3537],[14.5532,52.3606],[14.5521,52.3741],[14.5344,52.395],[14.5361,52.4014],[14.5466,52.4129],[14.5442,52.426],[14.5495,52.4336],[14.5594,52.439],[14.5793,52.4417],[14.5862,52.4488],[14.5941,52.4527],[14.5999,52.4589],[14.6088,52.4639],[14.6109,52.4668],[14.6134,52.4772],[14.6265,52.4838],[14.6345,52.4923],[14.6354,52.4964],[14.6317,52.5018],[14.6127,52.5104],[14.6102,52.5196],[14.6039,52.5313],[14.6065,52.5374],[14.6133,52.544],[14.6168,52.5554],[14.6385,52.5675],[14.6397,52.5716],[14.637,52.5753],[14.6414,52.5757],[14.6576,52.5666],[14.7148,52.5459],[14.7609,52.543],[14.7737,52.5439],[14.7805,52.5481],[14.7891,52.5438],[14.8131,52.5391],[14.8101,52.531],[14.8055,52.5253],[14.8093,52.5224],[14.8122,52.5112],[14.8166,52.5072],[14.8236,52.5072],[14.8456,52.5135],[14.8763,52.5118],[14.8821,52.5163],[14.8922,52.5186],[14.901,52.5248],[14.929,52.5299],[14.9424,52.5252],[14.9616,52.5266],[14.9819,52.5235],[14.9943,52.5198],[14.9941,52.5162],[14.9906,52.5138],[14.9722,52.5061],[14.9689,52.4977],[14.9711,52.492],[14.9906,52.4909],[14.9879,52.4802],[14.9855,52.4782],[14.9877,52.4726],[14.9878,52.4655],[14.9902,52.4618],[14.9941,52.4602],[14.9939,52.4589],[14.9975,52.4564],[15.0335,52.4544],[15.0407,52.4519],[15.044,52.4412],[15.0363,52.4401],[15.034,52.4373],[15.031,52.4374],[15.0299,52.4349],[15.0337,52.4339],[15.0287,52.4342],[15.0277,52.4324],[15.0245,52.4323],[15.0247,52.4293],[15.0274,52.4257],[15.0268,52.4239],[15.0298,52.4228],[15.0354,52.413],[15.0312,52.3993],[15.0273,52.3922],[15.0245,52.3911],[15.0092,52.3934],[14.9831,52.3906],[14.9794,52.4007],[14.9817,52.4032],[14.9465,52.4096],[14.9337,52.4032],[14.9261,52.3969],[14.9241,52.3916],[14.9188,52.3858],[14.9181,52.3828],[14.921,52.3762],[14.9193,52.3712],[14.9205,52.3674],[14.9183,52.3649],[14.9152,52.3643],[14.9195,52.3615],[14.917,52.3602],[14.8967,52.3616],[14.892,52.3661],[14.8891,52.3664],[14.8752,52.3623],[14.8779,52.3592],[14.8739,52.3582],[14.8773,52.3568],[14.8748,52.3418],[14.8807,52.342],[14.88,52.338],[14.8834,52.337],[14.8826,52.3332],[14.906,52.3268],[14.9001,52.317],[14.886,52.3142],[14.8802,52.3111],[14.871,52.2962]]]]}},{"type":"Feature","properties":{"GID_2":"POL.5.7_1","GID_0":"POL","COUNTRY":"Poland","GID_1":"POL.5_1","NAME_1":"Lubuskie","NL_NAME_1":"NA","NAME_2":"Strzelce-Drezdenko","VARNAME_2":"NA","NL_NAME_2":"NA","TYPE_2":"Powiat","ENGTYPE_2":"County","CC_2":"0806","HASC_2":"NA"},"geometry":{"type":"MultiPolygon","coordinates":[[[[15.5829,52.7665],[15.5753,52.7672],[15.569,52.7641],[15.5623,52.7639],[15.5386,52.7698],[15.5337,52.7659],[15.5227,52.7641],[15.5103,52.7574],[15.5086,52.7542],[15.4993,52.7513],[15.4951,52.7527],[15.4901,52.752],[15.4826,52.7597],[15.4741,52.7629],[15.4562,52.7765],[15.4481,52.7711],[15.4467,52.7723],[15.4498,52.7753],[15.4459,52.7785],[15.4581,52.783],[15.4605,52.7867],[15.4694,52.789],[15.4683,52.7908],[15.4659,52.7925],[15.4618,52.792],[15.4506,52.7978],[15.4477,52.8012],[15.4448,52.8017],[15.4338,52.8096],[15.4135,52.8103],[15.4076,52.8138],[15.4271,52.8133],[15.4329,52.8149],[15.432,52.8198],[15.4235,52.8252],[15.4204,52.8341],[15.4248,52.8391],[15.4453,52.8425],[15.44,52.8496],[15.4424,52.8513],[15.4421,52.8576],[15.4465,52.8612],[15.4403,52.8659],[15.4409,52.8697],[15.4395,52.8712],[15.4406,52.8719],[15.4382,52.8739],[15.4367,52.8787],[15.4314,52.8797],[15.4318,52.8812],[15.4234,52.8865],[15.4193,52.8851],[15.4009,52.8846],[15.374,52.8875],[15.3653,52.8935],[15.3669,52.8944],[15.3657,52.8996],[15.3671,52.9009],[15.3654,52.9018],[15.3352,52.9051],[15.3226,52.9028],[15.3196,52.9094],[15.3079,52.9193],[15.3051,52.9239],[15.2914,52.9336],[15.283,52.9462],[15.2842,52.9548],[15.2878,52.958],[15.3333,52.9482],[15.3507,52.9431],[15.3517,52.9416],[15.3631,52.9442],[15.3612,52.9459],[15.362,52.9481],[15.3659,52.9478],[15.3659,52.9456],[15.3693,52.947],[15.381,52.9591],[15.3908,52.9628],[15.3864,52.965],[15.3883,52.9716],[15.4052,52.9745],[15.412,52.9803],[15.4433,52.9898],[15.4537,52.9872],[15.4652,52.9887],[15.4755,52.9938],[15.501,53.0007],[15.5016,52.9997],[15.5244,53.0037],[15.5252,53.0063],[15.5328,53.0057],[15.5407,53.0084],[15.5398,53.0094],[15.5469,53.0145],[15.5552,53.0113],[15.5566,53.0066],[15.5606,53.0043],[15.5619,52.9992],[15.5722,52.9869],[15.5805,52.9889],[15.5842,52.9865],[15.588,52.9811],[15.6024,52.985],[15.6064,52.9848],[15.6109,52.9822],[15.6155,52.9843],[15.6334,52.9764],[15.6517,52.9839],[15.6611,52.99],[15.6753,52.9932],[15.6817,52.9973],[15.6893,52.9959],[15.6919,52.9982],[15.695,52.9976],[15.694,52.9958],[15.6987,52.9933],[15.7044,52.9957],[15.7083,52.9905],[15.7191,52.9886],[15.7211,52.9866],[15.7305,52.9898],[15.7434,52.9914],[15.7565,52.9962],[15.7594,52.9967],[15.7606,52.9951],[15.7634,53.0005],[15.7648,52.9989],[15.7691,52.9995],[15.7728,53.0033],[15.7717,53.0067],[15.7757,53.0128],[15.774,53.0144],[15.778,53.0151],[15.7771,53.0173],[15.7674,53.0204],[15.7627,53.0267],[15.7729,53.0267],[15.7735,53.0288],[15.778,53.0298],[15.7788,53.0334],[15.7816,53.0335],[15.7851,53.0399],[15.7902,53.041],[15.7879,53.0428],[15.8087,53.0454],[15.803,53.0474],[15.8042,53.0505],[15.802,53.0526],[15.7944,53.0534],[15.7898,53.0574],[15.7789,53.058],[15.7798,53.0602],[15.7828,53.0611],[15.7915,53.0592],[15.8216,53.0652],[15.8135,53.0805],[15.8094,53.0808],[15.8125,53.0824],[15.8115,53.0844],[15.8335,53.0876],[15.86,53.0937],[15.8482,53.1152],[15.8753,53.1211],[15.8804,53.1187],[15.9118,53.124],[15.9129,53.12],[15.9164,53.1193],[15.9793,53.1103],[15.9814,53.1157],[15.985,53.1142],[15.9841,53.111],[15.9818,53.1096],[15.9819,53.1061],[15.9792,53.1033],[15.9808,53.1016],[15.9818,53.1026],[15.984,53.1018],[15.9809,53.0973],[15.9859,53.096],[15.9858,53.0921],[15.9888,53.093],[15.9926,53.0917],[15.9983,53.087],[15.9967,53.0829],[15.9924,53.0808],[15.9954,53.0783],[15.9941,53.0775],[15.9947,53.074],[15.9873,53.0692],[15.9863,53.0649],[15.9848,53.0643],[15.9869,53.0626],[15.9854,53.0603],[15.9897,53.0563],[15.989,53.0548],[15.9866,53.055],[15.9869,53.0534],[15.9831,53.0555],[15.9815,53.0543],[15.9802,53.0564],[15.9754,53.0549],[15.9725,53.0569],[15.9746,53.0537],[15.9728,53.0492],[15.9665,53.0463],[15.9671,53.044],[15.9651,53.0419],[15.9554,53.0403],[15.9545,53.0383],[15.9558,53.0383],[15.9542,53.0377],[15.9565,53.0376],[15.9517,53.0346],[15.9523,53.0327],[15.9571,53.0319],[15.9556,53.0298],[15.9572,53.0268],[15.9557,53.0252],[15.9579,53.0229],[15.9558,53.0223],[15.9564,53.02],[15.9546,53.0199],[15.9558,53.0186],[15.9546,53.0173],[15.9587,53.0143],[15.954,53.013],[15.9567,53.0116],[15.9558,53.0081],[15.9534,53.0069],[15.9537,53.0016],[15.9494,52.9985],[15.95,52.9952],[15.9537,52.9936],[15.951,52.9912],[15.9554,52.9886],[15.9513,52.9856],[15.9547,52.9844],[15.9552,52.9823],[15.9515,52.9808],[15.9541,52.9803],[15.9536,52.9781],[15.9564,52.976],[15.946,52.9733],[15.9486,52.9726],[15.9462,52.9711],[15.9517,52.972],[15.9531,52.9698],[15.9541,52.9714],[15.9614,52.9708],[15.9616,52.9672],[15.9592,52.9671],[15.96,52.965],[15.9587,52.9643],[15.962,52.9632],[15.9596,52.9597],[15.9618,52.9584],[15.9605,52.9561],[15.9644,52.954],[15.9668,52.9498],[15.9696,52.9493],[15.9666,52.9475],[15.9693,52.9466],[15.9735,52.941],[15.9788,52.9372],[15.9778,52.9357],[15.9798,52.9337],[15.9722,52.9289],[15.9778,52.9221],[15.9768,52.9206],[15.9802,52.9136],[15.9795,52.909],[15.9763,52.91],[15.9721,52.9048],[15.9746,52.9019],[15.9673,52.9],[15.9739,52.8948],[15.9719,52.8926],[15.9749,52.8909],[15.9756,52.8868],[15.978,52.8861],[15.976,52.8838],[15.9766,52.882],[15.9798,52.8807],[15.9793,52.8776],[15.9773,52.8769],[15.9756,52.873],[15.9633,52.8741],[15.9614,52.8693],[15.9686,52.8683],[15.9697,52.8658],[15.9715,52.8669],[15.9741,52.859],[15.9711,52.8572],[15.9664,52.8582],[15.9631,52.8571],[15.9694,52.8537],[15.9548,52.8561],[15.9479,52.855],[15.9463,52.8542],[15.9518,52.8431],[15.9229,52.831],[15.9187,52.8411],[15.9146,52.84],[15.9121,52.8376],[15.908,52.8378],[15.9062,52.837],[15.9062,52.8353],[15.9029,52.8359],[15.9012,52.8346],[15.9003,52.8331],[15.9045,52.8266],[15.8945,52.8258],[15.8971,52.8207],[15.8952,52.819],[15.8965,52.8153],[15.8932,52.8126],[15.9023,52.8065],[15.9112,52.8067],[15.9118,52.8037],[15.9256,52.802],[15.9319,52.8039],[15.934,52.8041],[15.9353,52.8033],[15.9328,52.8021],[15.9346,52.8014],[15.9348,52.793],[15.9384,52.7862],[15.9261,52.784],[15.9257,52.7822],[15.9272,52.7784],[15.9334,52.7743],[15.9379,52.769],[15.9384,52.7675],[15.9365,52.7658],[15.9417,52.7592],[15.9489,52.7558],[15.9472,52.7556],[15.9455,52.7515],[15.9485,52.7445],[15.9473,52.7348],[15.9449,52.7292],[15.9202,52.7233],[15.9054,52.7142],[15.8858,52.715],[15.865,52.7103],[15.8458,52.7092],[15.8373,52.7063],[15.8123,52.7097],[15.7953,52.7085],[15.7913,52.705],[15.7808,52.7004],[15.7562,52.7064],[15.7377,52.7133],[15.7026,52.7091],[15.6719,52.703],[15.6512,52.7012],[15.63,52.7016],[15.6134,52.7059],[15.6045,52.7126],[15.6027,52.7159],[15.6062,52.7228],[15.6055,52.7254],[15.601,52.7267],[15.5931,52.7255],[15.5874,52.7263],[15.5878,52.7446],[15.5833,52.7485],[15.579,52.756],[15.58,52.7581],[15.578,52.7592],[15.5814,52.7593],[15.5852,52.7625],[15.5829,52.7665]]]]}},{"type":"Feature","properties":{"GID_2":"POL.5.8_1","GID_0":"POL","COUNTRY":"Poland","GID_1":"POL.5_1","NAME_1":"Lubuskie","NL_NAME_1":"NA","NAME_2":"Sulecin","VARNAME_2":"NA","NL_NAME_2":"NA","TYPE_2":"Powiat","ENGTYPE_2":"County","CC_2":"0807","HASC_2":"NA"},"geometry":{"type":"MultiPolygon","coordinates":[[[[15.0909,52.2267],[15.0861,52.2272],[15.0867,52.2318],[15.0897,52.2328],[15.087,52.2335],[15.0871,52.2347],[15.083,52.2324],[15.0803,52.2329],[15.0798,52.2305],[15.0772,52.229],[15.0759,52.2307],[15.0727,52.2317],[15.0714,52.2306],[15.072,52.2319],[15.0675,52.2328],[15.0599,52.2306],[15.061,52.2298],[15.0603,52.2274],[15.0566,52.2272],[15.056,52.2248],[15.0492,52.2247],[15.0462,52.2218],[15.0328,52.2203],[15.0322,52.2219],[15.026,52.2238],[15.0271,52.2189],[15.023,52.2163],[15.009,52.2152],[15.007,52.2178],[14.9823,52.2189],[14.9609,52.2086],[14.9469,52.209],[14.9377,52.2111],[14.9333,52.2081],[14.9314,52.2094],[14.9304,52.2083],[14.9319,52.2071],[14.9256,52.2064],[14.9233,52.2047],[14.921,52.2069],[14.924,52.2073],[14.9234,52.2085],[14.9187,52.2068],[14.9176,52.2083],[14.9199,52.2092],[14.9133,52.2099],[14.903,52.2292],[14.9042,52.2308],[14.9018,52.2316],[14.8972,52.2402],[14.902,52.2411],[14.8889,52.2472],[14.8843,52.253],[14.8869,52.2549],[14.8918,52.2529],[14.9015,52.2571],[14.9169,52.2529],[14.919,52.2605],[14.9171,52.2657],[14.9112,52.2646],[14.9095,52.2742],[14.9024,52.2743],[14.899,52.2812],[14.8905,52.2797],[14.889,52.2829],[14.8805,52.2798],[14.877,52.2813],[14.8734,52.2848],[14.8714,52.2896],[14.8686,52.2906],[14.8732,52.3011],[14.8802,52.3111],[14.886,52.3142],[14.9001,52.317],[14.906,52.3268],[14.8826,52.3332],[14.8834,52.337],[14.88,52.338],[14.8807,52.342],[14.8748,52.3418],[14.8773,52.3568],[14.8739,52.3582],[14.8779,52.3592],[14.8752,52.3623],[14.8891,52.3664],[14.892,52.3661],[14.8967,52.3616],[14.917,52.3602],[14.9195,52.3615],[14.9152,52.3643],[14.9183,52.3649],[14.9205,52.3674],[14.9193,52.3712],[14.921,52.3762],[14.9181,52.3828],[14.9188,52.3858],[14.9241,52.3916],[14.9261,52.3969],[14.9337,52.4032],[14.9465,52.4096],[14.9817,52.4032],[14.9794,52.4007],[14.9831,52.3906],[15.0092,52.3934],[15.0245,52.3911],[15.0273,52.3922],[15.0312,52.3993],[15.0354,52.413],[15.0298,52.4228],[15.0268,52.4239],[15.0274,52.4257],[15.0247,52.4293],[15.0245,52.4323],[15.0277,52.4324],[15.0287,52.4342],[15.0337,52.4339],[15.0299,52.4349],[15.031,52.4374],[15.034,52.4373],[15.0363,52.4401],[15.044,52.4412],[15.0407,52.4519],[15.0335,52.4544],[14.9975,52.4564],[14.9939,52.4589],[14.9941,52.4602],[14.9902,52.4618],[14.9878,52.4655],[14.9877,52.4726],[14.9855,52.4782],[14.9879,52.4802],[14.9906,52.4909],[14.9711,52.492],[14.9689,52.4977],[14.9722,52.5061],[14.9906,52.5138],[14.9941,52.5162],[14.9943,52.5198],[14.9819,52.5235],[14.9616,52.5266],[14.9424,52.5252],[14.929,52.5299],[14.901,52.5248],[14.8922,52.5186],[14.8821,52.5163],[14.8763,52.5118],[14.8456,52.5135],[14.8236,52.5072],[14.8166,52.5072],[14.8122,52.5112],[14.8093,52.5224],[14.8055,52.5253],[14.8101,52.531],[14.8131,52.5391],[14.7891,52.5438],[14.7805,52.5481],[14.7737,52.5439],[14.7609,52.543],[14.7148,52.5459],[14.6554,52.5676],[14.6473,52.5722],[14.6494,52.5739],[14.6492,52.5764],[14.6551,52.5783],[14.6563,52.5802],[14.6995,52.5895],[14.7052,52.5925],[14.7364,52.5975],[14.7586,52.6035],[14.7879,52.6022],[14.8123,52.6088],[14.8502,52.6221],[14.8531,52.6223],[14.8565,52.6182],[14.8587,52.6191],[14.8612,52.6175],[14.8622,52.6187],[14.8803,52.6154],[14.9025,52.6182],[14.9353,52.6197],[14.9992,52.6403],[14.9996,52.6393],[15.0077,52.6407],[15.0089,52.6385],[15.0244,52.6404],[15.032,52.6434],[15.0396,52.641],[15.0471,52.6372],[15.0512,52.6329],[15.0565,52.6313],[15.0596,52.6281],[15.0599,52.6242],[15.0642,52.6211],[15.0804,52.6172],[15.1045,52.6176],[15.1127,52.6208],[15.1356,52.6431],[15.1501,52.6458],[15.1541,52.6508],[15.1577,52.6521],[15.1643,52.6469],[15.1741,52.6455],[15.1954,52.6354],[15.2064,52.6337],[15.1967,52.6261],[15.1984,52.6154],[15.2016,52.6156],[15.2054,52.6128],[15.2056,52.6081],[15.211,52.6081],[15.2115,52.5944],[15.2141,52.5944],[15.2094,52.5893],[15.2096,52.5844],[15.2387,52.5877],[15.306,52.5901],[15.3102,52.5439],[15.3049,52.5443],[15.3078,52.542],[15.2763,52.541],[15.2771,52.5304],[15.2767,52.5282],[15.2749,52.5277],[15.2753,52.5083],[15.2902,52.5019],[15.2907,52.4981],[15.2848,52.4945],[15.2708,52.4927],[15.2675,52.4903],[15.2659,52.4916],[15.2658,52.4852],[15.2687,52.4845],[15.2694,52.4828],[15.2759,52.4829],[15.2782,52.4807],[15.2799,52.481],[15.2803,52.4785],[15.3042,52.4733],[15.2987,52.4618],[15.3221,52.455],[15.3174,52.4481],[15.3227,52.444],[15.3208,52.4442],[15.3219,52.4408],[15.337,52.4363],[15.3338,52.4263],[15.35,52.4231],[15.3511,52.4215],[15.3486,52.4177],[15.3613,52.416],[15.3658,52.4175],[15.3676,52.4174],[15.3657,52.416],[15.3694,52.4157],[15.3722,52.4182],[15.3717,52.4204],[15.3788,52.4188],[15.3921,52.4191],[15.4087,52.4218],[15.4191,52.4192],[15.416,52.4099],[15.4217,52.4079],[15.4217,52.4054],[15.4289,52.401],[15.4359,52.3993],[15.4419,52.3949],[15.4387,52.3898],[15.4468,52.3871],[15.446,52.3862],[15.4506,52.386],[15.4358,52.3756],[15.4277,52.3755],[15.4049,52.3705],[15.3913,52.3766],[15.3575,52.3797],[15.3497,52.3788],[15.3449,52.3659],[15.3295,52.3703],[15.3213,52.3705],[15.3206,52.372],[15.3167,52.3718],[15.3173,52.3728],[15.3124,52.3725],[15.3114,52.3709],[15.3059,52.371],[15.3047,52.3748],[15.3062,52.3777],[15.2998,52.3786],[15.2997,52.3758],[15.2883,52.3761],[15.2837,52.3721],[15.2672,52.3736],[15.2574,52.3716],[15.2574,52.3641],[15.2475,52.3478],[15.2458,52.3483],[15.2406,52.3416],[15.2279,52.3417],[15.2296,52.3328],[15.2324,52.3324],[15.2357,52.3282],[15.2353,52.3263],[15.2389,52.3238],[15.2427,52.3117],[15.2249,52.3102],[15.2088,52.3114],[15.2065,52.3097],[15.2022,52.3098],[15.1999,52.297],[15.2126,52.2933],[15.2276,52.2851],[15.2136,52.2805],[15.2075,52.2757],[15.2089,52.2753],[15.2055,52.2722],[15.1943,52.268],[15.1924,52.2643],[15.1898,52.2629],[15.1892,52.2598],[15.1796,52.2549],[15.1739,52.2561],[15.1724,52.2576],[15.1746,52.2602],[15.1741,52.2623],[15.1679,52.2661],[15.1633,52.2622],[15.1462,52.255],[15.1452,52.2539],[15.1485,52.2499],[15.1579,52.2449],[15.158,52.2435],[15.155,52.242],[15.1549,52.2377],[15.1519,52.237],[15.1493,52.2338],[15.1395,52.234],[15.1372,52.2325],[15.1376,52.2309],[15.136,52.2303],[15.1348,52.2318],[15.1317,52.2302],[15.1286,52.2304],[15.1212,52.235],[15.1099,52.2341],[15.1054,52.2319],[15.0963,52.2309],[15.0975,52.229],[15.0947,52.228],[15.0947,52.2264],[15.0909,52.2267]]]]}},{"type":"Feature","properties":{"GID_2":"POL.5.9_1","GID_0":"POL","COUNTRY":"Poland","GID_1":"POL.5_1","NAME_1":"Lubuskie","NL_NAME_1":"NA","NAME_2":"Swiebodzin","VARNAME_2":"NA","NL_NAME_2":"NA","TYPE_2":"Powiat","ENGTYPE_2":"County","CC_2":"0808","HASC_2":"NA"},"geometry":{"type":"MultiPolygon","coordinates":[[[[15.3062,52.1326],[15.2928,52.1432],[15.2917,52.1456],[15.2959,52.1546],[15.298,52.1637],[15.2968,52.1694],[15.3009,52.1757],[15.304,52.1903],[15.3061,52.1903],[15.3069,52.1939],[15.3125,52.1951],[15.3144,52.2026],[15.3048,52.2042],[15.2916,52.2131],[15.283,52.2136],[15.2534,52.2081],[15.2208,52.1946],[15.2146,52.2076],[15.2039,52.2058],[15.1978,52.2188],[15.1554,52.2113],[15.1538,52.2147],[15.1375,52.2124],[15.101,52.205],[15.0927,52.2228],[15.0903,52.2233],[15.089,52.226],[15.0947,52.2264],[15.0947,52.228],[15.0975,52.229],[15.0963,52.2309],[15.1054,52.2319],[15.1099,52.2341],[15.1212,52.235],[15.1286,52.2304],[15.1317,52.2302],[15.1348,52.2318],[15.136,52.2303],[15.1376,52.2309],[15.1372,52.2325],[15.1395,52.234],[15.1493,52.2338],[15.1519,52.237],[15.1549,52.2377],[15.155,52.242],[15.158,52.2435],[15.1579,52.2449],[15.1485,52.2499],[15.1452,52.2539],[15.1462,52.255],[15.1633,52.2622],[15.1679,52.2661],[15.1741,52.2623],[15.1746,52.2602],[15.1724,52.2576],[15.1739,52.2561],[15.1796,52.2549],[15.1892,52.2598],[15.1898,52.2629],[15.1924,52.2643],[15.1943,52.268],[15.2055,52.2722],[15.2089,52.2753],[15.2075,52.2757],[15.2136,52.2805],[15.2262,52.2839],[15.2278,52.2853],[15.2232,52.2881],[15.2046,52.2966],[15.1999,52.297],[15.2022,52.3098],[15.2065,52.3097],[15.2088,52.3114],[15.2249,52.3102],[15.2427,52.3117],[15.2389,52.3238],[15.2353,52.3263],[15.2357,52.3282],[15.2324,52.3324],[15.2296,52.3328],[15.2279,52.3417],[15.2406,52.3416],[15.2425,52.3428],[15.2559,52.3605],[15.2574,52.3641],[15.2574,52.3716],[15.2601,52.3724],[15.2672,52.3736],[15.2837,52.3721],[15.2883,52.3761],[15.2997,52.3758],[15.2998,52.3786],[15.3062,52.3777],[15.3047,52.3748],[15.3059,52.371],[15.3114,52.3709],[15.3124,52.3725],[15.3173,52.3728],[15.3167,52.3718],[15.3206,52.372],[15.3213,52.3705],[15.3295,52.3703],[15.3449,52.3659],[15.3495,52.3756],[15.3491,52.3787],[15.354,52.3795],[15.3913,52.3766],[15.4049,52.3705],[15.4353,52.3759],[15.4418,52.3681],[15.4513,52.3696],[15.455,52.3677],[15.455,52.3605],[15.4922,52.3661],[15.4937,52.3636],[15.4961,52.3632],[15.4978,52.3592],[15.5228,52.3559],[15.5421,52.3552],[15.5535,52.3529],[15.554,52.3542],[15.5644,52.3517],[15.5648,52.3502],[15.5674,52.3494],[15.5738,52.3513],[15.5749,52.3487],[15.5685,52.3493],[15.5675,52.3479],[15.569,52.3465],[15.5654,52.345],[15.5709,52.3421],[15.5848,52.3452],[15.5973,52.343],[15.6037,52.3442],[15.6224,52.3427],[15.6262,52.3208],[15.6325,52.3234],[15.6394,52.323],[15.6507,52.3165],[15.6483,52.313],[15.6509,52.3108],[15.6617,52.3065],[15.6963,52.2973],[15.7004,52.2902],[15.7038,52.2933],[15.7111,52.2897],[15.7196,52.2931],[15.725,52.2906],[15.7329,52.2928],[15.7662,52.3041],[15.7599,52.3064],[15.7971,52.3172],[15.7966,52.3184],[15.8302,52.3205],[15.8345,52.312],[15.8386,52.3137],[15.8474,52.3088],[15.8514,52.3098],[15.8501,52.3086],[15.8553,52.3071],[15.8501,52.3064],[15.851,52.3055],[15.8489,52.3043],[15.8521,52.3008],[15.8494,52.2977],[15.8504,52.2941],[15.8377,52.289],[15.8301,52.2879],[15.8266,52.2837],[15.8551,52.2848],[15.8808,52.2904],[15.881,52.2884],[15.8797,52.2881],[15.8814,52.2842],[15.8705,52.2808],[15.87,52.2779],[15.8712,52.2775],[15.866,52.2721],[15.8592,52.2673],[15.857,52.2679],[15.8524,52.2621],[15.8549,52.2611],[15.8513,52.2556],[15.8576,52.2481],[15.8588,52.2335],[15.8608,52.2276],[15.8495,52.2133],[15.8253,52.2072],[15.812,52.2098],[15.8078,52.2151],[15.8041,52.2149],[15.8005,52.2138],[15.8031,52.21],[15.7904,52.2048],[15.7879,52.2021],[15.7713,52.1935],[15.7367,52.1918],[15.7373,52.1845],[15.7316,52.174],[15.7252,52.1681],[15.7214,52.169],[15.7012,52.1665],[15.7009,52.1729],[15.6989,52.173],[15.699,52.1743],[15.6903,52.1738],[15.6899,52.1656],[15.6713,52.161],[15.6671,52.1646],[15.6631,52.1769],[15.6612,52.1765],[15.657,52.1827],[15.6404,52.1811],[15.6414,52.1787],[15.6314,52.1769],[15.6344,52.1717],[15.6069,52.1641],[15.614,52.1556],[15.6055,52.1539],[15.5929,52.1423],[15.5909,52.1375],[15.5584,52.1269],[15.5555,52.1249],[15.557,52.1234],[15.5511,52.1225],[15.5453,52.1246],[15.5457,52.1214],[15.5401,52.1209],[15.5402,52.1259],[15.5263,52.1246],[15.5095,52.1165],[15.5023,52.1105],[15.4893,52.1081],[15.4805,52.1009],[15.4571,52.1081],[15.4531,52.1087],[15.4526,52.1073],[15.4378,52.1105],[15.4264,52.1049],[15.4268,52.1031],[15.4197,52.1019],[15.4152,52.0975],[15.4059,52.095],[15.399,52.1026],[15.4029,52.106],[15.4038,52.11],[15.413,52.1163],[15.3651,52.1146],[15.3456,52.1201],[15.3274,52.1222],[15.325,52.1253],[15.326,52.1268],[15.314,52.1311],[15.306,52.1313],[15.3062,52.1326]]]]}},{"type":"Feature","properties":{"GID_2":"POL.5.10_1","GID_0":"POL","COUNTRY":"Poland","GID_1":"POL.5_1","NAME_1":"Lubuskie","NL_NAME_1":"NA","NAME_2":"Wschowa","VARNAME_2":"NA","NL_NAME_2":"NA","TYPE_2":"Powiat","ENGTYPE_2":"County","CC_2":"0812","HASC_2":"NA"},"geometry":{"type":"MultiPolygon","coordinates":[[[[16.2235,51.6959],[16.2278,51.6987],[16.219,51.71],[16.2175,51.7146],[16.2023,51.7145],[16.2016,51.7172],[16.1997,51.7181],[16.1949,51.7156],[16.1854,51.716],[16.1819,51.7129],[16.1831,51.7115],[16.1735,51.7122],[16.1723,51.7092],[16.16,51.7117],[16.1612,51.7155],[16.1582,51.716],[16.1586,51.718],[16.1617,51.7183],[16.1778,51.764],[16.1729,51.7638],[16.1605,51.7589],[16.1517,51.7601],[16.1335,51.7583],[16.134,51.7652],[16.1183,51.7657],[16.1164,51.7636],[16.1008,51.7674],[16.0996,51.7662],[16.0959,51.7671],[16.0913,51.7684],[16.0921,51.7702],[16.0786,51.7728],[16.0778,51.777],[16.0727,51.7777],[16.07,51.7826],[16.0538,51.7817],[16.0435,51.7838],[16.0399,51.7807],[16.0352,51.7817],[16.034,51.785],[16.0349,51.7954],[16.029,51.8024],[16.0092,51.8021],[16.0039,51.8005],[16.0014,51.8036],[15.9962,51.8012],[15.9948,51.8048],[15.9792,51.8023],[15.9826,51.7998],[15.9773,51.7959],[15.9685,51.7949],[15.966,51.7915],[15.9681,51.7879],[15.9626,51.7872],[15.9582,51.79],[15.9521,51.7897],[15.9543,51.7924],[15.9507,51.8007],[15.928,51.8011],[15.9213,51.7991],[15.9016,51.7976],[15.8926,51.7977],[15.8923,51.7999],[15.8912,51.798],[15.8839,51.7989],[15.8786,51.8119],[15.883,51.8177],[15.8805,51.8236],[15.852,51.8259],[15.841,51.8292],[15.8384,51.8352],[15.8251,51.8462],[15.8352,51.8519],[15.8358,51.8497],[15.84,51.8504],[15.8394,51.8519],[15.8501,51.8534],[15.8492,51.8556],[15.8544,51.855],[15.8611,51.8517],[15.8654,51.8599],[15.8671,51.8597],[15.8715,51.853],[15.8772,51.8514],[15.9034,51.8541],[15.912,51.857],[15.9054,51.8613],[15.9039,51.8669],[15.9256,51.8699],[15.9278,51.8706],[15.9259,51.8753],[15.9299,51.8744],[15.9365,51.8767],[15.9428,51.8757],[15.9457,51.88],[15.9509,51.8781],[15.9528,51.8794],[15.9551,51.8785],[15.9539,51.8748],[15.9512,51.8755],[15.9488,51.8732],[15.9496,51.871],[15.9588,51.8691],[15.9614,51.87],[15.9632,51.868],[15.9654,51.8687],[15.9644,51.8701],[15.9685,51.8693],[15.9665,51.8719],[15.975,51.8702],[15.9803,51.8748],[15.9736,51.8818],[15.9775,51.8902],[15.985,51.8933],[15.9927,51.8915],[15.9945,51.8954],[15.9926,51.8969],[15.9918,51.9036],[15.9872,51.9067],[15.9869,51.9084],[15.9815,51.9114],[15.9762,51.9119],[15.971,51.9165],[15.957,51.9192],[15.9556,51.9207],[15.9569,51.9219],[15.9713,51.9202],[15.9705,51.9227],[15.9678,51.9231],[15.9674,51.9245],[15.9715,51.9263],[15.9624,51.9284],[15.9592,51.9311],[15.9556,51.9313],[15.9547,51.9335],[15.948,51.9341],[15.9451,51.9374],[15.9586,51.9436],[15.9714,51.9417],[15.9968,51.9472],[16.0024,51.9589],[16.0112,51.9652],[16.0117,51.9685],[16.0083,51.971],[16.0079,51.9755],[16.0078,51.9793],[16.0102,51.9814],[16.0375,51.978],[16.0606,51.9772],[16.0775,51.9825],[16.106,51.9968],[16.1229,51.9931],[16.1212,51.9919],[16.1243,51.9847],[16.1278,51.9809],[16.1278,51.9773],[16.1303,51.979],[16.1334,51.9723],[16.131,51.9718],[16.1325,51.9666],[16.1346,51.967],[16.1373,51.9544],[16.1238,51.9514],[16.1306,51.9437],[16.1257,51.942],[16.131,51.9404],[16.1262,51.9339],[16.1269,51.9316],[16.1341,51.9319],[16.1382,51.9255],[16.1362,51.9251],[16.1355,51.9229],[16.1268,51.9217],[16.1253,51.9198],[16.1324,51.92],[16.1331,51.917],[16.1251,51.9162],[16.1183,51.9134],[16.1087,51.9036],[16.1035,51.9051],[16.0997,51.9031],[16.1017,51.8962],[16.0982,51.8959],[16.0989,51.8935],[16.1029,51.893],[16.1064,51.8959],[16.1231,51.8965],[16.1435,51.895],[16.1529,51.8923],[16.1616,51.8924],[16.1617,51.8901],[16.1723,51.8834],[16.1813,51.8832],[16.1879,51.8813],[16.1881,51.8829],[16.1857,51.8847],[16.1929,51.8851],[16.1936,51.8798],[16.2001,51.8719],[16.2147,51.8698],[16.2236,51.8749],[16.2293,51.876],[16.2354,51.8821],[16.2396,51.8838],[16.2458,51.8915],[16.2455,51.8965],[16.2486,51.8988],[16.2481,51.9007],[16.2537,51.8994],[16.2541,51.9017],[16.2558,51.9022],[16.2574,51.8975],[16.2588,51.8973],[16.2592,51.8989],[16.2691,51.898],[16.2699,51.8958],[16.2727,51.8951],[16.2791,51.8977],[16.2778,51.8995],[16.2789,51.9],[16.2869,51.9003],[16.2919,51.8952],[16.299,51.8936],[16.3128,51.8864],[16.3204,51.8869],[16.3515,51.8807],[16.3461,51.875],[16.3379,51.876],[16.3351,51.8711],[16.3417,51.8696],[16.3576,51.8575],[16.3726,51.8539],[16.3871,51.8464],[16.3795,51.8389],[16.4005,51.8378],[16.3987,51.8353],[16.4007,51.8306],[16.3952,51.8238],[16.394,51.8198],[16.4008,51.8142],[16.4022,51.8108],[16.4019,51.8048],[16.3883,51.7933],[16.3886,51.7912],[16.3937,51.7865],[16.4018,51.7899],[16.4048,51.7864],[16.4098,51.7843],[16.4162,51.7849],[16.4168,51.7827],[16.4086,51.78],[16.411,51.7788],[16.4082,51.7729],[16.3983,51.7706],[16.3952,51.7672],[16.3833,51.7704],[16.3771,51.7672],[16.3795,51.7658],[16.3759,51.7598],[16.378,51.753],[16.3754,51.7502],[16.3726,51.7497],[16.3707,51.745],[16.3656,51.7415],[16.3617,51.7415],[16.3616,51.7359],[16.367,51.7334],[16.3663,51.7322],[16.3693,51.7288],[16.3589,51.7207],[16.3599,51.7195],[16.3559,51.716],[16.3505,51.7158],[16.3508,51.7144],[16.3479,51.7125],[16.3501,51.7108],[16.3469,51.7089],[16.34,51.7088],[16.3382,51.7059],[16.3265,51.7021],[16.3173,51.7026],[16.3027,51.6985],[16.3022,51.6954],[16.2973,51.6946],[16.2996,51.69],[16.2764,51.6883],[16.2765,51.6872],[16.2691,51.6845],[16.2679,51.6774],[16.276,51.6724],[16.2713,51.6684],[16.2697,51.6634],[16.2654,51.6725],[16.2554,51.6793],[16.2521,51.6859],[16.2374,51.6885],[16.2235,51.6959]]]]}},{"type":"Feature","properties":{"GID_2":"POL.5.11_1","GID_0":"POL","COUNTRY":"Poland","GID_1":"POL.5_1","NAME_1":"Lubuskie","NL_NAME_1":"NA","NAME_2":"Zagan","VARNAME_2":"NA","NL_NAME_2":"NA","TYPE_2":"Powiat","ENGTYPE_2":"County","CC_2":"0810","HASC_2":"NA"},"geometry":{"type":"MultiPolygon","coordinates":[[[[15.121,51.434],[15.1186,51.4317],[15.1109,51.4298],[15.1118,51.4284],[15.1095,51.4278],[15.0954,51.4254],[15.0927,51.4295],[15.0862,51.4255],[15.0889,51.4294],[15.0658,51.435],[15.0473,51.4364],[15.0488,51.482],[14.9929,51.4827],[14.9884,51.4873],[14.9879,51.4961],[15.0002,51.4961],[15.0,51.4894],[15.0109,51.4893],[15.0117,51.5064],[15.0146,51.5089],[15.0176,51.5084],[15.0195,51.512],[15.0174,51.5128],[15.0184,51.5157],[15.0252,51.5138],[15.0265,51.516],[15.0166,51.5234],[15.0138,51.5206],[15.0118,51.5211],[15.026,51.5319],[15.0245,51.534],[15.0202,51.5368],[15.0155,51.5376],[15.0138,51.5364],[15.0024,51.537],[15.0032,51.5396],[15.0173,51.5412],[15.0193,51.5443],[15.0179,51.5474],[15.0255,51.5481],[15.0295,51.5502],[15.0513,51.5468],[15.0525,51.5489],[15.0581,51.5497],[15.0584,51.5559],[15.0609,51.556],[15.0622,51.5617],[15.1112,51.5455],[15.1201,51.5463],[15.1232,51.5484],[15.146,51.5493],[15.1568,51.5529],[15.1701,51.5499],[15.1805,51.5607],[15.1797,51.5647],[15.1747,51.5662],[15.1731,51.5709],[15.168,51.5713],[15.1679,51.5729],[15.1721,51.573],[15.1678,51.5737],[15.169,51.5773],[15.1668,51.5766],[15.1657,51.5778],[15.1676,51.5787],[15.1675,51.58],[15.165,51.5803],[15.1671,51.5818],[15.1657,51.5827],[15.168,51.5834],[15.1673,51.5852],[15.172,51.5857],[15.1715,51.5869],[15.1936,51.5814],[15.1999,51.5848],[15.2169,51.5842],[15.2359,51.5906],[15.2392,51.5978],[15.255,51.6047],[15.2603,51.6107],[15.2603,51.6154],[15.2636,51.6191],[15.2605,51.6255],[15.2621,51.6257],[15.2621,51.6455],[15.2666,51.645],[15.2674,51.6569],[15.272,51.6576],[15.2735,51.66],[15.2702,51.6688],[15.2612,51.6692],[15.2521,51.6748],[15.2526,51.6782],[15.251,51.6811],[15.2547,51.6853],[15.2489,51.6861],[15.2409,51.6961],[15.2336,51.6984],[15.2397,51.6993],[15.2409,51.7012],[15.2521,51.7057],[15.2439,51.7135],[15.2411,51.7235],[15.2378,51.7269],[15.233,51.7406],[15.2465,51.7415],[15.2481,51.7431],[15.245,51.7474],[15.2501,51.7525],[15.2559,51.7489],[15.2669,51.7479],[15.2713,51.7532],[15.2696,51.7609],[15.2871,51.7596],[15.2854,51.7572],[15.2981,51.7544],[15.2963,51.7523],[15.2982,51.7521],[15.3038,51.7585],[15.3081,51.7583],[15.3104,51.7573],[15.3098,51.7528],[15.3127,51.7501],[15.3102,51.7455],[15.3106,51.742],[15.3268,51.7439],[15.3357,51.7416],[15.3363,51.745],[15.3457,51.7365],[15.3523,51.7376],[15.3556,51.7366],[15.3559,51.7403],[15.3631,51.7392],[15.3811,51.7456],[15.3838,51.7518],[15.3977,51.7545],[15.4057,51.7502],[15.413,51.7532],[15.4143,51.7541],[15.4042,51.7593],[15.3998,51.7633],[15.3963,51.7673],[15.3966,51.7694],[15.4113,51.7727],[15.4225,51.7767],[15.4186,51.7772],[15.4252,51.7794],[15.4422,51.7817],[15.4432,51.7776],[15.4469,51.7728],[15.4635,51.7746],[15.4726,51.7683],[15.4765,51.7616],[15.4803,51.7607],[15.4817,51.7568],[15.4847,51.7565],[15.4944,51.7503],[15.4889,51.7508],[15.4913,51.748],[15.485,51.7482],[15.4845,51.7444],[15.492,51.7431],[15.4962,51.7395],[15.5027,51.7382],[15.5021,51.7319],[15.5042,51.7236],[15.5123,51.7236],[15.5194,51.7213],[15.5204,51.716],[15.5191,51.7058],[15.5131,51.6977],[15.5181,51.6917],[15.5194,51.6834],[15.526,51.6833],[15.5427,51.6882],[15.5441,51.6865],[15.5494,51.6868],[15.5637,51.6919],[15.579,51.6943],[15.5946,51.6807],[15.5989,51.6792],[15.5983,51.6727],[15.6004,51.67],[15.6105,51.6688],[15.6148,51.6716],[15.6204,51.6724],[15.6224,51.67],[15.6269,51.6689],[15.6472,51.6699],[15.6474,51.6721],[15.6601,51.67],[15.6696,51.6644],[15.6747,51.6666],[15.6785,51.6657],[15.6818,51.6633],[15.6782,51.6596],[15.6844,51.6562],[15.6922,51.6584],[15.694,51.6603],[15.701,51.659],[15.7049,51.656],[15.7015,51.6528],[15.7064,51.6516],[15.7065,51.6502],[15.7141,51.6515],[15.729,51.645],[15.7315,51.6486],[15.738,51.6524],[15.7429,51.6516],[15.7435,51.6533],[15.7532,51.6533],[15.7562,51.6558],[15.7542,51.6585],[15.7563,51.6597],[15.7752,51.6607],[15.7862,51.6591],[15.7943,51.6608],[15.7951,51.6634],[15.8017,51.6635],[15.8031,51.6685],[15.8052,51.6698],[15.8167,51.6674],[15.8343,51.6722],[15.8413,51.6675],[15.8497,51.6652],[15.8451,51.6642],[15.8428,51.6613],[15.8515,51.6602],[15.8561,51.6574],[15.8556,51.6516],[15.8572,51.6504],[15.8376,51.645],[15.83,51.637],[15.834,51.6222],[15.8228,51.6131],[15.8216,51.6072],[15.8182,51.6029],[15.8158,51.6029],[15.8236,51.5727],[15.8077,51.5734],[15.7698,51.5697],[15.7425,51.5557],[15.7236,51.5521],[15.7038,51.5571],[15.7064,51.5545],[15.706,51.5529],[15.7028,51.5519],[15.7032,51.5464],[15.7123,51.5466],[15.7126,51.5347],[15.7114,51.533],[15.7125,51.532],[15.7108,51.5296],[15.712,51.5259],[15.7107,51.5235],[15.7141,51.5216],[15.714,51.5174],[15.7006,51.5174],[15.6993,51.5158],[15.701,51.5125],[15.6789,51.5124],[15.6788,51.5056],[15.6733,51.5057],[15.6731,51.4989],[15.6676,51.499],[15.6673,51.4888],[15.6592,51.4881],[15.6637,51.4849],[15.6642,51.4827],[15.656,51.4724],[15.6523,51.473],[15.6488,51.4767],[15.647,51.476],[15.6459,51.4791],[15.6347,51.4789],[15.6345,51.4721],[15.629,51.4722],[15.6289,51.4706],[15.6241,51.472],[15.6234,51.4635],[15.6168,51.4602],[15.5998,51.4457],[15.5971,51.4515],[15.5928,51.452],[15.5916,51.451],[15.5924,51.4494],[15.5909,51.4489],[15.588,51.4506],[15.586,51.4498],[15.5861,51.4518],[15.5809,51.4531],[15.583,51.4558],[15.5878,51.4568],[15.5873,51.4602],[15.5928,51.4624],[15.5903,51.4645],[15.5935,51.466],[15.5959,51.4696],[15.4877,51.5276],[15.4883,51.5224],[15.4856,51.5215],[15.4854,51.5222],[15.4841,51.5235],[15.4858,51.5136],[15.4823,51.513],[15.4692,51.5146],[15.4706,51.5182],[15.4625,51.5223],[15.4576,51.5211],[15.4501,51.526],[15.437,51.5273],[15.4349,51.525],[15.4176,51.5229],[15.4058,51.5196],[15.4011,51.5272],[15.3965,51.531],[15.3935,51.5302],[15.3943,51.5291],[15.3852,51.5279],[15.3847,51.5184],[15.3818,51.5161],[15.3825,51.5149],[15.3799,51.5141],[15.3824,51.5124],[15.3778,51.5107],[15.3773,51.5088],[15.3742,51.5097],[15.3712,51.5079],[15.3691,51.4964],[15.367,51.494],[15.3715,51.4884],[15.3693,51.4858],[15.3706,51.4801],[15.3756,51.4791],[15.3782,51.4818],[15.3801,51.4811],[15.3802,51.4739],[15.3821,51.4721],[15.3788,51.47],[15.3725,51.4697],[15.3469,51.4716],[15.3394,51.4741],[15.3337,51.4516],[15.3433,51.4469],[15.3284,51.4296],[15.3284,51.422],[15.3245,51.4184],[15.3337,51.4099],[15.3274,51.4077],[15.3217,51.4083],[15.3152,51.4177],[15.2983,51.4201],[15.2928,51.4231],[15.2892,51.4293],[15.2897,51.4314],[15.2755,51.4298],[15.2726,51.4328],[15.272,51.4384],[15.262,51.444],[15.2549,51.4454],[15.252,51.449],[15.2435,51.4463],[15.2182,51.4444],[15.21,51.4441],[15.2009,51.446],[15.2001,51.448],[15.2014,51.4488],[15.1999,51.4493],[15.2027,51.4535],[15.2014,51.4558],[15.2037,51.4585],[15.2019,51.4633],[15.1974,51.4623],[15.187,51.464],[15.1648,51.4508],[15.1531,51.446],[15.1506,51.4424],[15.1297,51.4379],[15.1276,51.4357],[15.121,51.434]]]]}},{"type":"Feature","properties":{"GID_2":"POL.5.12_1","GID_0":"POL","COUNTRY":"Poland","GID_1":"POL.5_1","NAME_1":"Lubuskie","NL_NAME_1":"NA","NAME_2":"Zary","VARNAME_2":"NA","NL_NAME_2":"NA","TYPE_2":"Powiat","ENGTYPE_2":"County","CC_2":"0811","HASC_2":"NA"},"geometry":{"type":"MultiPolygon","coordinates":[[[[14.9641,51.4342],[14.9708,51.4327],[14.9736,51.4365],[14.9742,51.4419],[14.966,51.4468],[14.9627,51.4532],[14.9559,51.4585],[14.9564,51.4634],[14.9483,51.4718],[14.9261,51.4735],[14.9247,51.4804],[14.9158,51.4838],[14.907,51.484],[14.8978,51.4821],[14.8915,51.4844],[14.8875,51.4879],[14.8716,51.4847],[14.8655,51.4904],[14.8516,51.4896],[14.8444,51.4948],[14.8396,51.4962],[14.8378,51.499],[14.8351,51.4994],[14.8324,51.5038],[14.8194,51.5076],[14.8118,51.5061],[14.8054,51.5142],[14.7987,51.5154],[14.796,51.5179],[14.7877,51.5171],[14.7837,51.5185],[14.7653,51.519],[14.761,51.5232],[14.7518,51.5218],[14.7431,51.5253],[14.7367,51.5256],[14.7291,51.5314],[14.7291,51.5357],[14.7263,51.539],[14.7314,51.5444],[14.7293,51.5497],[14.7236,51.5539],[14.7164,51.5552],[14.7112,51.5627],[14.7269,51.575],[14.7304,51.5841],[14.7325,51.586],[14.7421,51.593],[14.7514,51.5953],[14.7533,51.5992],[14.761,51.6025],[14.7649,51.607],[14.7656,51.6117],[14.7632,51.6191],[14.7533,51.628],[14.7561,51.6331],[14.7541,51.6408],[14.7559,51.6457],[14.751,51.6523],[14.755,51.6559],[14.7578,51.661],[14.7533,51.6641],[14.7527,51.6685],[14.7491,51.6708],[14.7474,51.6757],[14.7398,51.6773],[14.737,51.6794],[14.7395,51.6834],[14.7368,51.6882],[14.7287,51.6886],[14.7014,51.7048],[14.6909,51.7083],[14.6802,51.7175],[14.6777,51.7227],[14.6681,51.7258],[14.6617,51.737],[14.6562,51.7413],[14.66,51.7488],[14.6572,51.7519],[14.6576,51.7535],[14.6641,51.7567],[14.6616,51.7588],[14.6525,51.7603],[14.6505,51.7621],[14.6509,51.7644],[14.6546,51.7674],[14.6551,51.7736],[14.6527,51.7796],[14.6536,51.7843],[14.6499,51.7866],[14.663,51.7884],[14.6687,51.785],[14.6752,51.7865],[14.6831,51.7928],[14.6864,51.8027],[14.693,51.8105],[14.7135,51.815],[14.7202,51.8109],[14.7366,51.81],[14.7354,51.813],[14.7309,51.8155],[14.7322,51.8175],[14.7306,51.82],[14.7324,51.8225],[14.732,51.8257],[14.7234,51.8355],[14.7236,51.8382],[14.7515,51.8359],[14.7752,51.8371],[14.7766,51.839],[14.7729,51.8417],[14.7585,51.8437],[14.7544,51.846],[14.7541,51.8471],[14.7565,51.8468],[14.756,51.8486],[14.7513,51.8505],[14.753,51.8525],[14.7639,51.8536],[14.7623,51.8597],[14.7693,51.857],[14.7817,51.8563],[14.7858,51.8499],[14.7984,51.8478],[14.8179,51.8484],[14.8176,51.8495],[14.8192,51.8489],[14.828,51.854],[14.8292,51.8521],[14.8401,51.8493],[14.8425,51.8509],[14.8457,51.8492],[14.8482,51.8505],[14.8557,51.8489],[14.8584,51.8497],[14.8513,51.8671],[14.8514,51.8717],[14.854,51.8727],[14.851,51.8726],[14.8488,51.8756],[14.8572,51.8812],[14.8596,51.8817],[14.8821,51.8716],[14.8897,51.8709],[14.9066,51.8729],[14.9272,51.8789],[14.9187,51.8873],[14.9389,51.8937],[14.9508,51.8888],[14.9725,51.8857],[14.9716,51.8844],[14.9747,51.8824],[14.9994,51.8838],[15.015,51.888],[15.0314,51.8805],[15.0513,51.8777],[15.0693,51.8728],[15.0696,51.8658],[15.0771,51.8618],[15.0841,51.8609],[15.1064,51.8629],[15.0948,51.8523],[15.0865,51.8481],[15.0774,51.839],[15.1532,51.8465],[15.1703,51.8071],[15.1432,51.8044],[15.1521,51.7841],[15.1413,51.7852],[15.1432,51.7838],[15.1415,51.7804],[15.1433,51.7802],[15.1435,51.7775],[15.1421,51.7767],[15.1297,51.7806],[15.1278,51.7786],[15.1197,51.7776],[15.1186,51.775],[15.107,51.7764],[15.1187,51.7709],[15.126,51.7704],[15.1354,51.7669],[15.1359,51.7581],[15.1486,51.7547],[15.1513,51.7526],[15.1738,51.755],[15.1735,51.7572],[15.1789,51.7572],[15.188,51.7671],[15.1974,51.7842],[15.2069,51.7815],[15.2123,51.7818],[15.2145,51.7837],[15.2194,51.7798],[15.2241,51.7791],[15.2177,51.7756],[15.218,51.774],[15.2233,51.7666],[15.227,51.7571],[15.2279,51.749],[15.2326,51.7427],[15.2364,51.73],[15.2411,51.7235],[15.2439,51.7135],[15.2521,51.7057],[15.2409,51.7012],[15.2397,51.6993],[15.2336,51.6984],[15.2409,51.6961],[15.2489,51.6861],[15.2547,51.6853],[15.251,51.6811],[15.2526,51.6782],[15.2521,51.6748],[15.2612,51.6692],[15.2702,51.6688],[15.2735,51.66],[15.272,51.6576],[15.2674,51.6569],[15.2666,51.645],[15.2621,51.6455],[15.2621,51.6257],[15.2605,51.6255],[15.2636,51.6192],[15.2603,51.6154],[15.2599,51.6102],[15.2521,51.6027],[15.2392,51.5978],[15.2359,51.5906],[15.2169,51.5842],[15.1999,51.5848],[15.1936,51.5814],[15.1715,51.5869],[15.172,51.5857],[15.1673,51.5852],[15.168,51.5834],[15.1657,51.5827],[15.1671,51.5818],[15.165,51.5803],[15.1675,51.58],[15.1676,51.5787],[15.1657,51.5778],[15.1668,51.5766],[15.169,51.5773],[15.1678,51.5737],[15.1721,51.573],[15.1679,51.5729],[15.168,51.5713],[15.1731,51.5709],[15.1747,51.5662],[15.1797,51.5647],[15.1805,51.5607],[15.1701,51.5499],[15.1568,51.5529],[15.146,51.5493],[15.1232,51.5484],[15.1201,51.5463],[15.1112,51.5455],[15.0622,51.5617],[15.0609,51.556],[15.0584,51.5559],[15.0581,51.5497],[15.0525,51.5489],[15.0513,51.5468],[15.0295,51.5502],[15.0255,51.5481],[15.0179,51.5474],[15.0193,51.5443],[15.0173,51.5412],[15.0032,51.5396],[15.0024,51.537],[15.0138,51.5364],[15.0155,51.5376],[15.0202,51.5368],[15.0245,51.534],[15.026,51.5319],[15.0118,51.5211],[15.0138,51.5206],[15.0166,51.5234],[15.0265,51.516],[15.0252,51.5138],[15.0184,51.5157],[15.0174,51.5128],[15.0195,51.512],[15.0176,51.5084],[15.0146,51.5089],[15.0117,51.5064],[15.0109,51.4893],[15.0,51.4894],[15.0002,51.4961],[14.9879,51.4961],[14.9884,51.4873],[14.9929,51.4827],[15.0488,51.482],[15.0473,51.4364],[15.0658,51.435],[15.0889,51.4294],[15.0851,51.4252],[15.0851,51.4205],[15.0828,51.4187],[15.083,51.4079],[15.078,51.4018],[15.0712,51.397],[15.0179,51.3935],[15.0182,51.3866],[15.0134,51.3843],[15.009,51.3742],[15.0128,51.3679],[15.0124,51.3634],[14.9742,51.364],[14.978,51.3664],[14.9778,51.3696],[14.9812,51.3709],[14.9836,51.3741],[14.9745,51.3784],[14.9693,51.3791],[14.9692,51.382],[14.9647,51.3868],[14.9659,51.3914],[14.9635,51.3941],[14.9582,51.3957],[14.9627,51.3977],[14.9692,51.3981],[14.9678,51.4027],[14.9586,51.4103],[14.9645,51.4122],[14.967,51.4162],[14.9642,51.4234],[14.9661,51.4268],[14.9601,51.4291],[14.9586,51.4312],[14.9641,51.4342]]]]}},{"type":"Feature","properties":{"GID_2":"POL.5.14_1","GID_0":"POL","COUNTRY":"Poland","GID_1":"POL.5_1","NAME_1":"Lubuskie","NL_NAME_1":"NA","NAME_2":"ZielonaGora","VARNAME_2":"NA","NL_NAME_2":"NA","TYPE_2":"Powiat","ENGTYPE_2":"County","CC_2":"0809","HASC_2":"NA"},"geometry":{"type":"MultiPolygon","coordinates":[[[[15.630094904458598,51.914120382165606],[15.630121455938704,51.91410102171137],[15.6301,51.9141],[15.630094904458598,51.914120382165606]]],[[[15.630094904458598,51.914120382165606],[15.6293,51.9147],[15.6293,51.9173],[15.630094904458598,51.914120382165606]]],[[[15.1086,51.8634],[15.1531,51.8781],[15.1556,51.8799],[15.1563,51.8827],[15.1647,51.882],[15.1771,51.8915],[15.1978,51.8965],[15.2039,51.9],[15.2322,51.8991],[15.2393,51.9061],[15.2357,51.9132],[15.2468,51.9308],[15.2502,51.9334],[15.2694,51.9316],[15.2758,51.9354],[15.2832,51.9488],[15.2933,51.9621],[15.2883,51.9686],[15.2786,51.972],[15.2765,51.9742],[15.2817,51.9832],[15.2732,51.9976],[15.2714,51.9996],[15.2619,52.0013],[15.2581,52.0037],[15.2603,52.0052],[15.2608,52.0108],[15.2648,52.016],[15.2781,52.0216],[15.2761,52.0284],[15.267,52.0352],[15.2708,52.0394],[15.2758,52.0394],[15.2759,52.041],[15.2737,52.0445],[15.2707,52.0585],[15.2661,52.0625],[15.2666,52.0658],[15.2619,52.0668],[15.2614,52.0687],[15.263,52.0682],[15.262,52.0688],[15.263,52.0697],[15.2566,52.0848],[15.268,52.0867],[15.2733,52.0861],[15.2788,52.0756],[15.2804,52.0755],[15.2835,52.0781],[15.2825,52.0791],[15.2848,52.0821],[15.2842,52.084],[15.2898,52.0813],[15.296,52.0833],[15.289,52.089],[15.2874,52.0926],[15.2893,52.0972],[15.2859,52.1061],[15.2925,52.1092],[15.2904,52.1122],[15.2911,52.114],[15.2945,52.1159],[15.2963,52.1218],[15.3033,52.1272],[15.3059,52.1313],[15.3185,52.13],[15.3179,52.1291],[15.326,52.1268],[15.325,52.1253],[15.3287,52.1219],[15.3456,52.1201],[15.3651,52.1146],[15.413,52.1163],[15.4038,52.11],[15.4029,52.106],[15.399,52.1026],[15.4059,52.095],[15.4152,52.0975],[15.4197,52.1019],[15.4268,52.1031],[15.4264,52.1049],[15.4378,52.1105],[15.4526,52.1073],[15.4531,52.1087],[15.4571,52.1081],[15.4805,52.1009],[15.4893,52.1081],[15.5023,52.1105],[15.5095,52.1165],[15.5263,52.1246],[15.5402,52.1259],[15.5401,52.1209],[15.5457,52.1214],[15.5453,52.1246],[15.5511,52.1225],[15.557,52.1234],[15.5555,52.1249],[15.5584,52.1269],[15.5909,52.1375],[15.5929,52.1423],[15.6055,52.1539],[15.614,52.1556],[15.6069,52.1641],[15.6344,52.1717],[15.6314,52.1769],[15.6414,52.1787],[15.6404,52.1811],[15.657,52.1827],[15.6612,52.1765],[15.6631,52.1769],[15.6671,52.1646],[15.6713,52.161],[15.6899,52.1656],[15.6903,52.1738],[15.699,52.1743],[15.6989,52.173],[15.7009,52.1729],[15.7012,52.1665],[15.7214,52.169],[15.7252,52.1681],[15.7316,52.174],[15.7373,52.1845],[15.7367,52.1918],[15.7713,52.1935],[15.7879,52.2021],[15.7904,52.2048],[15.8031,52.21],[15.8005,52.2138],[15.8041,52.2149],[15.8078,52.2151],[15.812,52.2098],[15.8253,52.2072],[15.851,52.2137],[15.855,52.2049],[15.8613,52.1978],[15.8581,52.1877],[15.8621,52.1774],[15.8581,52.1741],[15.8584,52.169],[15.8666,52.168],[15.8687,52.1658],[15.8729,52.1668],[15.8766,52.1659],[15.8759,52.1644],[15.8831,52.1628],[15.8816,52.1619],[15.881,52.1562],[15.8836,52.1549],[15.875,52.1305],[15.8672,52.1292],[15.8617,52.1244],[15.8568,52.124],[15.8541,52.1202],[15.8551,52.1188],[15.8537,52.1176],[15.8554,52.1169],[15.8495,52.1135],[15.8333,52.1111],[15.8341,52.1085],[15.8366,52.1083],[15.8452,52.0984],[15.848,52.099],[15.8528,52.0951],[15.8603,52.0865],[15.867,52.0857],[15.8778,52.088],[15.8913,52.0835],[15.898,52.0784],[15.8979,52.0768],[15.9244,52.0675],[15.9266,52.0766],[15.9324,52.0836],[15.9324,52.0876],[15.9461,52.0877],[15.9675,52.0819],[15.9722,52.0775],[15.9698,52.0754],[15.9756,52.0742],[15.9828,52.0699],[15.986,52.07],[15.9887,52.0669],[15.9872,52.0647],[15.9894,52.0639],[15.9877,52.0621],[15.995,52.0587],[15.9998,52.06],[16.0055,52.0543],[15.9917,52.0503],[15.9891,52.0434],[15.9944,52.0352],[15.9643,52.0339],[15.9667,52.0296],[15.966,52.0267],[15.963,52.0261],[15.9537,52.0264],[15.954,52.0283],[15.9512,52.028],[15.9536,52.0304],[15.9465,52.0336],[15.9424,52.0325],[15.9426,52.0299],[15.9381,52.0292],[15.9369,52.031],[15.9323,52.0314],[15.9304,52.0355],[15.9283,52.0362],[15.9127,52.036],[15.9081,52.0394],[15.901,52.037],[15.9033,52.0329],[15.9098,52.0317],[15.9119,52.0298],[15.9131,52.0272],[15.9104,52.0274],[15.9097,52.0249],[15.9125,52.0234],[15.9125,52.0218],[15.9148,52.0217],[15.9138,52.0198],[15.9209,52.02],[15.9234,52.0216],[15.9253,52.0199],[15.9192,52.016],[15.9176,52.01],[15.9197,52.0075],[15.9211,51.9982],[15.9235,51.9967],[15.9247,51.9908],[15.9324,51.9854],[15.9336,51.9799],[15.9135,51.9747],[15.9119,51.9728],[15.9061,51.9728],[15.905,51.9758],[15.9017,51.976],[15.9035,51.9668],[15.908,51.9633],[15.904,51.9596],[15.8996,51.9591],[15.8922,51.9549],[15.8714,51.9601],[15.8733,51.9537],[15.8764,51.9508],[15.8751,51.949],[15.8674,51.9446],[15.8618,51.9439],[15.862,51.94],[15.8523,51.9416],[15.8498,51.9386],[15.846,51.9391],[15.8434,51.9355],[15.8485,51.9317],[15.8583,51.9319],[15.8635,51.9296],[15.8659,51.928],[15.8679,51.9217],[15.8532,51.9187],[15.8503,51.9168],[15.8495,51.9136],[15.839,51.9123],[15.83,51.9069],[15.8173,51.9061],[15.8118,51.9019],[15.8155,51.9],[15.8128,51.8951],[15.8091,51.896],[15.8053,51.8939],[15.8002,51.8898],[15.8015,51.8881],[15.7877,51.8858],[15.7846,51.8875],[15.7593,51.8915],[15.7592,51.8954],[15.7662,51.901],[15.7616,51.9044],[15.7546,51.9027],[15.7559,51.9015],[15.7401,51.9038],[15.734,51.9021],[15.7329,51.8999],[15.7214,51.9005],[15.7072,51.892],[15.6911,51.8976],[15.6843,51.897],[15.6651,51.9032],[15.638,51.9051],[15.6341,51.9112],[15.630121455938704,51.91410102171137],[15.6322,51.9142],[15.6312,51.9166],[15.6329,51.9161],[15.6328,51.9173],[15.6394,51.9193],[15.6328,51.9252],[15.6414,51.9279],[15.6341,51.9332],[15.6337,51.9377],[15.6369,51.9378],[15.6377,51.9336],[15.6403,51.9312],[15.6423,51.9315],[15.6434,51.9294],[15.6478,51.9303],[15.649,51.9323],[15.6521,51.9329],[15.6489,51.9331],[15.6489,51.9354],[15.6461,51.9361],[15.6456,51.9386],[15.6455,51.9397],[15.652,51.9408],[15.6511,51.9429],[15.6467,51.9444],[15.6504,51.9465],[15.6412,51.9478],[15.642,51.9467],[15.6386,51.9464],[15.6357,51.9489],[15.6308,51.9476],[15.6327,51.9495],[15.6287,51.952],[15.6259,51.9504],[15.6221,51.9517],[15.6186,51.9482],[15.6066,51.9478],[15.6035,51.955],[15.6055,51.9644],[15.6086,51.9692],[15.6133,51.9715],[15.6217,51.9717],[15.6227,51.9706],[15.6276,51.974],[15.6226,51.9767],[15.6239,51.9793],[15.6192,51.9801],[15.6215,51.9827],[15.6283,51.982],[15.6349,51.984],[15.6329,51.9849],[15.6352,51.9903],[15.6322,51.9924],[15.6324,51.9955],[15.63,51.9958],[15.6302,51.9982],[15.6354,52.0028],[15.6365,52.006],[15.6102,52.0064],[15.6046,52.0102],[15.6028,52.0155],[15.604,52.0171],[15.5922,52.0242],[15.5864,52.0236],[15.5841,52.0249],[15.5846,52.0301],[15.5878,52.0303],[15.5854,52.0328],[15.5667,52.0351],[15.5347,52.0348],[15.5337,52.0339],[15.5361,52.0322],[15.5359,52.0271],[15.5373,52.0253],[15.5265,52.0272],[15.5216,52.0248],[15.5238,52.0231],[15.519,52.0192],[15.5208,52.0189],[15.5201,52.0168],[15.5163,52.0176],[15.5128,52.0154],[15.5124,52.0118],[15.5155,52.0099],[15.4898,52.0126],[15.4754,52.0169],[15.4607,52.0154],[15.4604,52.017],[15.4524,52.0185],[15.4389,52.0152],[15.4341,52.0113],[15.4349,52.0091],[15.4414,52.009],[15.4436,52.0034],[15.4464,52.0009],[15.4453,51.9984],[15.4492,51.9952],[15.444,51.9942],[15.4462,51.9918],[15.4448,51.9888],[15.4372,51.9869],[15.4377,51.9848],[15.4288,51.9858],[15.4264,51.9841],[15.425,51.9821],[15.4307,51.9818],[15.433,51.9793],[15.4328,51.9769],[15.4252,51.9752],[15.4266,51.9728],[15.4237,51.9706],[15.4237,51.9682],[15.4143,51.962],[15.4119,51.9558],[15.4059,51.9496],[15.4113,51.9481],[15.4392,51.947],[15.4451,51.9419],[15.4494,51.941],[15.4498,51.9386],[15.4541,51.9359],[15.4588,51.9297],[15.4616,51.9225],[15.4667,51.9165],[15.4732,51.9128],[15.4766,51.9015],[15.4665,51.9051],[15.4581,51.9062],[15.4492,51.9046],[15.435,51.8983],[15.4282,51.8934],[15.4303,51.8929],[15.4214,51.884],[15.42,51.8801],[15.4215,51.8799],[15.4206,51.8731],[15.4256,51.8714],[15.4261,51.8696],[15.4228,51.8671],[15.4248,51.866],[15.4239,51.855],[15.3984,51.8512],[15.3907,51.8516],[15.3909,51.8487],[15.403,51.8488],[15.403,51.8469],[15.4083,51.8474],[15.4082,51.8488],[15.4294,51.8486],[15.4289,51.8462],[15.4228,51.8455],[15.4256,51.8456],[15.4273,51.8431],[15.4327,51.8436],[15.4384,51.8404],[15.4438,51.8406],[15.4428,51.8383],[15.4448,51.8359],[15.4426,51.8304],[15.4683,51.8276],[15.4675,51.8145],[15.4565,51.807],[15.4521,51.7983],[15.4502,51.7974],[15.4575,51.7908],[15.4681,51.7871],[15.4617,51.7861],[15.4593,51.7836],[15.426,51.7796],[15.4186,51.7772],[15.4225,51.7767],[15.4113,51.7727],[15.3966,51.7694],[15.3963,51.7673],[15.4042,51.7593],[15.4143,51.7541],[15.4057,51.7502],[15.3977,51.7545],[15.3838,51.7518],[15.3811,51.7456],[15.3631,51.7392],[15.3559,51.7403],[15.3556,51.7366],[15.3523,51.7376],[15.3457,51.7365],[15.3363,51.745],[15.3357,51.7416],[15.3268,51.7439],[15.3106,51.742],[15.3102,51.7455],[15.3127,51.7501],[15.3098,51.7528],[15.3101,51.7575],[15.3038,51.7585],[15.2982,51.7521],[15.2963,51.7523],[15.2981,51.7544],[15.2854,51.7572],[15.2871,51.7596],[15.275,51.7614],[15.2696,51.7609],[15.2713,51.7532],[15.2669,51.7479],[15.2559,51.7489],[15.2501,51.7525],[15.245,51.7474],[15.2481,51.7431],[15.2465,51.7415],[15.233,51.7406],[15.2279,51.749],[15.227,51.7571],[15.2233,51.7666],[15.218,51.774],[15.2177,51.7756],[15.2241,51.7791],[15.2194,51.7798],[15.2145,51.7837],[15.2123,51.7818],[15.2069,51.7815],[15.1974,51.7842],[15.188,51.7671],[15.1789,51.7572],[15.1735,51.7572],[15.1738,51.755],[15.1513,51.7526],[15.1486,51.7547],[15.1359,51.7581],[15.1354,51.7669],[15.126,51.7704],[15.1187,51.7709],[15.107,51.7764],[15.1186,51.775],[15.1197,51.7776],[15.1278,51.7786],[15.1297,51.7806],[15.1421,51.7767],[15.1435,51.7775],[15.1433,51.7802],[15.1415,51.7804],[15.1432,51.7838],[15.1413,51.7852],[15.1521,51.7841],[15.1432,51.8044],[15.1703,51.8071],[15.1532,51.8465],[15.0774,51.839],[15.0865,51.8481],[15.0948,51.8523],[15.1031,51.8611],[15.1086,51.8634]]]]}},{"type":"Feature","properties":{"GID_2":"POL.5.13_1","GID_0":"POL","COUNTRY":"Poland","GID_1":"POL.5_1","NAME_1":"Lubuskie","NL_NAME_1":"NA","NAME_2":"ZielonaGora","VARNAME_2":"NA","NL_NAME_2":"NA","TYPE_2":"Miastonaprawachpowiatu","ENGTYPE_2":"Citywithpowiatrights","CC_2":"0862","HASC_2":"NA"},"geometry":{"type":"MultiPolygon","coordinates":[[[[15.5686,51.8385],[15.5645,51.84],[15.5629,51.8382],[15.5569,51.8383],[15.5412,51.8406],[15.5306,51.8439],[15.5245,51.8439],[15.5253,51.845],[15.5208,51.8464],[15.5185,51.843],[15.5215,51.8402],[15.5207,51.8391],[15.525,51.8309],[15.5292,51.8293],[15.5307,51.8248],[15.5201,51.8215],[15.5084,51.8201],[15.4986,51.8225],[15.4853,51.8218],[15.4721,51.828],[15.461,51.8277],[15.4435,51.83],[15.4427,51.8325],[15.4448,51.8359],[15.4428,51.8383],[15.4438,51.8406],[15.4384,51.8404],[15.4327,51.8436],[15.4273,51.8431],[15.4256,51.8456],[15.4228,51.8455],[15.4289,51.8462],[15.4294,51.8486],[15.4082,51.8488],[15.4083,51.8474],[15.403,51.8469],[15.403,51.8488],[15.3909,51.8487],[15.3907,51.8516],[15.3984,51.8512],[15.4239,51.855],[15.4248,51.866],[15.4228,51.8671],[15.4261,51.8696],[15.4256,51.8714],[15.4206,51.8731],[15.4215,51.8799],[15.42,51.8801],[15.4214,51.884],[15.4303,51.8929],[15.4282,51.8934],[15.435,51.8983],[15.4492,51.9046],[15.4581,51.9062],[15.4665,51.9051],[15.4766,51.9015],[15.4732,51.9128],[15.4667,51.9165],[15.4616,51.9225],[15.4588,51.9297],[15.4541,51.9359],[15.4498,51.9386],[15.4494,51.941],[15.4451,51.9419],[15.4392,51.947],[15.4113,51.9481],[15.4059,51.9496],[15.4119,51.9558],[15.4143,51.962],[15.4237,51.9682],[15.4237,51.9706],[15.4266,51.9728],[15.4252,51.9752],[15.4328,51.9769],[15.433,51.9793],[15.4307,51.9818],[15.425,51.9821],[15.4264,51.9841],[15.4288,51.9858],[15.4377,51.9848],[15.4372,51.9869],[15.4448,51.9888],[15.4462,51.9918],[15.444,51.9942],[15.4492,51.9952],[15.4453,51.9984],[15.4464,52.0009],[15.4436,52.0034],[15.4414,52.009],[15.4349,52.0091],[15.4341,52.0113],[15.4389,52.0152],[15.4524,52.0185],[15.4604,52.017],[15.4607,52.0154],[15.4754,52.0169],[15.4898,52.0126],[15.5155,52.0099],[15.5124,52.0118],[15.5128,52.0154],[15.5163,52.0176],[15.5201,52.0168],[15.5208,52.0189],[15.519,52.0192],[15.5238,52.0231],[15.5216,52.0248],[15.5265,52.0272],[15.5373,52.0253],[15.5359,52.0271],[15.5361,52.0322],[15.5337,52.0339],[15.5347,52.0348],[15.5667,52.0351],[15.5814,52.0339],[15.5876,52.0319],[15.5876,52.0298],[15.5846,52.0301],[15.5841,52.0249],[15.5864,52.0236],[15.5922,52.0242],[15.604,52.0171],[15.6028,52.0155],[15.6046,52.0102],[15.6102,52.0064],[15.6365,52.006],[15.6354,52.0028],[15.6302,51.9982],[15.63,51.9958],[15.6324,51.9955],[15.6322,51.9924],[15.6352,51.9903],[15.6329,51.9849],[15.6349,51.984],[15.6283,51.982],[15.6215,51.9827],[15.6192,51.9801],[15.6239,51.9793],[15.6226,51.9767],[15.6276,51.974],[15.6227,51.9706],[15.6217,51.9717],[15.6133,51.9715],[15.6086,51.9692],[15.6055,51.9644],[15.6035,51.955],[15.6066,51.9478],[15.6186,51.9482],[15.6221,51.9517],[15.6259,51.9504],[15.6287,51.952],[15.6327,51.9495],[15.6308,51.9476],[15.6357,51.9489],[15.6386,51.9464],[15.642,51.9467],[15.6412,51.9478],[15.6504,51.9465],[15.6467,51.9444],[15.6511,51.9429],[15.652,51.9408],[15.6455,51.9397],[15.6456,51.9386],[15.6461,51.9361],[15.6489,51.9354],[15.6489,51.9331],[15.6521,51.9329],[15.6434,51.9294],[15.6423,51.9315],[15.6403,51.9312],[15.6377,51.9336],[15.6369,51.9378],[15.6337,51.9377],[15.6341,51.9332],[15.6414,51.9279],[15.6328,51.9252],[15.6394,51.9193],[15.6328,51.9173],[15.6329,51.9161],[15.6312,51.9166],[15.6322,51.9142],[15.630121455938704,51.91410102171137],[15.6341,51.9112],[15.639,51.9025],[15.636,51.8963],[15.6451,51.8934],[15.6481,51.889],[15.6399,51.8863],[15.6355,51.8824],[15.6362,51.8782],[15.6524,51.8754],[15.6488,51.8707],[15.6454,51.87],[15.644,51.8671],[15.6368,51.8688],[15.6368,51.865],[15.6402,51.8645],[15.641,51.8605],[15.6372,51.8598],[15.6373,51.8563],[15.644,51.8513],[15.6469,51.8516],[15.6469,51.8472],[15.6326,51.8456],[15.6294,51.8481],[15.6295,51.8504],[15.6244,51.8508],[15.6242,51.8528],[15.622,51.8506],[15.6188,51.8504],[15.5992,51.8521],[15.5945,51.8446],[15.5842,51.8455],[15.5828,51.8427],[15.5771,51.8442],[15.5769,51.842],[15.574,51.8421],[15.5736,51.8375],[15.5686,51.8385]],[[15.630094904458598,51.914120382165606],[15.6301,51.9141],[15.630121455938704,51.91410102171137],[15.630094904458598,51.914120382165606]],[[15.630094904458598,51.914120382165606],[15.6293,51.9173],[15.6293,51.9147],[15.630094904458598,51.914120382165606]]]]}},{"type":"Feature","properties":{"GID_2":"POL.15.1_1","GID_0":"POL","COUNTRY":"Poland","GID_1":"POL.15_1","NAME_1":"Wielkopolskie","NL_NAME_1":"NA","NAME_2":"Chodziez","VARNAME_2":"NA","NL_NAME_2":"NA","TYPE_2":"Powiat","ENGTYPE_2":"County","CC_2":"3001","HASC_2":"NA"},"geometry":{"type":"MultiPolygon","coordinates":[[[[17.0974,52.8963],[17.0888,52.8904],[17.0784,52.8905],[17.0662,52.8841],[17.0609,52.8777],[17.0583,52.8771],[17.0676,52.8698],[17.0699,52.8671],[17.0692,52.8644],[17.0639,52.8586],[17.0607,52.8582],[17.0609,52.8528],[17.0512,52.8426],[17.0541,52.8405],[17.0514,52.8376],[17.0441,52.8392],[17.0427,52.8371],[17.0515,52.8352],[17.0509,52.8333],[17.061,52.8311],[17.0595,52.8294],[17.0685,52.8272],[17.0603,52.8231],[17.0498,52.8261],[17.0482,52.8235],[17.027,52.83],[17.0262,52.8318],[17.0163,52.8358],[17.0207,52.8335],[17.0206,52.8309],[17.0136,52.831],[17.0033,52.8278],[16.9847,52.8284],[16.973,52.8318],[16.9412,52.8172],[16.933,52.816],[16.9264,52.8216],[16.9191,52.8245],[16.9092,52.8257],[16.9001,52.8314],[16.8865,52.831],[16.8837,52.8412],[16.8747,52.8471],[16.8669,52.8448],[16.864,52.846],[16.8567,52.853],[16.8355,52.8578],[16.8217,52.8574],[16.8209,52.8584],[16.8238,52.8597],[16.8231,52.8621],[16.8188,52.8599],[16.8147,52.8603],[16.8166,52.8577],[16.8079,52.8538],[16.7964,52.8649],[16.8004,52.8744],[16.7878,52.8691],[16.7884,52.8712],[16.7869,52.8726],[16.789,52.8824],[16.7852,52.8867],[16.7767,52.8912],[16.7706,52.8997],[16.7718,52.9073],[16.774,52.9095],[16.7726,52.9206],[16.7749,52.9316],[16.7738,52.9339],[16.7673,52.9468],[16.7428,52.9693],[16.7398,52.9805],[16.7324,52.9812],[16.732,52.9835],[16.7389,52.982],[16.741,53.0028],[16.756,53.0039],[16.772,53.0093],[16.7705,53.0109],[16.7798,53.0135],[16.7751,53.0246],[16.779,53.0246],[16.7788,53.0235],[16.7875,53.0212],[16.7903,53.0287],[16.8017,53.0262],[16.7981,53.0308],[16.7991,53.0343],[16.7956,53.04],[16.796,53.0426],[16.8076,53.0443],[16.8088,53.0459],[16.8075,53.0462],[16.8078,53.053],[16.8213,53.0524],[16.8263,53.0551],[16.8362,53.0525],[16.8479,53.0548],[16.8663,53.0505],[16.8746,53.0537],[16.8843,53.0502],[16.897,53.0525],[16.9026,53.052],[16.9112,53.0551],[16.918,53.054],[16.9323,53.0567],[16.9506,53.0534],[16.955,53.0566],[16.9598,53.0558],[16.9625,53.0578],[16.9713,53.0593],[16.987,53.0583],[16.9985,53.06],[16.9986,53.0622],[17.0017,53.0634],[17.002,53.0667],[17.0047,53.0664],[17.0044,53.0683],[17.0068,53.0699],[17.0178,53.0741],[17.0214,53.0732],[17.0219,53.069],[17.0263,53.0669],[17.0461,53.0686],[17.0671,53.0665],[17.0918,53.0754],[17.1064,53.0759],[17.1124,53.0726],[17.1189,53.0744],[17.1288,53.0733],[17.1292,53.0751],[17.1254,53.0757],[17.1407,53.0795],[17.1729,53.0816],[17.1836,53.0854],[17.2073,53.0898],[17.2176,53.0846],[17.2265,53.0839],[17.2287,53.0826],[17.2276,53.0793],[17.2304,53.0816],[17.2364,53.0787],[17.244,53.0798],[17.2469,53.0783],[17.2465,53.0798],[17.257,53.0841],[17.2571,53.0823],[17.2592,53.0821],[17.2625,53.0843],[17.2655,53.0823],[17.265,53.084],[17.2691,53.0843],[17.2707,53.0836],[17.2703,53.0813],[17.2818,53.0806],[17.2846,53.0833],[17.2889,53.0842],[17.2928,53.072],[17.2921,53.0644],[17.2938,53.0617],[17.2921,53.0589],[17.2939,53.0538],[17.2989,53.0512],[17.2825,53.0316],[17.2755,53.028],[17.264,53.025],[17.2534,53.0189],[17.2132,53.0224],[17.1871,53.0138],[17.1852,53.0056],[17.1873,52.9912],[17.2034,52.98],[17.204,52.9729],[17.2017,52.9666],[17.1964,52.966],[17.1839,52.9578],[17.1784,52.9574],[17.1772,52.956],[17.1775,52.9504],[17.1748,52.9463],[17.1743,52.9407],[17.1778,52.9361],[17.181,52.9345],[17.1768,52.9346],[17.1687,52.9316],[17.1615,52.9319],[17.1563,52.9281],[17.1577,52.9242],[17.1635,52.9215],[17.1637,52.9186],[17.1615,52.9168],[17.1631,52.914],[17.1621,52.9134],[17.1657,52.9093],[17.1695,52.9088],[17.1725,52.9009],[17.1698,52.9015],[17.165,52.9077],[17.1438,52.9072],[17.1389,52.9015],[17.1257,52.8998],[17.1219,52.9011],[17.1049,52.8966],[17.0974,52.8963]]]]}},{"type":"Feature","properties":{"GID_2":"POL.15.2_1","GID_0":"POL","COUNTRY":"Poland","GID_1":"POL.15_1","NAME_1":"Wielkopolskie","NL_NAME_1":"NA","NAME_2":"Czarnkow-Trzcianka","VARNAME_2":"NA","NL_NAME_2":"NA","TYPE_2":"Powiat","ENGTYPE_2":"County","CC_2":"3002","HASC_2":"NA"},"geometry":{"type":"MultiPolygon","coordinates":[[[[16.7072,52.8513],[16.7146,52.8538],[16.7165,52.8524],[16.7286,52.8522],[16.7297,52.8499],[16.7313,52.8501],[16.7297,52.8442],[16.7235,52.8442],[16.727,52.8435],[16.7272,52.8408],[16.7224,52.8391],[16.7252,52.8378],[16.7248,52.8345],[16.7227,52.8333],[16.7247,52.8343],[16.7413,52.8253],[16.7621,52.8224],[16.7609,52.819],[16.7499,52.8212],[16.7502,52.8196],[16.7474,52.8182],[16.7486,52.8165],[16.747,52.8142],[16.7519,52.8138],[16.758,52.8156],[16.7651,52.8135],[16.7713,52.8145],[16.7705,52.8117],[16.7744,52.8087],[16.7756,52.8008],[16.7817,52.8016],[16.7936,52.7987],[16.7944,52.7964],[16.7982,52.7951],[16.7986,52.7872],[16.8001,52.7843],[16.7933,52.7833],[16.7888,52.7792],[16.7736,52.7744],[16.7694,52.7695],[16.7662,52.7685],[16.7662,52.766],[16.761,52.7665],[16.7483,52.7605],[16.7421,52.7613],[16.7402,52.7585],[16.735,52.7599],[16.7374,52.762],[16.7363,52.7621],[16.7198,52.7568],[16.714,52.7469],[16.7158,52.7434],[16.7144,52.7418],[16.7173,52.7384],[16.7184,52.7395],[16.7221,52.7381],[16.7264,52.7406],[16.7328,52.7418],[16.7307,52.743],[16.7302,52.7466],[16.7323,52.7468],[16.7325,52.7496],[16.7623,52.7512],[16.7407,52.7372],[16.7424,52.7339],[16.742,52.7304],[16.7385,52.7264],[16.7311,52.7295],[16.708,52.7258],[16.6978,52.7287],[16.7019,52.7309],[16.7025,52.7364],[16.7045,52.7386],[16.703,52.7439],[16.7044,52.7497],[16.6646,52.7515],[16.6441,52.7483],[16.6303,52.751],[16.5582,52.7388],[16.5172,52.7596],[16.5156,52.7574],[16.5038,52.7542],[16.4682,52.7517],[16.4562,52.7426],[16.4554,52.7376],[16.4459,52.741],[16.4366,52.747],[16.4327,52.7442],[16.4301,52.7465],[16.4308,52.7474],[16.423,52.7497],[16.4245,52.7514],[16.4318,52.7502],[16.4443,52.7564],[16.4394,52.7661],[16.4226,52.7629],[16.4144,52.77],[16.3936,52.7626],[16.3877,52.7596],[16.3862,52.7573],[16.384,52.7614],[16.3923,52.7717],[16.3614,52.7755],[16.3583,52.7756],[16.3621,52.767],[16.3605,52.7626],[16.3713,52.7606],[16.3726,52.7572],[16.3351,52.7497],[16.3367,52.7533],[16.334,52.7547],[16.3365,52.7575],[16.3367,52.7606],[16.3276,52.7752],[16.3128,52.7764],[16.3098,52.7736],[16.2973,52.7709],[16.2858,52.7659],[16.2753,52.7767],[16.2608,52.7862],[16.2419,52.7932],[16.2138,52.7924],[16.185,52.7941],[16.1693,52.7924],[16.1391,52.7855],[16.1114,52.768],[16.0759,52.7572],[16.0664,52.7489],[16.0661,52.741],[16.0636,52.7327],[16.0616,52.7285],[16.059,52.7271],[16.0401,52.7335],[16.0132,52.7347],[15.9814,52.7504],[15.9469,52.7549],[15.9489,52.7558],[15.9417,52.7592],[15.9365,52.7658],[15.9384,52.7675],[15.9379,52.769],[15.9334,52.7743],[15.9272,52.7784],[15.9258,52.782],[15.9261,52.784],[15.9384,52.7862],[15.9348,52.793],[15.9346,52.8014],[15.9328,52.8021],[15.9353,52.8033],[15.9319,52.8039],[15.9256,52.802],[15.9118,52.8037],[15.9118,52.8065],[15.9032,52.8061],[15.8932,52.8128],[15.8965,52.8153],[15.8952,52.819],[15.8971,52.8207],[15.8945,52.8258],[15.9045,52.8266],[15.9003,52.8331],[15.9018,52.8354],[15.9062,52.8353],[15.9067,52.8374],[15.9121,52.8376],[15.9187,52.8411],[15.9229,52.831],[15.9236,52.8312],[15.9518,52.8431],[15.9463,52.8542],[15.9479,52.855],[15.9548,52.8561],[15.97,52.8538],[15.9631,52.8571],[15.9729,52.8576],[15.9741,52.859],[15.973,52.8642],[15.9715,52.8669],[15.9697,52.8658],[15.9686,52.8683],[15.9614,52.8693],[15.9631,52.874],[15.9756,52.873],[15.9773,52.8769],[15.9793,52.8776],[15.9798,52.8807],[15.9766,52.882],[15.976,52.8838],[15.978,52.8861],[15.9756,52.8868],[15.9749,52.8909],[15.9719,52.8926],[15.9739,52.8948],[15.9673,52.9],[15.9746,52.9019],[15.9721,52.9048],[15.9763,52.91],[15.9795,52.909],[15.9802,52.9136],[15.9768,52.9206],[15.9778,52.9221],[15.9722,52.9289],[15.9793,52.9328],[15.9778,52.9357],[15.9789,52.937],[15.9735,52.941],[15.9693,52.9466],[15.9666,52.9475],[15.9696,52.9493],[15.9668,52.9498],[15.9644,52.954],[15.9605,52.9561],[15.9618,52.9584],[15.9596,52.9597],[15.962,52.9632],[15.9587,52.9643],[15.96,52.965],[15.9592,52.9671],[15.9616,52.9672],[15.9613,52.9709],[15.9541,52.9714],[15.9535,52.9698],[15.9517,52.972],[15.946,52.9713],[15.9486,52.9725],[15.9464,52.9735],[15.9564,52.976],[15.9536,52.9781],[15.9541,52.9803],[15.9515,52.9808],[15.9552,52.9823],[15.9547,52.9844],[15.9513,52.9856],[15.9554,52.9886],[15.951,52.9912],[15.9537,52.9936],[15.95,52.9952],[15.9494,52.9985],[15.9537,53.0016],[15.9534,53.0069],[15.9558,53.0081],[15.9567,53.0116],[15.954,53.013],[15.9586,53.014],[15.9546,53.0173],[15.9558,53.0186],[15.9546,53.0199],[15.9564,53.02],[15.9558,53.0223],[15.9579,53.0229],[15.9557,53.0252],[15.9572,53.0268],[15.9556,53.0298],[15.9571,53.0319],[15.9523,53.0327],[15.9516,53.0344],[15.9565,53.0376],[15.9542,53.0377],[15.9567,53.0411],[15.9775,53.0399],[16.0101,53.0337],[16.0238,53.0355],[16.045,53.0288],[16.0545,53.0216],[16.0735,53.0162],[16.0835,53.0145],[16.096,53.0155],[16.1208,53.012],[16.143,53.0154],[16.1589,53.0236],[16.1861,53.0336],[16.2295,53.0394],[16.244,53.0446],[16.2699,53.0491],[16.2768,53.0455],[16.288,53.0442],[16.286,53.041],[16.2949,53.0381],[16.3169,53.0367],[16.3171,53.0385],[16.3152,53.0392],[16.3173,53.044],[16.3104,53.0453],[16.3128,53.0497],[16.3149,53.0491],[16.3161,53.0512],[16.3241,53.0497],[16.324,53.058],[16.3303,53.0566],[16.3336,53.06],[16.3391,53.0603],[16.3436,53.067],[16.3509,53.0728],[16.3611,53.0756],[16.3639,53.0783],[16.3643,53.082],[16.3593,53.0935],[16.3555,53.0966],[16.352,53.1038],[16.3468,53.1081],[16.346,53.1124],[16.3599,53.1144],[16.3669,53.1212],[16.363,53.123],[16.3724,53.1285],[16.3754,53.1284],[16.3759,53.1266],[16.3859,53.1303],[16.3992,53.1319],[16.4202,53.1289],[16.433,53.1233],[16.4471,53.1238],[16.4567,53.1193],[16.4671,53.1188],[16.4797,53.1151],[16.4886,53.119],[16.4976,53.1143],[16.5004,53.1146],[16.4972,53.1161],[16.4987,53.1184],[16.4979,53.121],[16.5029,53.1216],[16.505,53.1249],[16.5064,53.1242],[16.5106,53.1268],[16.5207,53.1297],[16.5228,53.1257],[16.5305,53.126],[16.5347,53.128],[16.542,53.1229],[16.5556,53.1208],[16.5534,53.1145],[16.5617,53.1143],[16.5618,53.1116],[16.5661,53.111],[16.569,53.122],[16.5795,53.1214],[16.5817,53.1186],[16.5971,53.1136],[16.5979,53.111],[16.6013,53.1086],[16.6006,53.1077],[16.6087,53.1062],[16.6169,53.1088],[16.6178,53.1104],[16.624,53.1085],[16.6264,53.1094],[16.6275,53.1077],[16.6351,53.1091],[16.6565,53.1068],[16.6553,53.1099],[16.6518,53.1095],[16.6502,53.1134],[16.6479,53.1139],[16.6447,53.1121],[16.644,53.1142],[16.6404,53.1138],[16.6383,53.1193],[16.6405,53.1197],[16.6419,53.1225],[16.649,53.1249],[16.653,53.1186],[16.656,53.1195],[16.655,53.1224],[16.6584,53.123],[16.6593,53.1205],[16.6762,53.1258],[16.6747,53.1297],[16.6795,53.1308],[16.6808,53.1273],[16.6886,53.1277],[16.6986,53.131],[16.6963,53.1289],[16.7119,53.1236],[16.7085,53.1205],[16.7197,53.1177],[16.7182,53.1126],[16.7113,53.1144],[16.7027,53.1016],[16.6971,53.1023],[16.6918,53.0905],[16.6748,53.0943],[16.67,53.094],[16.6696,53.091],[16.6582,53.0866],[16.6608,53.0837],[16.6658,53.0838],[16.6677,53.0727],[16.6572,53.0708],[16.6587,53.0631],[16.6515,53.0619],[16.6492,53.0605],[16.6499,53.0582],[16.6372,53.0582],[16.6307,53.0543],[16.6242,53.0528],[16.6204,53.0485],[16.611,53.0458],[16.6076,53.0419],[16.6115,53.041],[16.6119,53.0395],[16.6254,53.0444],[16.6502,53.0226],[16.6495,52.9914],[16.6325,52.9893],[16.6398,52.9698],[16.6427,52.9704],[16.6437,52.9689],[16.6425,52.9676],[16.6436,52.967],[16.6457,52.969],[16.6471,52.9676],[16.6456,52.9616],[16.6484,52.9604],[16.6465,52.9577],[16.6545,52.9558],[16.6588,52.9559],[16.6597,52.9577],[16.6702,52.9573],[16.6749,52.9554],[16.6832,52.9554],[16.6895,52.9533],[16.6958,52.9535],[16.696,52.9517],[16.7013,52.9517],[16.7005,52.9525],[16.7042,52.9574],[16.6984,52.9619],[16.7067,52.9687],[16.7185,52.9709],[16.7172,52.9746],[16.7398,52.9805],[16.7428,52.9693],[16.7685,52.9448],[16.7749,52.9316],[16.7726,52.9206],[16.774,52.9095],[16.7718,52.9073],[16.7706,52.8997],[16.7717,52.8966],[16.7802,52.8888],[16.7764,52.8776],[16.7718,52.8721],[16.7655,52.872],[16.7651,52.8688],[16.7606,52.8657],[16.7401,52.8674],[16.7367,52.8754],[16.7316,52.8676],[16.7247,52.8684],[16.7203,52.865],[16.7081,52.8664],[16.7057,52.8613],[16.7027,52.8616],[16.7036,52.8575],[16.7015,52.8542],[16.7044,52.8511],[16.7072,52.8513]]]]}},{"type":"Feature","properties":{"GID_2":"POL.15.3_1","GID_0":"POL","COUNTRY":"Poland","GID_1":"POL.15_1","NAME_1":"Wielkopolskie","NL_NAME_1":"NA","NAME_2":"Gniezno","VARNAME_2":"NA","NL_NAME_2":"NA","TYPE_2":"Powiat","ENGTYPE_2":"County","CC_2":"3003","HASC_2":"NA"},"geometry":{"type":"MultiPolygon","coordinates":[[[[17.9089,52.5076],[17.9061,52.5008],[17.9089,52.4925],[17.9077,52.4889],[17.9118,52.487],[17.9113,52.4842],[17.9137,52.4832],[17.9113,52.4814],[17.913,52.4756],[17.9168,52.4726],[17.9225,52.4711],[17.9193,52.4703],[17.9217,52.4697],[17.9206,52.4607],[17.9113,52.4555],[17.9107,52.4541],[17.9143,52.4506],[17.9088,52.4444],[17.8899,52.4363],[17.8794,52.4286],[17.8761,52.4297],[17.872,52.4278],[17.8689,52.4287],[17.8635,52.4273],[17.86,52.4213],[17.8558,52.4195],[17.8601,52.4133],[17.8553,52.4112],[17.8512,52.4055],[17.8502,52.3921],[17.851,52.389],[17.853,52.388],[17.8422,52.3829],[17.8303,52.3819],[17.8207,52.3783],[17.8032,52.3765],[17.7933,52.3786],[17.778,52.3721],[17.7754,52.3682],[17.7656,52.373],[17.7618,52.3727],[17.7611,52.3714],[17.7535,52.372],[17.7397,52.3767],[17.7006,52.3755],[17.7002,52.3796],[17.6941,52.3832],[17.6914,52.3801],[17.6853,52.378],[17.6829,52.3798],[17.6729,52.3807],[17.6703,52.3849],[17.6713,52.3897],[17.6674,52.3896],[17.6615,52.3861],[17.6441,52.3905],[17.642,52.388],[17.6321,52.391],[17.623,52.3876],[17.6157,52.3885],[17.6038,52.3921],[17.5969,52.3925],[17.595,52.3971],[17.5765,52.3994],[17.5731,52.3975],[17.5728,52.4001],[17.5683,52.4039],[17.5592,52.4038],[17.5586,52.4068],[17.5546,52.4094],[17.5496,52.4097],[17.546,52.3989],[17.5352,52.4008],[17.528,52.3995],[17.5335,52.41],[17.4981,52.4132],[17.497,52.4114],[17.4841,52.4126],[17.4773,52.4108],[17.4761,52.4048],[17.4732,52.4041],[17.4752,52.3948],[17.4879,52.3825],[17.4792,52.3791],[17.469,52.3793],[17.4531,52.3826],[17.4539,52.3838],[17.4483,52.3884],[17.4496,52.391],[17.4486,52.3937],[17.4415,52.4008],[17.4251,52.4049],[17.4171,52.4086],[17.4076,52.4086],[17.3922,52.4124],[17.3818,52.4187],[17.3876,52.419],[17.3925,52.427],[17.3933,52.4355],[17.3977,52.4402],[17.3848,52.446],[17.3829,52.4497],[17.3769,52.4515],[17.3735,52.4497],[17.3702,52.4665],[17.3602,52.4637],[17.351,52.4667],[17.3455,52.4699],[17.3374,52.479],[17.3389,52.4823],[17.3429,52.485],[17.355,52.4852],[17.3604,52.4934],[17.333,52.5031],[17.3204,52.5037],[17.3256,52.5092],[17.3393,52.5167],[17.3399,52.5227],[17.3449,52.5232],[17.3472,52.5205],[17.3529,52.5224],[17.3537,52.5257],[17.3563,52.5255],[17.357,52.531],[17.3506,52.5323],[17.3497,52.5347],[17.3323,52.5361],[17.3314,52.5371],[17.3336,52.5381],[17.3329,52.5429],[17.3208,52.5416],[17.3189,52.5446],[17.304,52.5463],[17.3023,52.5406],[17.2961,52.539],[17.2851,52.5394],[17.2794,52.5377],[17.28,52.5393],[17.2655,52.5454],[17.262,52.5487],[17.2623,52.5501],[17.2545,52.551],[17.2492,52.5504],[17.2483,52.5479],[17.2351,52.5426],[17.2188,52.5417],[17.2059,52.5452],[17.1982,52.5504],[17.1863,52.553],[17.1847,52.5596],[17.1873,52.5649],[17.1832,52.5664],[17.1644,52.5636],[17.1652,52.5596],[17.1604,52.5594],[17.1555,52.5733],[17.1514,52.574],[17.1506,52.5772],[17.1572,52.5819],[17.1603,52.5798],[17.1733,52.5793],[17.1843,52.576],[17.2077,52.5824],[17.2126,52.5823],[17.2278,52.5913],[17.2246,52.594],[17.2258,52.5998],[17.2312,52.6016],[17.2328,52.6067],[17.2362,52.6095],[17.2458,52.6134],[17.2467,52.6171],[17.2496,52.6199],[17.2592,52.6228],[17.2626,52.6269],[17.2657,52.6349],[17.2707,52.6355],[17.2738,52.6313],[17.2813,52.6344],[17.2901,52.6357],[17.3045,52.6438],[17.3124,52.6411],[17.3168,52.646],[17.3357,52.6441],[17.3332,52.6497],[17.3385,52.6673],[17.3355,52.6739],[17.343,52.6786],[17.3355,52.6827],[17.3387,52.6843],[17.3506,52.6823],[17.3681,52.6828],[17.3717,52.6806],[17.373,52.6767],[17.3789,52.6708],[17.3861,52.671],[17.3881,52.6727],[17.3959,52.6742],[17.3939,52.6777],[17.3959,52.6828],[17.395,52.6857],[17.4022,52.6859],[17.4163,52.6905],[17.4378,52.6897],[17.4398,52.6953],[17.4391,52.6987],[17.4331,52.7052],[17.4277,52.7082],[17.431,52.711],[17.4306,52.7165],[17.4361,52.7248],[17.4459,52.7285],[17.4556,52.7289],[17.4585,52.7389],[17.4706,52.7372],[17.4693,52.7336],[17.4797,52.7322],[17.4893,52.7281],[17.487,52.7257],[17.4875,52.7213],[17.4824,52.7195],[17.4803,52.7163],[17.4801,52.7115],[17.5003,52.7111],[17.5004,52.7086],[17.4953,52.704],[17.4779,52.7068],[17.4749,52.7044],[17.4729,52.7019],[17.4747,52.696],[17.4713,52.6925],[17.4725,52.6894],[17.4718,52.6857],[17.4672,52.6804],[17.4847,52.682],[17.485,52.6847],[17.4833,52.6847],[17.4821,52.6878],[17.4852,52.6888],[17.4878,52.6877],[17.4897,52.6844],[17.5008,52.6847],[17.5061,52.6731],[17.5167,52.6742],[17.5245,52.6725],[17.5236,52.6781],[17.5273,52.6815],[17.5461,52.6909],[17.5574,52.6882],[17.5669,52.6929],[17.5744,52.6917],[17.5756,52.6944],[17.5779,52.6945],[17.5771,52.698],[17.5788,52.6998],[17.5791,52.705],[17.6004,52.7051],[17.614,52.703],[17.6191,52.7063],[17.6276,52.7082],[17.6314,52.7043],[17.6315,52.7015],[17.6404,52.6924],[17.6429,52.6932],[17.6428,52.691],[17.6477,52.6904],[17.6395,52.6824],[17.631,52.6782],[17.6322,52.6768],[17.6304,52.6732],[17.636,52.6713],[17.6388,52.6638],[17.6303,52.6549],[17.6351,52.6507],[17.6336,52.6497],[17.6345,52.6471],[17.6381,52.6485],[17.6465,52.6448],[17.6776,52.6486],[17.6816,52.6507],[17.6817,52.6471],[17.6767,52.6441],[17.6754,52.6402],[17.6824,52.6251],[17.6749,52.616],[17.6765,52.6152],[17.6762,52.6051],[17.6781,52.6024],[17.6897,52.6021],[17.6912,52.6056],[17.6966,52.6093],[17.6993,52.6132],[17.7023,52.6135],[17.7033,52.6163],[17.7051,52.6152],[17.7047,52.6128],[17.6994,52.6098],[17.7016,52.6087],[17.7012,52.6071],[17.704,52.6038],[17.7061,52.6085],[17.7136,52.615],[17.7407,52.6298],[17.7491,52.6325],[17.746,52.6353],[17.7446,52.6425],[17.7333,52.6357],[17.7264,52.6361],[17.7238,52.6331],[17.7213,52.6331],[17.7203,52.6364],[17.7157,52.6397],[17.7308,52.6461],[17.7359,52.6503],[17.7496,52.6512],[17.7585,52.654],[17.7609,52.6569],[17.7653,52.6556],[17.7616,52.6508],[17.7627,52.6498],[17.7605,52.6495],[17.7665,52.6385],[17.7646,52.638],[17.7629,52.6401],[17.76,52.6394],[17.759,52.6374],[17.761,52.6342],[17.7781,52.6369],[17.7776,52.64],[17.7803,52.6486],[17.7856,52.6516],[17.79,52.6491],[17.7941,52.6499],[17.8136,52.6446],[17.8182,52.6409],[17.827,52.6426],[17.8289,52.6364],[17.825,52.6359],[17.8255,52.6345],[17.8446,52.6282],[17.862,52.6299],[17.8768,52.6339],[17.8765,52.6286],[17.8963,52.6168],[17.9014,52.6116],[17.9055,52.6107],[17.9155,52.6125],[17.909,52.6081],[17.9101,52.6005],[17.9077,52.5954],[17.9124,52.595],[17.921,52.5983],[17.916,52.5948],[17.9076,52.5932],[17.9004,52.5864],[17.9051,52.5855],[17.9044,52.5833],[17.9181,52.5804],[17.9164,52.5756],[17.9251,52.574],[17.9246,52.572],[17.933,52.5715],[17.9312,52.5749],[17.932,52.5791],[17.9293,52.5805],[17.9286,52.5834],[17.9336,52.5877],[17.9367,52.587],[17.9325,52.5826],[17.9464,52.5782],[17.9463,52.5687],[17.9533,52.5682],[17.9553,52.5702],[17.9601,52.57],[17.9613,52.5705],[17.9597,52.5753],[17.9702,52.5755],[17.9698,52.569],[17.9722,52.5691],[17.9721,52.5673],[17.965,52.5666],[17.9647,52.5653],[17.9742,52.5631],[17.9763,52.5677],[17.9825,52.5671],[17.9811,52.5645],[17.9836,52.5643],[17.9859,52.5682],[17.9847,52.5771],[17.9869,52.5774],[17.9905,52.5704],[17.9916,52.5638],[17.9855,52.5556],[17.9879,52.5538],[17.9832,52.5506],[17.9802,52.5504],[17.9755,52.5438],[17.9698,52.5412],[17.9712,52.5396],[17.9667,52.5366],[17.9731,52.5323],[17.9752,52.5273],[17.9719,52.5274],[17.9681,52.5333],[17.9596,52.5367],[17.9521,52.5302],[17.9469,52.5288],[17.9417,52.5234],[17.9267,52.5229],[17.9229,52.5194],[17.9154,52.519],[17.9107,52.5167],[17.9089,52.5076]]]]}},{"type":"Feature","properties":{"GID_2":"POL.15.4_1","GID_0":"POL","COUNTRY":"Poland","GID_1":"POL.15_1","NAME_1":"Wielkopolskie","NL_NAME_1":"NA","NAME_2":"Gostyn","VARNAME_2":"NA","NL_NAME_2":"NA","TYPE_2":"Powiat","ENGTYPE_2":"County","CC_2":"3004","HASC_2":"NA"},"geometry":{"type":"MultiPolygon","coordinates":[[[[17.1805,51.7912],[17.1765,51.7869],[17.1777,51.7826],[17.1755,51.7758],[17.1798,51.7712],[17.1734,51.7685],[17.1655,51.7619],[17.1651,51.7568],[17.1579,51.7522],[17.1528,51.746],[17.1676,51.7421],[17.1745,51.7386],[17.1836,51.7379],[17.177,51.7237],[17.1774,51.7189],[17.1805,51.7173],[17.1758,51.7147],[17.1608,51.7167],[17.1546,51.7143],[17.1533,51.7108],[17.146,51.7118],[17.1462,51.7135],[17.128,51.7161],[17.1281,51.702],[17.1176,51.6991],[17.1183,51.7032],[17.1101,51.7052],[17.1087,51.7026],[17.103,51.7027],[17.1029,51.7014],[17.101,51.7063],[17.1038,51.7102],[17.0972,51.713],[17.0958,51.7116],[17.0906,51.713],[17.0794,51.7197],[17.0674,51.7162],[17.0547,51.7164],[17.0554,51.7172],[17.0532,51.7147],[17.0372,51.7139],[17.0329,51.7043],[17.0366,51.6984],[17.0088,51.6966],[16.9948,51.694],[16.9958,51.6956],[16.9873,51.6968],[16.9912,51.7],[16.9864,51.7007],[16.9838,51.7052],[16.9697,51.7103],[16.9413,51.7133],[16.9373,51.7128],[16.9347,51.7064],[16.9343,51.7037],[16.9386,51.7039],[16.9388,51.699],[16.9321,51.6956],[16.8918,51.6934],[16.8867,51.6946],[16.8798,51.7027],[16.8815,51.7086],[16.8587,51.714],[16.8614,51.729],[16.8611,51.7323],[16.859,51.7344],[16.8513,51.7335],[16.8311,51.7395],[16.8187,51.7398],[16.8149,51.7438],[16.8051,51.7448],[16.803,51.7464],[16.7937,51.7456],[16.7884,51.7425],[16.7759,51.739],[16.7773,51.7404],[16.7694,51.7393],[16.7646,51.7406],[16.7614,51.7394],[16.7409,51.7407],[16.7289,51.7334],[16.7338,51.776],[16.738,51.7885],[16.7413,51.7923],[16.7691,51.784],[16.7711,51.7856],[16.7763,51.7853],[16.7814,51.7924],[16.7873,51.7925],[16.7904,51.7942],[16.8003,51.7945],[16.8011,51.7875],[16.8208,51.7915],[16.83,51.7903],[16.8354,51.7955],[16.8447,51.7951],[16.8493,51.7987],[16.8472,51.8023],[16.847,51.8067],[16.8622,51.8133],[16.8616,51.8209],[16.8566,51.8304],[16.8556,51.8362],[16.8512,51.842],[16.8673,51.855],[16.8863,51.8578],[16.8893,51.8617],[16.8979,51.8625],[16.8996,51.8664],[16.9042,51.8695],[16.8999,51.8711],[16.8995,51.8821],[16.888,51.8808],[16.8834,51.8916],[16.8816,51.8935],[16.8793,51.8921],[16.8731,51.8999],[16.8738,51.9038],[16.8757,51.9048],[16.8748,51.9073],[16.873,51.9074],[16.8716,51.9106],[16.8637,51.9122],[16.8606,51.9151],[16.862,51.9197],[16.8601,51.9271],[16.8616,51.9291],[16.8713,51.9283],[16.8738,51.926],[16.8872,51.9233],[16.8871,51.9249],[16.8893,51.9243],[16.909,51.9169],[16.9099,51.92],[16.9077,51.9251],[16.9083,51.9299],[16.9135,51.9308],[16.9097,51.9394],[16.9204,51.9415],[16.9248,51.9352],[16.9325,51.9353],[16.9464,51.9399],[16.9492,51.9433],[16.9578,51.9482],[16.9683,51.9488],[16.9676,51.9556],[16.9942,51.959],[17.0036,51.9644],[17.0097,51.9651],[17.0055,51.9746],[17.0063,51.9785],[17.0047,51.9802],[17.0134,51.9789],[17.0162,51.9773],[17.014,51.9766],[17.0151,51.9753],[17.0271,51.9739],[17.0366,51.9753],[17.0346,51.9732],[17.0351,51.9713],[17.0433,51.9714],[17.0428,51.9677],[17.0439,51.9676],[17.0409,51.964],[17.0351,51.9655],[17.0327,51.9648],[17.0452,51.9617],[17.055,51.9615],[17.0453,51.9598],[17.03,51.951],[17.0365,51.9417],[17.0398,51.9404],[17.0438,51.9421],[17.0518,51.9351],[17.0616,51.9353],[17.0695,51.9319],[17.0717,51.9335],[17.0924,51.9278],[17.1064,51.9298],[17.1091,51.929],[17.1097,51.9265],[17.1153,51.9266],[17.1195,51.9248],[17.1313,51.9337],[17.1275,51.936],[17.1258,51.9465],[17.129,51.9501],[17.1363,51.9484],[17.1446,51.9521],[17.1612,51.9623],[17.1639,51.968],[17.1734,51.9651],[17.1767,51.9616],[17.1815,51.9653],[17.1886,51.9675],[17.1969,51.9649],[17.2205,51.9688],[17.2282,51.9675],[17.2365,51.9602],[17.2408,51.9523],[17.246,51.9493],[17.253,51.9521],[17.2692,51.9533],[17.2695,51.9375],[17.2879,51.9309],[17.2872,51.9287],[17.2996,51.9236],[17.3136,51.9122],[17.3127,51.9038],[17.3072,51.8966],[17.3232,51.8945],[17.3276,51.8915],[17.327,51.8884],[17.3285,51.887],[17.3322,51.8852],[17.3368,51.8856],[17.3342,51.8808],[17.3193,51.88],[17.3159,51.8752],[17.3246,51.8722],[17.3253,51.8691],[17.3366,51.8635],[17.3296,51.8601],[17.3231,51.8546],[17.3067,51.8605],[17.3058,51.8575],[17.2991,51.8563],[17.2979,51.8574],[17.3005,51.8609],[17.295,51.8613],[17.2912,51.8548],[17.2946,51.8545],[17.2942,51.8485],[17.2976,51.8466],[17.3191,51.8488],[17.3216,51.8427],[17.3265,51.8438],[17.3406,51.8351],[17.3381,51.8346],[17.3286,51.8159],[17.3298,51.8155],[17.3172,51.813],[17.3207,51.7952],[17.3181,51.7873],[17.3303,51.7829],[17.3297,51.7775],[17.3279,51.777],[17.3225,51.7613],[17.3191,51.7609],[17.316,51.7558],[17.3135,51.7554],[17.3126,51.7586],[17.3011,51.7579],[17.3019,51.7565],[17.2928,51.7567],[17.2924,51.7527],[17.2862,51.7522],[17.2864,51.7562],[17.2854,51.7511],[17.2853,51.7538],[17.284,51.7538],[17.2838,51.7522],[17.2714,51.7514],[17.2684,51.7524],[17.2688,51.756],[17.2712,51.7596],[17.273,51.7597],[17.2739,51.7641],[17.2761,51.7655],[17.2713,51.7719],[17.2696,51.7783],[17.2578,51.7815],[17.2559,51.7723],[17.2444,51.7727],[17.2429,51.7711],[17.2215,51.7755],[17.223,51.781],[17.2123,51.7829],[17.2041,51.7873],[17.1805,51.7912]]]]}},{"type":"Feature","properties":{"GID_2":"POL.15.5_1","GID_0":"POL","COUNTRY":"Poland","GID_1":"POL.15_1","NAME_1":"Wielkopolskie","NL_NAME_1":"NA","NAME_2":"GrodziskWielkopolski","VARNAME_2":"NA","NL_NAME_2":"NA","TYPE_2":"Powiat","ENGTYPE_2":"County","CC_2":"3005","HASC_2":"NA"},"geometry":{"type":"MultiPolygon","coordinates":[[[[16.4669,52.0824],[16.4648,52.0798],[16.4641,52.068],[16.4567,52.0685],[16.4698,52.0571],[16.4503,52.0533],[16.4615,52.0459],[16.4501,52.0425],[16.4536,52.0372],[16.4503,52.0333],[16.4401,52.0358],[16.4318,52.0417],[16.4184,52.0422],[16.4104,52.0465],[16.4014,52.0491],[16.3958,52.0474],[16.3864,52.0533],[16.3768,52.0545],[16.3755,52.0614],[16.371,52.0674],[16.3714,52.0744],[16.3702,52.0755],[16.3619,52.0744],[16.3579,52.0793],[16.3533,52.0767],[16.3465,52.0778],[16.3405,52.0841],[16.3236,52.0793],[16.3158,52.0733],[16.2832,52.0579],[16.2759,52.071],[16.2667,52.0777],[16.2521,52.0943],[16.2517,52.0995],[16.2146,52.0943],[16.2117,52.0988],[16.2118,52.1012],[16.2143,52.1023],[16.2039,52.1063],[16.2038,52.1095],[16.2131,52.1193],[16.2153,52.1186],[16.2155,52.1216],[16.21,52.1214],[16.205,52.1164],[16.1981,52.1127],[16.1922,52.1128],[16.1907,52.1203],[16.1798,52.124],[16.1764,52.1326],[16.1704,52.1395],[16.1597,52.1413],[16.1502,52.1473],[16.1473,52.1516],[16.1542,52.1535],[16.1557,52.1574],[16.1512,52.1593],[16.1551,52.1627],[16.1604,52.1647],[16.1706,52.16],[16.1741,52.1612],[16.1642,52.1644],[16.1691,52.1653],[16.1661,52.1673],[16.1715,52.1674],[16.1703,52.1689],[16.1641,52.1695],[16.1664,52.1714],[16.1635,52.174],[16.1694,52.1748],[16.148,52.1762],[16.1452,52.1716],[16.1262,52.1724],[16.1205,52.1683],[16.118,52.1693],[16.1171,52.1675],[16.1149,52.1687],[16.1172,52.1711],[16.1159,52.1728],[16.1139,52.172],[16.1076,52.1615],[16.0924,52.1657],[16.0737,52.1684],[16.0874,52.1758],[16.0832,52.1827],[16.065,52.1789],[16.0631,52.1797],[16.075,52.1892],[16.07,52.1897],[16.0726,52.1904],[16.0699,52.1916],[16.0707,52.1924],[16.08,52.1915],[16.0854,52.1934],[16.0834,52.2052],[16.0799,52.2054],[16.0806,52.2064],[16.0756,52.2081],[16.0806,52.2142],[16.0801,52.2169],[16.0835,52.2173],[16.0818,52.2192],[16.0835,52.2241],[16.0807,52.2246],[16.0795,52.2286],[16.0818,52.2299],[16.0821,52.2347],[16.0841,52.2357],[16.0725,52.2437],[16.0759,52.2496],[16.0748,52.2504],[16.0792,52.2525],[16.0879,52.2477],[16.0892,52.2467],[16.0859,52.2436],[16.0903,52.2405],[16.0936,52.2438],[16.1024,52.2455],[16.1013,52.2444],[16.1037,52.2436],[16.1088,52.2379],[16.1115,52.2381],[16.1173,52.243],[16.1252,52.24],[16.1206,52.232],[16.1273,52.2332],[16.1285,52.2329],[16.1279,52.2316],[16.1383,52.2304],[16.1491,52.2321],[16.1526,52.2308],[16.1557,52.226],[16.1637,52.2265],[16.1722,52.2405],[16.1754,52.2508],[16.1797,52.2533],[16.1765,52.2577],[16.1734,52.2681],[16.1846,52.2699],[16.1846,52.2718],[16.192,52.2722],[16.1919,52.2749],[16.1938,52.275],[16.1939,52.2732],[16.1989,52.2713],[16.2091,52.2713],[16.2096,52.2747],[16.2137,52.2747],[16.213,52.2704],[16.2262,52.2717],[16.2256,52.2747],[16.2291,52.2741],[16.2277,52.2797],[16.229,52.2797],[16.2322,52.2729],[16.2484,52.2757],[16.2477,52.2777],[16.2509,52.2783],[16.2566,52.2772],[16.2793,52.2806],[16.2995,52.2872],[16.3053,52.2821],[16.3068,52.2832],[16.3083,52.2822],[16.3123,52.2849],[16.321,52.281],[16.3266,52.2851],[16.3302,52.2842],[16.3367,52.2784],[16.355,52.2722],[16.3609,52.2681],[16.3698,52.2662],[16.3722,52.2596],[16.3762,52.2551],[16.3807,52.2692],[16.3902,52.2675],[16.3935,52.2623],[16.4079,52.256],[16.4139,52.2504],[16.4201,52.2488],[16.4261,52.2546],[16.443,52.2546],[16.4521,52.2656],[16.4526,52.2692],[16.4572,52.2684],[16.4668,52.2636],[16.4671,52.2618],[16.4766,52.2587],[16.4792,52.2511],[16.4843,52.2484],[16.4896,52.2515],[16.5049,52.2561],[16.5093,52.2619],[16.5097,52.2675],[16.5127,52.27],[16.5136,52.2745],[16.544,52.2745],[16.5551,52.2782],[16.5661,52.2792],[16.5708,52.2819],[16.5721,52.2848],[16.5886,52.2811],[16.5924,52.2773],[16.6026,52.2721],[16.6042,52.2701],[16.6043,52.2629],[16.6082,52.263],[16.6074,52.2565],[16.5922,52.2417],[16.5891,52.2363],[16.574,52.2302],[16.5813,52.2211],[16.5952,52.2159],[16.5956,52.2112],[16.5923,52.203],[16.5958,52.1967],[16.6001,52.1929],[16.5896,52.189],[16.5923,52.1871],[16.5904,52.1864],[16.5942,52.1838],[16.5895,52.1833],[16.5988,52.1772],[16.5965,52.1756],[16.5981,52.1728],[16.603,52.1711],[16.5915,52.1635],[16.5827,52.1608],[16.5728,52.148],[16.5671,52.1227],[16.573,52.1193],[16.5754,52.1147],[16.5726,52.114],[16.5713,52.1116],[16.5662,52.1105],[16.559,52.1143],[16.5431,52.1168],[16.5355,52.1163],[16.5227,52.1117],[16.5244,52.0947],[16.5152,52.091],[16.4951,52.0917],[16.4669,52.0824]]]]}},{"type":"Feature","properties":{"GID_2":"POL.15.6_1","GID_0":"POL","COUNTRY":"Poland","GID_1":"POL.15_1","NAME_1":"Wielkopolskie","NL_NAME_1":"NA","NAME_2":"Jarocin","VARNAME_2":"NA","NL_NAME_2":"NA","TYPE_2":"Powiat","ENGTYPE_2":"County","CC_2":"3006","HASC_2":"NA"},"geometry":{"type":"MultiPolygon","coordinates":[[[[17.334,51.8857],[17.3279,51.8874],[17.3276,51.8915],[17.3242,51.8941],[17.3072,51.8966],[17.3127,51.9038],[17.3136,51.9122],[17.2996,51.9236],[17.2872,51.9287],[17.2879,51.9309],[17.2695,51.9375],[17.2692,51.9533],[17.253,51.9521],[17.246,51.9493],[17.2408,51.9523],[17.2365,51.9602],[17.2289,51.9673],[17.2205,51.9688],[17.1969,51.9649],[17.1888,51.9673],[17.189,51.97],[17.1864,51.9723],[17.1945,51.9725],[17.2006,51.9798],[17.2011,51.9824],[17.2034,51.9835],[17.2199,51.9859],[17.2226,51.9877],[17.2752,51.9862],[17.288,51.9886],[17.311,51.9895],[17.3185,51.9866],[17.3235,51.9871],[17.3251,51.9965],[17.3234,51.9971],[17.3233,52.0],[17.3268,52.0075],[17.3263,52.0105],[17.3322,52.0132],[17.3418,52.022],[17.3701,52.0146],[17.3785,52.0186],[17.3839,52.0192],[17.3946,52.0187],[17.4073,52.0134],[17.4185,52.0137],[17.4168,52.0159],[17.4205,52.0182],[17.4203,52.0197],[17.4327,52.0205],[17.4267,52.0233],[17.4303,52.0256],[17.4406,52.0299],[17.4471,52.0282],[17.4573,52.032],[17.4561,52.0333],[17.4627,52.0342],[17.4702,52.0387],[17.4687,52.0445],[17.4738,52.0431],[17.4776,52.0443],[17.4771,52.0456],[17.4924,52.0505],[17.4771,52.0608],[17.4692,52.0751],[17.4787,52.0744],[17.4766,52.0778],[17.478,52.0783],[17.4773,52.0827],[17.5097,52.0891],[17.5182,52.095],[17.5216,52.0928],[17.5228,52.093],[17.5177,52.0958],[17.5197,52.099],[17.5192,52.103],[17.5151,52.104],[17.5115,52.1087],[17.5142,52.113],[17.5116,52.1176],[17.5144,52.1188],[17.5138,52.1231],[17.5149,52.1243],[17.5196,52.1232],[17.5347,52.1329],[17.5323,52.1331],[17.5319,52.1364],[17.5286,52.137],[17.5285,52.1398],[17.5328,52.1403],[17.5387,52.1385],[17.5478,52.1445],[17.5512,52.1446],[17.5548,52.1415],[17.5668,52.1404],[17.5796,52.1419],[17.5724,52.1368],[17.5783,52.1318],[17.5853,52.1344],[17.5857,52.1412],[17.6088,52.1421],[17.6246,52.1449],[17.6361,52.1415],[17.6485,52.1432],[17.6519,52.1457],[17.6526,52.1445],[17.6505,52.1423],[17.6521,52.1409],[17.6642,52.1411],[17.6679,52.1375],[17.6653,52.135],[17.6648,52.1287],[17.669,52.1251],[17.6639,52.1235],[17.6616,52.1202],[17.6626,52.115],[17.6593,52.1155],[17.6593,52.1125],[17.6569,52.1117],[17.662,52.1093],[17.6598,52.1064],[17.6626,52.1041],[17.6587,52.1027],[17.6618,52.101],[17.661,52.0986],[17.6689,52.0971],[17.6694,52.0948],[17.6678,52.0926],[17.6716,52.0901],[17.672,52.0863],[17.6788,52.0831],[17.6769,52.0809],[17.6805,52.08],[17.6779,52.0786],[17.6836,52.0783],[17.6911,52.0752],[17.6922,52.0718],[17.6982,52.0691],[17.6953,52.0646],[17.7037,52.0604],[17.7023,52.0605],[17.7009,52.0577],[17.704,52.0544],[17.7026,52.0497],[17.7101,52.0508],[17.7138,52.0484],[17.7189,52.0497],[17.7236,52.0458],[17.713,52.0389],[17.7136,52.0359],[17.7095,52.0326],[17.7051,52.0304],[17.6996,52.0304],[17.6952,52.0268],[17.698,52.0241],[17.6968,52.0166],[17.6937,52.0158],[17.6956,52.0128],[17.6975,52.0133],[17.7026,52.0072],[17.7094,52.0034],[17.7074,52.0023],[17.7116,51.998],[17.7143,51.9989],[17.7156,51.9968],[17.6985,51.9936],[17.7026,51.9913],[17.6996,51.9898],[17.6952,51.993],[17.6915,51.9843],[17.7057,51.9771],[17.7038,51.9765],[17.7037,51.9685],[17.7009,51.9622],[17.7015,51.9557],[17.7042,51.9494],[17.7027,51.945],[17.7153,51.944],[17.7183,51.9425],[17.7179,51.9411],[17.709,51.9307],[17.707,51.9256],[17.6984,51.9252],[17.6943,51.9232],[17.6943,51.9195],[17.6857,51.9184],[17.6791,51.9154],[17.6806,51.9147],[17.6783,51.9086],[17.6755,51.907],[17.6729,51.9083],[17.6671,51.9036],[17.6787,51.9009],[17.688,51.8932],[17.6941,51.8848],[17.6849,51.8854],[17.6618,51.8814],[17.6562,51.8956],[17.6463,51.9004],[17.6302,51.9037],[17.6184,51.8968],[17.6098,51.8984],[17.6088,51.8963],[17.6109,51.8943],[17.6084,51.892],[17.5758,51.8917],[17.5756,51.889],[17.5726,51.8901],[17.5694,51.8953],[17.5111,51.9011],[17.5111,51.8988],[17.4901,51.8976],[17.471,51.893],[17.4414,51.8967],[17.4315,51.8916],[17.4286,51.8877],[17.418,51.8809],[17.404,51.8792],[17.399,51.877],[17.3974,51.8734],[17.3812,51.8762],[17.3711,51.8735],[17.3672,51.8822],[17.334,51.8857]]]]}},{"type":"Feature","properties":{"GID_2":"POL.15.8_1","GID_0":"POL","COUNTRY":"Poland","GID_1":"POL.15_1","NAME_1":"Wielkopolskie","NL_NAME_1":"NA","NAME_2":"Kalisz","VARNAME_2":"NA","NL_NAME_2":"NA","TYPE_2":"Powiat","ENGTYPE_2":"County","CC_2":"3007","HASC_2":"NA"},"geometry":{"type":"MultiPolygon","coordinates":[[[[18.356,51.6264],[18.365,51.6239],[18.3651,51.6209],[18.3686,51.617],[18.3527,51.6072],[18.3487,51.6014],[18.3768,51.6001],[18.3786,51.5923],[18.3705,51.591],[18.3727,51.5768],[18.3699,51.5732],[18.3704,51.5705],[18.3672,51.5685],[18.3648,51.5645],[18.3678,51.5616],[18.3696,51.5562],[18.3683,51.5497],[18.3739,51.5479],[18.3694,51.5437],[18.3598,51.5405],[18.3586,51.5364],[18.3418,51.5393],[18.3363,51.5418],[18.3207,51.5425],[18.3187,51.5463],[18.2929,51.5474],[18.2739,51.5444],[18.2592,51.5469],[18.2465,51.5447],[18.2454,51.5427],[18.2298,51.5356],[18.2191,51.5357],[18.2044,51.5329],[18.1771,51.5459],[18.1836,51.548],[18.1845,51.5468],[18.1884,51.5495],[18.1845,51.551],[18.1875,51.5527],[18.1865,51.5565],[18.1844,51.5573],[18.1884,51.5581],[18.188,51.5631],[18.1845,51.5658],[18.1844,51.5694],[18.1872,51.5711],[18.1848,51.5722],[18.1826,51.5769],[18.1784,51.5774],[18.1773,51.5801],[18.169,51.5817],[18.1671,51.584],[18.1635,51.5831],[18.162,51.586],[18.1585,51.5856],[18.1579,51.5871],[18.154,51.587],[18.1509,51.5888],[18.1497,51.5876],[18.1482,51.5894],[18.1467,51.5877],[18.1472,51.5892],[18.1459,51.5896],[18.1412,51.5886],[18.1399,51.5904],[18.1266,51.5937],[18.1257,51.5963],[18.119,51.5962],[18.1161,51.5983],[18.1162,51.5999],[18.1102,51.599],[18.1084,51.6021],[18.1049,51.6016],[18.1039,51.6039],[18.1002,51.6026],[18.0997,51.6052],[18.0937,51.6052],[18.0951,51.6085],[18.0932,51.6101],[18.0967,51.6112],[18.0957,51.6124],[18.0972,51.6155],[18.0956,51.6163],[18.0926,51.615],[18.0915,51.6185],[18.0885,51.618],[18.09,51.6198],[18.0878,51.62],[18.0878,51.6212],[18.0916,51.6216],[18.0873,51.6272],[18.0903,51.6279],[18.0813,51.6274],[18.0804,51.6307],[18.0766,51.6322],[18.0784,51.6361],[18.0747,51.6376],[18.0744,51.6397],[18.0773,51.6411],[18.076,51.6446],[18.0787,51.646],[18.077,51.6477],[18.0794,51.6542],[18.0886,51.6578],[18.0918,51.6564],[18.0924,51.6593],[18.0969,51.6598],[18.0967,51.6619],[18.0995,51.6627],[18.1022,51.6614],[18.1072,51.6663],[18.112,51.6671],[18.1125,51.6715],[18.1099,51.673],[18.1132,51.6746],[18.1122,51.6776],[18.1143,51.679],[18.1146,51.6814],[18.1183,51.6824],[18.1187,51.6866],[18.1168,51.6894],[18.1224,51.6926],[18.0852,51.6902],[18.0801,51.6911],[18.081,51.6968],[18.0882,51.7078],[18.0961,51.7063],[18.1018,51.7066],[18.1066,51.7097],[18.119,51.7092],[18.1302,51.7206],[18.1307,51.7251],[18.1281,51.7272],[18.1279,51.7313],[18.1326,51.7307],[18.1331,51.7324],[18.1403,51.7307],[18.1492,51.7339],[18.1516,51.7431],[18.1544,51.7432],[18.1571,51.7487],[18.1505,51.7496],[18.1521,51.7593],[18.137,51.7602],[18.1345,51.759],[18.1321,51.7603],[18.1332,51.7604],[18.1311,51.7629],[18.1241,51.7682],[18.1274,51.7698],[18.1192,51.776],[18.1172,51.775],[18.1112,51.7795],[18.1086,51.7817],[18.1067,51.7867],[18.1004,51.7854],[18.0959,51.7939],[18.084,51.7897],[18.0775,51.7856],[18.0631,51.7823],[18.06,51.7784],[18.0536,51.7808],[18.0498,51.7759],[18.0395,51.781],[18.043,51.7853],[18.0287,51.7894],[18.0154,51.8001],[18.0199,51.8046],[18.019,51.8079],[18.0222,51.8136],[18.0175,51.8157],[18.0194,51.8196],[18.013,51.8249],[18.0158,51.8263],[18.0136,51.8272],[18.0171,51.8311],[18.0152,51.833],[18.0155,51.8363],[18.0136,51.8368],[18.0162,51.8376],[18.0136,51.8382],[18.0153,51.8401],[18.0135,51.8436],[18.0111,51.8447],[18.012,51.8463],[18.0087,51.8454],[18.0099,51.8486],[18.0042,51.8468],[18.0025,51.851],[18.0014,51.8491],[17.9989,51.8489],[17.9985,51.8514],[17.992,51.851],[17.9828,51.8561],[17.9826,51.8587],[17.9845,51.8606],[17.9808,51.8634],[17.981,51.8671],[17.9753,51.869],[17.9723,51.8723],[17.9726,51.8739],[17.9684,51.8734],[17.967,51.877],[17.9633,51.8764],[17.9635,51.8793],[17.9593,51.8807],[17.9612,51.8835],[17.9593,51.8855],[17.9651,51.8883],[17.9611,51.8912],[17.9627,51.8932],[17.9592,51.8988],[17.9522,51.8992],[17.9525,51.9022],[17.9457,51.906],[17.9403,51.9134],[17.9362,51.9156],[17.9447,51.9188],[17.951,51.916],[17.9521,51.9172],[17.9553,51.9164],[17.9584,51.9193],[17.9491,51.9192],[17.9473,51.9251],[17.9411,51.9275],[17.9363,51.9323],[17.9341,51.9359],[17.9345,51.9381],[17.9399,51.9458],[17.9504,51.9537],[17.98,51.9589],[17.9749,51.9711],[17.963,51.9807],[17.9595,51.9887],[17.9472,52.0001],[17.9636,52.0008],[17.9905,51.9976],[17.999,51.994],[18.0181,51.991],[18.0604,51.9797],[18.1039,51.9757],[18.1102,51.9823],[18.1536,51.9859],[18.1628,51.9861],[18.1626,51.984],[18.1646,51.9842],[18.1684,51.9861],[18.1647,51.9993],[18.168,52.0034],[18.1675,52.0084],[18.1905,52.0024],[18.1938,52.0157],[18.2134,52.0146],[18.2255,52.0252],[18.2284,52.0314],[18.2274,52.0389],[18.2406,52.0397],[18.2399,52.0455],[18.2555,52.0445],[18.2558,52.0401],[18.2735,52.0311],[18.261,52.0206],[18.2589,52.0228],[18.2546,52.0183],[18.2579,52.0161],[18.2512,52.0076],[18.2659,51.9984],[18.2683,51.9944],[18.2719,51.9946],[18.281,51.9862],[18.2969,51.9813],[18.3233,51.9459],[18.3014,51.9453],[18.3195,51.9429],[18.3232,51.9363],[18.3275,51.9368],[18.332,51.9307],[18.3303,51.93],[18.3311,51.9283],[18.3269,51.9263],[18.344,51.9164],[18.3453,51.9104],[18.3498,51.9063],[18.3525,51.905],[18.3519,51.9071],[18.3648,51.9062],[18.3645,51.902],[18.3794,51.9039],[18.3797,51.9063],[18.3831,51.9069],[18.3836,51.9087],[18.3896,51.9085],[18.3889,51.9115],[18.4009,51.9127],[18.4015,51.9103],[18.4102,51.911],[18.4116,51.9054],[18.414,51.9059],[18.4164,51.8962],[18.4138,51.8915],[18.4147,51.8904],[18.413,51.8896],[18.4172,51.8825],[18.4211,51.8825],[18.4209,51.8804],[18.4243,51.8805],[18.4232,51.8735],[18.4378,51.8709],[18.4744,51.8696],[18.4761,51.8639],[18.4816,51.8563],[18.4785,51.8523],[18.4714,51.8505],[18.4686,51.8448],[18.4713,51.8411],[18.4694,51.8389],[18.4644,51.8378],[18.4638,51.8345],[18.4671,51.8317],[18.4629,51.8314],[18.4627,51.8298],[18.467,51.8296],[18.4676,51.8258],[18.4719,51.8199],[18.4478,51.8271],[18.4414,51.8265],[18.4393,51.8248],[18.4425,51.8174],[18.4411,51.8094],[18.4435,51.8058],[18.4422,51.8032],[18.4443,51.7985],[18.4374,51.7977],[18.4383,51.7945],[18.4368,51.7936],[18.426,51.7924],[18.4291,51.8016],[18.4244,51.8006],[18.4243,51.7928],[18.4093,51.7917],[18.4165,51.785],[18.42,51.7795],[18.4254,51.7775],[18.4263,51.7736],[18.4293,51.7732],[18.4295,51.7694],[18.4321,51.766],[18.4299,51.7572],[18.4215,51.7579],[18.4172,51.7485],[18.4027,51.7504],[18.405,51.7467],[18.4153,51.7453],[18.4202,51.7415],[18.4235,51.7359],[18.4223,51.7306],[18.4208,51.7268],[18.4082,51.7266],[18.4067,51.7237],[18.4011,51.7238],[18.4005,51.7222],[18.4102,51.7161],[18.4114,51.7113],[18.4096,51.706],[18.4137,51.7046],[18.4122,51.7006],[18.393,51.7014],[18.3963,51.6987],[18.3969,51.6958],[18.3854,51.6946],[18.3788,51.6892],[18.3799,51.6844],[18.3661,51.6825],[18.3612,51.6786],[18.3578,51.6722],[18.3553,51.6605],[18.37,51.6568],[18.3728,51.6555],[18.3722,51.6546],[18.3809,51.6523],[18.3814,51.6508],[18.3743,51.6374],[18.3703,51.6359],[18.37,51.6343],[18.3528,51.6333],[18.3533,51.6298],[18.35,51.6269],[18.356,51.6264]]]]}},{"type":"Feature","properties":{"GID_2":"POL.15.7_1","GID_0":"POL","COUNTRY":"Poland","GID_1":"POL.15_1","NAME_1":"Wielkopolskie","NL_NAME_1":"NA","NAME_2":"Kalisz","VARNAME_2":"NA","NL_NAME_2":"NA","TYPE_2":"Miastonaprawachpowiatu","ENGTYPE_2":"Citywithpowiatrights","CC_2":"3061","HASC_2":"NA"},"geometry":{"type":"MultiPolygon","coordinates":[[[[18.0425,51.7795],[18.0498,51.7759],[18.0536,51.7808],[18.06,51.7784],[18.0631,51.7823],[18.0775,51.7856],[18.084,51.7897],[18.0959,51.7939],[18.1004,51.7854],[18.1067,51.7867],[18.1086,51.7817],[18.1112,51.7795],[18.1172,51.775],[18.1192,51.776],[18.1274,51.7698],[18.1241,51.7682],[18.1311,51.7629],[18.1332,51.7604],[18.1321,51.7603],[18.1345,51.759],[18.137,51.7602],[18.1521,51.7593],[18.1505,51.7496],[18.1571,51.7487],[18.1544,51.7432],[18.1516,51.7431],[18.1492,51.7339],[18.1403,51.7307],[18.1331,51.7324],[18.1326,51.7307],[18.1279,51.7313],[18.1281,51.7272],[18.1307,51.7251],[18.1302,51.7206],[18.119,51.7092],[18.1066,51.7097],[18.1018,51.7066],[18.0843,51.7073],[18.0718,51.7008],[18.0616,51.7024],[18.0516,51.712],[18.0372,51.7136],[18.0338,51.7097],[18.0197,51.7149],[18.0167,51.7152],[18.0134,51.712],[17.9979,51.7176],[18.0017,51.7258],[18.0078,51.7242],[18.0147,51.7287],[18.018,51.7331],[18.0094,51.7342],[18.0055,51.7368],[18.0048,51.7402],[17.995,51.7411],[17.9958,51.7434],[17.9999,51.744],[18.0061,51.7487],[18.0058,51.7525],[18.0103,51.7601],[18.0146,51.7601],[18.018,51.7631],[18.0344,51.765],[18.0412,51.7693],[18.0325,51.7723],[18.0425,51.7795]]]]}},{"type":"Feature","properties":{"GID_2":"POL.15.9_1","GID_0":"POL","COUNTRY":"Poland","GID_1":"POL.15_1","NAME_1":"Wielkopolskie","NL_NAME_1":"NA","NAME_2":"Kepno","VARNAME_2":"NA","NL_NAME_2":"NA","TYPE_2":"Powiat","ENGTYPE_2":"County","CC_2":"3008","HASC_2":"NA"},"geometry":{"type":"MultiPolygon","coordinates":[[[[17.9974,51.1217],[17.9395,51.1089],[17.9316,51.1134],[17.925,51.1115],[17.9223,51.114],[17.9086,51.1077],[17.8858,51.1036],[17.8801,51.1054],[17.8753,51.1119],[17.8687,51.1106],[17.8635,51.1146],[17.8517,51.1128],[17.8487,51.1169],[17.8391,51.1165],[17.8291,51.1193],[17.8225,51.1183],[17.8191,51.1222],[17.8171,51.1323],[17.8122,51.1325],[17.8131,51.1379],[17.8238,51.14],[17.8315,51.1373],[17.8324,51.1384],[17.8329,51.143],[17.8382,51.1495],[17.8377,51.1515],[17.8421,51.1605],[17.8512,51.1724],[17.848,51.1835],[17.8422,51.1889],[17.8257,51.1946],[17.812,51.1867],[17.8103,51.1903],[17.7984,51.1923],[17.7965,51.1946],[17.7765,51.1982],[17.7674,51.2039],[17.7633,51.2102],[17.7567,51.2163],[17.7548,51.2217],[17.757,51.2229],[17.7578,51.2267],[17.7552,51.2303],[17.7555,51.2332],[17.744,51.243],[17.7459,51.2498],[17.743,51.2542],[17.7429,51.2573],[17.7458,51.2639],[17.749,51.267],[17.7493,51.2701],[17.7382,51.2757],[17.7516,51.2812],[17.7522,51.2836],[17.7473,51.286],[17.7503,51.2907],[17.7665,51.3007],[17.7601,51.3023],[17.7644,51.3059],[17.7589,51.3083],[17.7605,51.3097],[17.7733,51.3053],[17.7835,51.3062],[17.7961,51.303],[17.805,51.3033],[17.8007,51.2968],[17.8045,51.2963],[17.8035,51.2931],[17.8244,51.294],[17.8255,51.2984],[17.833,51.2972],[17.8343,51.3028],[17.8252,51.3086],[17.824,51.3139],[17.8274,51.3193],[17.8338,51.3224],[17.8398,51.3221],[17.8464,51.3185],[17.8492,51.321],[17.8461,51.3256],[17.8388,51.3277],[17.8346,51.3307],[17.8504,51.3366],[17.8524,51.3393],[17.851,51.34],[17.8539,51.3417],[17.8563,51.3412],[17.8576,51.3383],[17.8699,51.3378],[17.8769,51.3427],[17.8761,51.3492],[17.8728,51.3521],[17.8736,51.3536],[17.8817,51.3483],[17.8872,51.3471],[17.9021,51.3483],[17.9056,51.3492],[17.9075,51.3524],[17.9187,51.3618],[17.9183,51.3653],[17.9229,51.3658],[17.9296,51.3617],[17.9322,51.3548],[17.9395,51.3462],[17.96,51.3387],[17.9664,51.3424],[17.9693,51.3497],[17.9805,51.3551],[17.9941,51.3458],[17.9995,51.3491],[18.0045,51.3531],[18.0025,51.3604],[18.0053,51.3667],[18.0238,51.3754],[18.0265,51.3804],[18.0354,51.3838],[18.0435,51.392],[18.0462,51.3918],[18.0476,51.3934],[18.061,51.3893],[18.056,51.3838],[18.0647,51.3824],[18.0647,51.3801],[18.0672,51.3809],[18.0633,51.3779],[18.0831,51.3836],[18.0988,51.362],[18.0745,51.3499],[18.0934,51.3411],[18.0921,51.3252],[18.1128,51.3108],[18.1122,51.3075],[18.1088,51.3069],[18.1136,51.2971],[18.1119,51.297],[18.1098,51.2932],[18.1138,51.292],[18.1119,51.29],[18.1202,51.2866],[18.1136,51.2849],[18.105,51.2855],[18.1062,51.2819],[18.103,51.2804],[18.1169,51.2775],[18.1129,51.2734],[18.1095,51.2728],[18.1078,51.2693],[18.1034,51.2683],[18.1043,51.266],[18.11,51.2602],[18.1185,51.2615],[18.1177,51.2653],[18.1211,51.266],[18.1229,51.2642],[18.1264,51.2689],[18.1366,51.2697],[18.138,51.2641],[18.1533,51.264],[18.1507,51.2732],[18.1563,51.2719],[18.1594,51.2736],[18.1706,51.2711],[18.1726,51.2683],[18.1691,51.2679],[18.1704,51.2676],[18.1704,51.2637],[18.1721,51.263],[18.1693,51.2605],[18.1702,51.2586],[18.1675,51.2557],[18.1683,51.2527],[18.167,51.2505],[18.1686,51.2481],[18.1667,51.2463],[18.169,51.2458],[18.1669,51.2428],[18.1692,51.2405],[18.172,51.2414],[18.1749,51.2382],[18.1761,51.2361],[18.174,51.2343],[18.1756,51.2318],[18.1743,51.2309],[18.177,51.2276],[18.1764,51.2262],[18.179,51.2252],[18.1778,51.224],[18.1803,51.2233],[18.1778,51.2192],[18.1732,51.218],[18.1721,51.2151],[18.1697,51.2138],[18.1702,51.2122],[18.1652,51.2123],[18.1641,51.2064],[18.1621,51.2055],[18.162,51.1939],[18.1627,51.192],[18.1764,51.1908],[18.1711,51.1882],[18.1669,51.1824],[18.1686,51.1782],[18.1635,51.1725],[18.1611,51.1747],[18.1534,51.1731],[18.1514,51.1713],[18.1372,51.172],[18.1243,51.1685],[18.1045,51.1534],[18.1021,51.1588],[18.0938,51.1566],[18.0819,51.1661],[18.0782,51.1662],[18.0747,51.1636],[18.0756,51.1627],[18.0728,51.1588],[18.0705,51.1593],[18.07,51.1564],[18.0735,51.1546],[18.0772,51.157],[18.0818,51.1545],[18.0797,51.1529],[18.0728,51.1527],[18.0734,51.1512],[18.0679,51.1495],[18.0755,51.1469],[18.0733,51.1448],[18.0596,51.1416],[18.0503,51.1351],[18.0394,51.131],[18.0151,51.1271],[18.0037,51.1219],[17.9974,51.1217]]]]}},{"type":"Feature","properties":{"GID_2":"POL.15.10_1","GID_0":"POL","COUNTRY":"Poland","GID_1":"POL.15_1","NAME_1":"Wielkopolskie","NL_NAME_1":"NA","NAME_2":"Kolo","VARNAME_2":"NA","NL_NAME_2":"NA","TYPE_2":"Powiat","ENGTYPE_2":"County","CC_2":"3009","HASC_2":"NA"},"geometry":{"type":"MultiPolygon","coordinates":[[[[18.9112,52.1338],[18.9128,52.1302],[18.9194,52.1289],[18.9316,52.1232],[18.9425,52.1279],[18.9434,52.1246],[18.947,52.1247],[18.9498,52.1194],[18.944,52.1033],[18.9399,52.1011],[18.9308,52.1044],[18.9301,52.0938],[18.9251,52.0793],[18.9157,52.0781],[18.9123,52.0804],[18.9052,52.0796],[18.9043,52.0824],[18.9003,52.0839],[18.8949,52.081],[18.8855,52.08],[18.8806,52.0832],[18.8773,52.0833],[18.8767,52.0851],[18.8738,52.0844],[18.8727,52.0859],[18.8714,52.0842],[18.8706,52.0867],[18.8667,52.0875],[18.8656,52.0857],[18.8644,52.0872],[18.8517,52.0852],[18.8534,52.0814],[18.8421,52.0802],[18.8399,52.0718],[18.8278,52.0642],[18.8194,52.0651],[18.8193,52.0699],[18.8155,52.0712],[18.8136,52.0677],[18.8027,52.0658],[18.7951,52.0614],[18.7866,52.0609],[18.7636,52.0676],[18.7602,52.0718],[18.7528,52.075],[18.7528,52.0765],[18.7238,52.0648],[18.7232,52.0662],[18.7179,52.0657],[18.7155,52.0671],[18.7153,52.0705],[18.7129,52.0727],[18.7148,52.0754],[18.7141,52.077],[18.7094,52.0781],[18.7065,52.0814],[18.6926,52.0889],[18.6938,52.0916],[18.6901,52.0938],[18.6889,52.0976],[18.6912,52.0997],[18.6899,52.1027],[18.6919,52.1048],[18.6886,52.1077],[18.6891,52.1106],[18.6866,52.1135],[18.6889,52.118],[18.6865,52.1196],[18.688,52.1224],[18.6864,52.1234],[18.6861,52.1283],[18.6792,52.1286],[18.6648,52.1358],[18.6591,52.132],[18.6526,52.13],[18.6547,52.1272],[18.6501,52.1242],[18.6472,52.1263],[18.631,52.1208],[18.6201,52.1203],[18.6067,52.1229],[18.6003,52.1277],[18.5902,52.1288],[18.5821,52.1257],[18.5729,52.1303],[18.564,52.1322],[18.5267,52.1365],[18.511,52.1457],[18.4879,52.1508],[18.4696,52.1686],[18.4574,52.1738],[18.4591,52.1824],[18.4569,52.1871],[18.4569,52.1932],[18.4597,52.2043],[18.4679,52.208],[18.4807,52.2064],[18.485,52.2101],[18.4842,52.2176],[18.4982,52.224],[18.5093,52.2317],[18.5273,52.239],[18.5365,52.2529],[18.5119,52.2655],[18.5086,52.2612],[18.5024,52.2618],[18.4906,52.266],[18.4795,52.273],[18.4906,52.2782],[18.494,52.2857],[18.4879,52.2875],[18.4888,52.2939],[18.4853,52.2968],[18.5029,52.2971],[18.5036,52.2958],[18.527,52.295],[18.531,52.3059],[18.5289,52.3098],[18.5347,52.3094],[18.5399,52.3122],[18.5478,52.3089],[18.5601,52.3126],[18.5588,52.3156],[18.569,52.3132],[18.5726,52.3078],[18.5754,52.3068],[18.5915,52.308],[18.5924,52.3113],[18.5902,52.3146],[18.5912,52.3175],[18.5946,52.3196],[18.6018,52.3346],[18.6107,52.3335],[18.6151,52.3364],[18.6227,52.3358],[18.6215,52.3364],[18.6232,52.3405],[18.6296,52.3391],[18.6284,52.3426],[18.6189,52.3442],[18.6098,52.3481],[18.6169,52.3584],[18.612,52.3593],[18.616,52.3667],[18.6058,52.3683],[18.5975,52.372],[18.6026,52.3775],[18.6033,52.3818],[18.6094,52.3907],[18.6082,52.3937],[18.6101,52.3969],[18.596,52.397],[18.596,52.4032],[18.5982,52.4099],[18.5947,52.4121],[18.5947,52.4175],[18.5902,52.4171],[18.5908,52.4183],[18.6063,52.418],[18.6095,52.4198],[18.6139,52.4197],[18.6227,52.4252],[18.6291,52.4236],[18.6321,52.4178],[18.6408,52.4183],[18.6576,52.4236],[18.658,52.4219],[18.6696,52.4242],[18.6701,52.4215],[18.6767,52.4231],[18.6846,52.4282],[18.6771,52.4176],[18.6832,52.4096],[18.6795,52.4007],[18.712,52.4008],[18.715,52.3988],[18.7182,52.3936],[18.717,52.3926],[18.7183,52.39],[18.7246,52.3885],[18.7266,52.3842],[18.732,52.3803],[18.7325,52.3736],[18.7399,52.3736],[18.7392,52.3692],[18.7435,52.3662],[18.7424,52.3647],[18.747,52.3641],[18.7476,52.3627],[18.7532,52.3634],[18.7546,52.3613],[18.7531,52.3598],[18.7511,52.3463],[18.7534,52.345],[18.7522,52.3381],[18.7558,52.3318],[18.7613,52.3335],[18.7589,52.3361],[18.7601,52.3364],[18.7665,52.336],[18.7722,52.3328],[18.7786,52.3344],[18.7804,52.342],[18.7872,52.3421],[18.8142,52.3524],[18.8191,52.3474],[18.8245,52.3482],[18.8278,52.3437],[18.8319,52.3452],[18.8322,52.3439],[18.8356,52.3431],[18.8401,52.3459],[18.843,52.3452],[18.8514,52.3487],[18.8555,52.3484],[18.8588,52.3516],[18.861,52.3514],[18.8603,52.3522],[18.8628,52.3548],[18.8698,52.3601],[18.8741,52.3603],[18.8775,52.3632],[18.88,52.3638],[18.8898,52.3595],[18.8891,52.3609],[18.8929,52.3631],[18.9048,52.3632],[18.9067,52.3653],[18.9125,52.3662],[18.9102,52.3783],[18.9205,52.3758],[18.93,52.3783],[18.9263,52.3814],[18.9277,52.3826],[18.9239,52.388],[18.9208,52.3989],[18.9244,52.3999],[18.9316,52.3938],[18.9408,52.3915],[18.9402,52.3897],[18.9446,52.3847],[18.9528,52.3791],[18.9693,52.3778],[18.9754,52.375],[18.9769,52.3707],[18.9735,52.3699],[18.98,52.3646],[18.9669,52.3612],[18.9694,52.3553],[18.9822,52.3565],[18.9993,52.353],[19.0081,52.3493],[19.0053,52.3398],[19.02,52.3379],[19.029,52.3321],[19.0326,52.3333],[19.0471,52.3328],[19.0474,52.3263],[19.045,52.3185],[19.0312,52.318],[19.0309,52.3166],[19.0364,52.3153],[19.0385,52.2993],[19.0457,52.2957],[19.0419,52.2909],[19.038,52.2799],[19.0301,52.2731],[19.0303,52.2709],[19.0315,52.2698],[19.0448,52.2712],[19.0502,52.2734],[19.0608,52.2719],[19.0713,52.2735],[19.0744,52.2734],[19.0743,52.2719],[19.0768,52.2708],[19.0872,52.2694],[19.0948,52.2706],[19.1003,52.2659],[19.1014,52.2493],[19.104,52.2461],[19.105,52.2415],[19.1024,52.2425],[19.0958,52.2415],[19.096,52.2402],[19.0805,52.2385],[19.0799,52.2307],[19.0737,52.2302],[19.0709,52.2284],[19.0733,52.2228],[19.0823,52.2227],[19.0898,52.2068],[19.0776,52.2001],[19.0524,52.2126],[19.0202,52.2154],[18.9995,52.2112],[18.9922,52.2145],[18.9809,52.2077],[18.972,52.2072],[18.9721,52.2059],[18.9699,52.2059],[18.9703,52.2026],[18.9661,52.2024],[18.9647,52.2057],[18.9641,52.2024],[18.9636,52.2064],[18.951,52.1954],[18.9433,52.1994],[18.9401,52.1975],[18.9306,52.1992],[18.9277,52.1956],[18.9241,52.1963],[18.9182,52.186],[18.9157,52.1731],[18.9156,52.1608],[18.91,52.1558],[18.9087,52.1526],[18.9085,52.1454],[18.9112,52.1338]]]]}},{"type":"Feature","properties":{"GID_2":"POL.15.12_1","GID_0":"POL","COUNTRY":"Poland","GID_1":"POL.15_1","NAME_1":"Wielkopolskie","NL_NAME_1":"NA","NAME_2":"Konin","VARNAME_2":"NA","NL_NAME_2":"NA","TYPE_2":"Powiat","ENGTYPE_2":"County","CC_2":"3010","HASC_2":"NA"},"geometry":{"type":"MultiPolygon","coordinates":[[[[18.082,51.9774],[18.0496,51.9819],[18.0181,51.991],[17.999,51.994],[17.9905,51.9976],[17.9636,52.0008],[17.9472,52.0001],[17.9413,52.0013],[17.96,52.0285],[17.969,52.0327],[17.9797,52.0481],[17.9741,52.065],[17.9668,52.0644],[17.9674,52.0757],[17.945,52.075],[17.9394,52.0815],[17.9346,52.0909],[17.9582,52.0909],[17.9658,52.0968],[17.9696,52.0973],[17.9711,52.1064],[18.0071,52.1143],[18.0201,52.1155],[18.0239,52.1177],[18.0233,52.1187],[18.0287,52.1157],[18.0329,52.1179],[18.0281,52.1268],[18.0175,52.1357],[18.0054,52.142],[17.9841,52.1465],[17.99,52.1527],[17.9998,52.1563],[18.0051,52.1564],[18.0046,52.1581],[18.0084,52.1657],[18.0151,52.1687],[18.0112,52.1717],[18.0144,52.1719],[18.0158,52.1762],[18.0211,52.1753],[18.0205,52.1715],[18.0281,52.1714],[18.0256,52.1742],[18.0295,52.1759],[18.0276,52.1764],[18.0316,52.1817],[18.0272,52.1839],[18.0283,52.1854],[18.0261,52.1892],[18.0277,52.1913],[18.0233,52.1934],[18.0282,52.1965],[18.0263,52.2012],[18.0241,52.2011],[18.0243,52.209],[18.0217,52.2098],[18.0161,52.228],[18.0087,52.2363],[18.0234,52.2396],[18.0205,52.2435],[18.0268,52.2436],[18.0258,52.2505],[18.0233,52.2511],[18.0235,52.2536],[18.0403,52.2727],[18.0368,52.2738],[18.0338,52.2777],[18.0337,52.2836],[18.0496,52.2908],[18.0676,52.2937],[18.0641,52.2987],[18.0616,52.2981],[18.0512,52.3034],[18.0424,52.3022],[18.0395,52.3031],[18.0419,52.3096],[18.0459,52.3124],[18.0419,52.3159],[18.0354,52.3141],[18.0321,52.3147],[18.0295,52.3193],[18.0235,52.3226],[18.0214,52.3313],[18.0359,52.3296],[18.0383,52.3339],[18.0521,52.3313],[18.078,52.3571],[18.0793,52.3613],[18.0832,52.3625],[18.0854,52.3678],[18.0842,52.369],[18.0817,52.3678],[18.0813,52.3703],[18.083,52.3711],[18.084,52.3752],[18.0876,52.3786],[18.0898,52.3836],[18.0844,52.3891],[18.0866,52.3971],[18.0848,52.4008],[18.0749,52.4028],[18.0679,52.4015],[18.0677,52.4041],[18.0701,52.4078],[18.067,52.4105],[18.0719,52.416],[18.0727,52.4195],[18.057,52.428],[18.0497,52.437],[18.034,52.4434],[18.0305,52.4468],[18.026,52.4471],[18.0263,52.4505],[18.0333,52.4527],[18.0361,52.4569],[18.0501,52.4609],[18.0518,52.4641],[18.0545,52.4625],[18.0631,52.4688],[18.0697,52.4697],[18.0722,52.4717],[18.0727,52.4744],[18.0855,52.477],[18.0909,52.4805],[18.0924,52.4833],[18.1011,52.4856],[18.1114,52.4917],[18.1156,52.4924],[18.12,52.496],[18.1315,52.5013],[18.1336,52.504],[18.1329,52.5058],[18.138,52.5049],[18.1546,52.5095],[18.1829,52.5037],[18.1987,52.5048],[18.2026,52.5006],[18.1997,52.4934],[18.2002,52.4863],[18.2046,52.4832],[18.2203,52.4827],[18.2214,52.484],[18.2347,52.4851],[18.2414,52.488],[18.2602,52.4812],[18.2646,52.4854],[18.2718,52.4868],[18.2755,52.4914],[18.2946,52.4998],[18.2989,52.4992],[18.3013,52.5023],[18.3061,52.5029],[18.3452,52.5217],[18.3462,52.5237],[18.34,52.5303],[18.3399,52.5375],[18.3525,52.5434],[18.3771,52.5375],[18.3766,52.5363],[18.3859,52.532],[18.3847,52.5297],[18.388,52.5269],[18.3868,52.5236],[18.3833,52.5224],[18.3759,52.5039],[18.387,52.4849],[18.3844,52.4826],[18.3856,52.481],[18.384,52.4782],[18.3844,52.4751],[18.3872,52.4742],[18.387,52.472],[18.3901,52.4706],[18.4,52.4741],[18.4035,52.4703],[18.4053,52.4704],[18.405,52.4728],[18.4079,52.4716],[18.409,52.473],[18.4197,52.4732],[18.4229,52.4795],[18.4362,52.4791],[18.441,52.4807],[18.449,52.4775],[18.4635,52.4766],[18.4669,52.4816],[18.4663,52.4849],[18.4622,52.4905],[18.4725,52.4895],[18.4735,52.492],[18.4863,52.4981],[18.4846,52.5007],[18.4855,52.5028],[18.4905,52.5048],[18.4925,52.5032],[18.5256,52.4995],[18.5323,52.497],[18.5304,52.494],[18.533,52.4917],[18.5397,52.4909],[18.5393,52.4872],[18.5374,52.4867],[18.5357,52.4833],[18.5389,52.4827],[18.5383,52.4812],[18.5427,52.4857],[18.5478,52.484],[18.5593,52.4844],[18.5627,52.473],[18.5601,52.4633],[18.5741,52.4652],[18.5738,52.464],[18.589,52.4616],[18.5901,52.4681],[18.5929,52.4695],[18.6025,52.4639],[18.6087,52.4555],[18.626,52.4557],[18.642,52.4534],[18.6502,52.4503],[18.6503,52.4402],[18.6487,52.4395],[18.6541,52.4334],[18.6577,52.4236],[18.6408,52.4183],[18.6321,52.4178],[18.6291,52.4236],[18.6227,52.4252],[18.6139,52.4197],[18.6009,52.4172],[18.5938,52.4187],[18.5899,52.4177],[18.5947,52.4175],[18.5947,52.4121],[18.598,52.4105],[18.596,52.397],[18.6101,52.3969],[18.6082,52.3937],[18.6094,52.3907],[18.6033,52.3818],[18.6026,52.3775],[18.5975,52.372],[18.6058,52.3683],[18.616,52.3667],[18.612,52.3593],[18.6169,52.3584],[18.6098,52.3481],[18.6189,52.3442],[18.6284,52.3426],[18.6296,52.3391],[18.6232,52.3405],[18.6215,52.3364],[18.6227,52.3358],[18.6151,52.3364],[18.6107,52.3335],[18.6018,52.3346],[18.5946,52.3196],[18.5912,52.3175],[18.5902,52.3146],[18.5924,52.3113],[18.5915,52.308],[18.5754,52.3068],[18.5726,52.3078],[18.569,52.3132],[18.5588,52.3156],[18.5601,52.3126],[18.5478,52.3089],[18.5399,52.3122],[18.5347,52.3094],[18.5289,52.3098],[18.531,52.3059],[18.527,52.295],[18.5036,52.2958],[18.5029,52.2971],[18.4853,52.2968],[18.4888,52.2939],[18.4879,52.2875],[18.494,52.2857],[18.4906,52.2782],[18.4795,52.273],[18.4906,52.266],[18.5024,52.2618],[18.5086,52.2612],[18.5119,52.2655],[18.5365,52.2529],[18.5273,52.239],[18.5093,52.2317],[18.4982,52.224],[18.4842,52.2176],[18.485,52.2101],[18.4807,52.2064],[18.4679,52.208],[18.4597,52.2043],[18.4569,52.1932],[18.4569,52.1871],[18.4591,52.1824],[18.4572,52.1741],[18.4648,52.1708],[18.4569,52.1684],[18.4565,52.165],[18.4349,52.1642],[18.4302,52.1617],[18.4297,52.1597],[18.4258,52.1621],[18.4253,52.1654],[18.4273,52.1677],[18.4233,52.1705],[18.4196,52.1665],[18.422,52.164],[18.4209,52.1553],[18.408,52.1536],[18.4081,52.1502],[18.4039,52.1503],[18.4004,52.1481],[18.3983,52.1481],[18.3979,52.1517],[18.3869,52.1515],[18.3862,52.1444],[18.3915,52.1374],[18.3853,52.1375],[18.3844,52.1398],[18.377,52.1385],[18.3517,52.1466],[18.348,52.1273],[18.3303,52.1288],[18.3293,52.1228],[18.3257,52.1225],[18.3077,52.1253],[18.2868,52.1255],[18.2862,52.1209],[18.2827,52.1147],[18.2749,52.1091],[18.2602,52.1064],[18.2279,52.0964],[18.2217,52.0927],[18.2201,52.0899],[18.2246,52.0877],[18.2251,52.086],[18.2286,52.0853],[18.2289,52.0814],[18.2182,52.0767],[18.2221,52.0624],[18.2262,52.0587],[18.2283,52.0506],[18.2273,52.0333],[18.2284,52.0314],[18.2255,52.0252],[18.2134,52.0146],[18.1938,52.0157],[18.1905,52.0024],[18.1675,52.0084],[18.168,52.0034],[18.1647,51.9993],[18.1684,51.9861],[18.1646,51.9842],[18.1626,51.984],[18.1628,51.9861],[18.1536,51.9859],[18.1102,51.9823],[18.105,51.9757],[18.082,51.9774]],[[18.2018,52.2478],[18.2032,52.2441],[18.1926,52.2338],[18.1965,52.23],[18.1965,52.2254],[18.1947,52.2245],[18.1969,52.2214],[18.2025,52.2206],[18.2058,52.2226],[18.2114,52.2223],[18.2148,52.2205],[18.2303,52.2195],[18.2307,52.2172],[18.2266,52.2157],[18.2256,52.2138],[18.227,52.212],[18.2248,52.2118],[18.2261,52.2044],[18.2202,52.1986],[18.2147,52.1978],[18.2128,52.1948],[18.2161,52.1937],[18.2187,52.1897],[18.2236,52.1886],[18.2337,52.1896],[18.2412,52.1923],[18.2432,52.1853],[18.2663,52.188],[18.2689,52.1831],[18.2851,52.1825],[18.283,52.1935],[18.2966,52.198],[18.2833,52.202],[18.2872,52.2133],[18.2892,52.2142],[18.2925,52.2221],[18.2935,52.2284],[18.2962,52.228],[18.3001,52.2226],[18.3162,52.2199],[18.3308,52.2207],[18.326,52.2251],[18.3327,52.2275],[18.324,52.2288],[18.3241,52.2365],[18.3212,52.2426],[18.3238,52.2455],[18.3154,52.2477],[18.3117,52.2478],[18.31,52.2433],[18.303,52.2407],[18.2997,52.2359],[18.2968,52.2371],[18.2978,52.2409],[18.2995,52.2408],[18.2986,52.244],[18.2797,52.2386],[18.278,52.2462],[18.2891,52.2483],[18.2887,52.2509],[18.2941,52.2507],[18.2924,52.2655],[18.2985,52.2669],[18.3024,52.2615],[18.3046,52.2622],[18.3026,52.2653],[18.305,52.2656],[18.3044,52.2673],[18.3101,52.2689],[18.3047,52.2726],[18.3067,52.2729],[18.3082,52.2773],[18.3124,52.2799],[18.3056,52.2835],[18.3047,52.288],[18.3087,52.2948],[18.3174,52.2962],[18.3166,52.3022],[18.3097,52.3023],[18.308,52.3062],[18.3022,52.3085],[18.3072,52.3167],[18.303,52.3199],[18.2894,52.3217],[18.2877,52.3202],[18.2543,52.3227],[18.2566,52.33],[18.2271,52.3286],[18.2313,52.3204],[18.2314,52.3131],[18.229,52.3082],[18.2337,52.3052],[18.2332,52.2993],[18.2257,52.2981],[18.2159,52.2994],[18.2074,52.2965],[18.2048,52.2928],[18.2051,52.2909],[18.2078,52.2895],[18.2264,52.2897],[18.2256,52.2872],[18.2275,52.2868],[18.2229,52.2841],[18.2338,52.2806],[18.2464,52.2724],[18.2525,52.257],[18.2355,52.2544],[18.2317,52.2503],[18.2302,52.2505],[18.2291,52.2487],[18.2304,52.2484],[18.2236,52.2466],[18.2214,52.25],[18.2018,52.2478]]]]}},{"type":"Feature","properties":{"GID_2":"POL.15.11_1","GID_0":"POL","COUNTRY":"Poland","GID_1":"POL.15_1","NAME_1":"Wielkopolskie","NL_NAME_1":"NA","NAME_2":"Konin","VARNAME_2":"NA","NL_NAME_2":"NA","TYPE_2":"Miastonaprawachpowiatu","ENGTYPE_2":"Citywithpowiatrights","CC_2":"3062","HASC_2":"NA"},"geometry":{"type":"MultiPolygon","coordinates":[[[[18.1969,52.2214],[18.1947,52.2245],[18.1965,52.2254],[18.1965,52.23],[18.1926,52.2338],[18.2032,52.2441],[18.2017,52.248],[18.2214,52.25],[18.2236,52.2466],[18.2304,52.2484],[18.2291,52.2487],[18.2302,52.2505],[18.2317,52.2503],[18.2355,52.2544],[18.2525,52.257],[18.2464,52.2724],[18.2338,52.2806],[18.2229,52.2841],[18.2275,52.2868],[18.2256,52.2872],[18.2264,52.2897],[18.2085,52.2894],[18.2051,52.2909],[18.2071,52.2963],[18.2159,52.2994],[18.2257,52.2981],[18.2332,52.2993],[18.2337,52.3052],[18.229,52.3082],[18.2314,52.3131],[18.2313,52.3204],[18.2271,52.3286],[18.2566,52.33],[18.2543,52.3227],[18.2877,52.3202],[18.2894,52.3217],[18.2989,52.321],[18.3071,52.317],[18.3022,52.3085],[18.308,52.3062],[18.3097,52.3023],[18.3166,52.3022],[18.3174,52.2962],[18.3087,52.2948],[18.3047,52.288],[18.3056,52.2835],[18.3124,52.2799],[18.3082,52.2773],[18.3067,52.2729],[18.3047,52.2726],[18.3101,52.2689],[18.3044,52.2673],[18.305,52.2656],[18.3026,52.2653],[18.3046,52.2622],[18.3024,52.2615],[18.2985,52.2669],[18.2924,52.2655],[18.2941,52.2507],[18.2887,52.2509],[18.2891,52.2483],[18.278,52.2462],[18.2798,52.2411],[18.2786,52.2406],[18.2799,52.2383],[18.286,52.2412],[18.2986,52.244],[18.2995,52.2408],[18.2978,52.2409],[18.2968,52.2371],[18.2997,52.2359],[18.303,52.2407],[18.31,52.2433],[18.3117,52.2478],[18.3238,52.2455],[18.3212,52.2426],[18.3241,52.2365],[18.324,52.2288],[18.3327,52.2275],[18.326,52.2251],[18.3308,52.2207],[18.3158,52.2199],[18.3031,52.2218],[18.2988,52.2234],[18.2962,52.228],[18.2935,52.2284],[18.2925,52.2221],[18.2892,52.2142],[18.2872,52.2133],[18.2833,52.202],[18.2966,52.198],[18.283,52.1935],[18.2845,52.1823],[18.2689,52.1831],[18.2663,52.188],[18.243,52.1853],[18.2435,52.1878],[18.2415,52.1888],[18.2412,52.1923],[18.2306,52.1891],[18.2198,52.1892],[18.2161,52.1937],[18.2128,52.1948],[18.2147,52.1978],[18.2202,52.1986],[18.2261,52.2044],[18.2248,52.2118],[18.227,52.212],[18.2256,52.2138],[18.2266,52.2157],[18.2307,52.2172],[18.2303,52.2195],[18.2148,52.2205],[18.2114,52.2223],[18.2058,52.2226],[18.2025,52.2206],[18.1969,52.2214]]]]}},{"type":"Feature","properties":{"GID_2":"POL.15.13_1","GID_0":"POL","COUNTRY":"Poland","GID_1":"POL.15_1","NAME_1":"Wielkopolskie","NL_NAME_1":"NA","NAME_2":"Koscian","VARNAME_2":"NA","NL_NAME_2":"NA","TYPE_2":"Powiat","ENGTYPE_2":"County","CC_2":"3011","HASC_2":"NA"},"geometry":{"type":"MultiPolygon","coordinates":[[[[16.4691,52.0831],[16.4951,52.0917],[16.5152,52.091],[16.5244,52.0947],[16.5227,52.1117],[16.5358,52.1164],[16.559,52.1143],[16.5662,52.1105],[16.5713,52.1116],[16.5726,52.114],[16.5754,52.1147],[16.573,52.1193],[16.5671,52.1227],[16.5706,52.1417],[16.5728,52.148],[16.5827,52.1608],[16.5915,52.1635],[16.603,52.1711],[16.6061,52.17],[16.6127,52.172],[16.629,52.1799],[16.6245,52.1812],[16.6284,52.1872],[16.6237,52.1891],[16.6499,52.1936],[16.6588,52.2024],[16.6622,52.2091],[16.6702,52.2118],[16.6831,52.2098],[16.699,52.1989],[16.7102,52.1935],[16.7239,52.2089],[16.7413,52.2155],[16.7517,52.2123],[16.7571,52.2085],[16.7644,52.2082],[16.7797,52.2043],[16.7827,52.1969],[16.7745,52.1851],[16.7766,52.1852],[16.78,52.1809],[16.7842,52.1789],[16.7986,52.1772],[16.8021,52.1751],[16.8005,52.1736],[16.8009,52.1705],[16.8043,52.1671],[16.8036,52.1635],[16.7972,52.1579],[16.7906,52.145],[16.7903,52.1408],[16.8122,52.1319],[16.8205,52.1235],[16.8219,52.1184],[16.8408,52.1146],[16.8441,52.1174],[16.8462,52.1154],[16.8482,52.1161],[16.8489,52.1195],[16.8581,52.1152],[16.8613,52.1196],[16.8683,52.1195],[16.858,52.102],[16.8768,52.1013],[16.8839,52.1026],[16.8887,52.0936],[16.8738,52.092],[16.8728,52.0908],[16.8785,52.0799],[16.8758,52.0729],[16.8761,52.0671],[16.8918,52.066],[16.9181,52.0684],[16.9217,52.0645],[16.9258,52.0639],[16.9243,52.0582],[16.9194,52.0531],[16.9168,52.0458],[16.9013,52.0364],[16.8956,52.0275],[16.8884,52.0213],[16.9006,52.0148],[16.9053,52.0152],[16.9088,52.0134],[16.9143,52.0169],[16.9207,52.0175],[16.9241,52.0164],[16.9295,52.0177],[16.9409,52.0139],[16.9431,52.0157],[16.9479,52.0131],[16.9479,52.0106],[16.9508,52.0105],[16.9594,52.0052],[16.9702,52.004],[16.9754,52.0007],[16.9778,52.0023],[16.9815,52.0013],[16.9846,51.9997],[16.9844,51.9968],[16.9942,51.9941],[16.9935,51.9897],[16.9989,51.9887],[17.0003,51.9872],[16.9985,51.9867],[16.9991,51.9853],[17.0034,51.9844],[17.0039,51.9809],[17.0063,51.9785],[17.0055,51.9746],[17.0097,51.9651],[17.0036,51.9644],[16.9942,51.959],[16.9676,51.9556],[16.9683,51.9488],[16.9578,51.9482],[16.9492,51.9433],[16.9464,51.9399],[16.9325,51.9353],[16.9248,51.9352],[16.9204,51.9415],[16.9097,51.9394],[16.9135,51.9308],[16.9083,51.9299],[16.9077,51.9251],[16.9099,51.92],[16.909,51.9169],[16.8934,51.9217],[16.8932,51.9233],[16.8738,51.926],[16.8713,51.9283],[16.8616,51.9291],[16.8601,51.9271],[16.8504,51.9262],[16.8398,51.9277],[16.833,51.9305],[16.8309,51.9385],[16.8294,51.9384],[16.8298,51.9361],[16.8169,51.9355],[16.8153,51.9442],[16.8067,51.9452],[16.8046,51.9471],[16.806,51.9497],[16.7988,51.9473],[16.7967,51.9486],[16.7779,51.9482],[16.7778,51.9543],[16.7657,51.9535],[16.7655,51.9571],[16.7676,51.9572],[16.7671,51.9603],[16.7519,51.9573],[16.7484,51.9595],[16.7457,51.9588],[16.733,51.9624],[16.7221,51.9604],[16.7231,51.9618],[16.7149,51.9645],[16.6892,51.9679],[16.6833,51.9666],[16.6676,51.968],[16.642,51.9644],[16.64,51.9694],[16.6281,51.9739],[16.6283,51.972],[16.6233,51.9687],[16.6237,51.9645],[16.6045,51.9621],[16.6006,51.9654],[16.5817,51.9678],[16.5803,51.9639],[16.575,51.9626],[16.5591,51.9642],[16.5513,51.9543],[16.5503,51.9556],[16.5453,51.9553],[16.5449,51.9571],[16.5396,51.9572],[16.5397,51.96],[16.537,51.96],[16.5371,51.9678],[16.5334,51.9693],[16.5284,51.9601],[16.5138,51.9602],[16.5158,51.9569],[16.5037,51.9589],[16.5026,51.9509],[16.5015,51.9501],[16.499,51.9519],[16.4975,51.9484],[16.4974,51.9409],[16.4866,51.9486],[16.4905,51.9534],[16.4793,51.9557],[16.4768,51.9523],[16.4629,51.9545],[16.4585,51.9512],[16.447,51.9472],[16.4387,51.95],[16.4266,51.9577],[16.4237,51.9642],[16.4206,51.9653],[16.4213,51.9696],[16.4263,51.9728],[16.4339,51.9859],[16.4335,51.9905],[16.4415,51.9899],[16.4434,51.9974],[16.4474,51.9971],[16.4463,51.9982],[16.4526,52.0081],[16.4591,52.007],[16.4653,52.0082],[16.4657,52.0161],[16.4585,52.0172],[16.4495,52.0227],[16.4505,52.0322],[16.4467,52.0336],[16.4515,52.0336],[16.4536,52.0371],[16.4501,52.0425],[16.4615,52.0459],[16.4503,52.0533],[16.4698,52.0571],[16.4567,52.0685],[16.4641,52.068],[16.4651,52.0809],[16.4691,52.0831]]]]}},{"type":"Feature","properties":{"GID_2":"POL.15.14_1","GID_0":"POL","COUNTRY":"Poland","GID_1":"POL.15_1","NAME_1":"Wielkopolskie","NL_NAME_1":"NA","NAME_2":"Krotoszyn","VARNAME_2":"NA","NL_NAME_2":"NA","TYPE_2":"Powiat","ENGTYPE_2":"County","CC_2":"3012","HASC_2":"NA"},"geometry":{"type":"MultiPolygon","coordinates":[[[[17.478,51.6218],[17.471,51.6262],[17.4596,51.6264],[17.4597,51.6282],[17.4382,51.6329],[17.4378,51.6317],[17.4303,51.6326],[17.4189,51.6306],[17.4117,51.6312],[17.3892,51.6363],[17.3862,51.6351],[17.3804,51.636],[17.3586,51.643],[17.3373,51.6453],[17.3301,51.6479],[17.2909,51.6439],[17.2399,51.6418],[17.2403,51.6474],[17.2372,51.6523],[17.2405,51.6549],[17.2341,51.6637],[17.2355,51.6655],[17.2348,51.6686],[17.2241,51.6772],[17.2098,51.6821],[17.1943,51.676],[17.1771,51.6845],[17.154,51.6927],[17.1384,51.6934],[17.1419,51.7008],[17.1281,51.702],[17.1272,51.7036],[17.1291,51.704],[17.129,51.7053],[17.1271,51.7145],[17.128,51.7161],[17.132,51.7161],[17.1334,51.7146],[17.1462,51.7135],[17.146,51.7118],[17.1533,51.7108],[17.1546,51.7143],[17.1608,51.7167],[17.1758,51.7147],[17.1805,51.7173],[17.1774,51.7189],[17.177,51.7237],[17.1836,51.7379],[17.1745,51.7386],[17.1676,51.7421],[17.1528,51.746],[17.1579,51.7522],[17.1651,51.7568],[17.1655,51.7619],[17.1734,51.7685],[17.1798,51.7712],[17.1755,51.7758],[17.1777,51.7826],[17.1765,51.7869],[17.1805,51.7917],[17.2041,51.7873],[17.2123,51.7829],[17.223,51.781],[17.2215,51.7755],[17.2429,51.7711],[17.2444,51.7727],[17.2559,51.7723],[17.2578,51.7815],[17.2696,51.7783],[17.2713,51.7719],[17.2761,51.7655],[17.2739,51.7641],[17.273,51.7597],[17.2712,51.7596],[17.2688,51.756],[17.2684,51.7524],[17.2714,51.7514],[17.2838,51.7522],[17.284,51.7538],[17.2853,51.7538],[17.2854,51.7511],[17.2864,51.7562],[17.2862,51.7522],[17.2924,51.7527],[17.2928,51.7567],[17.3019,51.7565],[17.3011,51.7579],[17.3126,51.7586],[17.3135,51.7554],[17.3153,51.7556],[17.3186,51.7584],[17.3191,51.7609],[17.3225,51.7613],[17.3279,51.777],[17.3297,51.7775],[17.3303,51.7829],[17.3181,51.7873],[17.3207,51.7952],[17.3172,51.813],[17.3298,51.8155],[17.3286,51.8159],[17.3381,51.8346],[17.3406,51.8351],[17.3265,51.8438],[17.3216,51.8427],[17.3191,51.8488],[17.2976,51.8466],[17.2942,51.8485],[17.2946,51.8545],[17.2912,51.8548],[17.295,51.8613],[17.3005,51.8609],[17.2979,51.8574],[17.2991,51.8563],[17.3058,51.8575],[17.3067,51.8605],[17.3231,51.8546],[17.3296,51.8601],[17.3366,51.8635],[17.3253,51.8691],[17.3246,51.8722],[17.3159,51.8752],[17.3193,51.88],[17.3342,51.8808],[17.3369,51.8857],[17.3403,51.8859],[17.3592,51.8821],[17.3672,51.8822],[17.3711,51.8735],[17.3812,51.8762],[17.3974,51.8734],[17.399,51.877],[17.404,51.8792],[17.418,51.8809],[17.4286,51.8877],[17.4315,51.8916],[17.4414,51.8967],[17.471,51.893],[17.4901,51.8976],[17.5111,51.8988],[17.5111,51.9011],[17.514,51.9008],[17.5174,51.8901],[17.517,51.8733],[17.5255,51.8681],[17.5239,51.861],[17.5267,51.8609],[17.5211,51.8476],[17.5304,51.8386],[17.5624,51.8348],[17.5712,51.8387],[17.5924,51.8343],[17.6005,51.8303],[17.6077,51.8304],[17.6042,51.8202],[17.6102,51.7993],[17.6139,51.7971],[17.6152,51.7938],[17.634,51.7917],[17.6341,51.7946],[17.6467,51.7956],[17.6453,51.7903],[17.6613,51.7843],[17.6585,51.7811],[17.6664,51.7811],[17.6683,51.7763],[17.6819,51.7747],[17.6891,51.7601],[17.7,51.7561],[17.7119,51.7569],[17.7138,51.7557],[17.7145,51.7508],[17.7094,51.7491],[17.7072,51.7446],[17.6981,51.7448],[17.6983,51.7432],[17.693,51.743],[17.6945,51.7356],[17.6793,51.7385],[17.6607,51.7363],[17.6609,51.7335],[17.6576,51.7287],[17.6608,51.7253],[17.6593,51.7184],[17.6614,51.715],[17.6277,51.7032],[17.6334,51.7003],[17.6324,51.6967],[17.6193,51.6981],[17.6151,51.6907],[17.6123,51.6889],[17.6096,51.6805],[17.6043,51.6782],[17.6045,51.6748],[17.6004,51.6722],[17.5834,51.6737],[17.5672,51.6723],[17.5633,51.6717],[17.5594,51.6658],[17.562,51.6641],[17.5477,51.6644],[17.5477,51.6616],[17.5526,51.6576],[17.5527,51.6506],[17.5615,51.6498],[17.5576,51.6374],[17.5539,51.6386],[17.5532,51.6333],[17.5513,51.6328],[17.5484,51.6273],[17.5501,51.6253],[17.5496,51.6232],[17.5604,51.6204],[17.5687,51.6222],[17.5712,51.6211],[17.5712,51.6236],[17.5674,51.6243],[17.5677,51.6265],[17.5737,51.628],[17.5747,51.6265],[17.5826,51.6297],[17.5864,51.6285],[17.5891,51.6231],[17.5889,51.6198],[17.5857,51.6171],[17.5822,51.6184],[17.5817,51.6168],[17.5774,51.6171],[17.576,51.6155],[17.578,51.6137],[17.5745,51.6095],[17.581,51.6077],[17.58,51.6054],[17.5733,51.6053],[17.5731,51.6026],[17.5772,51.6016],[17.5741,51.6019],[17.5752,51.5995],[17.5722,51.5971],[17.5714,51.59],[17.5737,51.5857],[17.5724,51.5855],[17.571,51.5895],[17.5695,51.5895],[17.5597,51.5823],[17.5556,51.5846],[17.5364,51.5891],[17.5232,51.5894],[17.5206,51.5927],[17.5213,51.5962],[17.5185,51.6021],[17.5213,51.6057],[17.5119,51.609],[17.5036,51.6093],[17.4987,51.6159],[17.4866,51.6167],[17.478,51.6218]]]]}},{"type":"Feature","properties":{"GID_2":"POL.15.16_1","GID_0":"POL","COUNTRY":"Poland","GID_1":"POL.15_1","NAME_1":"Wielkopolskie","NL_NAME_1":"NA","NAME_2":"Leszno","VARNAME_2":"NA","NL_NAME_2":"NA","TYPE_2":"Powiat","ENGTYPE_2":"County","CC_2":"3013","HASC_2":"NA"},"geometry":{"type":"MultiPolygon","coordinates":[[[[16.6824,51.706],[16.6823,51.7079],[16.666,51.7111],[16.6566,51.716],[16.6531,51.7163],[16.6527,51.7188],[16.645,51.7219],[16.6441,51.7255],[16.6458,51.7292],[16.6397,51.7316],[16.6394,51.733],[16.6479,51.7442],[16.6352,51.7491],[16.6231,51.747],[16.619,51.7447],[16.6064,51.7448],[16.6003,51.7459],[16.6002,51.7474],[16.5947,51.7505],[16.583,51.7508],[16.5806,51.7521],[16.5798,51.7659],[16.5767,51.7686],[16.5409,51.7663],[16.54,51.7671],[16.5422,51.7695],[16.5411,51.7707],[16.5441,51.774],[16.5419,51.7761],[16.5453,51.7801],[16.5428,51.7809],[16.4924,51.7814],[16.4845,51.7823],[16.4772,51.7857],[16.469,51.786],[16.4639,51.7841],[16.4489,51.788],[16.4303,51.7847],[16.4112,51.7842],[16.4045,51.7865],[16.4012,51.7899],[16.3934,51.7866],[16.3886,51.7912],[16.3883,51.7933],[16.4019,51.8048],[16.4022,51.8108],[16.4008,51.8142],[16.394,51.8198],[16.3952,51.8238],[16.4007,51.8306],[16.3987,51.8353],[16.4005,51.8378],[16.3795,51.8389],[16.3871,51.8464],[16.3726,51.8539],[16.3576,51.8575],[16.3417,51.8696],[16.3351,51.8711],[16.3379,51.876],[16.3461,51.875],[16.3515,51.8807],[16.3204,51.8869],[16.3128,51.8864],[16.299,51.8936],[16.2919,51.8952],[16.2869,51.9003],[16.2789,51.9],[16.2778,51.8995],[16.2791,51.8977],[16.2727,51.8951],[16.2699,51.8958],[16.2691,51.898],[16.2592,51.8989],[16.2588,51.8973],[16.2574,51.8975],[16.2558,51.9022],[16.2541,51.9017],[16.2537,51.8994],[16.2481,51.9007],[16.2486,51.8988],[16.2455,51.8965],[16.2458,51.8915],[16.2396,51.8838],[16.2354,51.8821],[16.2293,51.876],[16.2236,51.8749],[16.2147,51.8698],[16.2001,51.8719],[16.1936,51.8798],[16.1929,51.8851],[16.1857,51.8847],[16.1881,51.8829],[16.1879,51.8813],[16.1813,51.8832],[16.1723,51.8834],[16.1617,51.8901],[16.1616,51.8924],[16.1529,51.8923],[16.1435,51.895],[16.1064,51.8959],[16.1007,51.8927],[16.0986,51.8938],[16.0982,51.8959],[16.1017,51.8962],[16.0991,51.9023],[16.1035,51.9051],[16.1087,51.9036],[16.1183,51.9134],[16.1251,51.9162],[16.1331,51.917],[16.1324,51.92],[16.1253,51.9198],[16.1268,51.9217],[16.1355,51.9229],[16.1381,51.927],[16.1341,51.9319],[16.1269,51.9316],[16.1262,51.9339],[16.1398,51.9347],[16.1431,51.9365],[16.1711,51.936],[16.2012,51.9424],[16.2308,51.9395],[16.2322,51.9378],[16.2359,51.9384],[16.2435,51.9332],[16.2578,51.9347],[16.2623,51.9313],[16.2674,51.9328],[16.2678,51.931],[16.2741,51.932],[16.2809,51.9292],[16.2829,51.9345],[16.2813,51.9357],[16.2857,51.9381],[16.2861,51.943],[16.2881,51.9458],[16.3027,51.9547],[16.3078,51.9614],[16.3166,51.96],[16.3182,51.9663],[16.3152,51.9731],[16.3264,51.9808],[16.3314,51.9866],[16.335,51.9864],[16.3448,51.9819],[16.3506,51.985],[16.3537,51.9818],[16.3603,51.9848],[16.3648,51.9846],[16.3684,51.9905],[16.3857,51.9952],[16.3846,51.992],[16.3872,51.9924],[16.3872,51.9897],[16.3918,51.988],[16.3929,51.986],[16.3848,51.9845],[16.3865,51.988],[16.3813,51.9904],[16.3699,51.9891],[16.3669,51.9875],[16.3659,51.9844],[16.3736,51.9821],[16.3827,51.9837],[16.3788,51.9805],[16.3809,51.9771],[16.3907,51.9814],[16.3985,51.9785],[16.4027,51.975],[16.4068,51.9779],[16.4264,51.9737],[16.4213,51.9696],[16.4206,51.9653],[16.4237,51.9642],[16.4256,51.9585],[16.4387,51.95],[16.447,51.9472],[16.4585,51.9512],[16.4629,51.9545],[16.4768,51.9523],[16.4793,51.9557],[16.4905,51.9534],[16.4866,51.9486],[16.4974,51.9409],[16.4975,51.9484],[16.499,51.9519],[16.5015,51.9501],[16.5026,51.9509],[16.5037,51.9589],[16.5158,51.9569],[16.5138,51.9602],[16.5284,51.9601],[16.5334,51.9693],[16.5371,51.9678],[16.537,51.96],[16.5397,51.96],[16.5396,51.9572],[16.5449,51.9571],[16.5453,51.9553],[16.5503,51.9556],[16.5513,51.9543],[16.5591,51.9642],[16.575,51.9626],[16.5803,51.9639],[16.5817,51.9678],[16.6006,51.9654],[16.6045,51.9621],[16.6237,51.9645],[16.6233,51.9687],[16.6283,51.972],[16.6281,51.9739],[16.64,51.9694],[16.642,51.9644],[16.6676,51.968],[16.6833,51.9666],[16.6892,51.9679],[16.7149,51.9645],[16.7231,51.9618],[16.7221,51.9604],[16.733,51.9624],[16.7457,51.9588],[16.7484,51.9595],[16.7519,51.9573],[16.7671,51.9603],[16.7676,51.9572],[16.7655,51.9571],[16.7657,51.9535],[16.7778,51.9543],[16.7779,51.9482],[16.7967,51.9486],[16.7988,51.9473],[16.806,51.9497],[16.8046,51.9471],[16.8067,51.9452],[16.8153,51.9442],[16.8153,51.9399],[16.8169,51.9396],[16.818,51.9348],[16.8298,51.9361],[16.8294,51.9384],[16.8309,51.9385],[16.8329,51.9329],[16.832,51.932],[16.8367,51.9287],[16.8504,51.9262],[16.8612,51.9266],[16.862,51.9197],[16.8606,51.9151],[16.8637,51.9122],[16.8716,51.9106],[16.873,51.9074],[16.8748,51.9073],[16.8757,51.9048],[16.8738,51.9038],[16.8731,51.8999],[16.8793,51.8921],[16.8816,51.8935],[16.8834,51.8916],[16.888,51.8808],[16.8995,51.8821],[16.8999,51.8711],[16.9043,51.8696],[16.8996,51.8664],[16.8979,51.8625],[16.8893,51.8617],[16.8863,51.8578],[16.8673,51.855],[16.8512,51.842],[16.8556,51.8362],[16.8566,51.8304],[16.8616,51.8209],[16.8622,51.8133],[16.847,51.8067],[16.8472,51.8023],[16.8493,51.7987],[16.8447,51.7951],[16.8354,51.7955],[16.83,51.7903],[16.8208,51.7915],[16.8011,51.7875],[16.8003,51.7945],[16.7972,51.7949],[16.7814,51.7924],[16.7763,51.7853],[16.7711,51.7856],[16.7691,51.784],[16.7415,51.7924],[16.738,51.7885],[16.7338,51.776],[16.7292,51.7349],[16.7263,51.7315],[16.7249,51.7265],[16.7146,51.7202],[16.7013,51.7205],[16.6937,51.7102],[16.6839,51.705],[16.6824,51.706]],[[16.6045,51.8209],[16.6043,51.8227],[16.61,51.8309],[16.6114,51.839],[16.6174,51.8416],[16.6139,51.8451],[16.6141,51.854],[16.6218,51.8554],[16.6241,51.8607],[16.6237,51.8652],[16.6197,51.8693],[16.6217,51.8714],[16.615,51.871],[16.6151,51.8815],[16.6124,51.8806],[16.61,51.8718],[16.5975,51.8676],[16.5919,51.8703],[16.5691,51.8733],[16.5603,51.8716],[16.5506,51.8673],[16.5538,51.8639],[16.5568,51.8637],[16.554,51.8597],[16.5486,51.8557],[16.5368,51.8618],[16.5353,51.8601],[16.5348,51.8582],[16.5378,51.8546],[16.5365,51.8525],[16.5388,51.8507],[16.5385,51.8482],[16.5349,51.8476],[16.537,51.8454],[16.5444,51.8455],[16.547,51.8416],[16.5405,51.8359],[16.5395,51.8376],[16.5277,51.8354],[16.5293,51.831],[16.5385,51.8323],[16.5398,51.8276],[16.5418,51.8276],[16.5426,51.8248],[16.5408,51.824],[16.5489,51.8178],[16.5428,51.8143],[16.5464,51.8124],[16.5496,51.8067],[16.5586,51.8092],[16.5678,51.8071],[16.566,51.8114],[16.572,51.8167],[16.5752,51.8155],[16.5788,51.8166],[16.581,51.8105],[16.5864,51.8104],[16.5858,51.8141],[16.5898,51.8133],[16.5941,51.8156],[16.6023,51.8167],[16.6013,51.8183],[16.6045,51.8209]]]]}},{"type":"Feature","properties":{"GID_2":"POL.15.15_1","GID_0":"POL","COUNTRY":"Poland","GID_1":"POL.15_1","NAME_1":"Wielkopolskie","NL_NAME_1":"NA","NAME_2":"Leszno","VARNAME_2":"NA","NL_NAME_2":"NA","TYPE_2":"Miastonaprawachpowiatu","ENGTYPE_2":"Citywithpowiatrights","CC_2":"3063","HASC_2":"NA"},"geometry":{"type":"MultiPolygon","coordinates":[[[[16.5368,51.8618],[16.5486,51.8557],[16.554,51.8597],[16.5568,51.8637],[16.5538,51.8639],[16.5506,51.8673],[16.5603,51.8716],[16.5694,51.8733],[16.5919,51.8703],[16.5975,51.8676],[16.61,51.8718],[16.6124,51.8806],[16.6151,51.8815],[16.615,51.871],[16.6217,51.8714],[16.6197,51.8693],[16.6237,51.8652],[16.6243,51.8617],[16.6218,51.8554],[16.6141,51.854],[16.6139,51.8451],[16.6174,51.8416],[16.6114,51.839],[16.61,51.8309],[16.6043,51.8227],[16.6044,51.8206],[16.6031,51.8206],[16.6036,51.8189],[16.6013,51.8183],[16.6023,51.8167],[16.5941,51.8156],[16.5898,51.8133],[16.5858,51.8141],[16.5864,51.8104],[16.581,51.8105],[16.5788,51.8166],[16.5752,51.8155],[16.572,51.8167],[16.566,51.8114],[16.5678,51.8071],[16.5586,51.8092],[16.5497,51.8066],[16.5464,51.8124],[16.5428,51.8143],[16.5489,51.8178],[16.5408,51.824],[16.5426,51.8248],[16.5418,51.8276],[16.5398,51.8276],[16.5385,51.8323],[16.5293,51.831],[16.5277,51.8354],[16.5395,51.8376],[16.5405,51.8359],[16.547,51.8416],[16.5444,51.8455],[16.537,51.8454],[16.5349,51.8476],[16.5387,51.8492],[16.5365,51.8526],[16.5377,51.8551],[16.5347,51.8585],[16.5368,51.8618]]]]}},{"type":"Feature","properties":{"GID_2":"POL.15.17_1","GID_0":"POL","COUNTRY":"Poland","GID_1":"POL.15_1","NAME_1":"Wielkopolskie","NL_NAME_1":"NA","NAME_2":"Miedzychod","VARNAME_2":"NA","NL_NAME_2":"NA","TYPE_2":"Powiat","ENGTYPE_2":"County","CC_2":"3014","HASC_2":"NA"},"geometry":{"type":"MultiPolygon","coordinates":[[[[16.2308,52.5503],[16.2271,52.5497],[16.2275,52.5399],[16.2314,52.5357],[16.2324,52.5286],[16.239,52.5228],[16.2358,52.5225],[16.2348,52.5173],[16.2292,52.518],[16.2279,52.513],[16.218,52.5125],[16.2154,52.5158],[16.199,52.5126],[16.1972,52.5089],[16.1932,52.5093],[16.1864,52.5071],[16.186,52.5008],[16.1942,52.4889],[16.1896,52.4874],[16.1723,52.4845],[16.1458,52.4832],[16.1482,52.4844],[16.1397,52.49],[16.1424,52.4956],[16.1388,52.4998],[16.1379,52.5075],[16.1276,52.5118],[16.1062,52.5117],[16.0971,52.5141],[16.0717,52.5064],[16.066,52.4997],[16.0649,52.4905],[16.0579,52.4902],[16.0519,52.4878],[16.034,52.4898],[16.029,52.4896],[16.0279,52.488],[16.0255,52.4887],[16.0199,52.4786],[16.0196,52.4723],[16.0174,52.4678],[16.0176,52.4583],[16.0136,52.4515],[15.9999,52.4547],[15.9961,52.4523],[15.9874,52.4504],[15.9867,52.4522],[15.9804,52.4525],[15.9783,52.4487],[15.9658,52.4483],[15.9647,52.4519],[15.9618,52.453],[15.9617,52.4554],[15.9588,52.4558],[15.955,52.4642],[15.9488,52.4702],[15.9464,52.4743],[15.9492,52.4752],[15.9396,52.4777],[15.9431,52.4807],[15.9346,52.4836],[15.9353,52.4802],[15.9179,52.4815],[15.9151,52.4794],[15.9059,52.4785],[15.9065,52.475],[15.8916,52.4732],[15.8837,52.4851],[15.8853,52.4861],[15.8837,52.4892],[15.8857,52.4896],[15.8789,52.4931],[15.8784,52.4955],[15.8725,52.4963],[15.8734,52.4971],[15.8704,52.4986],[15.8705,52.5008],[15.8676,52.5026],[15.8726,52.502],[15.8696,52.5042],[15.8758,52.5065],[15.8771,52.5108],[15.863,52.5104],[15.8502,52.5168],[15.8433,52.5248],[15.8348,52.5293],[15.8487,52.5367],[15.8585,52.5444],[15.8562,52.5489],[15.8425,52.555],[15.8431,52.5596],[15.8324,52.5662],[15.8246,52.5671],[15.824,52.5709],[15.8265,52.5733],[15.8259,52.5759],[15.8303,52.5776],[15.8283,52.5829],[15.836,52.5872],[15.8314,52.5862],[15.8319,52.5876],[15.8292,52.5886],[15.8205,52.5897],[15.8203,52.5919],[15.8124,52.5934],[15.8067,52.5973],[15.8061,52.6046],[15.7959,52.6058],[15.7959,52.6085],[15.7846,52.6185],[15.7863,52.6219],[15.7961,52.6213],[15.8006,52.6238],[15.7962,52.6251],[15.7941,52.6274],[15.7959,52.6358],[15.7937,52.6371],[15.7763,52.6379],[15.7786,52.6413],[15.7771,52.6434],[15.7799,52.6442],[15.7782,52.6496],[15.7807,52.6499],[15.7829,52.6528],[15.7819,52.6617],[15.7861,52.6677],[15.7931,52.665],[15.814,52.6678],[15.8129,52.6792],[15.8078,52.6846],[15.8037,52.6938],[15.8003,52.6953],[15.7933,52.7069],[15.7953,52.7085],[15.8113,52.7097],[15.8373,52.7063],[15.8458,52.7092],[15.865,52.7103],[15.8858,52.715],[15.906,52.7144],[15.9202,52.7233],[15.9449,52.7292],[15.9473,52.7348],[15.9485,52.7445],[15.9457,52.7524],[15.9467,52.7548],[15.9504,52.7554],[15.9814,52.7504],[16.0138,52.7347],[16.0181,52.7253],[16.0321,52.7206],[16.0564,52.7238],[16.0788,52.7041],[16.1001,52.7025],[16.108,52.6997],[16.1189,52.6891],[16.1233,52.6877],[16.1495,52.6928],[16.155,52.6887],[16.1515,52.6843],[16.1762,52.6821],[16.1896,52.6828],[16.1928,52.6809],[16.1904,52.6793],[16.1917,52.6781],[16.1945,52.6798],[16.2002,52.6798],[16.1992,52.6779],[16.2079,52.6775],[16.2125,52.6736],[16.2125,52.6717],[16.2212,52.6656],[16.2458,52.6693],[16.2463,52.6628],[16.2438,52.6573],[16.2465,52.6553],[16.2475,52.6517],[16.2513,52.6499],[16.2532,52.6469],[16.2555,52.6478],[16.2562,52.6511],[16.2542,52.6525],[16.254,52.6555],[16.259,52.6564],[16.2637,52.6519],[16.2629,52.6505],[16.2674,52.6483],[16.2818,52.6504],[16.2884,52.6399],[16.3024,52.6394],[16.3076,52.6405],[16.3105,52.6473],[16.308,52.6488],[16.3141,52.6513],[16.3185,52.6513],[16.3235,52.639],[16.3219,52.6357],[16.325,52.6315],[16.3307,52.6288],[16.3331,52.6238],[16.3385,52.6203],[16.327,52.6132],[16.3165,52.6159],[16.3089,52.6151],[16.2923,52.6174],[16.2685,52.6183],[16.2667,52.6137],[16.263,52.6104],[16.2629,52.6065],[16.2589,52.6025],[16.2742,52.5979],[16.2714,52.595],[16.281,52.5861],[16.2816,52.5836],[16.2902,52.579],[16.2902,52.5751],[16.283,52.5749],[16.2724,52.5703],[16.2574,52.5695],[16.2607,52.5564],[16.2566,52.5508],[16.25,52.5478],[16.2409,52.5475],[16.2308,52.5503]]]]}},{"type":"Feature","properties":{"GID_2":"POL.15.18_1","GID_0":"POL","COUNTRY":"Poland","GID_1":"POL.15_1","NAME_1":"Wielkopolskie","NL_NAME_1":"NA","NAME_2":"NowyTomysl","VARNAME_2":"NA","NL_NAME_2":"NA","TYPE_2":"Powiat","ENGTYPE_2":"County","CC_2":"3015","HASC_2":"NA"},"geometry":{"type":"MultiPolygon","coordinates":[[[[15.8803,52.2916],[15.8782,52.2943],[15.8786,52.2981],[15.8838,52.3043],[15.8818,52.3088],[15.8842,52.3112],[15.8856,52.3071],[15.8886,52.3073],[15.8919,52.3103],[15.89,52.3111],[15.8899,52.3176],[15.8875,52.3185],[15.8877,52.3227],[15.8837,52.3243],[15.8825,52.3268],[15.8828,52.33],[15.888,52.3338],[15.8882,52.3365],[15.8813,52.3425],[15.8813,52.3522],[15.8903,52.3534],[15.8882,52.3666],[15.8904,52.367],[15.8908,52.3712],[15.8881,52.372],[15.8966,52.3807],[15.9006,52.3827],[15.8998,52.385],[15.9009,52.3862],[15.8991,52.3881],[15.9003,52.3909],[15.8962,52.3942],[15.8839,52.394],[15.8702,52.3965],[15.8598,52.4029],[15.8548,52.4022],[15.8513,52.4035],[15.8498,52.4017],[15.8436,52.4029],[15.8376,52.411],[15.8395,52.4115],[15.8395,52.413],[15.8311,52.4165],[15.8274,52.4216],[15.8245,52.4222],[15.8253,52.4243],[15.828,52.425],[15.8275,52.426],[15.8206,52.4247],[15.8153,52.4283],[15.8187,52.4291],[15.8106,52.4325],[15.8112,52.4344],[15.8094,52.4361],[15.8065,52.4351],[15.8044,52.4444],[15.8074,52.4445],[15.8082,52.442],[15.8125,52.441],[15.8134,52.4418],[15.8094,52.4428],[15.8103,52.4444],[15.8219,52.4486],[15.8207,52.451],[15.8251,52.4501],[15.8267,52.4514],[15.8258,52.4544],[15.8271,52.4546],[15.8333,52.4446],[15.8317,52.4395],[15.8344,52.4383],[15.8308,52.436],[15.8323,52.4347],[15.8409,52.4339],[15.846,52.4314],[15.8527,52.4317],[15.8564,52.4326],[15.8563,52.4361],[15.8544,52.436],[15.8566,52.4394],[15.8617,52.4403],[15.8683,52.4351],[15.8736,52.4353],[15.8752,52.4373],[15.8779,52.4373],[15.8753,52.4427],[15.8982,52.4474],[15.8987,52.4493],[15.896,52.449],[15.8966,52.4516],[15.8932,52.456],[15.8927,52.4605],[15.8877,52.4613],[15.8838,52.4657],[15.8797,52.4654],[15.8769,52.4719],[15.8789,52.4725],[15.8858,52.4648],[15.8903,52.4648],[15.8929,52.4682],[15.8903,52.473],[15.9065,52.475],[15.9059,52.4785],[15.9151,52.4794],[15.9179,52.4815],[15.9353,52.4802],[15.9346,52.4836],[15.9431,52.4807],[15.9396,52.4777],[15.9492,52.4752],[15.9464,52.4743],[15.9488,52.4702],[15.955,52.4642],[15.9588,52.4558],[15.9617,52.4554],[15.9618,52.453],[15.9647,52.4519],[15.9658,52.4483],[15.9783,52.4487],[15.9804,52.4525],[15.9867,52.4522],[15.9874,52.4504],[15.9961,52.4523],[15.9999,52.4547],[16.0136,52.4515],[16.0176,52.4583],[16.0174,52.4678],[16.0196,52.4723],[16.0199,52.4786],[16.0255,52.4887],[16.0279,52.488],[16.029,52.4896],[16.034,52.4898],[16.0519,52.4878],[16.0579,52.4902],[16.0649,52.4905],[16.066,52.4997],[16.0717,52.5064],[16.0947,52.5139],[16.0997,52.5142],[16.1062,52.5117],[16.1276,52.5118],[16.1379,52.5075],[16.1388,52.4998],[16.1424,52.4956],[16.1397,52.49],[16.1482,52.4844],[16.1458,52.4832],[16.1762,52.4849],[16.2012,52.4903],[16.2057,52.4896],[16.2063,52.4911],[16.2312,52.4891],[16.2328,52.4845],[16.2284,52.4803],[16.2533,52.4733],[16.2879,52.4743],[16.29,52.4716],[16.2869,52.4595],[16.3175,52.4535],[16.324,52.4489],[16.3161,52.4461],[16.3285,52.4426],[16.335,52.439],[16.3376,52.4384],[16.3394,52.4399],[16.3411,52.4383],[16.3428,52.4396],[16.3444,52.4387],[16.3443,52.4367],[16.3537,52.4316],[16.3556,52.428],[16.3592,52.4257],[16.3682,52.4278],[16.3716,52.423],[16.3761,52.4215],[16.3879,52.425],[16.3917,52.4242],[16.3926,52.4145],[16.4116,52.4025],[16.418,52.4056],[16.4201,52.4114],[16.4426,52.4051],[16.4387,52.397],[16.4423,52.3927],[16.4415,52.3867],[16.4527,52.3836],[16.4533,52.3807],[16.4607,52.3765],[16.4568,52.3646],[16.4528,52.3611],[16.4684,52.3582],[16.4652,52.356],[16.4692,52.3505],[16.4821,52.346],[16.5017,52.3423],[16.5104,52.3386],[16.5011,52.33],[16.5031,52.3294],[16.4965,52.3231],[16.5007,52.3213],[16.4996,52.315],[16.484,52.3096],[16.4812,52.3065],[16.4678,52.304],[16.4706,52.3003],[16.4738,52.3022],[16.4868,52.2992],[16.49,52.2995],[16.4909,52.3019],[16.5055,52.301],[16.5063,52.2886],[16.5035,52.2822],[16.4998,52.2777],[16.4967,52.2764],[16.5014,52.2744],[16.5032,52.2761],[16.5127,52.2699],[16.5097,52.2675],[16.5093,52.2619],[16.5049,52.2561],[16.4896,52.2515],[16.4843,52.2484],[16.4792,52.2511],[16.4766,52.2587],[16.4671,52.2618],[16.4668,52.2636],[16.4572,52.2684],[16.4526,52.2692],[16.4521,52.2656],[16.443,52.2546],[16.4261,52.2546],[16.4201,52.2488],[16.4139,52.2504],[16.4079,52.256],[16.3935,52.2623],[16.3907,52.2672],[16.3854,52.2687],[16.3807,52.2692],[16.3762,52.2551],[16.3722,52.2596],[16.3698,52.2662],[16.3609,52.2681],[16.355,52.2722],[16.3373,52.2782],[16.3302,52.2842],[16.3266,52.2851],[16.321,52.281],[16.3123,52.2849],[16.3083,52.2822],[16.3068,52.2832],[16.3053,52.2821],[16.2995,52.2872],[16.2793,52.2806],[16.2566,52.2772],[16.2509,52.2783],[16.2477,52.2777],[16.2484,52.2757],[16.2322,52.2729],[16.229,52.2797],[16.2277,52.2797],[16.2291,52.2741],[16.2256,52.2747],[16.2262,52.2717],[16.213,52.2704],[16.2137,52.2747],[16.2096,52.2747],[16.2091,52.2713],[16.1989,52.2713],[16.1939,52.2732],[16.1938,52.275],[16.1919,52.2749],[16.192,52.2722],[16.1846,52.2718],[16.1846,52.2699],[16.1734,52.2681],[16.1765,52.2577],[16.1797,52.2533],[16.1754,52.2508],[16.1722,52.2405],[16.1637,52.2265],[16.1557,52.226],[16.1526,52.2308],[16.1491,52.2321],[16.1383,52.2304],[16.1279,52.2316],[16.1285,52.2329],[16.1273,52.2332],[16.1206,52.232],[16.1252,52.24],[16.1173,52.243],[16.1115,52.2381],[16.1088,52.2379],[16.1037,52.2436],[16.1013,52.2444],[16.1024,52.2455],[16.0936,52.2438],[16.0903,52.2405],[16.0859,52.2436],[16.0892,52.2467],[16.0792,52.2525],[16.0748,52.2504],[16.0759,52.2496],[16.0725,52.2437],[16.0637,52.244],[16.0547,52.2467],[16.0516,52.245],[16.0471,52.2415],[16.0426,52.2306],[16.0355,52.2299],[16.0153,52.2329],[15.9963,52.232],[16.0018,52.2192],[16.0004,52.2169],[15.9917,52.214],[15.9849,52.2126],[15.9721,52.214],[15.9681,52.2127],[15.9628,52.2162],[15.9497,52.215],[15.9463,52.2101],[15.9483,52.2058],[15.9443,52.2043],[15.9472,52.1992],[15.9399,52.1968],[15.908,52.1999],[15.8946,52.1895],[15.8907,52.19],[15.8883,52.186],[15.8901,52.1831],[15.861,52.1828],[15.8581,52.1877],[15.8613,52.1978],[15.855,52.2049],[15.851,52.2137],[15.8495,52.2133],[15.8608,52.2276],[15.8588,52.2335],[15.8576,52.2481],[15.8513,52.2556],[15.8549,52.2611],[15.8524,52.2621],[15.857,52.2679],[15.8592,52.2673],[15.866,52.2721],[15.8712,52.2775],[15.87,52.2779],[15.8705,52.2808],[15.8814,52.2842],[15.8797,52.2881],[15.881,52.2884],[15.8803,52.2916]]]]}},{"type":"Feature","properties":{"GID_2":"POL.15.19_1","GID_0":"POL","COUNTRY":"Poland","GID_1":"POL.15_1","NAME_1":"Wielkopolskie","NL_NAME_1":"NA","NAME_2":"Oborniki","VARNAME_2":"NA","NL_NAME_2":"NA","TYPE_2":"Powiat","ENGTYPE_2":"County","CC_2":"3016","HASC_2":"NA"},"geometry":{"type":"MultiPolygon","coordinates":[[[[16.5834,52.7431],[16.6303,52.751],[16.6441,52.7483],[16.6646,52.7515],[16.7044,52.7497],[16.703,52.7439],[16.7045,52.7386],[16.7025,52.7364],[16.7019,52.7309],[16.6978,52.7287],[16.708,52.7258],[16.7311,52.7295],[16.7385,52.7264],[16.7404,52.7272],[16.7424,52.7336],[16.7407,52.7372],[16.7623,52.7512],[16.7325,52.7496],[16.7323,52.7468],[16.7302,52.7466],[16.7307,52.743],[16.7328,52.7418],[16.7264,52.7406],[16.7221,52.7381],[16.7184,52.7395],[16.7173,52.7384],[16.7144,52.7418],[16.7158,52.7434],[16.714,52.7469],[16.7198,52.7568],[16.7363,52.7621],[16.7374,52.762],[16.735,52.7599],[16.7402,52.7585],[16.7421,52.7613],[16.7483,52.7605],[16.761,52.7665],[16.7662,52.766],[16.7662,52.7685],[16.7694,52.7695],[16.7736,52.7744],[16.7888,52.7792],[16.7933,52.7833],[16.8001,52.7843],[16.7986,52.7872],[16.7982,52.7951],[16.7944,52.7964],[16.7936,52.7987],[16.7817,52.8016],[16.7756,52.8008],[16.7744,52.8087],[16.7705,52.8117],[16.7713,52.8145],[16.7651,52.8135],[16.758,52.8156],[16.7519,52.8138],[16.747,52.8142],[16.7486,52.8165],[16.7474,52.8182],[16.7502,52.8196],[16.7499,52.8212],[16.7609,52.819],[16.7621,52.8224],[16.7413,52.8253],[16.7247,52.8343],[16.7227,52.8333],[16.7248,52.8345],[16.7252,52.8378],[16.7224,52.8391],[16.7272,52.8408],[16.727,52.8435],[16.7235,52.8442],[16.7297,52.8442],[16.7313,52.8501],[16.7297,52.8499],[16.7286,52.8522],[16.7165,52.8524],[16.7153,52.8538],[16.7044,52.8511],[16.7015,52.8542],[16.7036,52.8575],[16.7027,52.8616],[16.7057,52.8613],[16.7081,52.8664],[16.7203,52.865],[16.7247,52.8684],[16.7316,52.8676],[16.7367,52.8754],[16.7401,52.8674],[16.7606,52.8657],[16.7651,52.8688],[16.7655,52.872],[16.7709,52.8717],[16.7733,52.8735],[16.7764,52.8776],[16.7802,52.8888],[16.7852,52.8867],[16.789,52.8824],[16.7869,52.8726],[16.7884,52.8712],[16.7878,52.8691],[16.8004,52.8744],[16.7964,52.8649],[16.8079,52.8538],[16.8166,52.8577],[16.8147,52.8603],[16.8188,52.8599],[16.8231,52.8621],[16.8238,52.8597],[16.8209,52.8584],[16.8217,52.8574],[16.8355,52.8578],[16.8567,52.853],[16.864,52.846],[16.8669,52.8448],[16.8747,52.8471],[16.8837,52.8412],[16.8865,52.831],[16.9001,52.8314],[16.9092,52.8257],[16.9191,52.8245],[16.9264,52.8216],[16.933,52.816],[16.9412,52.8172],[16.973,52.8318],[16.9847,52.8284],[17.007,52.8284],[17.0068,52.8199],[17.0046,52.8165],[17.0026,52.8056],[17.0056,52.7938],[17.0064,52.7823],[17.0269,52.7794],[17.0254,52.7775],[17.0263,52.7745],[17.0282,52.7738],[17.034,52.7744],[17.0346,52.7764],[17.0393,52.7778],[17.0439,52.7762],[17.0463,52.7775],[17.0499,52.7752],[17.0695,52.7748],[17.068,52.7821],[17.0756,52.7836],[17.0776,52.7793],[17.0886,52.7793],[17.1024,52.783],[17.1061,52.781],[17.1021,52.7777],[17.1032,52.7766],[17.1093,52.7826],[17.1158,52.7859],[17.114,52.7776],[17.115,52.7743],[17.1101,52.7716],[17.1094,52.7693],[17.1166,52.7601],[17.1151,52.7586],[17.1183,52.7537],[17.1293,52.7468],[17.1278,52.7455],[17.1274,52.7407],[17.129,52.7351],[17.1325,52.7323],[17.1317,52.7298],[17.1278,52.7282],[17.1268,52.7296],[17.1227,52.729],[17.114,52.7252],[17.1062,52.7242],[17.1044,52.7237],[17.1141,52.723],[17.1104,52.7206],[17.1136,52.7188],[17.112,52.7156],[17.1058,52.713],[17.1089,52.7072],[17.1059,52.7067],[17.1059,52.7047],[17.1091,52.7031],[17.1103,52.6995],[17.114,52.6967],[17.1163,52.6929],[17.1162,52.6884],[17.1189,52.6846],[17.1231,52.6837],[17.1259,52.681],[17.1255,52.6786],[17.1233,52.6769],[17.1244,52.676],[17.1219,52.6742],[17.1097,52.682],[17.1058,52.6886],[17.0864,52.6818],[17.0621,52.6825],[17.0488,52.6846],[17.0441,52.6855],[17.037,52.6899],[17.031,52.6791],[17.0329,52.6763],[17.0217,52.6805],[17.0182,52.6807],[17.0217,52.6804],[17.0244,52.6781],[17.0195,52.6731],[17.0147,52.6726],[17.0126,52.6742],[17.011,52.6718],[17.0076,52.6709],[17.0,52.6716],[16.9946,52.6696],[16.9965,52.6657],[16.9908,52.6674],[16.9717,52.6573],[16.9707,52.6512],[16.968,52.6488],[16.948,52.651],[16.9402,52.6558],[16.9284,52.6546],[16.9251,52.6501],[16.9219,52.6384],[16.9182,52.6346],[16.9026,52.6347],[16.8934,52.6221],[16.9204,52.6136],[16.9245,52.6064],[16.9359,52.6032],[16.9431,52.5985],[16.9412,52.5948],[16.9353,52.5932],[16.932,52.5969],[16.9262,52.5998],[16.8993,52.5849],[16.8838,52.5841],[16.8702,52.5792],[16.869,52.5783],[16.8703,52.5772],[16.8665,52.574],[16.8675,52.5727],[16.8639,52.5703],[16.8534,52.5717],[16.8501,52.5787],[16.8506,52.5806],[16.8306,52.574],[16.824,52.5739],[16.8143,52.568],[16.8067,52.57],[16.7893,52.569],[16.78,52.567],[16.7865,52.5574],[16.7842,52.5487],[16.7855,52.5445],[16.7642,52.5456],[16.7638,52.5551],[16.7599,52.5691],[16.7444,52.5707],[16.7426,52.5745],[16.7353,52.573],[16.7298,52.5661],[16.7194,52.5662],[16.7087,52.5635],[16.7044,52.5705],[16.7,52.5728],[16.6728,52.567],[16.6716,52.5709],[16.6743,52.5757],[16.6757,52.5848],[16.6789,52.5843],[16.6793,52.5856],[16.6687,52.5929],[16.6598,52.5953],[16.6601,52.597],[16.6545,52.5985],[16.6448,52.6107],[16.641,52.6278],[16.65,52.6276],[16.6529,52.6308],[16.6323,52.6292],[16.6227,52.6377],[16.6332,52.6446],[16.622,52.6483],[16.6182,52.6529],[16.618,52.6552],[16.6117,52.6582],[16.6112,52.6614],[16.6053,52.663],[16.6001,52.6667],[16.6008,52.6687],[16.6035,52.6695],[16.6035,52.672],[16.6134,52.6686],[16.6141,52.6711],[16.6116,52.6728],[16.6278,52.6803],[16.6477,52.6759],[16.6507,52.6776],[16.6485,52.679],[16.6465,52.6837],[16.6386,52.6864],[16.6367,52.6921],[16.6286,52.6937],[16.6198,52.6993],[16.6016,52.7034],[16.589,52.7109],[16.5821,52.7123],[16.5794,52.7173],[16.5811,52.7202],[16.5762,52.7245],[16.5767,52.7301],[16.5834,52.7431]]]]}},{"type":"Feature","properties":{"GID_2":"POL.15.20_1","GID_0":"POL","COUNTRY":"Poland","GID_1":"POL.15_1","NAME_1":"Wielkopolskie","NL_NAME_1":"NA","NAME_2":"OstrowWielkopolski","VARNAME_2":"NA","NL_NAME_2":"NA","TYPE_2":"Powiat","ENGTYPE_2":"County","CC_2":"3017","HASC_2":"NA"},"geometry":{"type":"MultiPolygon","coordinates":[[[[17.5246,51.4586],[17.5207,51.4623],[17.529,51.4698],[17.5216,51.4726],[17.52,51.476],[17.5231,51.4803],[17.5213,51.4808],[17.5234,51.4848],[17.518,51.4856],[17.5187,51.4871],[17.5161,51.4881],[17.5184,51.4892],[17.5195,51.4933],[17.5242,51.4944],[17.5238,51.497],[17.5264,51.4999],[17.514,51.5015],[17.513,51.5023],[17.5143,51.5035],[17.5122,51.5055],[17.5146,51.511],[17.52,51.5111],[17.5216,51.5146],[17.533,51.5133],[17.5352,51.5138],[17.5355,51.5162],[17.5446,51.5156],[17.5459,51.5171],[17.5543,51.5175],[17.5727,51.5299],[17.5732,51.5365],[17.5746,51.5396],[17.5763,51.5396],[17.5753,51.5486],[17.5719,51.5552],[17.5724,51.5668],[17.5601,51.5704],[17.5602,51.5749],[17.5568,51.5756],[17.5546,51.5785],[17.5562,51.5843],[17.5597,51.5823],[17.5694,51.5895],[17.571,51.5895],[17.5724,51.5855],[17.5741,51.586],[17.5714,51.59],[17.5722,51.5971],[17.5752,51.5995],[17.5741,51.6019],[17.5772,51.6016],[17.5731,51.6026],[17.5733,51.6053],[17.58,51.6054],[17.581,51.6077],[17.5745,51.6095],[17.578,51.6137],[17.576,51.6155],[17.5774,51.6171],[17.5817,51.6168],[17.5822,51.6184],[17.5857,51.6171],[17.589,51.6209],[17.5872,51.6276],[17.5826,51.6297],[17.5747,51.6265],[17.5737,51.628],[17.5677,51.6265],[17.5674,51.6243],[17.5712,51.6236],[17.5712,51.6211],[17.5687,51.6222],[17.5604,51.6204],[17.5496,51.6232],[17.5501,51.6253],[17.5484,51.6273],[17.5513,51.6328],[17.5532,51.6333],[17.5539,51.6386],[17.5576,51.6374],[17.5615,51.6498],[17.5527,51.6506],[17.5526,51.6576],[17.5477,51.6616],[17.5477,51.6644],[17.562,51.6641],[17.5594,51.6658],[17.5633,51.6717],[17.5672,51.6723],[17.5834,51.6737],[17.6004,51.6722],[17.6045,51.6748],[17.6043,51.6782],[17.6096,51.6805],[17.6123,51.6889],[17.6151,51.6907],[17.6193,51.6981],[17.6324,51.6967],[17.6334,51.7003],[17.6277,51.7032],[17.6614,51.715],[17.6593,51.7184],[17.6608,51.7253],[17.6576,51.7287],[17.6609,51.7335],[17.6607,51.7363],[17.6793,51.7385],[17.6945,51.7356],[17.693,51.743],[17.6983,51.7432],[17.6981,51.7448],[17.7072,51.7446],[17.7094,51.7491],[17.7145,51.7508],[17.7138,51.7557],[17.7119,51.7569],[17.7,51.7561],[17.6891,51.7601],[17.6819,51.7747],[17.6683,51.7763],[17.6664,51.7811],[17.6585,51.7811],[17.6613,51.7843],[17.6453,51.7903],[17.6475,51.7994],[17.6459,51.802],[17.6464,51.8045],[17.6573,51.81],[17.6629,51.8091],[17.6626,51.807],[17.6741,51.8075],[17.6755,51.8088],[17.6831,51.8082],[17.6861,51.8102],[17.6951,51.8115],[17.6968,51.8148],[17.7279,51.8164],[17.7321,51.8151],[17.7351,51.8062],[17.748,51.797],[17.7483,51.7915],[17.7498,51.7898],[17.7716,51.7896],[17.8041,51.7958],[17.8098,51.7991],[17.8161,51.7988],[17.8296,51.7962],[17.853,51.7946],[17.8745,51.7897],[17.8735,51.7865],[17.8756,51.7853],[17.8886,51.7834],[17.9003,51.7847],[17.9162,51.7811],[17.924,51.781],[17.9309,51.7786],[17.9344,51.7786],[17.9426,51.7841],[17.9505,51.7861],[17.9683,51.7847],[17.988,51.7796],[17.9902,51.7776],[17.9865,51.7634],[17.9967,51.7635],[18.0099,51.7594],[18.0058,51.7524],[18.0061,51.7487],[17.9999,51.744],[17.9958,51.7434],[17.995,51.7411],[18.0047,51.7402],[18.0055,51.7368],[18.0094,51.7342],[18.018,51.7331],[18.0147,51.7287],[18.0078,51.7242],[18.0017,51.7258],[17.9979,51.7176],[18.0134,51.712],[18.0167,51.7152],[18.0197,51.7149],[18.0338,51.7097],[18.0372,51.7136],[18.0516,51.712],[18.0636,51.7015],[18.0725,51.7009],[18.0843,51.7073],[18.0873,51.7063],[18.081,51.6968],[18.0806,51.6909],[18.1047,51.6905],[18.1224,51.6926],[18.1168,51.6894],[18.1187,51.6866],[18.1183,51.6824],[18.1146,51.6814],[18.1143,51.679],[18.1122,51.6776],[18.1132,51.6746],[18.1099,51.673],[18.1125,51.6715],[18.112,51.6671],[18.1072,51.6663],[18.1022,51.6614],[18.0995,51.6627],[18.0967,51.6619],[18.0969,51.6598],[18.0924,51.6593],[18.0918,51.6564],[18.0886,51.6578],[18.0794,51.6542],[18.077,51.6477],[18.0787,51.6463],[18.076,51.6446],[18.0773,51.6411],[18.0744,51.6397],[18.0747,51.6376],[18.0784,51.6361],[18.0766,51.6322],[18.0804,51.6307],[18.0813,51.6274],[18.09,51.6282],[18.0873,51.6272],[18.0916,51.6216],[18.0878,51.6212],[18.0878,51.62],[18.09,51.6198],[18.0885,51.618],[18.0915,51.6185],[18.0926,51.615],[18.0956,51.6163],[18.0972,51.6155],[18.0957,51.6124],[18.0967,51.6112],[18.0932,51.6101],[18.0951,51.6085],[18.0935,51.6054],[18.0969,51.6043],[18.0997,51.6052],[18.1002,51.6026],[18.1039,51.6039],[18.1049,51.6016],[18.1084,51.6021],[18.1102,51.599],[18.1162,51.5999],[18.1161,51.5983],[18.119,51.5962],[18.1257,51.5963],[18.1266,51.5937],[18.1399,51.5904],[18.1412,51.5886],[18.1459,51.5896],[18.1472,51.5892],[18.1467,51.5877],[18.1482,51.5894],[18.1497,51.5876],[18.1509,51.5888],[18.154,51.587],[18.1579,51.5871],[18.1585,51.5856],[18.162,51.586],[18.1635,51.5831],[18.1671,51.584],[18.169,51.5817],[18.1773,51.5801],[18.1783,51.5774],[18.1826,51.5769],[18.1848,51.5722],[18.1872,51.571],[18.1844,51.5694],[18.1845,51.5658],[18.188,51.5631],[18.1884,51.558],[18.1844,51.5573],[18.1865,51.5565],[18.1875,51.5527],[18.1845,51.551],[18.188,51.5502],[18.1877,51.5482],[18.1773,51.5464],[18.1774,51.5431],[18.175,51.5428],[18.1769,51.5419],[18.1734,51.5385],[18.1676,51.5402],[18.1582,51.5378],[18.1566,51.5361],[18.1505,51.5373],[18.1438,51.5333],[18.1446,51.5305],[18.1427,51.5277],[18.1389,51.5272],[18.1401,51.5266],[18.138,51.5241],[18.1348,51.5231],[18.1336,51.5298],[18.131,51.5336],[18.1258,51.5386],[18.1167,51.544],[18.1008,51.5448],[18.0789,51.5407],[18.0774,51.5452],[18.0828,51.5458],[18.0814,51.5487],[18.0684,51.5471],[18.0607,51.558],[18.0507,51.5585],[18.0466,51.5658],[18.0445,51.5661],[18.0447,51.5646],[18.0236,51.5562],[18.0184,51.5559],[18.0181,51.5574],[18.013,51.5581],[18.0154,51.5639],[18.0212,51.5675],[18.0212,51.5699],[17.9967,51.5691],[18.0045,51.5784],[17.9997,51.5823],[17.9904,51.5778],[17.9893,51.5743],[17.9863,51.5734],[17.9838,51.5701],[17.9819,51.5633],[17.9483,51.569],[17.9396,51.564],[17.9386,51.5551],[17.9326,51.5478],[17.9003,51.5377],[17.8961,51.5348],[17.8899,51.5256],[17.8748,51.518],[17.8712,51.5131],[17.8731,51.5077],[17.8612,51.497],[17.8629,51.4952],[17.8611,51.494],[17.8644,51.4914],[17.8624,51.4897],[17.8561,51.4934],[17.8544,51.4918],[17.8523,51.4921],[17.8499,51.4864],[17.845,51.4882],[17.8472,51.496],[17.8334,51.503],[17.827,51.4992],[17.8284,51.498],[17.8257,51.4963],[17.8318,51.4938],[17.831,51.4911],[17.8323,51.4903],[17.8302,51.4875],[17.8372,51.4839],[17.8385,51.4794],[17.831,51.4793],[17.8251,51.4819],[17.8233,51.4811],[17.8061,51.4881],[17.8077,51.4897],[17.8004,51.4927],[17.7983,51.4911],[17.7836,51.4961],[17.7785,51.4909],[17.7795,51.4905],[17.7766,51.4868],[17.7738,51.49],[17.7644,51.4946],[17.761,51.4919],[17.7597,51.4888],[17.7549,51.4916],[17.7523,51.4904],[17.7515,51.4892],[17.7534,51.4851],[17.7482,51.4861],[17.7506,51.4828],[17.7474,51.4825],[17.7416,51.4779],[17.7475,51.4751],[17.7426,51.4714],[17.7557,51.4631],[17.7758,51.4659],[17.7778,51.4644],[17.7845,51.4656],[17.8005,51.4551],[17.788,51.4505],[17.7738,51.4482],[17.765,51.4444],[17.7558,51.4368],[17.7494,51.4276],[17.75,51.4113],[17.7456,51.4127],[17.7485,51.4146],[17.7342,51.4168],[17.738,51.4191],[17.7329,51.4207],[17.7263,51.4208],[17.7232,51.4227],[17.716,51.4215],[17.7168,51.4198],[17.7141,51.4185],[17.7163,51.4147],[17.7152,51.4113],[17.7187,51.4084],[17.7196,51.4052],[17.7156,51.4015],[17.7031,51.3995],[17.7004,51.4017],[17.6868,51.4054],[17.6881,51.4078],[17.6823,51.4091],[17.6829,51.411],[17.6685,51.416],[17.6611,51.41],[17.659,51.4104],[17.6526,51.4128],[17.6491,51.418],[17.644,51.4189],[17.6402,51.4211],[17.6408,51.4234],[17.6382,51.4239],[17.6309,51.4235],[17.6314,51.4216],[17.6266,51.4191],[17.6129,51.423],[17.6121,51.4198],[17.6039,51.4094],[17.5849,51.4096],[17.5711,51.4052],[17.5634,51.4062],[17.554,51.4108],[17.5536,51.4133],[17.5491,51.4162],[17.5485,51.4189],[17.5406,51.4213],[17.5453,51.4284],[17.5484,51.4278],[17.549,51.4318],[17.5519,51.4352],[17.5482,51.4429],[17.532,51.4522],[17.5295,51.4559],[17.5246,51.4586]]]]}},{"type":"Feature","properties":{"GID_2":"POL.15.21_1","GID_0":"POL","COUNTRY":"Poland","GID_1":"POL.15_1","NAME_1":"Wielkopolskie","NL_NAME_1":"NA","NAME_2":"Ostrzeszow","VARNAME_2":"NA","NL_NAME_2":"NA","TYPE_2":"Powiat","ENGTYPE_2":"County","CC_2":"3018","HASC_2":"NA"},"geometry":{"type":"MultiPolygon","coordinates":[[[[17.7325,51.3501],[17.7285,51.3523],[17.7291,51.3538],[17.723,51.3594],[17.7106,51.3587],[17.7076,51.3604],[17.7106,51.3624],[17.7061,51.3639],[17.7066,51.3659],[17.7042,51.3668],[17.7061,51.3717],[17.7155,51.3714],[17.72,51.3861],[17.7329,51.3873],[17.7291,51.3957],[17.7375,51.3949],[17.7381,51.3976],[17.7365,51.3977],[17.7364,51.4],[17.7524,51.3986],[17.7559,51.4049],[17.7498,51.4115],[17.7494,51.4276],[17.7558,51.4368],[17.767,51.4454],[17.7773,51.4492],[17.788,51.4505],[17.8006,51.4553],[17.795,51.4576],[17.7916,51.4617],[17.7845,51.4656],[17.7537,51.4634],[17.7426,51.4714],[17.7475,51.4751],[17.7416,51.4779],[17.7474,51.4825],[17.7506,51.4828],[17.7482,51.4861],[17.7534,51.4851],[17.7515,51.4892],[17.7523,51.4904],[17.7549,51.4916],[17.7597,51.4888],[17.761,51.4919],[17.7644,51.4946],[17.7738,51.49],[17.7766,51.4868],[17.7795,51.4905],[17.7785,51.4909],[17.7836,51.4961],[17.7983,51.4911],[17.8004,51.4927],[17.8077,51.4897],[17.8061,51.4881],[17.8233,51.4811],[17.8251,51.4819],[17.831,51.4793],[17.8385,51.4794],[17.8372,51.4839],[17.8302,51.4875],[17.8323,51.4903],[17.831,51.4911],[17.8318,51.4938],[17.8257,51.4963],[17.8284,51.498],[17.827,51.4992],[17.8334,51.503],[17.8472,51.496],[17.845,51.4882],[17.8499,51.4864],[17.8523,51.4921],[17.8544,51.4918],[17.8561,51.4934],[17.8624,51.4897],[17.8644,51.4914],[17.8611,51.494],[17.8629,51.4952],[17.8612,51.497],[17.8731,51.5077],[17.8712,51.5131],[17.8722,51.5149],[17.8769,51.5197],[17.8899,51.5256],[17.8961,51.5348],[17.9003,51.5377],[17.9326,51.5478],[17.9386,51.5551],[17.9396,51.564],[17.9483,51.569],[17.9819,51.5633],[17.9838,51.5701],[17.9863,51.5734],[17.9893,51.5743],[17.9904,51.5778],[17.9997,51.5823],[18.0045,51.5784],[17.9967,51.5691],[18.0212,51.5699],[18.0212,51.5675],[18.0154,51.5639],[18.013,51.5581],[18.0181,51.5574],[18.0184,51.5559],[18.0236,51.5562],[18.0447,51.5646],[18.0445,51.5661],[18.0466,51.5658],[18.0507,51.5585],[18.0607,51.558],[18.0684,51.5471],[18.0814,51.5487],[18.0828,51.5458],[18.0774,51.5452],[18.0789,51.5407],[18.1008,51.5448],[18.1167,51.544],[18.1258,51.5386],[18.131,51.5336],[18.1336,51.5298],[18.1348,51.5231],[18.138,51.5241],[18.1401,51.5266],[18.1389,51.5272],[18.1427,51.5277],[18.1446,51.5305],[18.1438,51.5333],[18.1505,51.5373],[18.1566,51.5361],[18.1582,51.5378],[18.1676,51.5402],[18.1734,51.5385],[18.1769,51.5419],[18.175,51.5428],[18.1774,51.5431],[18.1773,51.5457],[18.2044,51.5329],[18.2191,51.5357],[18.2298,51.5356],[18.2454,51.5427],[18.2465,51.5447],[18.2541,51.5464],[18.2739,51.5444],[18.2929,51.5474],[18.3187,51.5463],[18.3207,51.5425],[18.3363,51.5418],[18.3418,51.5393],[18.3585,51.5364],[18.3608,51.5338],[18.3606,51.5314],[18.3753,51.5219],[18.3805,51.5168],[18.3828,51.4773],[18.3767,51.4728],[18.3616,51.468],[18.3533,51.4707],[18.3518,51.4698],[18.3579,51.4667],[18.3562,51.4642],[18.3575,51.4606],[18.3562,51.4566],[18.3514,51.4497],[18.3456,51.4472],[18.3407,51.441],[18.3405,51.4301],[18.3354,51.4255],[18.3263,51.4198],[18.2964,51.4294],[18.2553,51.4388],[18.2279,51.4519],[18.2127,51.4543],[18.2114,51.4519],[18.2157,51.4477],[18.1882,51.4412],[18.19,51.4385],[18.1986,51.4362],[18.1992,51.4339],[18.2029,51.4346],[18.2063,51.4327],[18.2079,51.4266],[18.2112,51.4256],[18.2089,51.4181],[18.2041,51.4167],[18.2058,51.4166],[18.2045,51.4151],[18.2056,51.4141],[18.2042,51.4138],[18.207,51.4125],[18.2052,51.4119],[18.2073,51.4105],[18.2056,51.4096],[18.2082,51.4083],[18.2068,51.4071],[18.2087,51.4061],[18.2072,51.4053],[18.2079,51.4034],[18.2062,51.401],[18.2045,51.4011],[18.2029,51.3979],[18.1994,51.397],[18.1996,51.3951],[18.1963,51.3955],[18.1977,51.3943],[18.1938,51.3923],[18.1954,51.3901],[18.1921,51.3901],[18.1931,51.3877],[18.1898,51.3865],[18.1492,51.3914],[18.138,51.3782],[18.1351,51.3608],[18.1297,51.3622],[18.1265,51.3575],[18.1092,51.3587],[18.0988,51.3619],[18.0831,51.3836],[18.0633,51.3779],[18.0672,51.3809],[18.0647,51.3801],[18.0647,51.3824],[18.056,51.3838],[18.061,51.3893],[18.0476,51.3934],[18.0462,51.3918],[18.0435,51.392],[18.0354,51.3838],[18.0265,51.3804],[18.0238,51.3754],[18.0053,51.3667],[18.0025,51.3604],[18.0045,51.3531],[17.9941,51.3458],[17.9805,51.3551],[17.9691,51.3494],[17.9648,51.3412],[17.96,51.3387],[17.9574,51.3393],[17.9395,51.3462],[17.9322,51.3548],[17.9296,51.3617],[17.922,51.3658],[17.9183,51.3653],[17.9187,51.3618],[17.9075,51.3524],[17.9056,51.3492],[17.9021,51.3483],[17.8872,51.3471],[17.8817,51.3483],[17.8736,51.3536],[17.8728,51.3521],[17.8761,51.3492],[17.8769,51.3427],[17.8699,51.3378],[17.8576,51.3383],[17.8563,51.3412],[17.8539,51.3417],[17.851,51.34],[17.8524,51.3393],[17.8504,51.3366],[17.8346,51.3307],[17.8388,51.3277],[17.8461,51.3256],[17.8492,51.321],[17.8464,51.3185],[17.8391,51.3224],[17.8313,51.3222],[17.8242,51.3146],[17.8252,51.3086],[17.8343,51.3028],[17.833,51.2972],[17.8255,51.2984],[17.8244,51.294],[17.804,51.2931],[17.8045,51.2963],[17.8007,51.2968],[17.805,51.3033],[17.7961,51.303],[17.7835,51.3062],[17.7733,51.3053],[17.7559,51.3113],[17.765,51.3164],[17.7626,51.3201],[17.7468,51.3262],[17.7438,51.3287],[17.7443,51.3364],[17.7409,51.3386],[17.7416,51.342],[17.7396,51.3429],[17.7436,51.3465],[17.7325,51.3501]]]]}},{"type":"Feature","properties":{"GID_2":"POL.15.22_1","GID_0":"POL","COUNTRY":"Poland","GID_1":"POL.15_1","NAME_1":"Wielkopolskie","NL_NAME_1":"NA","NAME_2":"Pila","VARNAME_2":"NA","NL_NAME_2":"NA","TYPE_2":"Powiat","ENGTYPE_2":"County","CC_2":"3019","HASC_2":"NA"},"geometry":{"type":"MultiPolygon","coordinates":[[[[16.8078,53.0526],[16.8075,53.0462],[16.8088,53.0459],[16.8076,53.0443],[16.796,53.0426],[16.7956,53.04],[16.7991,53.0343],[16.7981,53.0308],[16.8017,53.0262],[16.7903,53.0287],[16.7875,53.0212],[16.7788,53.0235],[16.779,53.0246],[16.7751,53.0246],[16.7798,53.0135],[16.7705,53.0109],[16.772,53.0093],[16.756,53.0039],[16.741,53.0028],[16.7389,52.982],[16.732,52.9835],[16.7324,52.9812],[16.7378,52.9799],[16.7172,52.9746],[16.7185,52.9709],[16.7067,52.9687],[16.6984,52.9619],[16.7042,52.9574],[16.7005,52.9525],[16.7013,52.9517],[16.696,52.9517],[16.6958,52.9535],[16.6895,52.9533],[16.6832,52.9554],[16.6749,52.9554],[16.6702,52.9573],[16.6597,52.9577],[16.6588,52.9559],[16.6545,52.9558],[16.6486,52.957],[16.6461,52.958],[16.6484,52.9604],[16.6456,52.9616],[16.6471,52.9676],[16.6457,52.969],[16.6436,52.967],[16.6427,52.9704],[16.6398,52.9698],[16.6325,52.9893],[16.6495,52.9914],[16.6502,53.0226],[16.6254,53.0444],[16.6119,53.0395],[16.6115,53.041],[16.6076,53.0419],[16.611,53.0458],[16.6204,53.0485],[16.6242,53.0528],[16.6307,53.0543],[16.6372,53.0582],[16.6499,53.0582],[16.6492,53.0605],[16.6515,53.0619],[16.6587,53.0631],[16.6572,53.0708],[16.6677,53.0727],[16.6658,53.0838],[16.6608,53.0837],[16.6582,53.0866],[16.6696,53.091],[16.67,53.094],[16.6748,53.0943],[16.6918,53.0905],[16.6971,53.1023],[16.7027,53.1016],[16.7113,53.1144],[16.7182,53.1126],[16.7197,53.1177],[16.7085,53.1205],[16.7119,53.1236],[16.6963,53.1289],[16.6986,53.131],[16.6886,53.1277],[16.6808,53.1273],[16.6795,53.1308],[16.6747,53.1297],[16.6762,53.1258],[16.6593,53.1205],[16.6584,53.123],[16.655,53.1224],[16.656,53.1195],[16.653,53.1186],[16.649,53.1249],[16.6419,53.1225],[16.6405,53.1197],[16.6383,53.1193],[16.6404,53.1138],[16.644,53.1142],[16.6447,53.1121],[16.6479,53.1139],[16.6502,53.1134],[16.6518,53.1095],[16.6553,53.1099],[16.6565,53.1068],[16.6351,53.1091],[16.6275,53.1077],[16.6264,53.1094],[16.624,53.1085],[16.6178,53.1104],[16.6169,53.1088],[16.6087,53.1062],[16.6006,53.1077],[16.6013,53.1086],[16.5979,53.111],[16.5971,53.1136],[16.5817,53.1186],[16.5804,53.1213],[16.569,53.122],[16.5661,53.111],[16.5618,53.1116],[16.5617,53.1143],[16.5534,53.1145],[16.5556,53.1208],[16.542,53.1229],[16.5347,53.128],[16.5305,53.126],[16.5228,53.1257],[16.5207,53.1297],[16.5106,53.1268],[16.5064,53.1242],[16.505,53.1249],[16.5029,53.1216],[16.4987,53.1219],[16.4972,53.1161],[16.4999,53.1156],[16.4999,53.1143],[16.4955,53.1148],[16.4886,53.119],[16.4797,53.1151],[16.4671,53.1188],[16.4567,53.1193],[16.4471,53.1238],[16.433,53.1233],[16.4202,53.1289],[16.3992,53.1319],[16.3905,53.131],[16.3915,53.1409],[16.3983,53.1484],[16.3957,53.1539],[16.3916,53.1578],[16.3968,53.1605],[16.3983,53.1594],[16.4018,53.1605],[16.3992,53.1637],[16.4095,53.1636],[16.4114,53.1612],[16.4074,53.1611],[16.4053,53.1585],[16.4128,53.1558],[16.4109,53.1555],[16.4112,53.1542],[16.4165,53.1522],[16.4151,53.1514],[16.4167,53.1489],[16.4248,53.1486],[16.4325,53.1564],[16.4471,53.155],[16.4456,53.1621],[16.4493,53.1621],[16.4494,53.1598],[16.4564,53.1627],[16.4552,53.1644],[16.4605,53.1648],[16.4591,53.1656],[16.4724,53.1698],[16.4765,53.1703],[16.4838,53.1642],[16.4995,53.1633],[16.5012,53.1667],[16.5011,53.1727],[16.504,53.1758],[16.5078,53.1762],[16.5059,53.1778],[16.5102,53.1823],[16.5157,53.1817],[16.513,53.1849],[16.5205,53.1858],[16.5279,53.1997],[16.5396,53.2014],[16.5309,53.2069],[16.529,53.2155],[16.5324,53.2155],[16.5321,53.219],[16.5358,53.2187],[16.5357,53.2201],[16.5451,53.2172],[16.5564,53.2213],[16.5507,53.2233],[16.5586,53.229],[16.5566,53.2298],[16.5594,53.2332],[16.5693,53.2299],[16.5769,53.2313],[16.5795,53.2271],[16.5961,53.2297],[16.5957,53.2277],[16.6004,53.2228],[16.5965,53.2176],[16.6096,53.2087],[16.6207,53.2063],[16.6257,53.2086],[16.6202,53.2135],[16.625,53.216],[16.6299,53.2184],[16.6383,53.215],[16.6346,53.2199],[16.625,53.2264],[16.6345,53.2278],[16.6325,53.2338],[16.6207,53.2336],[16.6222,53.2409],[16.6256,53.2432],[16.6294,53.2494],[16.6345,53.2528],[16.6446,53.2556],[16.6387,53.259],[16.6356,53.2589],[16.6352,53.2604],[16.63,53.26],[16.6456,53.2679],[16.6609,53.2669],[16.6579,53.2677],[16.6576,53.2714],[16.6509,53.2756],[16.6514,53.2808],[16.6539,53.2814],[16.6558,53.2792],[16.6618,53.2786],[16.6745,53.2901],[16.6727,53.2914],[16.6737,53.2922],[16.6761,53.2907],[16.7145,53.2991],[16.7199,53.295],[16.721,53.2916],[16.7343,53.2879],[16.7367,53.285],[16.7437,53.2819],[16.7525,53.2984],[16.7585,53.2961],[16.7646,53.2961],[16.7661,53.2936],[16.7744,53.2912],[16.7984,53.2912],[16.8008,53.2896],[16.7989,53.2871],[16.7906,53.2845],[16.7919,53.2825],[16.7907,53.2806],[16.7935,53.2788],[16.7939,53.276],[16.7932,53.2726],[16.7894,53.2705],[16.7934,53.2615],[16.8038,53.2529],[16.8001,53.2515],[16.8216,53.2415],[16.8145,53.2398],[16.8151,53.2341],[16.8126,53.2335],[16.8125,53.2302],[16.8077,53.2279],[16.8063,53.2254],[16.7928,53.2207],[16.7938,53.2137],[16.7865,53.2084],[16.7861,53.2059],[16.7907,53.2035],[16.7867,53.2033],[16.7877,53.1965],[16.7797,53.1894],[16.7873,53.1884],[16.7895,53.1904],[16.7958,53.1894],[16.7995,53.1913],[16.8121,53.1865],[16.857,53.1779],[16.8529,53.1693],[16.914,53.1789],[16.9061,53.197],[16.9151,53.1987],[16.9136,53.2013],[16.9145,53.2065],[16.9223,53.2079],[16.9255,53.2126],[16.9267,53.211],[16.9291,53.2112],[16.934,53.2145],[16.9488,53.2197],[16.9493,53.2213],[16.9538,53.2217],[16.9573,53.2179],[16.9691,53.2189],[16.9725,53.2257],[16.9956,53.2343],[17.0178,53.2314],[17.0286,53.2335],[17.0369,53.2275],[17.0453,53.224],[17.0604,53.2285],[17.0701,53.2295],[17.0728,53.2315],[17.0771,53.2396],[17.0824,53.2406],[17.0887,53.239],[17.1436,53.2385],[17.144,53.2422],[17.1471,53.2448],[17.1487,53.2518],[17.1433,53.2534],[17.1446,53.2546],[17.1421,53.2569],[17.142,53.262],[17.1642,53.2658],[17.1738,53.2654],[17.1862,53.2704],[17.1899,53.2704],[17.1851,53.2836],[17.1857,53.2876],[17.1889,53.2924],[17.1922,53.2932],[17.1943,53.2975],[17.1991,53.2976],[17.2098,53.3035],[17.2169,53.3046],[17.2234,53.308],[17.2321,53.3086],[17.2356,53.3115],[17.2485,53.3125],[17.2488,53.3152],[17.2558,53.3186],[17.2543,53.3205],[17.2509,53.3201],[17.2492,53.3237],[17.2607,53.327],[17.2608,53.3329],[17.2653,53.3354],[17.2642,53.3394],[17.2668,53.3423],[17.2645,53.3443],[17.2659,53.3508],[17.2646,53.3532],[17.261,53.3541],[17.2593,53.3617],[17.2572,53.3634],[17.2608,53.3638],[17.2939,53.3533],[17.3101,53.3518],[17.3252,53.3472],[17.3325,53.3487],[17.3382,53.3477],[17.3407,53.345],[17.3385,53.3419],[17.3421,53.3372],[17.3546,53.3335],[17.3561,53.3308],[17.3554,53.3289],[17.3577,53.3275],[17.3534,53.3239],[17.355,53.321],[17.3596,53.3181],[17.3656,53.3181],[17.3657,53.3159],[17.3692,53.3138],[17.3788,53.3118],[17.3806,53.306],[17.3847,53.307],[17.3873,53.3009],[17.3855,53.3006],[17.3883,53.2982],[17.4014,53.2936],[17.3924,53.2909],[17.3954,53.2884],[17.4071,53.2817],[17.4105,53.2871],[17.4201,53.2833],[17.4253,53.2776],[17.4388,53.2675],[17.4237,53.2553],[17.4183,53.2534],[17.4279,53.2464],[17.4127,53.2414],[17.4173,53.231],[17.4092,53.2273],[17.3981,53.2268],[17.3887,53.2283],[17.3689,53.2268],[17.3669,53.2243],[17.3637,53.2234],[17.332,53.2178],[17.3337,53.2154],[17.3321,53.2146],[17.329,53.214],[17.3216,53.2163],[17.3211,53.2115],[17.3343,53.2085],[17.3458,53.2011],[17.3443,53.1978],[17.3471,53.1963],[17.3373,53.1851],[17.3352,53.1795],[17.3369,53.1715],[17.3431,53.1653],[17.3459,53.1657],[17.3468,53.1634],[17.3421,53.1586],[17.3353,53.1554],[17.3531,53.1548],[17.3513,53.151],[17.3741,53.1486],[17.3897,53.1442],[17.3928,53.142],[17.3899,53.1416],[17.3904,53.1377],[17.3871,53.1376],[17.3871,53.1337],[17.3527,53.1312],[17.357,53.1239],[17.3596,53.1241],[17.3609,53.1174],[17.3572,53.0872],[17.3502,53.0853],[17.3345,53.0774],[17.3225,53.0784],[17.3161,53.0805],[17.3169,53.0818],[17.3142,53.0806],[17.3075,53.0824],[17.3019,53.0809],[17.2889,53.0842],[17.2846,53.0833],[17.2818,53.0806],[17.2703,53.0813],[17.2707,53.0836],[17.2688,53.0844],[17.2638,53.0826],[17.2628,53.0844],[17.2592,53.0821],[17.2571,53.0823],[17.2573,53.0841],[17.2532,53.0832],[17.2465,53.0798],[17.2469,53.0783],[17.244,53.0798],[17.2362,53.0787],[17.2304,53.0816],[17.2279,53.0793],[17.2269,53.0802],[17.2287,53.0826],[17.2265,53.0839],[17.2176,53.0846],[17.2073,53.0898],[17.1836,53.0854],[17.1729,53.0816],[17.1407,53.0795],[17.1254,53.0757],[17.1292,53.0751],[17.1288,53.0733],[17.1189,53.0744],[17.1124,53.0726],[17.1064,53.0759],[17.0918,53.0754],[17.0671,53.0665],[17.0461,53.0686],[17.0263,53.0669],[17.0219,53.069],[17.0214,53.0732],[17.0178,53.0741],[17.0068,53.0699],[17.0044,53.0683],[17.0047,53.0664],[17.002,53.0667],[17.0017,53.0634],[16.9986,53.0622],[16.9985,53.06],[16.987,53.0583],[16.9713,53.0593],[16.9625,53.0578],[16.9598,53.0558],[16.955,53.0566],[16.9506,53.0534],[16.9323,53.0567],[16.918,53.054],[16.9112,53.0551],[16.9026,53.052],[16.897,53.0525],[16.8843,53.0502],[16.8746,53.0537],[16.8663,53.0505],[16.8479,53.0548],[16.8362,53.0525],[16.8263,53.0551],[16.8213,53.0524],[16.8078,53.0526]]]]}},{"type":"Feature","properties":{"GID_2":"POL.15.23_1","GID_0":"POL","COUNTRY":"Poland","GID_1":"POL.15_1","NAME_1":"Wielkopolskie","NL_NAME_1":"NA","NAME_2":"Pleszew","VARNAME_2":"NA","NL_NAME_2":"NA","TYPE_2":"Powiat","ENGTYPE_2":"County","CC_2":"3020","HASC_2":"NA"},"geometry":{"type":"MultiPolygon","coordinates":[[[[17.5157,51.9007],[17.5694,51.8953],[17.5726,51.8901],[17.5756,51.889],[17.5758,51.8917],[17.6084,51.892],[17.6109,51.8943],[17.6088,51.8963],[17.6098,51.8984],[17.6184,51.8968],[17.6302,51.9037],[17.6463,51.9004],[17.6562,51.8956],[17.6618,51.8814],[17.6849,51.8854],[17.6941,51.8848],[17.688,51.8932],[17.6787,51.9009],[17.6671,51.9036],[17.6729,51.9083],[17.6755,51.907],[17.6783,51.9086],[17.6806,51.9147],[17.6791,51.9154],[17.6857,51.9184],[17.6943,51.9195],[17.6943,51.9232],[17.6984,51.9252],[17.707,51.9256],[17.709,51.9307],[17.7183,51.9425],[17.7027,51.945],[17.7042,51.9494],[17.7015,51.9557],[17.7009,51.9622],[17.7037,51.9685],[17.7038,51.9765],[17.7057,51.9771],[17.6915,51.9843],[17.6952,51.993],[17.6996,51.9898],[17.7026,51.9913],[17.6985,51.9936],[17.7156,51.9968],[17.7143,51.9989],[17.7116,51.998],[17.7074,52.0023],[17.7094,52.0034],[17.7026,52.0072],[17.6937,52.0158],[17.6968,52.0166],[17.698,52.0234],[17.6952,52.0268],[17.6996,52.0304],[17.7051,52.0304],[17.7095,52.0326],[17.7136,52.0359],[17.713,52.0389],[17.7236,52.0458],[17.7189,52.0497],[17.7138,52.0484],[17.7101,52.0508],[17.7026,52.0497],[17.704,52.0544],[17.7009,52.0577],[17.7023,52.0605],[17.7037,52.0602],[17.7037,52.0604],[17.6969,52.063],[17.7064,52.0646],[17.7061,52.066],[17.7077,52.0662],[17.7064,52.0719],[17.713,52.0714],[17.7149,52.0742],[17.7187,52.0759],[17.7311,52.0767],[17.7333,52.0786],[17.7409,52.077],[17.7507,52.083],[17.7583,52.0813],[17.7561,52.079],[17.7595,52.0774],[17.7573,52.0764],[17.7731,52.0764],[17.7797,52.0793],[17.8235,52.0881],[17.8303,52.0815],[17.8293,52.0793],[17.8527,52.0734],[17.8682,52.0831],[17.8881,52.0826],[17.9346,52.0909],[17.9394,52.0815],[17.945,52.075],[17.9674,52.0757],[17.9668,52.0644],[17.9741,52.065],[17.9797,52.0481],[17.969,52.0327],[17.96,52.0285],[17.9413,52.0013],[17.9472,52.0001],[17.9595,51.9887],[17.963,51.9807],[17.9757,51.97],[17.98,51.9589],[17.9504,51.9537],[17.9399,51.9458],[17.9345,51.9381],[17.9341,51.9359],[17.9363,51.9323],[17.9411,51.9275],[17.9473,51.9251],[17.9491,51.9192],[17.9584,51.9193],[17.9553,51.9164],[17.9521,51.9172],[17.951,51.916],[17.9447,51.9188],[17.9362,51.9156],[17.9403,51.9134],[17.9457,51.906],[17.9525,51.9022],[17.9522,51.8992],[17.9592,51.8988],[17.9627,51.8932],[17.9611,51.8912],[17.9651,51.8883],[17.9593,51.8855],[17.9612,51.8835],[17.9593,51.8807],[17.9635,51.8793],[17.9633,51.8764],[17.967,51.877],[17.9684,51.8734],[17.9726,51.8739],[17.9723,51.8723],[17.9753,51.869],[17.981,51.8671],[17.9808,51.8634],[17.9845,51.8606],[17.9826,51.8587],[17.9828,51.8561],[17.992,51.851],[17.9985,51.8514],[17.9989,51.8489],[18.0014,51.8491],[18.0025,51.851],[18.0042,51.8468],[18.0106,51.8483],[18.0087,51.8454],[18.012,51.8463],[18.0111,51.8447],[18.0135,51.8436],[18.0153,51.8401],[18.0136,51.8382],[18.0162,51.8376],[18.0136,51.8368],[18.0155,51.8363],[18.0152,51.833],[18.0171,51.8311],[18.0136,51.8272],[18.0158,51.8263],[18.013,51.8249],[18.0194,51.8196],[18.0175,51.8157],[18.0222,51.8136],[18.019,51.8079],[18.0199,51.8046],[18.0154,51.8002],[18.0287,51.7894],[18.043,51.7853],[18.0395,51.781],[18.0425,51.7795],[18.0325,51.7723],[18.0412,51.7693],[18.0344,51.765],[18.018,51.7631],[18.0146,51.7601],[18.0096,51.7597],[17.9967,51.7635],[17.9865,51.7634],[17.9903,51.7783],[17.9692,51.7845],[17.9496,51.7861],[17.9408,51.7832],[17.9336,51.7783],[17.9003,51.7847],[17.8886,51.7834],[17.8756,51.7853],[17.8735,51.7865],[17.8745,51.7897],[17.853,51.7946],[17.8296,51.7962],[17.8166,51.7988],[17.8098,51.7991],[17.8041,51.7958],[17.7716,51.7896],[17.7498,51.7898],[17.7483,51.7915],[17.748,51.797],[17.7351,51.8062],[17.7321,51.8151],[17.7267,51.8165],[17.6968,51.8148],[17.6951,51.8115],[17.6861,51.8102],[17.6831,51.8082],[17.6755,51.8088],[17.6741,51.8075],[17.6626,51.807],[17.6629,51.8091],[17.6547,51.8096],[17.6464,51.8045],[17.6467,51.7956],[17.6341,51.7946],[17.634,51.7917],[17.6152,51.7938],[17.6139,51.7971],[17.6102,51.7993],[17.6042,51.8202],[17.6077,51.8304],[17.6005,51.8303],[17.5924,51.8343],[17.5712,51.8387],[17.5624,51.8348],[17.5307,51.8385],[17.5211,51.8476],[17.5267,51.8609],[17.5239,51.861],[17.5255,51.8681],[17.517,51.8733],[17.5174,51.8901],[17.514,51.9008],[17.5157,51.9007]]]]}},{"type":"Feature","properties":{"GID_2":"POL.15.25_1","GID_0":"POL","COUNTRY":"Poland","GID_1":"POL.15_1","NAME_1":"Wielkopolskie","NL_NAME_1":"NA","NAME_2":"Poznan","VARNAME_2":"NA","NL_NAME_2":"NA","TYPE_2":"Powiat","ENGTYPE_2":"County","CC_2":"3021","HASC_2":"NA"},"geometry":{"type":"MultiPolygon","coordinates":[[[[16.5906,52.1834],[16.5942,52.1838],[16.5904,52.1864],[16.5923,52.1871],[16.5896,52.189],[16.6001,52.1929],[16.5958,52.1967],[16.5923,52.203],[16.5956,52.2112],[16.5952,52.2159],[16.5813,52.2211],[16.574,52.2302],[16.5891,52.2363],[16.5922,52.2417],[16.6074,52.2565],[16.6082,52.263],[16.6043,52.2629],[16.604,52.2707],[16.5886,52.2811],[16.5721,52.2848],[16.5708,52.2819],[16.5661,52.2792],[16.5551,52.2782],[16.544,52.2745],[16.5136,52.2745],[16.5127,52.2699],[16.5032,52.2761],[16.5014,52.2744],[16.4967,52.2764],[16.4998,52.2777],[16.5035,52.2822],[16.5063,52.2886],[16.5056,52.301],[16.4909,52.3019],[16.49,52.2995],[16.4868,52.2992],[16.4738,52.3022],[16.4706,52.3003],[16.4678,52.304],[16.4812,52.3065],[16.484,52.3096],[16.4996,52.315],[16.5007,52.3213],[16.4965,52.3231],[16.5031,52.3294],[16.5011,52.33],[16.5104,52.3386],[16.5017,52.3423],[16.4821,52.346],[16.4692,52.3505],[16.4652,52.356],[16.4684,52.3582],[16.4528,52.3611],[16.4568,52.3646],[16.4607,52.3766],[16.4659,52.3775],[16.4808,52.3738],[16.4859,52.381],[16.5098,52.3833],[16.507,52.3918],[16.5123,52.3926],[16.5156,52.4013],[16.522,52.4006],[16.5222,52.3968],[16.528,52.3898],[16.5421,52.3923],[16.5516,52.3909],[16.5537,52.3885],[16.5532,52.3823],[16.5555,52.3787],[16.5671,52.3811],[16.5746,52.388],[16.5768,52.3923],[16.5841,52.3976],[16.5781,52.4006],[16.5765,52.4121],[16.6004,52.4122],[16.5993,52.4195],[16.5875,52.4253],[16.5836,52.4279],[16.5832,52.43],[16.5725,52.4361],[16.5553,52.4342],[16.5537,52.4344],[16.5541,52.4365],[16.5666,52.4404],[16.584,52.4417],[16.5875,52.4472],[16.5911,52.4471],[16.602,52.4414],[16.608,52.4452],[16.6085,52.4496],[16.604,52.4538],[16.6032,52.4594],[16.6096,52.4598],[16.6077,52.4677],[16.6101,52.4679],[16.6146,52.4737],[16.624,52.4742],[16.623,52.4822],[16.6286,52.4899],[16.6289,52.4943],[16.637,52.4932],[16.635,52.5003],[16.6495,52.5143],[16.6525,52.5203],[16.6525,52.5218],[16.6475,52.5252],[16.64,52.5269],[16.6596,52.5308],[16.6699,52.5297],[16.6846,52.5348],[16.6956,52.5342],[16.705,52.5315],[16.7094,52.5185],[16.7221,52.5218],[16.7173,52.5253],[16.7199,52.5276],[16.7166,52.5287],[16.725,52.5406],[16.734,52.5414],[16.7337,52.5446],[16.7376,52.556],[16.7408,52.5595],[16.7295,52.5656],[16.7369,52.5738],[16.7426,52.5745],[16.7444,52.5707],[16.7599,52.5691],[16.7638,52.5551],[16.7642,52.5456],[16.7855,52.5445],[16.7842,52.5487],[16.7865,52.5574],[16.78,52.567],[16.7893,52.569],[16.8067,52.57],[16.8143,52.568],[16.824,52.5739],[16.8306,52.574],[16.8506,52.5806],[16.8501,52.5787],[16.8534,52.5717],[16.8639,52.5703],[16.8675,52.5727],[16.8665,52.574],[16.8703,52.5772],[16.869,52.5783],[16.8702,52.5792],[16.8838,52.5841],[16.8993,52.5849],[16.9262,52.5998],[16.932,52.5969],[16.9353,52.5932],[16.9412,52.5948],[16.9431,52.5985],[16.9359,52.6032],[16.9245,52.6064],[16.9204,52.6136],[16.8934,52.6221],[16.9026,52.6347],[16.9182,52.6346],[16.9219,52.6384],[16.9251,52.6501],[16.9284,52.6546],[16.9402,52.6558],[16.9466,52.6514],[16.9659,52.6482],[16.9707,52.6512],[16.9717,52.6573],[16.9908,52.6674],[16.9965,52.6657],[16.9946,52.6696],[17.0,52.6716],[17.0076,52.6709],[17.011,52.6718],[17.0126,52.6742],[17.0147,52.6726],[17.0195,52.6731],[17.0244,52.6781],[17.0217,52.6804],[17.0199,52.6801],[17.0181,52.6806],[17.0217,52.6805],[17.0441,52.6718],[17.0523,52.6702],[17.0561,52.6656],[17.0617,52.665],[17.0683,52.6616],[17.0676,52.6604],[17.0611,52.6613],[17.0609,52.6582],[17.0591,52.6579],[17.0584,52.6506],[17.0621,52.6466],[17.0615,52.6451],[17.058,52.6417],[17.0516,52.6438],[17.0482,52.6431],[17.0483,52.6408],[17.0435,52.6366],[17.0437,52.631],[17.0611,52.6364],[17.0664,52.6419],[17.0734,52.6393],[17.0755,52.6406],[17.0791,52.6391],[17.0883,52.6297],[17.1008,52.6234],[17.1088,52.6255],[17.1141,52.6251],[17.122,52.6278],[17.1316,52.6255],[17.1295,52.6235],[17.1324,52.6195],[17.1249,52.6156],[17.1217,52.6113],[17.1256,52.6118],[17.1278,52.6045],[17.12,52.6023],[17.1182,52.5995],[17.1199,52.5973],[17.1185,52.5906],[17.1243,52.5857],[17.1244,52.5781],[17.1286,52.5762],[17.1259,52.5715],[17.1288,52.5673],[17.1472,52.5697],[17.1526,52.5744],[17.1555,52.5733],[17.1604,52.5594],[17.1652,52.5596],[17.1644,52.5636],[17.1832,52.5664],[17.1873,52.5649],[17.1847,52.5596],[17.1863,52.553],[17.1982,52.5504],[17.2059,52.5452],[17.2189,52.5416],[17.2351,52.5426],[17.2483,52.5479],[17.2492,52.5504],[17.2545,52.551],[17.2623,52.5501],[17.262,52.5487],[17.2655,52.5454],[17.28,52.5393],[17.2794,52.5377],[17.2851,52.5394],[17.2961,52.539],[17.3023,52.5406],[17.304,52.5463],[17.3189,52.5446],[17.3208,52.5416],[17.3329,52.5429],[17.3336,52.5381],[17.3314,52.5371],[17.3323,52.5361],[17.3506,52.5344],[17.3506,52.5323],[17.357,52.531],[17.3563,52.5255],[17.3537,52.5257],[17.3529,52.5224],[17.3472,52.5205],[17.3449,52.5232],[17.3399,52.5227],[17.3393,52.5167],[17.3256,52.5092],[17.3204,52.5037],[17.333,52.5031],[17.3604,52.4934],[17.355,52.4852],[17.3429,52.485],[17.3389,52.4823],[17.3374,52.479],[17.3455,52.4699],[17.351,52.4667],[17.3602,52.4637],[17.3702,52.4665],[17.3735,52.4497],[17.3769,52.4515],[17.3829,52.4497],[17.3848,52.446],[17.3977,52.4402],[17.3933,52.4355],[17.3925,52.427],[17.3876,52.419],[17.3717,52.418],[17.3642,52.4157],[17.3569,52.41],[17.3579,52.409],[17.3468,52.4033],[17.3752,52.379],[17.3579,52.3672],[17.3664,52.3649],[17.3649,52.3515],[17.3687,52.3453],[17.3327,52.3497],[17.328,52.3486],[17.3345,52.3363],[17.3283,52.3337],[17.3223,52.3402],[17.3127,52.3299],[17.2767,52.3307],[17.2815,52.3245],[17.2807,52.3189],[17.2577,52.3123],[17.2521,52.312],[17.2505,52.3134],[17.2472,52.3117],[17.2406,52.3119],[17.2411,52.308],[17.2334,52.2993],[17.2329,52.2965],[17.2299,52.2952],[17.2279,52.2914],[17.2181,52.2851],[17.2157,52.281],[17.1925,52.284],[17.1911,52.2788],[17.1881,52.2759],[17.1977,52.2694],[17.183,52.2571],[17.1708,52.2645],[17.1553,52.2513],[17.1486,52.255],[17.1453,52.255],[17.1114,52.243],[17.1137,52.2409],[17.1115,52.2396],[17.1206,52.2354],[17.1379,52.2417],[17.1411,52.2457],[17.1434,52.2462],[17.1776,52.2277],[17.1437,52.2202],[17.1371,52.2201],[17.1306,52.2167],[17.1297,52.2154],[17.1538,52.2049],[17.148,52.1966],[17.1323,52.1888],[17.1277,52.1879],[17.1246,52.1911],[17.1199,52.1901],[17.1173,52.1914],[17.0939,52.1824],[17.0832,52.1806],[17.0663,52.169],[17.0573,52.167],[17.049,52.1619],[17.0491,52.1598],[17.0455,52.1578],[17.0445,52.1527],[17.0429,52.1521],[17.0364,52.152],[17.0353,52.163],[17.0337,52.1643],[17.0189,52.168],[17.012,52.1719],[17.0039,52.1715],[17.0011,52.1731],[17.0027,52.1769],[17.001,52.1785],[16.9964,52.1773],[16.994,52.1791],[16.9921,52.1784],[16.9879,52.1807],[16.9914,52.1814],[16.9908,52.1847],[16.9837,52.1846],[16.9819,52.1864],[16.964,52.1785],[16.9503,52.1683],[16.9467,52.1674],[16.9416,52.1753],[16.9416,52.1771],[16.9453,52.1797],[16.9305,52.1866],[16.9245,52.1858],[16.9169,52.1906],[16.9145,52.1953],[16.9053,52.198],[16.8945,52.1977],[16.8916,52.1945],[16.888,52.1966],[16.8859,52.196],[16.8851,52.1952],[16.889,52.1928],[16.8866,52.188],[16.884,52.1855],[16.8722,52.1824],[16.8501,52.1866],[16.8485,52.1851],[16.834,52.1853],[16.8255,52.1804],[16.8211,52.1837],[16.8172,52.1835],[16.8056,52.1755],[16.7849,52.1786],[16.78,52.1809],[16.7766,52.1852],[16.7745,52.1851],[16.7827,52.1969],[16.7797,52.2043],[16.7644,52.2082],[16.7571,52.2085],[16.7517,52.2123],[16.7413,52.2155],[16.7239,52.2089],[16.7102,52.1935],[16.699,52.1989],[16.684,52.2094],[16.6694,52.2117],[16.6612,52.2084],[16.6588,52.2024],[16.6499,52.1936],[16.6237,52.1891],[16.6284,52.1872],[16.6245,52.1812],[16.629,52.1799],[16.6073,52.1703],[16.5981,52.1728],[16.5965,52.1756],[16.5988,52.1772],[16.5895,52.1833],[16.5906,52.1834]],[[16.7954,52.4807],[16.7929,52.474],[16.7831,52.4825],[16.7778,52.4823],[16.7747,52.4794],[16.7758,52.4785],[16.761,52.4773],[16.7391,52.4653],[16.7316,52.4637],[16.7325,52.4614],[16.7376,52.4585],[16.7427,52.4592],[16.7529,52.4552],[16.7711,52.4668],[16.773,52.4645],[16.7777,52.4667],[16.7821,52.4643],[16.7805,52.4628],[16.7812,52.4592],[16.7793,52.4592],[16.7824,52.4583],[16.7837,52.457],[16.7824,52.4558],[16.7876,52.4532],[16.7904,52.4478],[16.7863,52.4469],[16.7922,52.4449],[16.8008,52.4373],[16.8009,52.4348],[16.7985,52.4353],[16.8022,52.4256],[16.7978,52.4247],[16.8005,52.4229],[16.8003,52.4178],[16.7991,52.4143],[16.7951,52.4108],[16.7984,52.4059],[16.8048,52.4042],[16.7972,52.4022],[16.811,52.3907],[16.8054,52.388],[16.8089,52.3861],[16.7894,52.3764],[16.8257,52.3781],[16.8341,52.3704],[16.8298,52.3585],[16.8251,52.3567],[16.842,52.3442],[16.8492,52.3495],[16.8516,52.3486],[16.8581,52.3519],[16.8662,52.359],[16.8826,52.3566],[16.8885,52.3541],[16.8896,52.3561],[16.9019,52.3558],[16.9029,52.3554],[16.901,52.3522],[16.9041,52.3511],[16.905,52.3496],[16.9033,52.349],[16.9056,52.3487],[16.9015,52.3474],[16.9041,52.3449],[16.9002,52.342],[16.8992,52.3382],[16.9072,52.3365],[16.9094,52.3339],[16.926,52.3297],[16.9225,52.3238],[16.9272,52.3223],[16.9264,52.3193],[16.941,52.315],[16.9476,52.3107],[16.9509,52.3135],[16.9576,52.3142],[16.9589,52.3102],[16.9792,52.3035],[16.9764,52.302],[16.9959,52.2919],[17.003,52.2959],[16.9961,52.3017],[16.9932,52.3074],[17.0022,52.3126],[16.9962,52.3184],[16.9831,52.3239],[16.9954,52.3316],[16.9996,52.3373],[17.0047,52.3341],[17.007,52.3306],[17.0121,52.3369],[17.0142,52.336],[17.0157,52.3374],[17.0373,52.3284],[17.0466,52.3404],[17.051,52.3438],[17.0577,52.3545],[17.0586,52.3575],[17.0571,52.3687],[17.0488,52.3855],[17.0478,52.3907],[17.0493,52.3951],[17.0369,52.402],[17.0382,52.4038],[17.0448,52.4041],[17.047,52.4076],[17.045,52.4086],[17.0655,52.4163],[17.0666,52.4204],[17.0717,52.4266],[17.0689,52.4251],[17.0656,52.4278],[17.0607,52.4266],[17.0613,52.4248],[17.054,52.421],[17.0398,52.4287],[17.0369,52.4239],[17.033,52.4298],[17.0116,52.428],[17.0088,52.4325],[17.0058,52.4338],[17.0142,52.4341],[17.0276,52.4389],[17.0222,52.4396],[17.0255,52.4412],[17.02,52.4492],[17.0057,52.4431],[17.0112,52.4413],[17.0094,52.4395],[16.994,52.4393],[16.9757,52.4415],[16.9756,52.4462],[16.9711,52.4531],[16.9781,52.4562],[16.9797,52.4596],[16.9762,52.4635],[16.9753,52.4698],[16.972,52.474],[16.9711,52.4856],[16.9753,52.4896],[16.9716,52.5012],[16.9679,52.505],[16.9705,52.5093],[16.9604,52.505],[16.9465,52.507],[16.9436,52.5008],[16.9388,52.5015],[16.9371,52.5009],[16.9376,52.499],[16.9269,52.501],[16.925,52.4973],[16.9147,52.4963],[16.913,52.4932],[16.9112,52.4932],[16.9108,52.4963],[16.9079,52.495],[16.9072,52.5005],[16.8882,52.4947],[16.8884,52.4901],[16.8892,52.4881],[16.8905,52.4889],[16.8905,52.4864],[16.8864,52.4835],[16.8872,52.4817],[16.8908,52.4774],[16.9013,52.4717],[16.8959,52.4652],[16.8618,52.466],[16.8576,52.4682],[16.8539,52.4752],[16.8434,52.4766],[16.8369,52.4743],[16.8305,52.4694],[16.8265,52.47],[16.8176,52.4714],[16.8134,52.4765],[16.8085,52.4786],[16.7954,52.4807]]]]}},{"type":"Feature","properties":{"GID_2":"POL.15.24_1","GID_0":"POL","COUNTRY":"Poland","GID_1":"POL.15_1","NAME_1":"Wielkopolskie","NL_NAME_1":"NA","NAME_2":"Poznan","VARNAME_2":"NA","NL_NAME_2":"NA","TYPE_2":"Miastonaprawachpowiatu","ENGTYPE_2":"Citywithpowiatrights","CC_2":"3064","HASC_2":"NA"},"geometry":{"type":"MultiPolygon","coordinates":[[[[16.7894,52.3764],[16.8089,52.3861],[16.8054,52.388],[16.811,52.3907],[16.7972,52.4022],[16.8048,52.4042],[16.7984,52.4059],[16.7951,52.4108],[16.7991,52.4143],[16.8003,52.4178],[16.8005,52.4229],[16.7978,52.4247],[16.8022,52.4256],[16.7985,52.4353],[16.8009,52.4348],[16.8008,52.4373],[16.7922,52.4449],[16.7863,52.4469],[16.7904,52.4478],[16.7876,52.4532],[16.7824,52.4558],[16.7837,52.457],[16.7824,52.4583],[16.7798,52.4584],[16.7793,52.4592],[16.7812,52.4592],[16.7805,52.4628],[16.7821,52.4643],[16.7791,52.4664],[16.773,52.4645],[16.7711,52.4668],[16.7529,52.4552],[16.7427,52.4592],[16.7376,52.4585],[16.7325,52.4614],[16.7316,52.4637],[16.7391,52.4653],[16.761,52.4773],[16.7758,52.4785],[16.7747,52.4794],[16.7778,52.4823],[16.7831,52.4825],[16.7929,52.474],[16.7956,52.481],[16.8118,52.4774],[16.8176,52.4714],[16.8265,52.47],[16.8305,52.4694],[16.8369,52.4743],[16.8434,52.4766],[16.8539,52.4752],[16.8576,52.4682],[16.8618,52.466],[16.8959,52.4652],[16.9013,52.4717],[16.8908,52.4774],[16.8872,52.4817],[16.8864,52.4835],[16.8905,52.4864],[16.8905,52.4889],[16.8892,52.4881],[16.8884,52.4901],[16.8882,52.4947],[16.9072,52.5005],[16.9079,52.495],[16.9108,52.4963],[16.9112,52.4932],[16.913,52.4932],[16.9147,52.4963],[16.925,52.4973],[16.9269,52.501],[16.9376,52.499],[16.9371,52.5009],[16.9388,52.5015],[16.9436,52.5008],[16.9465,52.507],[16.9604,52.505],[16.9705,52.5093],[16.9679,52.505],[16.9716,52.5012],[16.9753,52.4896],[16.9711,52.4856],[16.972,52.474],[16.9753,52.4698],[16.9762,52.4635],[16.9797,52.4596],[16.9781,52.4562],[16.9711,52.4531],[16.9756,52.4462],[16.9757,52.4415],[16.994,52.4393],[17.0094,52.4395],[17.0112,52.4413],[17.0057,52.4431],[17.02,52.4492],[17.0255,52.4412],[17.0222,52.4396],[17.0276,52.4389],[17.0142,52.4341],[17.0058,52.4338],[17.0088,52.4325],[17.0116,52.428],[17.033,52.4298],[17.0369,52.4239],[17.0398,52.4287],[17.054,52.421],[17.0613,52.4248],[17.0607,52.4266],[17.0656,52.4278],[17.0689,52.4251],[17.0717,52.4266],[17.0666,52.4204],[17.0655,52.4163],[17.045,52.4086],[17.047,52.4076],[17.0448,52.4041],[17.0382,52.4038],[17.0369,52.402],[17.0493,52.3951],[17.0478,52.3907],[17.0488,52.3855],[17.0573,52.3679],[17.0586,52.3575],[17.051,52.3438],[17.0466,52.3404],[17.0373,52.3284],[17.0157,52.3374],[17.0142,52.336],[17.0121,52.3369],[17.007,52.3306],[17.0047,52.3341],[16.9996,52.3373],[16.9954,52.3316],[16.9831,52.3239],[16.9962,52.3184],[17.0022,52.3126],[16.9932,52.3074],[16.9961,52.3017],[17.003,52.2959],[16.9959,52.2919],[16.9764,52.302],[16.9792,52.3035],[16.9589,52.3102],[16.9576,52.3142],[16.9509,52.3135],[16.9476,52.3107],[16.941,52.315],[16.9264,52.3193],[16.9272,52.3223],[16.9225,52.3238],[16.926,52.3297],[16.9094,52.3339],[16.9072,52.3365],[16.8992,52.3382],[16.9002,52.342],[16.9041,52.3449],[16.9015,52.3474],[16.9056,52.3487],[16.9033,52.349],[16.905,52.3496],[16.9041,52.3511],[16.901,52.3522],[16.9029,52.3554],[16.8896,52.3561],[16.8885,52.3541],[16.8826,52.3566],[16.8662,52.359],[16.8581,52.3519],[16.8516,52.3486],[16.8492,52.3495],[16.842,52.3442],[16.8251,52.3567],[16.8298,52.3585],[16.8341,52.3704],[16.8257,52.3781],[16.7894,52.3764]]]]}},{"type":"Feature","properties":{"GID_2":"POL.15.26_1","GID_0":"POL","COUNTRY":"Poland","GID_1":"POL.15_1","NAME_1":"Wielkopolskie","NL_NAME_1":"NA","NAME_2":"Rawicz","VARNAME_2":"NA","NL_NAME_2":"NA","TYPE_2":"Powiat","ENGTYPE_2":"County","CC_2":"3022","HASC_2":"NA"},"geometry":{"type":"MultiPolygon","coordinates":[[[[17.1075,51.5758],[17.0837,51.5691],[17.0808,51.5706],[17.0647,51.5664],[17.0702,51.5551],[17.0692,51.5525],[17.0593,51.5517],[17.0598,51.5457],[17.0538,51.5452],[17.0461,51.556],[17.0204,51.5535],[17.0199,51.5553],[17.0116,51.5545],[17.0106,51.5504],[17.0071,51.5493],[16.9817,51.5509],[16.9787,51.5448],[16.9751,51.5478],[16.9719,51.5436],[16.9624,51.5447],[16.9646,51.5492],[16.9619,51.5494],[16.9627,51.5511],[16.9582,51.5525],[16.9279,51.5524],[16.9145,51.5595],[16.9047,51.5714],[16.8957,51.5784],[16.8873,51.581],[16.8684,51.5789],[16.8511,51.58],[16.8438,51.5773],[16.8319,51.5759],[16.8284,51.5722],[16.8193,51.5777],[16.8156,51.5847],[16.8111,51.5869],[16.8037,51.5864],[16.7928,51.5905],[16.7948,51.5917],[16.7954,51.5996],[16.8026,51.6008],[16.7996,51.6035],[16.7843,51.6107],[16.772,51.6136],[16.7661,51.6277],[16.7764,51.6313],[16.7835,51.641],[16.7681,51.6447],[16.7435,51.6449],[16.7344,51.6423],[16.7283,51.6431],[16.7291,51.6458],[16.7276,51.6475],[16.7154,51.6486],[16.7094,51.6472],[16.695,51.6481],[16.6814,51.6469],[16.6802,51.6506],[16.6824,51.651],[16.685,51.6559],[16.6829,51.6567],[16.6774,51.6577],[16.6637,51.6563],[16.6499,51.6578],[16.6432,51.6607],[16.639,51.6664],[16.6386,51.6716],[16.6399,51.6716],[16.6388,51.6779],[16.6432,51.6821],[16.642,51.6835],[16.6637,51.6886],[16.6576,51.6892],[16.6617,51.6943],[16.6589,51.6954],[16.6595,51.6968],[16.6638,51.6988],[16.6763,51.6922],[16.6774,51.6947],[16.675,51.6953],[16.6769,51.6993],[16.6803,51.6987],[16.6824,51.7049],[16.6937,51.7102],[16.7013,51.7205],[16.7049,51.7195],[16.7088,51.7211],[16.7162,51.7208],[16.724,51.7252],[16.7263,51.7315],[16.7378,51.74],[16.7614,51.7394],[16.7646,51.7406],[16.7694,51.7393],[16.7773,51.7404],[16.7759,51.739],[16.7884,51.7425],[16.7937,51.7456],[16.803,51.7464],[16.8051,51.7448],[16.8149,51.7438],[16.8187,51.7398],[16.8311,51.7395],[16.8513,51.7335],[16.8603,51.7339],[16.8614,51.729],[16.8587,51.714],[16.8815,51.7086],[16.8798,51.7027],[16.8867,51.6946],[16.8918,51.6934],[16.9321,51.6956],[16.9388,51.699],[16.9386,51.7039],[16.9343,51.7037],[16.9347,51.7064],[16.9373,51.7128],[16.9413,51.7133],[16.9697,51.7103],[16.9838,51.7052],[16.9864,51.7007],[16.9912,51.7],[16.9873,51.6968],[16.9958,51.6956],[16.9948,51.694],[17.0088,51.6966],[17.0366,51.6984],[17.0329,51.7043],[17.0372,51.7139],[17.0532,51.7147],[17.0554,51.7172],[17.0547,51.7164],[17.0674,51.7162],[17.0794,51.7197],[17.0906,51.713],[17.0958,51.7116],[17.0972,51.713],[17.1038,51.7102],[17.101,51.7063],[17.1029,51.7014],[17.103,51.7027],[17.1087,51.7026],[17.1101,51.7052],[17.1183,51.7032],[17.1176,51.6991],[17.1282,51.7021],[17.1419,51.7008],[17.1384,51.6934],[17.154,51.6927],[17.1771,51.6845],[17.1943,51.676],[17.2098,51.6821],[17.2233,51.6776],[17.2348,51.6686],[17.2355,51.6655],[17.2341,51.6637],[17.2405,51.6549],[17.2372,51.6523],[17.2403,51.6474],[17.2399,51.6418],[17.2574,51.6428],[17.2604,51.6405],[17.2449,51.6394],[17.2417,51.6371],[17.2412,51.6335],[17.243,51.6333],[17.2422,51.6297],[17.2391,51.6303],[17.2412,51.6336],[17.2337,51.6341],[17.2267,51.6333],[17.2259,51.6324],[17.2292,51.6299],[17.2214,51.6304],[17.2211,51.6293],[17.2185,51.6311],[17.2155,51.6296],[17.2115,51.6196],[17.2123,51.6154],[17.2083,51.6111],[17.2096,51.6092],[17.2085,51.6083],[17.2098,51.6027],[17.2155,51.5993],[17.2155,51.5939],[17.2107,51.5897],[17.2145,51.5856],[17.2147,51.5739],[17.2065,51.567],[17.2029,51.5678],[17.1992,51.5745],[17.188,51.5765],[17.1786,51.5739],[17.1708,51.5698],[17.1255,51.5653],[17.1075,51.5758]]]]}},{"type":"Feature","properties":{"GID_2":"POL.15.27_1","GID_0":"POL","COUNTRY":"Poland","GID_1":"POL.15_1","NAME_1":"Wielkopolskie","NL_NAME_1":"NA","NAME_2":"Slupca","VARNAME_2":"NA","NL_NAME_2":"NA","TYPE_2":"Powiat","ENGTYPE_2":"County","CC_2":"3023","HASC_2":"NA"},"geometry":{"type":"MultiPolygon","coordinates":[[[[17.9664,52.097],[17.957,52.0907],[17.9322,52.0909],[17.8881,52.0826],[17.8682,52.0831],[17.8527,52.0734],[17.8293,52.0793],[17.8303,52.0815],[17.8235,52.0881],[17.8181,52.0888],[17.7912,52.0986],[17.7832,52.1072],[17.7707,52.1093],[17.7667,52.1145],[17.7667,52.1188],[17.7785,52.1296],[17.7794,52.1425],[17.7859,52.1482],[17.7848,52.1517],[17.7926,52.1521],[17.7976,52.1559],[17.8013,52.1562],[17.8133,52.1554],[17.8139,52.1519],[17.8225,52.1519],[17.8214,52.1544],[17.8229,52.1558],[17.8229,52.1642],[17.8336,52.1852],[17.8322,52.1918],[17.8101,52.1928],[17.7997,52.1911],[17.7854,52.1933],[17.7825,52.1964],[17.7785,52.1972],[17.7708,52.1971],[17.7683,52.1933],[17.7692,52.1983],[17.763,52.2034],[17.7631,52.206],[17.7582,52.2103],[17.7455,52.2167],[17.7462,52.218],[17.7407,52.2249],[17.7584,52.2296],[17.7765,52.2301],[17.7793,52.2339],[17.7727,52.2346],[17.7723,52.237],[17.7703,52.2369],[17.7703,52.2397],[17.773,52.2396],[17.7731,52.2428],[17.7804,52.2449],[17.7818,52.2472],[17.7658,52.2579],[17.7388,52.2642],[17.7314,52.2684],[17.7161,52.2706],[17.717,52.272],[17.7138,52.2731],[17.7134,52.2762],[17.7054,52.2776],[17.7038,52.2766],[17.694,52.2944],[17.6834,52.2995],[17.6871,52.3063],[17.6944,52.3009],[17.7054,52.3015],[17.7073,52.3059],[17.728,52.3065],[17.7291,52.3071],[17.7277,52.3073],[17.7277,52.31],[17.7433,52.3145],[17.74,52.3167],[17.7388,52.3215],[17.7339,52.3216],[17.7339,52.3237],[17.7169,52.328],[17.7222,52.336],[17.7085,52.3391],[17.6974,52.3477],[17.6944,52.3626],[17.6978,52.367],[17.7006,52.3755],[17.7397,52.3767],[17.7535,52.372],[17.7611,52.3714],[17.7618,52.3727],[17.7656,52.373],[17.7756,52.3682],[17.778,52.3721],[17.7933,52.3786],[17.8028,52.3765],[17.8207,52.3783],[17.8241,52.3805],[17.8422,52.3829],[17.8511,52.3866],[17.853,52.388],[17.851,52.389],[17.8502,52.3921],[17.8512,52.4055],[17.8553,52.4112],[17.8601,52.4133],[17.8558,52.4195],[17.86,52.4213],[17.8635,52.4273],[17.8689,52.4287],[17.872,52.4278],[17.8761,52.4297],[17.8794,52.4286],[17.8899,52.4363],[17.9088,52.4444],[17.9143,52.4506],[17.9107,52.4541],[17.9113,52.4555],[17.9206,52.4607],[17.9217,52.4697],[17.9193,52.4703],[17.9225,52.4711],[17.9168,52.4726],[17.913,52.4756],[17.9113,52.4814],[17.9137,52.4832],[17.9113,52.4842],[17.9118,52.487],[17.9077,52.4889],[17.9089,52.4925],[17.9061,52.5008],[17.9102,52.5104],[17.9101,52.5161],[17.9154,52.519],[17.9229,52.5194],[17.9267,52.5229],[17.9417,52.5234],[17.9469,52.5288],[17.9521,52.5302],[17.9596,52.5367],[17.9681,52.5333],[17.9719,52.5274],[17.9752,52.5273],[17.9731,52.5323],[17.9667,52.5366],[17.9712,52.5396],[17.9698,52.5412],[17.9755,52.5438],[17.9802,52.5504],[17.9875,52.5532],[17.9901,52.5498],[17.9874,52.5431],[17.9934,52.5434],[17.9945,52.5415],[17.9977,52.5414],[17.9982,52.5504],[18.0026,52.555],[18.0227,52.555],[18.0343,52.5495],[18.0516,52.5472],[18.051,52.5448],[18.0596,52.5427],[18.0589,52.5477],[18.0627,52.5476],[18.0644,52.5518],[18.0881,52.5517],[18.0954,52.5531],[18.1054,52.5445],[18.1068,52.5385],[18.1012,52.537],[18.1001,52.5331],[18.0918,52.5317],[18.0926,52.5241],[18.0902,52.5205],[18.1063,52.5138],[18.1242,52.5164],[18.1231,52.5107],[18.1246,52.5077],[18.1324,52.5064],[18.133,52.5029],[18.1156,52.4924],[18.1114,52.4917],[18.1011,52.4856],[18.092,52.4831],[18.0909,52.4805],[18.0855,52.477],[18.074,52.475],[18.0697,52.4697],[18.0631,52.4688],[18.0554,52.4629],[18.0518,52.4641],[18.0501,52.4609],[18.0361,52.4569],[18.0333,52.4527],[18.0284,52.4519],[18.0256,52.4481],[18.0497,52.437],[18.057,52.428],[18.0727,52.4195],[18.0719,52.416],[18.067,52.4105],[18.0701,52.4078],[18.0677,52.4041],[18.0679,52.4015],[18.0749,52.4028],[18.0848,52.4008],[18.0866,52.3971],[18.0844,52.3891],[18.0898,52.3836],[18.0876,52.3786],[18.084,52.3752],[18.083,52.3711],[18.0813,52.3703],[18.0817,52.3678],[18.0842,52.369],[18.0854,52.3678],[18.0832,52.3625],[18.0793,52.3613],[18.078,52.3571],[18.0521,52.3313],[18.0383,52.3339],[18.0359,52.3296],[18.0218,52.3323],[18.0213,52.3311],[18.0235,52.3226],[18.0295,52.3193],[18.0321,52.3147],[18.0354,52.3141],[18.0419,52.3159],[18.0459,52.3124],[18.0419,52.3096],[18.0395,52.3031],[18.0424,52.3022],[18.0512,52.3034],[18.0616,52.2981],[18.0641,52.2987],[18.0676,52.2937],[18.0496,52.2908],[18.0337,52.2836],[18.0338,52.2777],[18.0368,52.2738],[18.0403,52.2727],[18.0235,52.2536],[18.0233,52.2511],[18.0258,52.2505],[18.0268,52.2436],[18.0205,52.2435],[18.0234,52.2396],[18.0087,52.2363],[18.0161,52.228],[18.0217,52.2098],[18.0243,52.209],[18.0241,52.2011],[18.0263,52.2012],[18.0282,52.1965],[18.0233,52.1934],[18.0277,52.1913],[18.0261,52.1892],[18.0283,52.1854],[18.0272,52.1839],[18.0316,52.1817],[18.0276,52.1764],[18.0295,52.1759],[18.0256,52.1742],[18.0281,52.1714],[18.0205,52.1715],[18.0211,52.1753],[18.0158,52.1762],[18.0144,52.1719],[18.0112,52.1717],[18.0151,52.1687],[18.0084,52.1657],[18.0046,52.1581],[18.0051,52.1564],[17.9998,52.1563],[17.99,52.1527],[17.9841,52.1465],[18.0054,52.142],[18.0175,52.1357],[18.0281,52.1268],[18.0329,52.1179],[18.0287,52.1157],[18.0233,52.1187],[18.0239,52.1177],[18.0201,52.1155],[18.0071,52.1143],[17.9711,52.1064],[17.9696,52.0973],[17.9664,52.097]]]]}},{"type":"Feature","properties":{"GID_2":"POL.15.28_1","GID_0":"POL","COUNTRY":"Poland","GID_1":"POL.15_1","NAME_1":"Wielkopolskie","NL_NAME_1":"NA","NAME_2":"Srem","VARNAME_2":"NA","NL_NAME_2":"NA","TYPE_2":"Powiat","ENGTYPE_2":"County","CC_2":"3026","HASC_2":"NA"},"geometry":{"type":"MultiPolygon","coordinates":[[[[17.1861,51.9668],[17.1801,51.9646],[17.1767,51.9616],[17.1734,51.9651],[17.1639,51.968],[17.1612,51.9623],[17.1446,51.9521],[17.1363,51.9484],[17.129,51.9501],[17.1258,51.9465],[17.1275,51.936],[17.1313,51.9337],[17.1246,51.9295],[17.1208,51.925],[17.1097,51.9265],[17.1091,51.929],[17.1063,51.9298],[17.0922,51.9278],[17.0717,51.9335],[17.0695,51.9319],[17.0616,51.9353],[17.0518,51.9351],[17.0438,51.9421],[17.0398,51.9404],[17.0365,51.9417],[17.03,51.951],[17.0453,51.9598],[17.055,51.9615],[17.0452,51.9617],[17.0327,51.9648],[17.0419,51.9645],[17.0439,51.9676],[17.0428,51.9677],[17.0433,51.9714],[17.0351,51.9713],[17.0346,51.9732],[17.0366,51.9753],[17.0271,51.9739],[17.0151,51.9753],[17.014,51.9766],[17.0162,51.9773],[17.0134,51.9789],[17.0047,51.9802],[17.0034,51.9844],[16.9991,51.9853],[16.9985,51.9867],[17.0003,51.9872],[16.9989,51.9887],[16.9935,51.9897],[16.9942,51.9941],[16.9844,51.9968],[16.9846,51.9997],[16.9815,52.0013],[16.9778,52.0023],[16.9754,52.0007],[16.9702,52.004],[16.9594,52.0052],[16.9508,52.0105],[16.9479,52.0106],[16.9479,52.0131],[16.9431,52.0157],[16.9409,52.0139],[16.9295,52.0177],[16.9241,52.0164],[16.9207,52.0175],[16.9143,52.0169],[16.9088,52.0134],[16.8934,52.0177],[16.8884,52.0213],[16.8956,52.0275],[16.9013,52.0364],[16.9168,52.0458],[16.9194,52.0531],[16.9243,52.0582],[16.9258,52.0639],[16.9217,52.0645],[16.9181,52.0684],[16.8918,52.066],[16.8761,52.0671],[16.8758,52.0729],[16.8785,52.0799],[16.8729,52.0902],[16.8732,52.0919],[16.8887,52.0936],[16.8839,52.1026],[16.8768,52.1013],[16.858,52.102],[16.8683,52.1195],[16.8613,52.1196],[16.8581,52.1152],[16.8489,52.1195],[16.8482,52.1161],[16.8462,52.1154],[16.8441,52.1174],[16.8408,52.1146],[16.8219,52.1184],[16.8205,52.1235],[16.8122,52.1319],[16.7903,52.1408],[16.7906,52.145],[16.7972,52.1579],[16.8036,52.1635],[16.8043,52.1671],[16.8009,52.1705],[16.8005,52.1736],[16.8021,52.1751],[16.7993,52.1768],[16.8056,52.1755],[16.8172,52.1835],[16.8211,52.1837],[16.8255,52.1804],[16.834,52.1853],[16.8485,52.1851],[16.8501,52.1866],[16.8722,52.1824],[16.884,52.1855],[16.8866,52.188],[16.889,52.1928],[16.8851,52.1952],[16.8859,52.196],[16.888,52.1966],[16.8916,52.1945],[16.8945,52.1977],[16.9053,52.198],[16.9145,52.1953],[16.9169,52.1906],[16.9245,52.1858],[16.9305,52.1866],[16.9453,52.1797],[16.9416,52.1771],[16.9416,52.1753],[16.9467,52.1674],[16.9503,52.1683],[16.964,52.1785],[16.9819,52.1864],[16.9837,52.1846],[16.9908,52.1847],[16.9914,52.1814],[16.9879,52.1807],[16.9921,52.1784],[16.994,52.1791],[16.9964,52.1773],[17.001,52.1785],[17.0027,52.1769],[17.0011,52.1731],[17.0039,52.1715],[17.012,52.1719],[17.0189,52.168],[17.0344,52.1639],[17.0364,52.152],[17.0411,52.1516],[17.0445,52.1527],[17.0451,52.1571],[17.0491,52.1598],[17.049,52.1619],[17.0571,52.1669],[17.0663,52.169],[17.0832,52.1806],[17.0982,52.1839],[17.095,52.1653],[17.0914,52.1621],[17.0923,52.1591],[17.0954,52.1593],[17.1131,52.1511],[17.1143,52.14],[17.1256,52.1333],[17.1323,52.1352],[17.143,52.133],[17.1406,52.1257],[17.1439,52.1172],[17.1394,52.1083],[17.1381,52.1001],[17.1501,52.099],[17.1619,52.1033],[17.1746,52.0994],[17.1816,52.099],[17.2023,52.1057],[17.2197,52.1051],[17.2218,52.1082],[17.2263,52.1097],[17.2348,52.1057],[17.244,52.1084],[17.2547,52.105],[17.2606,52.1001],[17.2752,52.103],[17.2811,52.101],[17.2836,52.099],[17.2823,52.0967],[17.2861,52.096],[17.2926,52.0959],[17.3056,52.1],[17.3166,52.1002],[17.3214,52.0978],[17.3204,52.0957],[17.3239,52.0941],[17.3205,52.0908],[17.3217,52.0875],[17.3192,52.0869],[17.3198,52.0828],[17.292,52.0765],[17.2767,52.0689],[17.2757,52.0674],[17.2771,52.0563],[17.2718,52.0461],[17.2743,52.0404],[17.273,52.0369],[17.2897,52.0298],[17.3027,52.0357],[17.3121,52.0349],[17.3114,52.0243],[17.3086,52.0181],[17.3133,52.0148],[17.3268,52.0104],[17.3233,52.0],[17.3234,51.9971],[17.3251,51.9965],[17.3235,51.9871],[17.3185,51.9866],[17.311,51.9895],[17.288,51.9886],[17.2752,51.9862],[17.2226,51.9877],[17.2199,51.9859],[17.2012,51.9825],[17.2006,51.9798],[17.1945,51.9725],[17.1864,51.9723],[17.189,51.97],[17.1886,51.9675],[17.1861,51.9668]]]]}},{"type":"Feature","properties":{"GID_2":"POL.15.29_1","GID_0":"POL","COUNTRY":"Poland","GID_1":"POL.15_1","NAME_1":"Wielkopolskie","NL_NAME_1":"NA","NAME_2":"SrodaWielkopolska","VARNAME_2":"NA","NL_NAME_2":"NA","TYPE_2":"Powiat","ENGTYPE_2":"County","CC_2":"3025","HASC_2":"NA"},"geometry":{"type":"MultiPolygon","coordinates":[[[[17.4176,52.0138],[17.4073,52.0134],[17.3946,52.0187],[17.3839,52.0192],[17.3785,52.0186],[17.3701,52.0146],[17.3418,52.022],[17.3322,52.0132],[17.3265,52.0106],[17.3133,52.0148],[17.3086,52.0181],[17.3114,52.0243],[17.3121,52.0349],[17.3027,52.0357],[17.2897,52.0298],[17.273,52.0369],[17.2743,52.0401],[17.2719,52.0477],[17.2771,52.0563],[17.2757,52.0674],[17.2767,52.0689],[17.292,52.0765],[17.3198,52.0828],[17.3192,52.0869],[17.3217,52.0875],[17.3205,52.0908],[17.3239,52.0941],[17.3204,52.0957],[17.3214,52.0978],[17.3166,52.1002],[17.3033,52.0998],[17.2894,52.0956],[17.2825,52.0966],[17.2828,52.0998],[17.2752,52.103],[17.2606,52.1001],[17.2547,52.105],[17.244,52.1084],[17.2348,52.1057],[17.2263,52.1097],[17.2218,52.1082],[17.2197,52.1051],[17.2023,52.1057],[17.1816,52.099],[17.1746,52.0994],[17.1619,52.1033],[17.1501,52.099],[17.1381,52.1001],[17.1394,52.1083],[17.1439,52.1172],[17.1406,52.1257],[17.143,52.133],[17.1323,52.1352],[17.1256,52.1333],[17.1143,52.14],[17.1131,52.1511],[17.0954,52.1593],[17.0923,52.1591],[17.0912,52.161],[17.095,52.1653],[17.0977,52.1828],[17.1173,52.1914],[17.1199,52.1901],[17.1246,52.1911],[17.1277,52.1879],[17.1323,52.1888],[17.148,52.1966],[17.1538,52.2049],[17.1297,52.2154],[17.1306,52.2167],[17.1371,52.2201],[17.1437,52.2202],[17.1776,52.2277],[17.1434,52.2462],[17.1411,52.2457],[17.1379,52.2417],[17.1206,52.2354],[17.1115,52.2396],[17.1137,52.2409],[17.1114,52.243],[17.1453,52.255],[17.1486,52.255],[17.1553,52.2513],[17.1708,52.2645],[17.183,52.2571],[17.1977,52.2694],[17.1881,52.2759],[17.1911,52.2788],[17.1925,52.284],[17.2157,52.281],[17.2181,52.2851],[17.2279,52.2914],[17.2299,52.2952],[17.2329,52.2965],[17.2334,52.2993],[17.2411,52.308],[17.2406,52.3119],[17.2472,52.3117],[17.2505,52.3134],[17.2521,52.312],[17.2577,52.3123],[17.2807,52.3189],[17.2815,52.3245],[17.2767,52.3307],[17.3127,52.3299],[17.3223,52.3402],[17.3283,52.3337],[17.3345,52.3363],[17.328,52.3486],[17.3327,52.3497],[17.3717,52.345],[17.3727,52.3413],[17.378,52.3391],[17.3763,52.3373],[17.3772,52.3353],[17.3837,52.3342],[17.3857,52.3372],[17.3934,52.3386],[17.3967,52.3408],[17.4026,52.3393],[17.4107,52.3334],[17.4191,52.324],[17.4181,52.3206],[17.415,52.3174],[17.3999,52.3139],[17.4,52.3075],[17.4022,52.3011],[17.4078,52.3011],[17.4098,52.2967],[17.4064,52.295],[17.4071,52.2851],[17.4117,52.2853],[17.4167,52.2802],[17.4232,52.2821],[17.4313,52.2817],[17.4324,52.2808],[17.4282,52.2725],[17.4355,52.2709],[17.4442,52.2722],[17.4511,52.2697],[17.4637,52.2725],[17.4745,52.2774],[17.4857,52.2722],[17.4848,52.2714],[17.4881,52.2683],[17.4817,52.264],[17.4833,52.2615],[17.481,52.26],[17.4801,52.255],[17.4687,52.2528],[17.4701,52.2482],[17.4532,52.2476],[17.4522,52.2451],[17.4547,52.2435],[17.4567,52.2355],[17.4491,52.2341],[17.4479,52.2281],[17.4579,52.2234],[17.4624,52.2148],[17.4666,52.2163],[17.468,52.2137],[17.4704,52.2145],[17.4731,52.21],[17.4686,52.2093],[17.4669,52.2055],[17.4712,52.2058],[17.4693,52.2014],[17.4653,52.1981],[17.4306,52.1945],[17.4265,52.1909],[17.4273,52.1857],[17.4256,52.1765],[17.4296,52.1659],[17.4316,52.1618],[17.4485,52.1452],[17.457,52.1402],[17.4704,52.1395],[17.4655,52.1306],[17.4622,52.1308],[17.4645,52.1286],[17.4639,52.1262],[17.4675,52.1239],[17.4605,52.1238],[17.4558,52.1196],[17.4592,52.1144],[17.4665,52.112],[17.4696,52.1138],[17.4735,52.1132],[17.4725,52.1145],[17.4736,52.1155],[17.479,52.1161],[17.484,52.115],[17.4885,52.1118],[17.489,52.1214],[17.4941,52.1196],[17.503,52.1248],[17.5144,52.1241],[17.5144,52.1188],[17.5116,52.1176],[17.5142,52.113],[17.5115,52.1087],[17.5151,52.104],[17.5192,52.103],[17.5197,52.099],[17.5177,52.0958],[17.5228,52.093],[17.5182,52.095],[17.5097,52.0891],[17.4773,52.0827],[17.478,52.0783],[17.4766,52.0778],[17.4787,52.0744],[17.4692,52.0751],[17.4713,52.0696],[17.4771,52.0608],[17.4924,52.0505],[17.4771,52.0456],[17.4776,52.0443],[17.4738,52.0431],[17.4687,52.0445],[17.4702,52.0387],[17.4627,52.0342],[17.4561,52.0333],[17.4567,52.0317],[17.4471,52.0282],[17.4406,52.0299],[17.4303,52.0256],[17.4267,52.0233],[17.4327,52.0205],[17.4203,52.0197],[17.4205,52.0182],[17.4168,52.0159],[17.4176,52.0138]]]]}},{"type":"Feature","properties":{"GID_2":"POL.15.30_1","GID_0":"POL","COUNTRY":"Poland","GID_1":"POL.15_1","NAME_1":"Wielkopolskie","NL_NAME_1":"NA","NAME_2":"Szamotuly","VARNAME_2":"NA","NL_NAME_2":"NA","TYPE_2":"Powiat","ENGTYPE_2":"County","CC_2":"3024","HASC_2":"NA"},"geometry":{"type":"MultiPolygon","coordinates":[[[[16.4414,52.3871],[16.4423,52.3927],[16.4387,52.397],[16.4426,52.4051],[16.4201,52.4114],[16.418,52.4056],[16.4116,52.4025],[16.3926,52.4145],[16.3917,52.4242],[16.3879,52.425],[16.3761,52.4215],[16.3716,52.423],[16.3682,52.4278],[16.3592,52.4257],[16.3556,52.428],[16.3537,52.4316],[16.3443,52.4367],[16.3444,52.4387],[16.3428,52.4396],[16.3411,52.4383],[16.3394,52.4399],[16.3376,52.4384],[16.335,52.439],[16.3285,52.4426],[16.3161,52.4461],[16.324,52.4489],[16.3175,52.4535],[16.2869,52.4595],[16.29,52.4716],[16.2879,52.4743],[16.2533,52.4733],[16.2396,52.4767],[16.2284,52.4803],[16.2328,52.4845],[16.2312,52.4891],[16.2063,52.4911],[16.2057,52.4896],[16.2012,52.4903],[16.1949,52.4881],[16.1867,52.4993],[16.1864,52.5071],[16.1932,52.5093],[16.1972,52.5089],[16.199,52.5126],[16.2154,52.5158],[16.218,52.5125],[16.2279,52.513],[16.2292,52.518],[16.2348,52.5173],[16.2358,52.5225],[16.239,52.5228],[16.2388,52.524],[16.2324,52.5286],[16.2314,52.5357],[16.2275,52.5399],[16.2271,52.5497],[16.2317,52.5505],[16.2403,52.5476],[16.25,52.5478],[16.2566,52.5508],[16.2607,52.5564],[16.2574,52.5695],[16.2724,52.5703],[16.283,52.5749],[16.2902,52.5751],[16.2902,52.579],[16.2816,52.5836],[16.281,52.5861],[16.2714,52.595],[16.2742,52.5979],[16.2589,52.6025],[16.2629,52.6065],[16.263,52.6104],[16.2667,52.6137],[16.2685,52.6183],[16.2923,52.6174],[16.3089,52.6151],[16.3165,52.6159],[16.327,52.6132],[16.3385,52.6203],[16.3331,52.6238],[16.3307,52.6288],[16.325,52.6315],[16.3219,52.6357],[16.3235,52.639],[16.3185,52.6513],[16.3141,52.6513],[16.308,52.6488],[16.3105,52.6473],[16.3076,52.6405],[16.3024,52.6394],[16.2884,52.6399],[16.2818,52.6504],[16.2674,52.6483],[16.2629,52.6505],[16.2637,52.6519],[16.259,52.6564],[16.254,52.6555],[16.2542,52.6525],[16.2562,52.6511],[16.2555,52.6478],[16.2532,52.6469],[16.2513,52.6499],[16.2475,52.6517],[16.2465,52.6553],[16.2438,52.6573],[16.2463,52.6628],[16.2458,52.6693],[16.2212,52.6656],[16.2125,52.6717],[16.2125,52.6736],[16.2079,52.6775],[16.1992,52.6779],[16.2002,52.6798],[16.1945,52.6798],[16.1917,52.6781],[16.1904,52.6793],[16.1928,52.6809],[16.1896,52.6828],[16.1762,52.6821],[16.1515,52.6843],[16.155,52.6887],[16.1495,52.6928],[16.1233,52.6877],[16.1189,52.6891],[16.108,52.6997],[16.1001,52.7025],[16.0788,52.7041],[16.0564,52.7238],[16.0321,52.7206],[16.0181,52.7253],[16.0138,52.7347],[16.0401,52.7335],[16.059,52.7271],[16.0616,52.7285],[16.0636,52.7327],[16.0661,52.741],[16.0664,52.7489],[16.0759,52.7572],[16.1114,52.768],[16.1391,52.7855],[16.1693,52.7924],[16.185,52.7941],[16.2138,52.7924],[16.2419,52.7932],[16.2608,52.7862],[16.2753,52.7767],[16.2858,52.7659],[16.2973,52.7709],[16.3098,52.7736],[16.3128,52.7764],[16.3276,52.7752],[16.3367,52.7606],[16.3365,52.7575],[16.334,52.7547],[16.3367,52.7533],[16.3351,52.7497],[16.3726,52.7572],[16.3713,52.7606],[16.3605,52.7626],[16.3621,52.767],[16.3583,52.7756],[16.3923,52.7717],[16.384,52.7614],[16.3862,52.7573],[16.3877,52.7596],[16.3936,52.7626],[16.4144,52.77],[16.4226,52.7629],[16.4394,52.7661],[16.4443,52.7564],[16.4318,52.7502],[16.4245,52.7514],[16.423,52.7497],[16.4308,52.7474],[16.4301,52.7465],[16.4327,52.7442],[16.4366,52.747],[16.4459,52.741],[16.4554,52.7376],[16.4562,52.7426],[16.4682,52.7517],[16.5038,52.7542],[16.5156,52.7574],[16.5172,52.7596],[16.5582,52.7388],[16.5833,52.7431],[16.5767,52.7301],[16.5762,52.7245],[16.5811,52.7202],[16.5794,52.7173],[16.5821,52.7123],[16.589,52.7109],[16.6016,52.7034],[16.6198,52.6993],[16.6286,52.6937],[16.6367,52.6921],[16.6386,52.6864],[16.6465,52.6837],[16.6485,52.679],[16.6507,52.6776],[16.6477,52.6759],[16.6278,52.6803],[16.6116,52.6728],[16.6141,52.6711],[16.6134,52.6686],[16.6035,52.672],[16.6035,52.6695],[16.6008,52.6687],[16.6001,52.6667],[16.6053,52.663],[16.6112,52.6614],[16.6117,52.6582],[16.618,52.6552],[16.6182,52.6529],[16.622,52.6483],[16.6332,52.6446],[16.6227,52.6377],[16.6323,52.6292],[16.6529,52.6308],[16.65,52.6276],[16.641,52.6278],[16.6448,52.6107],[16.6545,52.5985],[16.6601,52.597],[16.6598,52.5953],[16.6687,52.5929],[16.6793,52.5856],[16.6789,52.5843],[16.6757,52.5848],[16.6743,52.5757],[16.6716,52.5709],[16.6728,52.567],[16.7,52.5728],[16.7044,52.5705],[16.7079,52.5634],[16.7194,52.5662],[16.7298,52.5661],[16.7408,52.5595],[16.7376,52.556],[16.7337,52.5446],[16.734,52.5414],[16.725,52.5406],[16.7193,52.5338],[16.7166,52.5287],[16.7199,52.5276],[16.7173,52.5253],[16.7221,52.5218],[16.7094,52.5185],[16.705,52.5315],[16.6961,52.5342],[16.6846,52.5348],[16.6699,52.5297],[16.6596,52.5308],[16.64,52.5269],[16.6475,52.5252],[16.6525,52.5218],[16.6525,52.5203],[16.6495,52.5143],[16.635,52.5003],[16.637,52.4932],[16.6289,52.4943],[16.6286,52.4899],[16.623,52.4822],[16.624,52.4742],[16.6146,52.4737],[16.6101,52.4679],[16.6077,52.4677],[16.6096,52.4598],[16.6032,52.4594],[16.604,52.4538],[16.6085,52.4496],[16.608,52.4452],[16.602,52.4414],[16.5911,52.4471],[16.5875,52.4472],[16.584,52.4417],[16.5666,52.4404],[16.5541,52.4365],[16.5537,52.4344],[16.5553,52.4342],[16.5725,52.4361],[16.5832,52.43],[16.5836,52.4279],[16.5875,52.4253],[16.5993,52.4195],[16.6004,52.4122],[16.5765,52.4121],[16.5781,52.4006],[16.5841,52.3976],[16.5768,52.3923],[16.5746,52.388],[16.567,52.381],[16.5555,52.3787],[16.5532,52.3823],[16.5537,52.3885],[16.548,52.3921],[16.528,52.3898],[16.5222,52.3968],[16.5222,52.4004],[16.5185,52.4012],[16.5154,52.4011],[16.5123,52.3926],[16.507,52.3918],[16.5098,52.3833],[16.4859,52.381],[16.4808,52.3738],[16.4659,52.3775],[16.4583,52.3771],[16.4533,52.3807],[16.4527,52.3836],[16.4414,52.3871]]]]}},{"type":"Feature","properties":{"GID_2":"POL.15.31_1","GID_0":"POL","COUNTRY":"Poland","GID_1":"POL.15_1","NAME_1":"Wielkopolskie","NL_NAME_1":"NA","NAME_2":"Turek","VARNAME_2":"NA","NL_NAME_2":"NA","TYPE_2":"Powiat","ENGTYPE_2":"County","CC_2":"3027","HASC_2":"NA"},"geometry":{"type":"MultiPolygon","coordinates":[[[[18.7389,51.8987],[18.7354,51.8955],[18.7404,51.893],[18.7365,51.8922],[18.7338,51.8889],[18.7286,51.8863],[18.7249,51.8807],[18.7212,51.8807],[18.7233,51.8796],[18.7206,51.8776],[18.7226,51.8715],[18.7138,51.8707],[18.7128,51.8693],[18.7087,51.8711],[18.6968,51.8657],[18.6982,51.8546],[18.701,51.8529],[18.6999,51.8502],[18.6947,51.8498],[18.6954,51.8484],[18.6995,51.8486],[18.6928,51.8451],[18.6942,51.8425],[18.6913,51.839],[18.6927,51.837],[18.6911,51.8318],[18.6885,51.8337],[18.6867,51.8331],[18.6905,51.8281],[18.6885,51.8266],[18.6894,51.8236],[18.6857,51.821],[18.6723,51.8247],[18.6691,51.8238],[18.6654,51.8264],[18.6487,51.8268],[18.6425,51.8339],[18.6306,51.8307],[18.6132,51.8344],[18.6105,51.8393],[18.5949,51.848],[18.5887,51.8461],[18.5696,51.8444],[18.55,51.8454],[18.5465,51.8429],[18.535,51.8417],[18.5349,51.8393],[18.5337,51.8391],[18.5346,51.8361],[18.5155,51.8342],[18.51,51.8421],[18.5105,51.8507],[18.5073,51.8544],[18.4942,51.8527],[18.4941,51.8514],[18.4869,51.8494],[18.472,51.851],[18.4785,51.8523],[18.4816,51.8563],[18.4761,51.8639],[18.4744,51.8696],[18.4378,51.8709],[18.4232,51.8735],[18.4243,51.8805],[18.4209,51.8804],[18.4211,51.8825],[18.4172,51.8825],[18.413,51.8896],[18.4147,51.8904],[18.4138,51.8915],[18.4164,51.8962],[18.414,51.9059],[18.4116,51.9054],[18.4102,51.911],[18.4015,51.9103],[18.4009,51.9127],[18.3889,51.9115],[18.3896,51.9085],[18.3836,51.9087],[18.3831,51.9069],[18.3797,51.9063],[18.3794,51.9039],[18.3645,51.902],[18.3648,51.9062],[18.3519,51.9071],[18.3525,51.905],[18.3453,51.9104],[18.344,51.9164],[18.3269,51.9263],[18.3311,51.9283],[18.3303,51.93],[18.332,51.9307],[18.3275,51.9368],[18.3232,51.9363],[18.3195,51.9429],[18.3014,51.9453],[18.3233,51.9459],[18.2969,51.9813],[18.281,51.9862],[18.2719,51.9946],[18.2683,51.9944],[18.2659,51.9984],[18.2512,52.0076],[18.2579,52.0161],[18.2546,52.0183],[18.2589,52.0228],[18.261,52.0206],[18.2733,52.0314],[18.2648,52.0345],[18.2622,52.0379],[18.2589,52.0379],[18.2549,52.0411],[18.2556,52.0444],[18.254,52.0447],[18.2399,52.0455],[18.2406,52.0397],[18.2285,52.039],[18.2283,52.0506],[18.2262,52.0587],[18.2223,52.0619],[18.2182,52.0767],[18.2273,52.0799],[18.2293,52.0844],[18.2201,52.0899],[18.2217,52.0927],[18.2318,52.098],[18.2643,52.1075],[18.275,52.1092],[18.2827,52.1147],[18.2862,52.1209],[18.2868,52.1255],[18.3077,52.1253],[18.3257,52.1225],[18.3293,52.1228],[18.3303,52.1288],[18.348,52.1273],[18.3517,52.1466],[18.377,52.1385],[18.3844,52.1398],[18.3853,52.1375],[18.3915,52.1374],[18.3862,52.1444],[18.3869,52.1515],[18.3979,52.1517],[18.3983,52.1481],[18.4004,52.1481],[18.4039,52.1503],[18.4081,52.1502],[18.408,52.1536],[18.4209,52.1553],[18.422,52.164],[18.4196,52.1665],[18.4233,52.1705],[18.4273,52.1677],[18.4253,52.1654],[18.4258,52.1621],[18.4297,52.1597],[18.4302,52.1617],[18.4349,52.1642],[18.4565,52.165],[18.4569,52.1684],[18.4648,52.1708],[18.4696,52.1686],[18.4879,52.1508],[18.511,52.1457],[18.5267,52.1365],[18.564,52.1322],[18.5729,52.1303],[18.5821,52.1257],[18.5902,52.1288],[18.6003,52.1277],[18.6067,52.1229],[18.6152,52.1209],[18.631,52.1208],[18.6472,52.1263],[18.6501,52.1242],[18.6547,52.1272],[18.6526,52.13],[18.6591,52.132],[18.6648,52.1358],[18.667,52.1354],[18.6792,52.1286],[18.6861,52.1283],[18.6864,52.1234],[18.688,52.1224],[18.6865,52.1196],[18.6889,52.118],[18.6866,52.1135],[18.6891,52.1106],[18.6886,52.1077],[18.6919,52.1048],[18.6899,52.1027],[18.6912,52.0997],[18.6889,52.0976],[18.6901,52.0938],[18.6938,52.0916],[18.6926,52.0889],[18.7065,52.0814],[18.7094,52.0781],[18.7146,52.0766],[18.7129,52.0727],[18.7153,52.0705],[18.7155,52.0671],[18.7203,52.0637],[18.7194,52.0598],[18.7225,52.0547],[18.7168,52.0442],[18.7192,52.0398],[18.7165,52.0323],[18.7269,52.0237],[18.7303,52.0143],[18.726,52.0131],[18.7267,52.0111],[18.7304,52.0074],[18.7308,52.0043],[18.7347,52.0027],[18.7176,51.995],[18.7171,51.9929],[18.7218,51.9902],[18.723,51.989],[18.7216,51.9884],[18.7247,51.9875],[18.7252,51.9857],[18.7306,51.9853],[18.7299,51.9829],[18.7334,51.9795],[18.7322,51.9771],[18.7339,51.9725],[18.7332,51.9682],[18.7157,51.9702],[18.715,51.9682],[18.724,51.9572],[18.7284,51.9579],[18.7298,51.9547],[18.7382,51.9627],[18.7417,51.9571],[18.7402,51.9566],[18.7412,51.9508],[18.7361,51.9446],[18.7416,51.9452],[18.7434,51.9436],[18.7444,51.9402],[18.7425,51.9371],[18.7679,51.9278],[18.7578,51.9184],[18.7543,51.9131],[18.7503,51.9107],[18.7486,51.9073],[18.7368,51.901],[18.7389,51.8987]]]]}},{"type":"Feature","properties":{"GID_2":"POL.15.32_1","GID_0":"POL","COUNTRY":"Poland","GID_1":"POL.15_1","NAME_1":"Wielkopolskie","NL_NAME_1":"NA","NAME_2":"Wagrowiec","VARNAME_2":"NA","NL_NAME_2":"NA","TYPE_2":"Powiat","ENGTYPE_2":"County","CC_2":"3028","HASC_2":"NA"},"geometry":{"type":"MultiPolygon","coordinates":[[[[17.4107,52.785],[17.413,52.7775],[17.4081,52.7715],[17.4121,52.7684],[17.4225,52.7666],[17.4213,52.7647],[17.4139,52.7667],[17.4143,52.7624],[17.4078,52.7618],[17.4097,52.757],[17.4052,52.7583],[17.4044,52.7567],[17.4158,52.7558],[17.4187,52.7513],[17.43,52.7522],[17.4391,52.7504],[17.4489,52.7447],[17.4498,52.7428],[17.4589,52.7396],[17.4556,52.7289],[17.4459,52.7285],[17.4361,52.7248],[17.4306,52.7165],[17.431,52.711],[17.4277,52.7082],[17.4331,52.7052],[17.4391,52.6987],[17.4398,52.6953],[17.4378,52.6897],[17.4163,52.6905],[17.4022,52.6859],[17.395,52.6857],[17.3959,52.6828],[17.3939,52.6777],[17.3959,52.6742],[17.3881,52.6727],[17.3861,52.671],[17.3789,52.6708],[17.373,52.6767],[17.3717,52.6806],[17.3681,52.6828],[17.3506,52.6823],[17.3387,52.6843],[17.3355,52.6827],[17.343,52.6786],[17.3355,52.6739],[17.3385,52.6673],[17.3332,52.6497],[17.3357,52.6441],[17.3168,52.646],[17.3124,52.6411],[17.3045,52.6438],[17.2901,52.6357],[17.2813,52.6344],[17.2738,52.6313],[17.2707,52.6355],[17.2657,52.6349],[17.2626,52.6269],[17.2592,52.6228],[17.2496,52.6199],[17.2467,52.6171],[17.2458,52.6134],[17.2362,52.6095],[17.2328,52.6067],[17.2312,52.6016],[17.2258,52.5998],[17.2246,52.594],[17.2278,52.5913],[17.2126,52.5823],[17.2077,52.5824],[17.1843,52.576],[17.1733,52.5793],[17.1603,52.5798],[17.1572,52.5819],[17.1508,52.5776],[17.1514,52.5729],[17.1473,52.5697],[17.1303,52.5668],[17.1265,52.5694],[17.1259,52.5715],[17.1286,52.5762],[17.1244,52.5781],[17.1243,52.5857],[17.1185,52.5906],[17.1199,52.5973],[17.1182,52.5995],[17.12,52.6023],[17.1278,52.6045],[17.1256,52.6118],[17.1217,52.6113],[17.1249,52.6156],[17.1324,52.6195],[17.1295,52.6235],[17.1316,52.6255],[17.122,52.6278],[17.1141,52.6251],[17.1088,52.6255],[17.1008,52.6234],[17.0883,52.6297],[17.0791,52.6391],[17.0755,52.6406],[17.0734,52.6393],[17.0664,52.6419],[17.0611,52.6364],[17.0437,52.631],[17.0435,52.6366],[17.0483,52.6408],[17.0482,52.6431],[17.0516,52.6438],[17.058,52.6417],[17.0615,52.6451],[17.0621,52.6466],[17.0584,52.6506],[17.0591,52.6579],[17.0609,52.6582],[17.0611,52.6613],[17.0676,52.6604],[17.0683,52.6616],[17.0617,52.665],[17.0561,52.6656],[17.0523,52.6702],[17.0329,52.6762],[17.031,52.6791],[17.037,52.6899],[17.0441,52.6855],[17.0488,52.6846],[17.0621,52.6825],[17.0864,52.6818],[17.1058,52.6886],[17.1095,52.6822],[17.1176,52.676],[17.1219,52.6742],[17.1244,52.676],[17.1233,52.6769],[17.1255,52.6786],[17.1259,52.681],[17.1231,52.6837],[17.1189,52.6846],[17.1162,52.6884],[17.1163,52.6929],[17.114,52.6967],[17.1103,52.6995],[17.1089,52.7033],[17.106,52.7043],[17.1059,52.7067],[17.1089,52.7072],[17.1058,52.713],[17.112,52.7156],[17.1136,52.7188],[17.1104,52.7206],[17.1141,52.723],[17.1044,52.7237],[17.114,52.7252],[17.1227,52.729],[17.1268,52.7296],[17.1278,52.7282],[17.1317,52.7298],[17.1325,52.7323],[17.129,52.7351],[17.1274,52.7407],[17.1278,52.7455],[17.1293,52.7468],[17.1183,52.7537],[17.1151,52.7586],[17.1166,52.7601],[17.1094,52.7693],[17.1101,52.7716],[17.115,52.7743],[17.114,52.7776],[17.1158,52.7859],[17.1093,52.7826],[17.1032,52.7766],[17.1021,52.7777],[17.1061,52.781],[17.1024,52.783],[17.0886,52.7793],[17.0776,52.7793],[17.0756,52.7836],[17.068,52.7821],[17.0695,52.7748],[17.0499,52.7752],[17.0463,52.7775],[17.0439,52.7762],[17.0393,52.7778],[17.0346,52.7764],[17.034,52.7744],[17.0282,52.7738],[17.0263,52.7745],[17.0254,52.7775],[17.0269,52.7794],[17.0064,52.7823],[17.0056,52.7938],[17.0026,52.8056],[17.0046,52.8165],[17.0068,52.8199],[17.007,52.8284],[17.0136,52.831],[17.0208,52.831],[17.0207,52.8335],[17.0163,52.8358],[17.0262,52.8318],[17.027,52.83],[17.0482,52.8235],[17.0498,52.8261],[17.0603,52.8231],[17.0685,52.8272],[17.0595,52.8294],[17.061,52.8311],[17.0509,52.8333],[17.0515,52.8352],[17.0427,52.8371],[17.0441,52.8392],[17.0514,52.8376],[17.0541,52.8405],[17.0512,52.8426],[17.0609,52.8528],[17.0607,52.8582],[17.0639,52.8586],[17.0692,52.8644],[17.0699,52.8671],[17.0676,52.8698],[17.0583,52.8771],[17.0609,52.8777],[17.0621,52.8804],[17.0685,52.8855],[17.0785,52.8905],[17.0888,52.8904],[17.0983,52.8968],[17.1049,52.8966],[17.1219,52.9011],[17.1257,52.8998],[17.1391,52.9015],[17.1395,52.9037],[17.1438,52.9072],[17.165,52.9077],[17.1698,52.9015],[17.1725,52.9009],[17.1695,52.9088],[17.1657,52.9093],[17.1621,52.9134],[17.1631,52.914],[17.1615,52.9168],[17.1637,52.9186],[17.1635,52.9215],[17.1577,52.9242],[17.1563,52.9281],[17.1615,52.9319],[17.1687,52.9316],[17.1768,52.9346],[17.181,52.9345],[17.1778,52.9361],[17.1743,52.9407],[17.1748,52.9463],[17.1775,52.9504],[17.1772,52.956],[17.1784,52.9574],[17.1839,52.9578],[17.1964,52.966],[17.2017,52.9666],[17.204,52.9729],[17.2034,52.98],[17.1873,52.9912],[17.1852,53.0056],[17.1871,53.0138],[17.2132,53.0224],[17.2534,53.0189],[17.264,53.025],[17.2755,53.028],[17.2825,53.0316],[17.2989,53.0512],[17.2939,53.0538],[17.2918,53.06],[17.2938,53.0617],[17.2921,53.0644],[17.2927,53.0725],[17.289,53.084],[17.291,53.0841],[17.3019,53.0809],[17.3075,53.0824],[17.3142,53.0806],[17.3169,53.0818],[17.3161,53.0805],[17.3239,53.0783],[17.3293,53.0621],[17.3306,53.0512],[17.3367,53.0427],[17.3349,53.0262],[17.3323,53.0206],[17.3334,53.0191],[17.3289,53.0178],[17.3259,53.0193],[17.3223,53.0183],[17.3185,53.0208],[17.3154,53.0191],[17.3132,53.016],[17.3132,53.0117],[17.3059,53.0039],[17.3016,52.9948],[17.317,52.99],[17.3189,52.9871],[17.3169,52.974],[17.3495,52.9723],[17.3605,52.9752],[17.3687,52.9744],[17.3686,52.9733],[17.3946,52.9824],[17.411,52.971],[17.4256,52.9676],[17.4338,52.9618],[17.448,52.9572],[17.4581,52.9506],[17.4699,52.9483],[17.4854,52.95],[17.4862,52.948],[17.4913,52.9458],[17.4983,52.9325],[17.5186,52.928],[17.5152,52.9225],[17.5096,52.9178],[17.5148,52.9018],[17.519,52.8968],[17.5183,52.8857],[17.5284,52.8848],[17.5266,52.8776],[17.5238,52.8764],[17.5233,52.8741],[17.5263,52.8689],[17.5237,52.8656],[17.5268,52.8651],[17.5247,52.8639],[17.5271,52.8582],[17.5218,52.8551],[17.5133,52.8549],[17.5133,52.8452],[17.5156,52.8428],[17.5158,52.8388],[17.5123,52.8318],[17.5197,52.8269],[17.521,52.8215],[17.514,52.8182],[17.5139,52.8121],[17.5119,52.8108],[17.5132,52.8096],[17.511,52.8097],[17.5045,52.8041],[17.5071,52.8011],[17.5054,52.7986],[17.5098,52.7958],[17.504,52.7874],[17.4982,52.7849],[17.4735,52.7876],[17.4604,52.7868],[17.4603,52.7907],[17.4528,52.7972],[17.4431,52.7878],[17.4325,52.7839],[17.427,52.7863],[17.4159,52.7838],[17.4107,52.785]]]]}},{"type":"Feature","properties":{"GID_2":"POL.15.33_1","GID_0":"POL","COUNTRY":"Poland","GID_1":"POL.15_1","NAME_1":"Wielkopolskie","NL_NAME_1":"NA","NAME_2":"Wolsztyn","VARNAME_2":"NA","NL_NAME_2":"NA","TYPE_2":"Powiat","ENGTYPE_2":"County","CC_2":"3029","HASC_2":"NA"},"geometry":{"type":"MultiPolygon","coordinates":[[[[16.1267,51.9348],[16.131,51.9404],[16.1257,51.942],[16.1306,51.9437],[16.1238,51.9514],[16.1373,51.9544],[16.1346,51.967],[16.1325,51.9666],[16.131,51.9718],[16.1334,51.9723],[16.1303,51.979],[16.1278,51.9773],[16.1278,51.9809],[16.1243,51.9847],[16.1212,51.9919],[16.1229,51.9931],[16.106,51.9968],[16.0775,51.9825],[16.0606,51.9772],[16.0323,51.9784],[16.01,51.9815],[16.0057,51.9931],[15.988,52.0039],[15.9855,52.0039],[15.9868,51.9989],[15.9898,51.9965],[15.9836,51.9952],[15.9839,51.9977],[15.9815,51.9977],[15.9797,51.9996],[15.9762,51.9981],[15.9719,51.9997],[15.9692,52.0026],[15.9684,52.0115],[15.9649,52.0186],[15.9667,52.0296],[15.9643,52.0339],[15.9944,52.0352],[15.9891,52.0434],[15.9907,52.0451],[15.9893,52.0457],[15.9917,52.0504],[16.0055,52.0543],[16.0028,52.058],[16.0015,52.0576],[15.9998,52.06],[15.995,52.0587],[15.9892,52.0611],[15.9877,52.0621],[15.9894,52.0639],[15.9872,52.0647],[15.9887,52.0669],[15.986,52.07],[15.9828,52.0699],[15.9756,52.0742],[15.9698,52.0754],[15.9722,52.0775],[15.9675,52.0819],[15.9461,52.0877],[15.9324,52.0876],[15.9324,52.0836],[15.9266,52.0766],[15.9244,52.0675],[15.8979,52.0768],[15.898,52.0784],[15.8913,52.0835],[15.8778,52.088],[15.867,52.0857],[15.8603,52.0865],[15.8528,52.0951],[15.848,52.099],[15.8452,52.0984],[15.8366,52.1083],[15.8341,52.1085],[15.8333,52.1111],[15.8495,52.1135],[15.8554,52.1169],[15.8537,52.1176],[15.8551,52.1188],[15.8541,52.1202],[15.8568,52.124],[15.8617,52.1244],[15.8672,52.1292],[15.875,52.1305],[15.8808,52.1465],[15.8836,52.1549],[15.881,52.1562],[15.8816,52.1619],[15.8831,52.1628],[15.8759,52.1644],[15.8766,52.1659],[15.8729,52.1668],[15.8687,52.1658],[15.8666,52.168],[15.8584,52.169],[15.8581,52.1741],[15.8621,52.1774],[15.8608,52.1827],[15.8901,52.1831],[15.8883,52.186],[15.8907,52.19],[15.8946,52.1895],[15.908,52.1999],[15.9386,52.1965],[15.9472,52.1992],[15.9443,52.2043],[15.9483,52.2058],[15.9463,52.2101],[15.9497,52.215],[15.9543,52.2163],[15.9628,52.2162],[15.9681,52.2127],[15.9721,52.214],[15.9849,52.2126],[15.9999,52.2167],[16.0018,52.2192],[15.9963,52.232],[16.0153,52.2329],[16.0388,52.2299],[16.0426,52.2306],[16.0471,52.2415],[16.0547,52.2467],[16.0637,52.244],[16.0725,52.2437],[16.084,52.2361],[16.084,52.2348],[16.0821,52.2347],[16.0818,52.2299],[16.0795,52.2286],[16.0807,52.2246],[16.0835,52.2241],[16.0818,52.2192],[16.0835,52.2173],[16.0801,52.2169],[16.0806,52.2142],[16.0756,52.2081],[16.0806,52.2064],[16.0799,52.2054],[16.0834,52.2052],[16.0854,52.1934],[16.08,52.1915],[16.0707,52.1924],[16.0699,52.1916],[16.0726,52.1904],[16.07,52.1897],[16.075,52.1892],[16.0631,52.1797],[16.065,52.1789],[16.0832,52.1827],[16.0874,52.1758],[16.0737,52.1684],[16.0924,52.1657],[16.1076,52.1615],[16.1139,52.172],[16.1159,52.1728],[16.1172,52.1711],[16.1149,52.1687],[16.1171,52.1675],[16.118,52.1693],[16.1205,52.1683],[16.1262,52.1724],[16.1452,52.1716],[16.148,52.1762],[16.1694,52.1748],[16.1635,52.174],[16.1664,52.1714],[16.1641,52.1695],[16.1703,52.1689],[16.1715,52.1674],[16.1661,52.1673],[16.1691,52.1653],[16.1642,52.1644],[16.1741,52.1612],[16.1706,52.16],[16.1602,52.1647],[16.1512,52.1593],[16.1557,52.1574],[16.1542,52.1535],[16.1474,52.1513],[16.1502,52.1473],[16.1585,52.1419],[16.1704,52.1395],[16.1764,52.1326],[16.1798,52.124],[16.1907,52.1203],[16.1922,52.1128],[16.1981,52.1127],[16.205,52.1164],[16.21,52.1214],[16.2155,52.1216],[16.2153,52.1186],[16.2131,52.1193],[16.2038,52.1095],[16.2039,52.1063],[16.2143,52.1023],[16.2118,52.1012],[16.2117,52.0988],[16.2146,52.0943],[16.2517,52.0995],[16.2521,52.0943],[16.2667,52.0777],[16.2759,52.071],[16.2832,52.0579],[16.3158,52.0733],[16.3236,52.0793],[16.3405,52.0841],[16.3465,52.0778],[16.3533,52.0767],[16.3579,52.0793],[16.3619,52.0744],[16.3702,52.0755],[16.3714,52.0744],[16.371,52.0674],[16.3755,52.0614],[16.3768,52.0545],[16.3864,52.0533],[16.3958,52.0474],[16.4014,52.0491],[16.4104,52.0465],[16.4184,52.0422],[16.4318,52.0417],[16.4386,52.0365],[16.4505,52.0322],[16.4495,52.0227],[16.4585,52.0172],[16.4657,52.0161],[16.4653,52.0082],[16.4591,52.007],[16.4526,52.0081],[16.4463,51.9982],[16.4474,51.9971],[16.4434,51.9974],[16.4415,51.9899],[16.4335,51.9905],[16.4339,51.9859],[16.4264,51.9737],[16.4068,51.9779],[16.4027,51.975],[16.3985,51.9785],[16.3907,51.9814],[16.3809,51.9771],[16.3788,51.9805],[16.3827,51.9837],[16.3736,51.9821],[16.3659,51.9844],[16.3669,51.9875],[16.3699,51.9891],[16.3813,51.9904],[16.3865,51.988],[16.3848,51.9845],[16.3929,51.986],[16.3918,51.988],[16.3872,51.9897],[16.3872,51.9924],[16.3846,51.992],[16.3862,51.9952],[16.3684,51.9905],[16.3648,51.9846],[16.3603,51.9848],[16.3537,51.9818],[16.3506,51.985],[16.3448,51.9819],[16.335,51.9864],[16.3314,51.9866],[16.3264,51.9808],[16.3152,51.9731],[16.3182,51.9663],[16.3166,51.96],[16.3078,51.9614],[16.3027,51.9547],[16.2881,51.9458],[16.2861,51.943],[16.2857,51.9381],[16.2813,51.9357],[16.2829,51.9345],[16.2809,51.9292],[16.2741,51.932],[16.2678,51.931],[16.2674,51.9328],[16.2623,51.9313],[16.2578,51.9347],[16.2435,51.9332],[16.2359,51.9384],[16.2322,51.9378],[16.2308,51.9395],[16.2012,51.9424],[16.1711,51.936],[16.1431,51.9365],[16.1398,51.9347],[16.1262,51.9339],[16.1267,51.9348]]]]}},{"type":"Feature","properties":{"GID_2":"POL.15.34_1","GID_0":"POL","COUNTRY":"Poland","GID_1":"POL.15_1","NAME_1":"Wielkopolskie","NL_NAME_1":"NA","NAME_2":"Wrzesnia","VARNAME_2":"NA","NL_NAME_2":"NA","TYPE_2":"Powiat","ENGTYPE_2":"County","CC_2":"3030","HASC_2":"NA"},"geometry":{"type":"MultiPolygon","coordinates":[[[[17.6965,52.0634],[17.6952,52.0653],[17.6983,52.0677],[17.6971,52.0704],[17.6923,52.0717],[17.6911,52.0752],[17.6836,52.0783],[17.6779,52.0786],[17.6805,52.08],[17.6769,52.0809],[17.6788,52.0831],[17.672,52.0863],[17.6716,52.0901],[17.6678,52.0926],[17.6694,52.0948],[17.6689,52.0971],[17.6612,52.0984],[17.6618,52.101],[17.6587,52.1024],[17.6626,52.1041],[17.6598,52.1064],[17.6621,52.1091],[17.6606,52.111],[17.6569,52.1117],[17.6593,52.1125],[17.6593,52.1155],[17.6626,52.115],[17.6616,52.1202],[17.6639,52.1235],[17.669,52.1251],[17.665,52.1283],[17.6645,52.1314],[17.6653,52.135],[17.6679,52.1375],[17.663,52.1417],[17.6515,52.1412],[17.6505,52.1423],[17.6527,52.1455],[17.6485,52.1432],[17.6361,52.1415],[17.6246,52.1449],[17.6088,52.1421],[17.5857,52.1412],[17.5853,52.1344],[17.5783,52.1318],[17.5724,52.1368],[17.5796,52.1419],[17.5668,52.1404],[17.5548,52.1415],[17.5512,52.1446],[17.5478,52.1445],[17.5387,52.1385],[17.5328,52.1403],[17.5285,52.1398],[17.5286,52.137],[17.5319,52.1364],[17.5323,52.1331],[17.5347,52.1329],[17.5196,52.1232],[17.5031,52.1249],[17.4949,52.1197],[17.489,52.1214],[17.4885,52.1118],[17.484,52.115],[17.479,52.1161],[17.4736,52.1155],[17.4725,52.1145],[17.4735,52.1132],[17.4696,52.1138],[17.4665,52.112],[17.4592,52.1144],[17.4558,52.1196],[17.4605,52.1238],[17.4675,52.1239],[17.4639,52.1262],[17.4645,52.1286],[17.4622,52.1308],[17.4655,52.1306],[17.4704,52.1395],[17.457,52.1402],[17.4479,52.1457],[17.4316,52.1618],[17.4256,52.1765],[17.4273,52.1857],[17.4265,52.1909],[17.4306,52.1945],[17.4653,52.1981],[17.4693,52.2014],[17.4712,52.2058],[17.4669,52.2055],[17.4686,52.2093],[17.4731,52.21],[17.4704,52.2145],[17.468,52.2137],[17.4666,52.2163],[17.4624,52.2148],[17.4579,52.2234],[17.4479,52.2281],[17.448,52.232],[17.4505,52.2347],[17.4567,52.2355],[17.4547,52.2435],[17.4522,52.2451],[17.4532,52.2476],[17.4701,52.2482],[17.4687,52.2528],[17.4801,52.255],[17.481,52.26],[17.4833,52.2615],[17.4817,52.264],[17.4881,52.2683],[17.4879,52.2695],[17.4849,52.2713],[17.4857,52.2722],[17.4745,52.2774],[17.4637,52.2725],[17.4511,52.2697],[17.4442,52.2722],[17.4355,52.2709],[17.4282,52.2725],[17.4324,52.2808],[17.4313,52.2817],[17.4232,52.2821],[17.4167,52.2802],[17.4117,52.2853],[17.4071,52.2851],[17.4064,52.295],[17.4098,52.2967],[17.4078,52.3011],[17.4022,52.3011],[17.4,52.3075],[17.3999,52.3139],[17.415,52.3174],[17.4191,52.324],[17.4107,52.3334],[17.4025,52.3394],[17.3954,52.3408],[17.3934,52.3386],[17.3851,52.3368],[17.3837,52.3342],[17.3772,52.3353],[17.3762,52.3372],[17.3777,52.3394],[17.3731,52.3408],[17.3729,52.3439],[17.3687,52.3453],[17.3657,52.3486],[17.3664,52.3649],[17.3579,52.3672],[17.3752,52.379],[17.3468,52.4033],[17.3579,52.409],[17.3569,52.41],[17.3642,52.4157],[17.3818,52.4188],[17.3922,52.4124],[17.4076,52.4086],[17.4171,52.4086],[17.4251,52.4049],[17.4415,52.4008],[17.4486,52.3937],[17.4496,52.391],[17.4483,52.3884],[17.4539,52.3838],[17.4533,52.3824],[17.4679,52.3794],[17.4792,52.3791],[17.4879,52.3825],[17.4752,52.3948],[17.4732,52.4041],[17.4761,52.4048],[17.4773,52.4108],[17.4841,52.4126],[17.497,52.4114],[17.4981,52.4132],[17.5335,52.41],[17.528,52.3995],[17.5352,52.4008],[17.546,52.3989],[17.5496,52.4097],[17.5546,52.4094],[17.5586,52.4068],[17.5592,52.4038],[17.5683,52.4039],[17.5728,52.4001],[17.5731,52.3975],[17.5765,52.3994],[17.595,52.3971],[17.5969,52.3925],[17.6038,52.3921],[17.6155,52.3886],[17.623,52.3876],[17.6321,52.391],[17.642,52.388],[17.6441,52.3905],[17.6615,52.3861],[17.6674,52.3896],[17.6713,52.3897],[17.6703,52.3849],[17.673,52.3807],[17.6829,52.3798],[17.6856,52.3779],[17.6914,52.3801],[17.6941,52.3832],[17.6984,52.3818],[17.7013,52.3782],[17.6978,52.367],[17.6944,52.3626],[17.6944,52.3589],[17.6969,52.3538],[17.6967,52.3484],[17.7085,52.3391],[17.7222,52.336],[17.7169,52.328],[17.7339,52.3237],[17.7339,52.3216],[17.7388,52.3215],[17.74,52.3167],[17.7433,52.3145],[17.7277,52.31],[17.7277,52.3073],[17.7291,52.3071],[17.728,52.3065],[17.7073,52.3059],[17.7054,52.3015],[17.6944,52.3009],[17.6871,52.3063],[17.6834,52.2995],[17.694,52.2944],[17.7038,52.2766],[17.7054,52.2776],[17.7134,52.2762],[17.7138,52.2731],[17.717,52.272],[17.7161,52.2706],[17.7314,52.2684],[17.7388,52.2642],[17.7658,52.2579],[17.7818,52.2472],[17.7804,52.2449],[17.7731,52.2428],[17.773,52.2396],[17.7703,52.2397],[17.7703,52.2369],[17.7723,52.237],[17.7727,52.2346],[17.7793,52.2339],[17.7765,52.2301],[17.7584,52.2296],[17.7407,52.2249],[17.7462,52.218],[17.7455,52.2167],[17.7582,52.2103],[17.7634,52.2057],[17.763,52.2034],[17.7692,52.1983],[17.7683,52.1933],[17.7701,52.1965],[17.7726,52.1973],[17.7825,52.1964],[17.7854,52.1933],[17.7997,52.1911],[17.8101,52.1928],[17.8301,52.1925],[17.8321,52.1921],[17.8336,52.1852],[17.8229,52.1642],[17.8229,52.1558],[17.8214,52.1544],[17.8225,52.1519],[17.8139,52.1519],[17.8133,52.1554],[17.8013,52.1562],[17.7976,52.1559],[17.7926,52.1521],[17.7848,52.1517],[17.7859,52.1482],[17.7794,52.1425],[17.7785,52.1296],[17.7667,52.1188],[17.7667,52.1145],[17.7709,52.1092],[17.7832,52.1072],[17.7912,52.0986],[17.8181,52.0888],[17.8235,52.0881],[17.7797,52.0793],[17.7731,52.0764],[17.7573,52.0764],[17.7595,52.0774],[17.7561,52.079],[17.7583,52.0813],[17.7507,52.083],[17.7409,52.077],[17.7333,52.0786],[17.7311,52.0767],[17.7187,52.0759],[17.7149,52.0742],[17.713,52.0714],[17.7064,52.0719],[17.7077,52.0662],[17.7061,52.066],[17.7064,52.0646],[17.6965,52.0634]]]]}},{"type":"Feature","properties":{"GID_2":"POL.15.35_1","GID_0":"POL","COUNTRY":"Poland","GID_1":"POL.15_1","NAME_1":"Wielkopolskie","NL_NAME_1":"NA","NAME_2":"Zlotow","VARNAME_2":"NA","NL_NAME_2":"NA","TYPE_2":"Powiat","ENGTYPE_2":"County","CC_2":"3031","HASC_2":"NA"},"geometry":{"type":"MultiPolygon","coordinates":[[[[17.2481,53.3796],[17.2474,53.3748],[17.2523,53.3707],[17.253,53.3682],[17.2549,53.3685],[17.2575,53.3665],[17.2558,53.3643],[17.2593,53.3617],[17.261,53.3541],[17.2646,53.3532],[17.2659,53.3508],[17.2645,53.3443],[17.2668,53.3423],[17.2641,53.3386],[17.2656,53.3359],[17.2609,53.3331],[17.2607,53.327],[17.2492,53.3237],[17.2509,53.3201],[17.2543,53.3205],[17.2558,53.3186],[17.2488,53.3152],[17.2485,53.3125],[17.2356,53.3115],[17.2321,53.3086],[17.2234,53.308],[17.2169,53.3046],[17.2098,53.3035],[17.1991,53.2976],[17.1943,53.2975],[17.1922,53.2932],[17.1889,53.2924],[17.1857,53.2876],[17.1851,53.2836],[17.1899,53.2704],[17.1862,53.2704],[17.1738,53.2654],[17.1642,53.2658],[17.142,53.262],[17.1421,53.2569],[17.1446,53.2546],[17.1433,53.2534],[17.1487,53.2518],[17.1471,53.2448],[17.144,53.2422],[17.1436,53.2385],[17.0887,53.239],[17.0824,53.2406],[17.0771,53.2396],[17.0728,53.2315],[17.0701,53.2295],[17.0604,53.2285],[17.0453,53.224],[17.0369,53.2275],[17.0286,53.2335],[17.0178,53.2314],[16.9956,53.2343],[16.9725,53.2257],[16.9691,53.2189],[16.9573,53.2179],[16.9538,53.2217],[16.9493,53.2213],[16.9488,53.2197],[16.934,53.2145],[16.9291,53.2112],[16.9267,53.211],[16.9255,53.2126],[16.9223,53.2079],[16.9145,53.2065],[16.9136,53.2013],[16.9151,53.1987],[16.9061,53.197],[16.914,53.1789],[16.8529,53.1693],[16.857,53.1779],[16.8121,53.1865],[16.7995,53.1913],[16.7958,53.1894],[16.7895,53.1904],[16.7873,53.1884],[16.7797,53.1894],[16.7877,53.1965],[16.7867,53.2033],[16.7907,53.2035],[16.7861,53.2059],[16.7865,53.2084],[16.7938,53.2137],[16.7928,53.2207],[16.8063,53.2254],[16.8077,53.2279],[16.8125,53.2302],[16.8126,53.2335],[16.8151,53.2341],[16.8145,53.2398],[16.8216,53.2415],[16.8001,53.2515],[16.8038,53.2529],[16.7934,53.2615],[16.7894,53.2705],[16.7932,53.2726],[16.7939,53.276],[16.7935,53.2788],[16.7907,53.2806],[16.7919,53.2825],[16.7906,53.2845],[16.7989,53.2871],[16.8008,53.2896],[16.7984,53.2912],[16.7744,53.2912],[16.7661,53.2936],[16.7646,53.2961],[16.7585,53.2961],[16.7525,53.2984],[16.744,53.2823],[16.7407,53.2826],[16.7343,53.2879],[16.721,53.2916],[16.7199,53.295],[16.7146,53.2982],[16.7132,53.3017],[16.7057,53.3035],[16.6969,53.301],[16.6951,53.3024],[16.6965,53.3053],[16.6943,53.3074],[16.6906,53.3083],[16.6875,53.3072],[16.6812,53.3116],[16.6823,53.317],[16.6787,53.3195],[16.6698,53.3179],[16.6567,53.3209],[16.6541,53.3252],[16.6485,53.3261],[16.6453,53.3287],[16.6369,53.3283],[16.6355,53.3307],[16.6381,53.333],[16.6385,53.3354],[16.6291,53.3392],[16.6316,53.343],[16.6285,53.3476],[16.6063,53.3452],[16.5851,53.3467],[16.5743,53.3543],[16.576,53.3555],[16.572,53.3584],[16.5626,53.353],[16.5592,53.3536],[16.5584,53.3558],[16.5558,53.3545],[16.5511,53.3566],[16.5512,53.3587],[16.5455,53.3634],[16.5466,53.3666],[16.5418,53.3656],[16.5434,53.369],[16.5403,53.3708],[16.5408,53.3723],[16.538,53.3736],[16.5391,53.3755],[16.5365,53.3758],[16.5355,53.3783],[16.5257,53.3672],[16.5084,53.3761],[16.5075,53.3783],[16.5102,53.3796],[16.5024,53.3843],[16.4994,53.385],[16.4959,53.3833],[16.4871,53.388],[16.4916,53.3826],[16.4753,53.3878],[16.4745,53.3901],[16.477,53.3973],[16.474,53.4001],[16.4743,53.4029],[16.4726,53.4049],[16.4666,53.4041],[16.4438,53.4532],[16.4466,53.4551],[16.4522,53.4525],[16.4598,53.4525],[16.4639,53.4573],[16.464,53.4595],[16.4599,53.4583],[16.4511,53.4606],[16.4475,53.4589],[16.4473,53.4572],[16.4362,53.4606],[16.4542,53.4885],[16.482,53.4769],[16.4901,53.4703],[16.5322,53.4783],[16.5803,53.4787],[16.5844,53.4837],[16.5883,53.4824],[16.5968,53.4839],[16.6144,53.4834],[16.6211,53.4854],[16.6337,53.4857],[16.6417,53.4842],[16.6509,53.4866],[16.6548,53.491],[16.6954,53.5181],[16.7006,53.5148],[16.7104,53.5161],[16.7152,53.5205],[16.7219,53.5222],[16.7206,53.5262],[16.73,53.5292],[16.717,53.5336],[16.7192,53.5394],[16.7187,53.5442],[16.7272,53.5551],[16.7254,53.5606],[16.7277,53.5672],[16.7325,53.5689],[16.7356,53.5664],[16.7402,53.5668],[16.7464,53.5757],[16.7395,53.5837],[16.7399,53.5885],[16.738,53.5885],[16.7426,53.591],[16.7439,53.596],[16.7407,53.5989],[16.7495,53.6009],[16.7541,53.6107],[16.7603,53.6175],[16.7629,53.6181],[16.759,53.6209],[16.7582,53.6241],[16.7747,53.6272],[16.8138,53.6308],[16.8163,53.6339],[16.8131,53.6374],[16.8132,53.64],[16.8261,53.6434],[16.8309,53.6349],[16.8402,53.6293],[16.8385,53.6284],[16.8413,53.6258],[16.8491,53.6272],[16.8486,53.6287],[16.852,53.6293],[16.8553,53.6323],[16.8537,53.6387],[16.8665,53.6503],[16.8696,53.6477],[16.8817,53.6519],[16.8808,53.6528],[16.8821,53.6539],[16.8922,53.6559],[16.9,53.6396],[16.8957,53.6362],[16.8993,53.6337],[16.8962,53.6324],[16.8968,53.6314],[16.8934,53.6285],[16.9021,53.6265],[16.8962,53.6211],[16.9028,53.6178],[16.9031,53.6154],[16.906,53.6132],[16.91,53.6129],[16.9121,53.607],[16.9188,53.6053],[16.9192,53.604],[16.9143,53.6015],[16.923,53.5996],[16.9231,53.5975],[16.9259,53.5958],[16.9239,53.5929],[16.9296,53.5918],[16.9323,53.5887],[16.9307,53.5875],[16.934,53.5866],[16.9344,53.5845],[16.9404,53.5842],[16.941,53.5817],[16.9373,53.5791],[16.9399,53.576],[16.9384,53.5723],[16.9437,53.5697],[16.9439,53.563],[16.9497,53.5574],[16.9488,53.5484],[16.9515,53.5432],[16.9532,53.5419],[16.9573,53.5477],[16.9702,53.5485],[16.9702,53.5505],[16.9769,53.5526],[16.9759,53.554],[16.978,53.5538],[16.9814,53.5569],[16.9883,53.5539],[16.9918,53.5554],[16.9939,53.552],[17.0004,53.552],[16.9996,53.551],[17.0014,53.5498],[17.0065,53.5346],[16.9994,53.5333],[16.9969,53.5312],[16.9931,53.5316],[16.9914,53.529],[16.9927,53.5281],[16.9923,53.5256],[17.0008,53.5251],[16.9986,53.5207],[16.9996,53.5181],[17.0069,53.5182],[17.0123,53.5202],[17.0325,53.5155],[17.0492,53.5202],[17.0585,53.5204],[17.0646,53.5232],[17.0652,53.5265],[17.0732,53.5324],[17.084,53.5366],[17.0842,53.5389],[17.0898,53.5427],[17.1012,53.5425],[17.1178,53.5364],[17.1318,53.5365],[17.1426,53.5313],[17.1611,53.5278],[17.1639,53.5282],[17.1645,53.5307],[17.1835,53.5345],[17.1971,53.5323],[17.2084,53.5364],[17.2167,53.5337],[17.2312,53.5343],[17.2401,53.5333],[17.2401,53.5318],[17.2445,53.5312],[17.2712,53.5373],[17.2722,53.5346],[17.2816,53.534],[17.2958,53.5246],[17.3026,53.5291],[17.305,53.5285],[17.31,53.5242],[17.3082,53.5211],[17.3087,53.5172],[17.3055,53.515],[17.3051,53.5129],[17.3245,53.513],[17.3267,53.5027],[17.3388,53.5025],[17.3404,53.5016],[17.3365,53.4977],[17.3412,53.4953],[17.3495,53.4955],[17.3508,53.4935],[17.3631,53.4972],[17.3733,53.4947],[17.3773,53.4964],[17.3864,53.4967],[17.387,53.4911],[17.3941,53.4903],[17.3918,53.4885],[17.3825,53.4686],[17.3733,53.467],[17.3629,53.4585],[17.3522,53.4535],[17.3459,53.4534],[17.3444,53.4498],[17.3389,53.4498],[17.34,53.4479],[17.3348,53.445],[17.3369,53.4426],[17.3333,53.441],[17.3332,53.4385],[17.3288,53.4351],[17.324,53.4327],[17.3158,53.4317],[17.3099,53.4266],[17.2947,53.4218],[17.2953,53.4193],[17.2914,53.4177],[17.2901,53.415],[17.294,53.4121],[17.2931,53.4115],[17.296,53.4037],[17.2914,53.401],[17.2896,53.3969],[17.2861,53.3964],[17.2852,53.3943],[17.2771,53.3926],[17.2744,53.3899],[17.2672,53.3885],[17.2585,53.3808],[17.2481,53.3796]]]]}},{"type":"Feature","properties":{"GID_2":"POL.16.1_1","GID_0":"POL","COUNTRY":"Poland","GID_1":"POL.16_1","NAME_1":"Zachodniopomorskie","NL_NAME_1":"NA","NAME_2":"Bialogard","VARNAME_2":"NA","NL_NAME_2":"NA","TYPE_2":"Powiat","ENGTYPE_2":"County","CC_2":"3201","HASC_2":"NA"},"geometry":{"type":"MultiPolygon","coordinates":[[[[16.1766,54.0403],[16.1808,54.0374],[16.1839,54.0386],[16.1826,54.0408],[16.1879,54.0426],[16.1966,54.035],[16.2241,54.0271],[16.2252,54.0284],[16.2346,54.0228],[16.2322,54.0235],[16.2309,54.0219],[16.2332,54.0214],[16.2311,54.0195],[16.2344,54.016],[16.2451,54.022],[16.259,54.0217],[16.2597,54.027],[16.2629,54.0254],[16.2707,54.0269],[16.2862,54.0199],[16.3198,54.0169],[16.3293,54.0138],[16.3488,54.012],[16.3415,54.005],[16.3366,54.0026],[16.3359,54.0017],[16.3377,54.0013],[16.3356,53.9993],[16.3301,53.9982],[16.3306,53.9955],[16.3268,53.9908],[16.3301,53.9903],[16.3285,53.9882],[16.3316,53.9867],[16.3278,53.9842],[16.3456,53.98],[16.3579,53.981],[16.3536,53.9864],[16.3648,53.9874],[16.3692,53.9855],[16.365,53.9803],[16.369,53.9797],[16.3725,53.9736],[16.3775,53.9737],[16.3826,53.9688],[16.3926,53.9685],[16.4009,53.9743],[16.4168,53.9709],[16.4308,53.9671],[16.4311,53.9649],[16.4283,53.9614],[16.4323,53.9617],[16.4418,53.9587],[16.457,53.9515],[16.4438,53.9494],[16.445,53.942],[16.4427,53.9392],[16.4485,53.9379],[16.4448,53.9342],[16.4462,53.9315],[16.4446,53.93],[16.4473,53.9289],[16.4453,53.9271],[16.4373,53.9265],[16.4338,53.9243],[16.4471,53.9227],[16.4421,53.9161],[16.4419,53.9133],[16.4434,53.9118],[16.4414,53.9094],[16.4426,53.9073],[16.4396,53.9062],[16.4405,53.9042],[16.4279,53.9004],[16.425,53.9035],[16.4147,53.9086],[16.4014,53.911],[16.3862,53.9095],[16.3661,53.9169],[16.3619,53.9115],[16.3547,53.909],[16.3541,53.911],[16.3527,53.9107],[16.3448,53.9021],[16.3437,53.903],[16.3411,53.9005],[16.3345,53.8889],[16.3365,53.8888],[16.338,53.8859],[16.3259,53.8765],[16.3196,53.8757],[16.3156,53.8772],[16.3034,53.8771],[16.2958,53.8735],[16.2798,53.8752],[16.2647,53.8709],[16.2661,53.8662],[16.2736,53.8588],[16.2709,53.8557],[16.2637,53.8569],[16.2611,53.8512],[16.2557,53.8494],[16.2572,53.8487],[16.2556,53.8474],[16.2568,53.8458],[16.2551,53.8429],[16.2382,53.8409],[16.2172,53.8407],[16.2129,53.8389],[16.2075,53.8331],[16.2034,53.8357],[16.1971,53.8322],[16.2018,53.8268],[16.2005,53.8254],[16.1938,53.8249],[16.183,53.8205],[16.1858,53.815],[16.185,53.8111],[16.1788,53.809],[16.1745,53.8108],[16.1739,53.8089],[16.1676,53.8081],[16.1581,53.8137],[16.1566,53.8171],[16.1487,53.8221],[16.141,53.8234],[16.1469,53.8249],[16.1485,53.8312],[16.1529,53.8309],[16.1544,53.8345],[16.1515,53.8387],[16.154,53.8435],[16.1485,53.8485],[16.1493,53.8507],[16.1464,53.8515],[16.1476,53.8527],[16.1466,53.8542],[16.1444,53.855],[16.1451,53.8592],[16.1432,53.8628],[16.1456,53.8634],[16.1433,53.8636],[16.1442,53.8646],[16.1427,53.8669],[16.145,53.8674],[16.145,53.87],[16.1433,53.8709],[16.146,53.873],[16.1451,53.876],[16.1433,53.8763],[16.1445,53.8779],[16.1427,53.8791],[16.1323,53.8809],[16.1246,53.8798],[16.1263,53.8815],[16.1246,53.8808],[16.1212,53.8836],[16.1211,53.8822],[16.1169,53.8824],[16.1155,53.8803],[16.1126,53.8817],[16.1147,53.8826],[16.1123,53.883],[16.1104,53.8856],[16.1062,53.884],[16.1005,53.8857],[16.0997,53.8845],[16.0994,53.886],[16.097,53.8865],[16.0965,53.8889],[16.0948,53.8881],[16.0919,53.8907],[16.0907,53.8979],[16.0882,53.8963],[16.0842,53.8986],[16.0687,53.8984],[16.0691,53.9],[16.065,53.9009],[16.0658,53.8955],[16.0587,53.8916],[16.0585,53.8896],[16.0504,53.8852],[16.0463,53.8809],[16.0521,53.8755],[16.0553,53.8746],[16.0536,53.8737],[16.0504,53.8759],[16.0448,53.8737],[16.0383,53.8774],[16.0406,53.8799],[16.0381,53.8814],[16.039,53.8838],[16.0296,53.8921],[16.013,53.9019],[15.996,53.9001],[15.9881,53.9013],[15.9894,53.9037],[15.9819,53.9101],[15.9567,53.9181],[15.9556,53.9145],[15.9448,53.9139],[15.9404,53.9119],[15.9123,53.9137],[15.91,53.92],[15.9128,53.9215],[15.9042,53.9226],[15.8981,53.9218],[15.8853,53.916],[15.8645,53.9159],[15.8669,53.9122],[15.8598,53.9102],[15.861,53.9051],[15.8593,53.9048],[15.865,53.8949],[15.862,53.894],[15.8626,53.8882],[15.8576,53.8862],[15.845,53.8965],[15.8463,53.8987],[15.8388,53.9014],[15.8217,53.8986],[15.8152,53.9076],[15.7978,53.9032],[15.8054,53.9013],[15.8043,53.9003],[15.8075,53.898],[15.8026,53.8945],[15.7869,53.8906],[15.7851,53.8927],[15.7795,53.8934],[15.7863,53.8959],[15.7819,53.9054],[15.7773,53.909],[15.7806,53.9095],[15.7783,53.9114],[15.7872,53.9135],[15.7822,53.9154],[15.8153,53.9323],[15.812,53.9341],[15.8008,53.9345],[15.7956,53.937],[15.7935,53.9361],[15.7934,53.9339],[15.7857,53.9347],[15.7863,53.937],[15.782,53.9371],[15.7796,53.9365],[15.7783,53.9342],[15.7616,53.9344],[15.7562,53.9384],[15.7573,53.9405],[15.7544,53.9427],[15.7642,53.9534],[15.7342,53.9599],[15.7317,53.9591],[15.7257,53.964],[15.7284,53.9672],[15.7248,53.9672],[15.7235,53.9686],[15.7253,53.9704],[15.7217,53.972],[15.7243,53.9733],[15.7312,53.9732],[15.7391,53.978],[15.7283,53.9824],[15.7315,53.9857],[15.7201,53.9911],[15.7224,53.9968],[15.7281,54.0006],[15.7463,54.0005],[15.7446,54.0061],[15.7476,54.0055],[15.7545,54.0105],[15.7445,54.0217],[15.7438,54.0258],[15.7393,54.0271],[15.7444,54.0355],[15.7449,54.0509],[15.7399,54.0601],[15.7323,54.0658],[15.743,54.0662],[15.746,54.0743],[15.7485,54.0768],[15.7553,54.0753],[15.7594,54.0733],[15.7586,54.0714],[15.7599,54.0705],[15.7664,54.068],[15.7754,54.0665],[15.7765,54.0688],[15.7794,54.0694],[15.792,54.0675],[15.7962,54.0715],[15.7918,54.073],[15.793,54.0775],[15.8005,54.0764],[15.8013,54.0775],[15.8102,54.0748],[15.8124,54.0794],[15.8176,54.076],[15.8211,54.0831],[15.834,54.0839],[15.834,54.0908],[15.831,54.0939],[15.8428,54.0973],[15.8544,54.1087],[15.8582,54.1083],[15.8592,54.1098],[15.8634,54.1084],[15.8632,54.116],[15.869,54.1198],[15.872,54.1286],[15.8805,54.1347],[15.876,54.1394],[15.8802,54.1457],[15.8932,54.1411],[15.9182,54.1387],[15.9175,54.1362],[15.9221,54.1348],[15.9204,54.1312],[15.9128,54.1259],[15.9176,54.1228],[15.929,54.1104],[15.934,54.1087],[15.9359,54.1063],[15.9324,54.1004],[15.9247,54.0971],[15.9179,54.0963],[15.9095,54.089],[15.9105,54.0766],[15.9231,54.0757],[15.9327,54.0773],[15.9397,54.0761],[15.9434,54.0734],[15.9371,54.0707],[15.9462,54.0655],[15.9489,54.0682],[15.9525,54.0666],[15.9558,54.0715],[15.9588,54.0727],[15.977,54.0734],[15.9826,54.0787],[15.988,54.0808],[15.9931,54.0787],[15.9937,54.0766],[16.0026,54.0734],[16.0315,54.0896],[16.0549,54.0952],[16.0584,54.0983],[16.0568,54.1014],[16.0577,54.1031],[16.0475,54.1069],[16.053,54.1063],[16.0554,54.1097],[16.0542,54.1109],[16.0555,54.1145],[16.0628,54.1152],[16.0667,54.1126],[16.0768,54.1113],[16.0834,54.1066],[16.086,54.1011],[16.0906,54.0978],[16.0872,54.0959],[16.0849,54.091],[16.0864,54.0854],[16.0992,54.0842],[16.102,54.0824],[16.1053,54.0785],[16.1061,54.0714],[16.1106,54.0699],[16.1149,54.0638],[16.1223,54.058],[16.1276,54.0589],[16.1297,54.0567],[16.1337,54.0569],[16.1347,54.0545],[16.1407,54.0529],[16.1411,54.0509],[16.145,54.0509],[16.1441,54.0495],[16.1476,54.0499],[16.1504,54.048],[16.1628,54.0463],[16.165,54.0442],[16.1669,54.0451],[16.1699,54.0431],[16.1717,54.0442],[16.1788,54.0422],[16.1766,54.0403]]]]}},{"type":"Feature","properties":{"GID_2":"POL.16.2_1","GID_0":"POL","COUNTRY":"Poland","GID_1":"POL.16_1","NAME_1":"Zachodniopomorskie","NL_NAME_1":"NA","NAME_2":"Choszczno","VARNAME_2":"NA","NL_NAME_2":"NA","TYPE_2":"Powiat","ENGTYPE_2":"County","CC_2":"3202","HASC_2":"NA"},"geometry":{"type":"MultiPolygon","coordinates":[[[[15.44,52.9889],[15.412,52.9803],[15.4052,52.9745],[15.3883,52.9716],[15.3862,52.9658],[15.3908,52.9628],[15.39,52.9621],[15.381,52.9591],[15.3693,52.947],[15.3659,52.9456],[15.3659,52.9478],[15.362,52.9481],[15.3612,52.9459],[15.3632,52.9442],[15.3517,52.9416],[15.3507,52.9431],[15.3246,52.9503],[15.3069,52.9529],[15.2878,52.958],[15.2868,52.9572],[15.2856,52.9584],[15.2972,52.9675],[15.2921,52.9727],[15.2889,52.9802],[15.2981,52.9824],[15.2875,52.9834],[15.283,52.9977],[15.2829,53.0091],[15.264,53.0132],[15.2623,53.0149],[15.263,53.0189],[15.2597,53.0171],[15.2597,53.0147],[15.2479,53.0169],[15.2481,53.019],[15.2578,53.0179],[15.258,53.0264],[15.2526,53.0264],[15.2529,53.0277],[15.2494,53.0284],[15.2456,53.02],[15.243,53.0198],[15.2424,53.0254],[15.2395,53.0258],[15.2418,53.028],[15.2391,53.0298],[15.2435,53.035],[15.2379,53.0363],[15.2332,53.035],[15.2179,53.0399],[15.2176,53.0416],[15.2207,53.0424],[15.2195,53.0437],[15.2076,53.0431],[15.2049,53.0448],[15.2078,53.0478],[15.2057,53.0512],[15.2064,53.0526],[15.2139,53.0585],[15.2149,53.0629],[15.2131,53.0669],[15.2192,53.075],[15.2058,53.0819],[15.2099,53.0856],[15.2109,53.0886],[15.2174,53.0912],[15.2151,53.0925],[15.2178,53.0919],[15.2169,53.0928],[15.2201,53.095],[15.227,53.0938],[15.226,53.0921],[15.2349,53.0907],[15.2443,53.0965],[15.2462,53.0959],[15.248,53.0973],[15.2587,53.0934],[15.26,53.0953],[15.2679,53.0947],[15.2758,53.1044],[15.278,53.1043],[15.2738,53.1086],[15.2729,53.1131],[15.3025,53.1279],[15.3106,53.1352],[15.3153,53.1353],[15.323,53.1309],[15.3351,53.1464],[15.3319,53.1576],[15.3337,53.1581],[15.3313,53.1625],[15.3678,53.1661],[15.3639,53.1693],[15.3656,53.1692],[15.367,53.1748],[15.3617,53.1764],[15.3572,53.1754],[15.3586,53.1794],[15.3528,53.1787],[15.353,53.1809],[15.3502,53.1857],[15.3414,53.1893],[15.3538,53.1966],[15.3323,53.2031],[15.3226,53.2084],[15.3186,53.2083],[15.3068,53.2014],[15.3048,53.2073],[15.2991,53.2008],[15.2882,53.2009],[15.2859,53.1996],[15.2783,53.203],[15.2722,53.1998],[15.2636,53.2067],[15.2633,53.2093],[15.254,53.2184],[15.2545,53.2202],[15.2589,53.2239],[15.2653,53.2353],[15.2692,53.237],[15.2747,53.2425],[15.2732,53.2451],[15.2826,53.2526],[15.2914,53.2501],[15.2968,53.2517],[15.3056,53.2515],[15.3131,53.2546],[15.3196,53.2523],[15.3347,53.2539],[15.3385,53.253],[15.3406,53.2499],[15.3516,53.2486],[15.3704,53.2515],[15.3805,53.2499],[15.388,53.2508],[15.3927,53.2473],[15.4212,53.2454],[15.4586,53.2334],[15.4709,53.2334],[15.4808,53.237],[15.4827,53.2359],[15.4927,53.2372],[15.4926,53.2389],[15.4954,53.2392],[15.4997,53.2439],[15.4944,53.2537],[15.4786,53.2492],[15.4699,53.2604],[15.4875,53.2655],[15.4912,53.2706],[15.469,53.2759],[15.4778,53.2808],[15.4764,53.2846],[15.4795,53.29],[15.4768,53.2947],[15.4795,53.2964],[15.4743,53.2973],[15.4743,53.3004],[15.4698,53.3018],[15.4707,53.3027],[15.4636,53.307],[15.4732,53.3042],[15.4724,53.3067],[15.4747,53.3086],[15.4743,53.3112],[15.4799,53.311],[15.4852,53.3086],[15.4847,53.3157],[15.5027,53.3184],[15.5057,53.3176],[15.5055,53.3187],[15.5129,53.322],[15.514,53.3244],[15.5182,53.3234],[15.522,53.3247],[15.5233,53.3254],[15.5175,53.3308],[15.5205,53.3323],[15.5388,53.3354],[15.5462,53.3328],[15.5639,53.3419],[15.5712,53.3439],[15.579,53.3427],[15.583,53.3438],[15.5862,53.3427],[15.5872,53.3394],[15.5895,53.3391],[15.5886,53.336],[15.5911,53.3374],[15.5912,53.3398],[15.5971,53.3377],[15.5958,53.3343],[15.5881,53.3311],[15.5897,53.3284],[15.5875,53.327],[15.592,53.3268],[15.5925,53.3229],[15.5995,53.3182],[15.6045,53.3171],[15.6039,53.3155],[15.6081,53.3135],[15.6088,53.3106],[15.6159,53.3089],[15.6229,53.3114],[15.6249,53.3093],[15.6241,53.308],[15.6344,53.3083],[15.6305,53.3038],[15.6147,53.2926],[15.6288,53.2895],[15.6376,53.2891],[15.6491,53.2919],[15.6845,53.288],[15.6835,53.2915],[15.6881,53.2923],[15.6942,53.2986],[15.6984,53.2995],[15.7109,53.2972],[15.7069,53.3029],[15.7092,53.3061],[15.7204,53.3092],[15.7266,53.3092],[15.7308,53.3109],[15.7321,53.3138],[15.735,53.3131],[15.7397,53.3152],[15.7664,53.3142],[15.7657,53.3129],[15.7707,53.3109],[15.7691,53.3081],[15.775,53.3094],[15.7784,53.3065],[15.7764,53.2994],[15.7709,53.2967],[15.7757,53.2891],[15.7748,53.2867],[15.7716,53.2861],[15.7719,53.2831],[15.7811,53.2809],[15.7852,53.2735],[15.7937,53.2695],[15.797,53.2617],[15.8038,53.2553],[15.8047,53.2483],[15.8087,53.2466],[15.8152,53.2405],[15.8186,53.2328],[15.8149,53.2293],[15.8165,53.2259],[15.8228,53.2263],[15.8436,53.213],[15.8468,53.214],[15.8509,53.22],[15.8587,53.221],[15.8616,53.2243],[15.8666,53.2223],[15.8692,53.2237],[15.8654,53.2247],[15.8689,53.2261],[15.8831,53.2228],[15.8937,53.2263],[15.9028,53.2256],[15.9077,53.2174],[15.9066,53.2146],[15.8957,53.2141],[15.8979,53.2096],[15.8938,53.2085],[15.8919,53.2062],[15.8906,53.2044],[15.8917,53.201],[15.9077,53.2027],[15.913,53.2061],[15.9195,53.2067],[15.9177,53.2148],[15.9192,53.216],[15.9174,53.2162],[15.9225,53.2182],[15.9286,53.2156],[15.9296,53.2174],[15.9338,53.2187],[15.9472,53.2159],[15.9709,53.2185],[15.9762,53.2154],[15.9859,53.2174],[15.9891,53.2204],[15.9927,53.2202],[15.9935,53.2241],[15.9989,53.2251],[15.9981,53.227],[16.0032,53.2279],[16.0021,53.2294],[16.0042,53.2349],[16.0022,53.236],[16.0029,53.2395],[16.0086,53.2397],[16.0089,53.2434],[16.018,53.2346],[16.0371,53.2323],[16.0338,53.2293],[16.0232,53.2269],[16.0169,53.2119],[16.0119,53.2113],[16.0168,53.2073],[16.0095,53.204],[16.0106,53.2012],[15.9991,53.1985],[15.9984,53.1955],[16.0005,53.1939],[15.9967,53.1895],[15.995,53.1846],[15.9905,53.1791],[15.9865,53.178],[15.9859,53.1747],[15.98,53.1721],[15.9628,53.129],[15.9802,53.1229],[15.9892,53.1231],[15.9821,53.1171],[15.9793,53.1103],[15.9164,53.1193],[15.9129,53.12],[15.9118,53.124],[15.8804,53.1187],[15.8753,53.1211],[15.8482,53.1152],[15.86,53.0937],[15.8335,53.0876],[15.8115,53.0844],[15.8125,53.0824],[15.8094,53.0808],[15.8135,53.0805],[15.8216,53.0652],[15.7915,53.0592],[15.7828,53.0611],[15.7798,53.0602],[15.7789,53.058],[15.7898,53.0574],[15.7944,53.0534],[15.802,53.0526],[15.8042,53.0505],[15.803,53.0474],[15.8087,53.0454],[15.7879,53.0428],[15.7902,53.041],[15.7851,53.0399],[15.7816,53.0335],[15.7788,53.0334],[15.778,53.0298],[15.7735,53.0288],[15.7729,53.0267],[15.7627,53.0267],[15.7674,53.0204],[15.7771,53.0173],[15.778,53.0151],[15.774,53.0144],[15.7757,53.0128],[15.7717,53.0067],[15.7728,53.0033],[15.7691,52.9995],[15.7648,52.9989],[15.7634,53.0005],[15.7606,52.9951],[15.7594,52.9967],[15.7565,52.9962],[15.7434,52.9914],[15.7305,52.9898],[15.7211,52.9866],[15.7191,52.9886],[15.7083,52.9905],[15.7044,52.9957],[15.6987,52.9933],[15.694,52.9958],[15.695,52.9976],[15.6919,52.9982],[15.6893,52.9959],[15.6817,52.9973],[15.6753,52.9932],[15.6611,52.99],[15.6517,52.9839],[15.6334,52.9764],[15.6155,52.9843],[15.6109,52.9822],[15.6064,52.9848],[15.6024,52.985],[15.588,52.9811],[15.5842,52.9865],[15.5805,52.9889],[15.5722,52.9869],[15.5619,52.9992],[15.5606,53.0043],[15.5566,53.0066],[15.5552,53.0113],[15.5469,53.0145],[15.5375,53.0072],[15.5298,53.0053],[15.5252,53.0063],[15.5244,53.0037],[15.5016,52.9997],[15.501,53.0007],[15.488,52.9973],[15.4751,52.9937],[15.4652,52.9887],[15.4537,52.9872],[15.4438,52.9899],[15.44,52.9889]]]]}},{"type":"Feature","properties":{"GID_2":"POL.16.3_1","GID_0":"POL","COUNTRY":"Poland","GID_1":"POL.16_1","NAME_1":"Zachodniopomorskie","NL_NAME_1":"NA","NAME_2":"Drawsko","VARNAME_2":"NA","NL_NAME_2":"NA","TYPE_2":"Powiat","ENGTYPE_2":"County","CC_2":"3203","HASC_2":"NA"},"geometry":{"type":"MultiPolygon","coordinates":[[[[16.003,53.2396],[16.0021,53.2362],[16.0041,53.2337],[16.0021,53.2294],[16.0033,53.2281],[15.9981,53.227],[15.9989,53.2251],[15.9935,53.2241],[15.9927,53.2202],[15.9891,53.2204],[15.9859,53.2174],[15.9762,53.2154],[15.9709,53.2185],[15.9472,53.2159],[15.9338,53.2187],[15.9296,53.2174],[15.9286,53.2156],[15.9225,53.2182],[15.9174,53.2162],[15.9192,53.216],[15.9177,53.2148],[15.9195,53.2067],[15.913,53.2061],[15.9077,53.2027],[15.8917,53.201],[15.8906,53.2044],[15.8919,53.2062],[15.8938,53.2085],[15.8979,53.2096],[15.8957,53.2141],[15.9066,53.2146],[15.9077,53.2174],[15.9028,53.2256],[15.8937,53.2263],[15.8831,53.2228],[15.8689,53.2261],[15.8654,53.2247],[15.8692,53.2237],[15.8666,53.2223],[15.8616,53.2243],[15.8587,53.221],[15.8509,53.22],[15.8468,53.214],[15.8436,53.213],[15.8228,53.2263],[15.8165,53.2259],[15.8149,53.2293],[15.8186,53.2328],[15.8152,53.2405],[15.8087,53.2466],[15.8047,53.2483],[15.8038,53.2553],[15.797,53.2617],[15.7937,53.2695],[15.7852,53.2735],[15.7811,53.2809],[15.7719,53.2831],[15.7716,53.2861],[15.7748,53.2867],[15.7757,53.2891],[15.7709,53.2967],[15.7764,53.2994],[15.7784,53.3065],[15.775,53.3094],[15.7691,53.3081],[15.7707,53.3109],[15.7657,53.3129],[15.7664,53.3142],[15.7397,53.3152],[15.735,53.3131],[15.7321,53.3138],[15.7308,53.3109],[15.7266,53.3092],[15.7204,53.3092],[15.7092,53.3061],[15.7069,53.3029],[15.7109,53.2972],[15.6984,53.2995],[15.6942,53.2986],[15.6881,53.2923],[15.6835,53.2915],[15.6845,53.288],[15.6491,53.2919],[15.6376,53.2891],[15.6288,53.2895],[15.6147,53.2926],[15.6305,53.3038],[15.6344,53.3083],[15.6241,53.308],[15.6249,53.3093],[15.6229,53.3114],[15.6122,53.309],[15.6039,53.3155],[15.6045,53.3171],[15.5995,53.3182],[15.5925,53.3229],[15.592,53.3268],[15.5875,53.327],[15.5897,53.3284],[15.5881,53.3311],[15.5926,53.332],[15.5933,53.3342],[15.5958,53.3343],[15.5975,53.3365],[15.5965,53.3383],[15.5912,53.3398],[15.5911,53.3374],[15.5886,53.336],[15.5895,53.3391],[15.5872,53.3394],[15.5862,53.3427],[15.5846,53.3423],[15.5911,53.3484],[15.5871,53.3654],[15.5929,53.3647],[15.597,53.3684],[15.5902,53.3692],[15.5918,53.3723],[15.5997,53.3746],[15.5998,53.3765],[15.6051,53.3767],[15.5974,53.3799],[15.5942,53.3976],[15.5983,53.3991],[15.6009,53.4027],[15.6017,53.417],[15.6047,53.4225],[15.5945,53.4251],[15.6031,53.4299],[15.6219,53.4293],[15.6272,53.4304],[15.6268,53.4332],[15.6327,53.4336],[15.6347,53.4355],[15.6442,53.4359],[15.6484,53.4415],[15.6569,53.4478],[15.6568,53.45],[15.6539,53.4502],[15.6488,53.4472],[15.6485,53.4494],[15.6521,53.4542],[15.6802,53.4668],[15.6745,53.4681],[15.6878,53.4707],[15.6966,53.4758],[15.6995,53.4743],[15.7181,53.4913],[15.7217,53.4917],[15.7147,53.4947],[15.7103,53.4995],[15.705,53.4974],[15.7065,53.5012],[15.704,53.5022],[15.7049,53.5034],[15.7018,53.5062],[15.7064,53.5081],[15.7093,53.5063],[15.7171,53.5091],[15.7157,53.5129],[15.7185,53.5137],[15.7273,53.5108],[15.7354,53.5109],[15.7357,53.5121],[15.7199,53.5146],[15.7264,53.5251],[15.7245,53.5261],[15.7153,53.5283],[15.7064,53.527],[15.7007,53.5279],[15.705,53.5293],[15.7056,53.5313],[15.7011,53.5317],[15.6999,53.5332],[15.7014,53.5351],[15.7002,53.5365],[15.7035,53.538],[15.7014,53.5416],[15.7075,53.5402],[15.7055,53.5448],[15.7083,53.5459],[15.7066,53.5474],[15.7094,53.5479],[15.7107,53.5521],[15.7138,53.5546],[15.7085,53.5587],[15.7139,53.5626],[15.7143,53.5654],[15.7116,53.5674],[15.7146,53.5721],[15.7192,53.5744],[15.7266,53.5738],[15.7261,53.5717],[15.73,53.5726],[15.7322,53.571],[15.7382,53.5786],[15.7395,53.5781],[15.7496,53.5928],[15.7561,53.5973],[15.7728,53.5921],[15.7754,53.5929],[15.7746,53.5939],[15.7775,53.5961],[15.7755,53.597],[15.7754,53.6006],[15.7773,53.6029],[15.7768,53.609],[15.7724,53.6125],[15.7734,53.6151],[15.7768,53.6146],[15.7798,53.6167],[15.7811,53.6208],[15.7835,53.6218],[15.7814,53.6244],[15.7725,53.6268],[15.7723,53.6339],[15.7733,53.6359],[15.8001,53.6397],[15.7979,53.6437],[15.7934,53.6452],[15.7945,53.6465],[15.7877,53.6518],[15.7907,53.66],[15.8003,53.663],[15.7998,53.6654],[15.8061,53.6655],[15.8071,53.6696],[15.8155,53.6737],[15.8133,53.6774],[15.8206,53.6788],[15.8317,53.6774],[15.8316,53.6754],[15.8397,53.6711],[15.8445,53.6705],[15.852,53.6628],[15.855,53.6557],[15.8533,53.6534],[15.8605,53.6523],[15.8663,53.6542],[15.8687,53.6514],[15.8717,53.6525],[15.8699,53.6537],[15.872,53.6545],[15.8812,53.654],[15.8827,53.6525],[15.8924,53.6527],[15.8937,53.6505],[15.8924,53.6498],[15.8987,53.6461],[15.9001,53.6478],[15.913,53.6486],[15.9216,53.6463],[15.9232,53.6477],[15.919,53.6492],[15.9272,53.6532],[15.9246,53.6557],[15.924,53.6591],[15.9196,53.658],[15.9233,53.6622],[15.9202,53.6637],[15.9224,53.6648],[15.9235,53.665],[15.922,53.6637],[15.9241,53.6629],[15.9242,53.6609],[15.9291,53.6601],[15.9291,53.6614],[15.9365,53.6676],[15.9325,53.6721],[15.9426,53.6785],[15.9697,53.671],[15.985,53.6701],[15.9887,53.6718],[15.9956,53.6717],[16.0056,53.6655],[16.0014,53.6614],[16.0032,53.6584],[16.0058,53.6584],[16.0118,53.6544],[16.0172,53.656],[16.0228,53.6552],[16.0231,53.6532],[16.024,53.6548],[16.0265,53.6533],[16.0241,53.6506],[16.02,53.6501],[16.0189,53.6473],[16.0229,53.6468],[16.0232,53.6502],[16.0299,53.6516],[16.026,53.6465],[16.029,53.6446],[16.0308,53.6452],[16.0319,53.6497],[16.0355,53.6492],[16.0393,53.6509],[16.0395,53.6547],[16.0429,53.6542],[16.0438,53.657],[16.0399,53.6594],[16.0364,53.6566],[16.0302,53.6595],[16.0284,53.6585],[16.0293,53.6573],[16.0272,53.6569],[16.0257,53.6588],[16.0229,53.6589],[16.0397,53.6701],[16.0465,53.6811],[16.05,53.6806],[16.0538,53.6836],[16.0592,53.6833],[16.0627,53.689],[16.0668,53.6914],[16.0732,53.6919],[16.0757,53.6891],[16.0817,53.6884],[16.085,53.6928],[16.0926,53.693],[16.0953,53.69],[16.0967,53.6919],[16.0982,53.6913],[16.0998,53.6899],[16.0983,53.6897],[16.099,53.687],[16.1019,53.6846],[16.0984,53.6816],[16.0978,53.6778],[16.1024,53.6795],[16.1039,53.6768],[16.1122,53.6721],[16.1159,53.6726],[16.1201,53.6683],[16.1268,53.6686],[16.1295,53.6707],[16.1229,53.6735],[16.1279,53.6788],[16.1293,53.6781],[16.1327,53.6805],[16.1361,53.681],[16.1434,53.6772],[16.146,53.6734],[16.1497,53.6738],[16.1509,53.6715],[16.1547,53.6711],[16.1585,53.6717],[16.1713,53.6791],[16.1787,53.6802],[16.1816,53.6844],[16.1922,53.6847],[16.1973,53.6864],[16.1956,53.69],[16.2004,53.6909],[16.2033,53.6936],[16.2337,53.6939],[16.2395,53.683],[16.2484,53.6767],[16.2538,53.6757],[16.2536,53.6727],[16.2583,53.6732],[16.2589,53.6709],[16.2623,53.67],[16.2663,53.6714],[16.2688,53.667],[16.2756,53.6624],[16.2823,53.6621],[16.2793,53.66],[16.2793,53.6564],[16.2813,53.6508],[16.2847,53.6479],[16.2872,53.648],[16.2864,53.6442],[16.2951,53.6447],[16.2997,53.6379],[16.3022,53.6381],[16.2947,53.6343],[16.3012,53.6328],[16.3004,53.6307],[16.3019,53.6305],[16.2983,53.6277],[16.2929,53.6264],[16.2941,53.6255],[16.2927,53.6238],[16.2772,53.6189],[16.2693,53.6203],[16.2629,53.6179],[16.272,53.6119],[16.2794,53.6105],[16.286,53.6124],[16.2901,53.6107],[16.2875,53.6075],[16.3049,53.6094],[16.3043,53.6067],[16.3069,53.6053],[16.3061,53.6021],[16.3079,53.5998],[16.3064,53.5992],[16.3033,53.5908],[16.31,53.588],[16.3165,53.5824],[16.3212,53.5813],[16.3153,53.5768],[16.317,53.5737],[16.3144,53.5721],[16.3149,53.5696],[16.3397,53.5706],[16.3483,53.5648],[16.347,53.5643],[16.3502,53.5604],[16.3588,53.5562],[16.3596,53.5542],[16.3655,53.5578],[16.3789,53.5616],[16.3868,53.5587],[16.3895,53.5595],[16.3973,53.5578],[16.4011,53.5617],[16.4033,53.5619],[16.4069,53.5532],[16.4174,53.5501],[16.4153,53.5469],[16.4137,53.547],[16.4163,53.5409],[16.4147,53.5377],[16.4114,53.5369],[16.414,53.5348],[16.4105,53.5344],[16.4135,53.5331],[16.4085,53.5299],[16.41,53.5257],[16.429,53.527],[16.4383,53.5258],[16.4428,53.516],[16.4451,53.5165],[16.4572,53.5084],[16.447,53.5026],[16.4579,53.4944],[16.4362,53.4606],[16.4398,53.4593],[16.4362,53.4597],[16.4326,53.4582],[16.4328,53.4565],[16.4299,53.4561],[16.4246,53.4466],[16.4208,53.4451],[16.4224,53.4418],[16.4095,53.4407],[16.4114,53.4384],[16.4067,53.4367],[16.4074,53.4352],[16.4052,53.4316],[16.398,53.4292],[16.3942,53.4212],[16.3889,53.4248],[16.3848,53.4397],[16.382,53.4392],[16.3581,53.4327],[16.3586,53.431],[16.3711,53.4262],[16.3658,53.4249],[16.3651,53.4224],[16.3623,53.4209],[16.3412,53.4178],[16.3192,53.4072],[16.3104,53.4089],[16.2915,53.4086],[16.2759,53.4007],[16.2667,53.3982],[16.2176,53.3959],[16.1507,53.3761],[16.111,53.3802],[16.1066,53.4003],[16.1038,53.3976],[16.0884,53.404],[16.0889,53.3988],[16.078,53.4012],[16.0768,53.4033],[16.0751,53.4021],[16.0618,53.4075],[16.0519,53.4074],[16.0543,53.4065],[16.0544,53.4049],[16.0595,53.405],[16.0561,53.3998],[16.0657,53.395],[16.0672,53.3976],[16.069,53.3975],[16.0684,53.3983],[16.0682,53.3988],[16.0691,53.3974],[16.0692,53.3971],[16.0703,53.3922],[16.0687,53.3924],[16.0707,53.3906],[16.0705,53.3911],[16.0704,53.3917],[16.071,53.3898],[16.0719,53.3841],[16.0719,53.3736],[16.0654,53.3712],[16.0622,53.3657],[16.0558,53.3698],[16.0518,53.3856],[16.0479,53.3918],[16.0408,53.3981],[16.0367,53.4009],[16.0272,53.4007],[16.0092,53.4038],[15.9861,53.3876],[15.9874,53.3838],[15.9728,53.3751],[15.9847,53.3707],[15.974,53.3632],[15.9766,53.3559],[15.991,53.352],[15.9851,53.3493],[15.9925,53.3399],[15.9907,53.3367],[15.9982,53.3371],[15.9903,53.3272],[15.9924,53.3266],[15.9892,53.3219],[15.996,53.3167],[16.0082,53.3112],[16.0221,53.3108],[16.025,53.3142],[16.0244,53.3174],[16.0408,53.3164],[16.0414,53.3179],[16.0448,53.3169],[16.0483,53.3199],[16.0501,53.3192],[16.0544,53.3157],[16.0515,53.3149],[16.051,53.313],[16.0478,53.3133],[16.0458,53.3107],[16.0524,53.3104],[16.059,53.313],[16.0696,53.3112],[16.0628,53.2955],[16.0661,53.2928],[16.0761,53.2891],[16.064,53.285],[16.0598,53.2811],[16.0541,53.2799],[16.0498,53.2735],[16.0439,53.2748],[16.0375,53.274],[16.0381,53.2723],[16.0362,53.2707],[16.0293,53.2687],[16.0256,53.2621],[16.0191,53.2557],[16.0077,53.2508],[16.0065,53.2489],[16.0082,53.2477],[16.0073,53.2428],[16.003,53.2396]]]]}},{"type":"Feature","properties":{"GID_2":"POL.16.4_1","GID_0":"POL","COUNTRY":"Poland","GID_1":"POL.16_1","NAME_1":"Zachodniopomorskie","NL_NAME_1":"NA","NAME_2":"Goleniow","VARNAME_2":"NA","NL_NAME_2":"NA","TYPE_2":"Powiat","ENGTYPE_2":"County","CC_2":"3204","HASC_2":"NA"},"geometry":{"type":"MultiPolygon","coordinates":[[[[15.1747,53.5972],[15.1758,53.594],[15.1729,53.5874],[15.1821,53.5836],[15.1824,53.5799],[15.1797,53.5798],[15.1804,53.5824],[15.1784,53.5838],[15.1672,53.5848],[15.1639,53.5706],[15.1572,53.5709],[15.1569,53.5684],[15.1547,53.5682],[15.1482,53.5695],[15.1471,53.5668],[15.1535,53.5664],[15.1481,53.5644],[15.1492,53.564],[15.1446,53.564],[15.1452,53.5613],[15.1467,53.5612],[15.1487,53.5558],[15.1539,53.5561],[15.154,53.5535],[15.1911,53.5508],[15.1951,53.5464],[15.1984,53.5461],[15.2159,53.547],[15.2163,53.5449],[15.2196,53.5449],[15.2188,53.5376],[15.2212,53.5374],[15.2248,53.5318],[15.2365,53.5314],[15.2185,53.5132],[15.2106,53.5103],[15.2267,53.5003],[15.2173,53.4909],[15.206,53.4892],[15.1753,53.4903],[15.1724,53.4861],[15.175,53.4778],[15.1663,53.4734],[15.1579,53.4746],[15.1508,53.4719],[15.1508,53.469],[15.1355,53.4678],[15.1286,53.4692],[15.1269,53.4743],[15.1208,53.4804],[15.0933,53.468],[15.0945,53.4654],[15.0694,53.4595],[15.0605,53.4711],[15.0398,53.464],[15.0403,53.46],[15.0144,53.4549],[15.013,53.4525],[15.007,53.4598],[14.9613,53.4585],[14.9361,53.453],[14.927,53.4469],[14.9161,53.4438],[14.8972,53.4491],[14.8929,53.4597],[14.8906,53.4586],[14.8844,53.4627],[14.8826,53.4607],[14.8857,53.4591],[14.883,53.4581],[14.8862,53.4534],[14.8761,53.4522],[14.8784,53.4455],[14.8798,53.4431],[14.8933,53.4393],[14.8571,53.4349],[14.8274,53.4289],[14.7776,53.4257],[14.7791,53.4038],[14.778,53.403],[14.7711,53.4056],[14.7697,53.404],[14.7664,53.407],[14.7373,53.4042],[14.7268,53.4047],[14.72,53.4075],[14.7169,53.4127],[14.7526,53.4258],[14.747,53.4317],[14.762,53.4412],[14.7457,53.444],[14.7435,53.4397],[14.7412,53.4401],[14.741,53.4382],[14.7361,53.4349],[14.7307,53.4351],[14.7268,53.4309],[14.7181,53.4273],[14.7134,53.4293],[14.7087,53.4265],[14.7004,53.435],[14.7028,53.4374],[14.702,53.4389],[14.705,53.4408],[14.7048,53.4433],[14.712,53.4496],[14.7113,53.4527],[14.7076,53.4553],[14.7099,53.4602],[14.7079,53.4601],[14.7105,53.4625],[14.7067,53.4635],[14.7101,53.4631],[14.7071,53.4677],[14.7037,53.4696],[14.6973,53.4682],[14.691,53.4703],[14.6913,53.472],[14.6933,53.4705],[14.6959,53.4718],[14.6958,53.474],[14.6926,53.4755],[14.6934,53.4772],[14.6992,53.4797],[14.6955,53.4818],[14.6953,53.4835],[14.6981,53.4857],[14.6942,53.4873],[14.6943,53.492],[14.7008,53.4946],[14.6996,53.4978],[14.702,53.5044],[14.6997,53.5081],[14.6948,53.5089],[14.693,53.5116],[14.6873,53.5106],[14.6798,53.5129],[14.6779,53.5206],[14.6814,53.5216],[14.6781,53.524],[14.6813,53.5245],[14.6818,53.5272],[14.6801,53.5292],[14.6828,53.5313],[14.6758,53.5366],[14.6586,53.536],[14.6545,53.5342],[14.6563,53.5315],[14.6514,53.5277],[14.6392,53.5256],[14.6368,53.5267],[14.6375,53.5328],[14.6353,53.5339],[14.6319,53.5456],[14.6228,53.5512],[14.6106,53.5533],[14.6092,53.5541],[14.6096,53.5559],[14.6015,53.5591],[14.6033,53.5609],[14.6014,53.5638],[14.6022,53.5663],[14.5976,53.575],[14.6004,53.5834],[14.5964,53.5914],[14.5986,53.5992],[14.5947,53.6043],[14.5947,53.6076],[14.5897,53.6099],[14.5925,53.6107],[14.5942,53.6263],[14.6081,53.6276],[14.6097,53.6302],[14.6075,53.631],[14.6081,53.6324],[14.6169,53.6307],[14.6153,53.6329],[14.6175,53.6326],[14.6181,53.6346],[14.6097,53.6379],[14.6142,53.6385],[14.6158,53.6429],[14.6225,53.6437],[14.6219,53.6463],[14.6158,53.6515],[14.6058,53.6496],[14.6064,53.6524],[14.6097,53.654],[14.6069,53.6574],[14.5975,53.6551],[14.5864,53.6557],[14.5853,53.6543],[14.5736,53.6571],[14.5681,53.661],[14.5708,53.6649],[14.5619,53.6662],[14.5525,53.671],[14.5475,53.6754],[14.5436,53.676],[14.5458,53.6801],[14.5442,53.684],[14.5464,53.6849],[14.5464,53.6879],[14.5442,53.689],[14.5447,53.6954],[14.5392,53.7012],[14.5386,53.7043],[14.5425,53.7076],[14.5469,53.7154],[14.5497,53.7271],[14.5553,53.7379],[14.5542,53.7426],[14.5592,53.7521],[14.5569,53.7554],[14.5603,53.7571],[14.5636,53.7549],[14.5669,53.7557],[14.5637,53.7596],[14.5653,53.7629],[14.5686,53.764],[14.5714,53.7615],[14.5714,53.7596],[14.5742,53.7588],[14.5742,53.7562],[14.5825,53.7543],[14.5875,53.7574],[14.5908,53.7624],[14.6075,53.7616],[14.6131,53.7637],[14.6158,53.7671],[14.6164,53.7715],[14.6239,53.7711],[14.6294,53.7737],[14.6405,53.7756],[14.6553,53.7726],[14.658,53.7676],[14.6624,53.7673],[14.6724,53.7711],[14.7004,53.7756],[14.7019,53.7783],[14.6963,53.7824],[14.6984,53.7838],[14.7104,53.7854],[14.7189,53.784],[14.7236,53.7859],[14.7268,53.7943],[14.7258,53.7996],[14.7288,53.8013],[14.7265,53.8041],[14.7291,53.8092],[14.7274,53.8128],[14.7323,53.813],[14.7374,53.8102],[14.737,53.8169],[14.748,53.8159],[14.7481,53.811],[14.7553,53.8036],[14.7618,53.8033],[14.7942,53.8114],[14.8012,53.8101],[14.805,53.811],[14.8081,53.8083],[14.8108,53.8092],[14.8121,53.8031],[14.8144,53.7997],[14.8183,53.7988],[14.8224,53.7938],[14.8312,53.7942],[14.8378,53.7906],[14.8399,53.7944],[14.8452,53.7984],[14.8591,53.8049],[14.8599,53.8103],[14.8649,53.8177],[14.8778,53.8103],[14.8953,53.8139],[14.8979,53.8071],[14.9015,53.805],[14.914,53.8092],[14.9192,53.803],[14.9304,53.799],[14.9294,53.794],[14.9397,53.79],[14.9377,53.7899],[14.9421,53.7825],[14.9466,53.7799],[14.9463,53.7778],[14.9511,53.7775],[14.9499,53.7764],[14.9513,53.7755],[14.9635,53.7736],[14.9629,53.7678],[14.9816,53.7721],[14.9986,53.7809],[15.0026,53.7805],[15.0109,53.7865],[15.0199,53.7833],[15.0335,53.7847],[15.043,53.7833],[15.0671,53.7879],[15.0702,53.785],[15.0725,53.7851],[15.0805,53.789],[15.0801,53.7912],[15.0832,53.7938],[15.0912,53.7965],[15.0918,53.7941],[15.0887,53.7934],[15.0898,53.7903],[15.0984,53.7876],[15.1098,53.7884],[15.1067,53.7872],[15.1238,53.787],[15.1257,53.7861],[15.1238,53.7823],[15.1304,53.784],[15.1315,53.7889],[15.1392,53.7901],[15.136,53.7875],[15.1464,53.7864],[15.1529,53.783],[15.1521,53.7816],[15.1561,53.778],[15.1563,53.7743],[15.1586,53.7719],[15.1625,53.7713],[15.1657,53.7655],[15.1675,53.7651],[15.1697,53.7576],[15.1816,53.7554],[15.1915,53.7516],[15.1876,53.7481],[15.1906,53.7429],[15.1995,53.7398],[15.2064,53.7397],[15.215,53.7297],[15.2216,53.7283],[15.2248,53.7237],[15.2297,53.7222],[15.229,53.7213],[15.2311,53.7206],[15.2282,53.7181],[15.2299,53.7161],[15.2247,53.715],[15.2257,53.7128],[15.2416,53.7099],[15.2462,53.7107],[15.248,53.7093],[15.2475,53.7051],[15.2504,53.7018],[15.2569,53.7037],[15.2615,53.6962],[15.2595,53.6951],[15.2604,53.6928],[15.2568,53.6919],[15.2607,53.683],[15.2599,53.6801],[15.265,53.6782],[15.2676,53.6789],[15.2803,53.6732],[15.2754,53.6683],[15.2729,53.6629],[15.275,53.6601],[15.3018,53.6606],[15.2995,53.6455],[15.313,53.638],[15.3074,53.6348],[15.3077,53.6328],[15.3263,53.6312],[15.3273,53.6298],[15.327,53.6277],[15.3217,53.6272],[15.3221,53.6259],[15.3144,53.6257],[15.3096,53.6219],[15.2731,53.6277],[15.27,53.6222],[15.265,53.6177],[15.2626,53.6184],[15.2573,53.6131],[15.2555,53.6165],[15.254,53.6166],[15.2519,53.6128],[15.2485,53.6115],[15.2456,53.6145],[15.2461,53.6158],[15.2412,53.6166],[15.2409,53.6216],[15.2363,53.6215],[15.2339,53.6245],[15.2292,53.6225],[15.2225,53.6258],[15.2179,53.6245],[15.2167,53.6269],[15.2095,53.627],[15.2058,53.6295],[15.2045,53.6271],[15.212,53.6248],[15.2092,53.6229],[15.2106,53.6205],[15.2091,53.6192],[15.2125,53.617],[15.2128,53.5966],[15.206,53.5958],[15.2099,53.5942],[15.2007,53.5945],[15.1817,53.5899],[15.1786,53.5981],[15.1747,53.5972]]],[[[14.5969,53.6365],[14.5953,53.6343],[14.5919,53.6351],[14.5942,53.6379],[14.5969,53.6365]]],[[[14.5314,53.6707],[14.5265,53.6727],[14.5231,53.6743],[14.5303,53.6771],[14.5353,53.6768],[14.5369,53.6738],[14.5336,53.6724],[14.5336,53.6699],[14.5314,53.6707]]],[[[14.6165,53.773],[14.6168,53.7728],[14.6168,53.7724],[14.6164,53.7724],[14.6165,53.773]]],[[[14.6158,53.7733],[14.6159,53.7733],[14.6161,53.7732],[14.6158,53.7732],[14.6158,53.7733]]]]}},{"type":"Feature","properties":{"GID_2":"POL.16.5_1","GID_0":"POL","COUNTRY":"Poland","GID_1":"POL.16_1","NAME_1":"Zachodniopomorskie","NL_NAME_1":"NA","NAME_2":"Gryfice","VARNAME_2":"NA","NL_NAME_2":"NA","TYPE_2":"Powiat","ENGTYPE_2":"County","CC_2":"3205","HASC_2":"NA"},"geometry":{"type":"MultiPolygon","coordinates":[[[[15.2219,53.7276],[15.215,53.7297],[15.2064,53.7397],[15.1995,53.7398],[15.1906,53.7429],[15.1876,53.7481],[15.1915,53.7516],[15.1816,53.7554],[15.1697,53.7576],[15.1675,53.7651],[15.1657,53.7655],[15.1625,53.7713],[15.1586,53.7719],[15.1564,53.7742],[15.1561,53.778],[15.1521,53.7816],[15.1529,53.783],[15.1487,53.7841],[15.1482,53.7857],[15.1361,53.7874],[15.1392,53.7901],[15.1378,53.7901],[15.1315,53.7889],[15.1304,53.784],[15.1238,53.7823],[15.1257,53.7861],[15.1238,53.787],[15.1067,53.7872],[15.1098,53.7884],[15.0984,53.7876],[15.0898,53.7903],[15.0887,53.7934],[15.0918,53.7941],[15.0912,53.7965],[15.0832,53.7938],[15.0837,53.7984],[15.0958,53.7991],[15.0967,53.8127],[15.0588,53.8152],[15.0614,53.819],[15.0538,53.8203],[15.0579,53.8221],[15.0652,53.8219],[15.0574,53.8224],[15.0581,53.8239],[15.0553,53.8244],[15.0548,53.8308],[15.0484,53.8323],[15.0441,53.8359],[15.0388,53.8373],[15.042,53.8438],[15.0501,53.85],[15.0554,53.8495],[15.0481,53.8651],[15.0416,53.8724],[15.0412,53.8778],[15.0465,53.8822],[15.05,53.8886],[15.0593,53.8897],[15.0611,53.8928],[15.0589,53.8949],[15.0597,53.898],[15.0552,53.9027],[15.0245,53.9121],[15.0213,53.9163],[15.0269,53.924],[15.0389,53.9239],[15.0557,53.9284],[15.0582,53.9314],[15.0748,53.9285],[15.077,53.9295],[15.0747,53.9348],[15.0672,53.936],[15.0606,53.9401],[15.0599,53.9435],[15.0548,53.9445],[15.0567,53.9478],[15.0556,53.9517],[15.0574,53.9634],[15.0597,53.966],[15.0536,53.9673],[15.0421,53.9658],[15.0395,53.9745],[15.036,53.9793],[15.0297,53.9843],[15.0215,53.9867],[15.0165,53.992],[15.0086,53.9928],[15.0062,54.0013],[15.0009,54.0009],[14.9928,54.0055],[14.9844,54.0049],[14.9792,54.0007],[14.9697,54.0053],[14.972,54.0075],[14.9669,54.0058],[14.9656,54.0092],[14.9707,54.0124],[14.9661,54.0123],[14.9654,54.0139],[14.9709,54.0146],[14.9673,54.0186],[14.9743,54.0216],[14.9747,54.0238],[14.9788,54.0238],[14.979,54.0281],[14.983,54.0274],[14.9813,54.0295],[14.9738,54.0311],[14.9703,54.0341],[14.9613,54.048],[14.9541,54.0403],[14.9296,54.0392],[14.9295,54.0419],[14.9246,54.0416],[14.9249,54.0442],[14.9267,54.0442],[14.926,54.0475],[14.9011,54.0447],[14.8958,54.0546],[14.9742,54.0727],[15.0559,54.0941],[15.0912,54.0994],[15.2463,54.1348],[15.2784,54.1442],[15.2842,54.1465],[15.2846,54.1485],[15.286,54.1471],[15.2991,54.1483],[15.388,54.1591],[15.3911,54.1565],[15.3903,54.1531],[15.3881,54.1523],[15.3896,54.1512],[15.3642,54.1307],[15.3534,54.1267],[15.3542,54.1211],[15.3501,54.1182],[15.3585,54.1171],[15.3646,54.112],[15.3712,54.1103],[15.3759,54.1062],[15.3806,54.1058],[15.3839,54.0973],[15.3761,54.0975],[15.3616,54.0881],[15.3549,54.0859],[15.3542,54.084],[15.3584,54.0835],[15.3599,54.0793],[15.3563,54.0772],[15.3474,54.0758],[15.3478,54.0744],[15.3522,54.0735],[15.3666,54.0778],[15.3681,54.0737],[15.3909,54.08],[15.3981,54.0796],[15.3986,54.0816],[15.4008,54.0826],[15.4216,54.0795],[15.4224,54.0775],[15.4299,54.0773],[15.4386,54.0737],[15.4364,54.0701],[15.4438,54.065],[15.4466,54.0598],[15.4525,54.0551],[15.4549,54.0482],[15.4531,54.0462],[15.4504,54.0467],[15.4352,54.0404],[15.4336,54.0359],[15.4348,54.0316],[15.4321,54.0256],[15.4185,54.0186],[15.4226,54.0174],[15.4206,54.0148],[15.431,54.0121],[15.4235,54.007],[15.4212,54.0029],[15.4252,54.0024],[15.4195,53.9893],[15.4209,53.9892],[15.4227,53.976],[15.4261,53.9658],[15.4245,53.9639],[15.424,53.9593],[15.4179,53.9573],[15.4194,53.9545],[15.4229,53.9539],[15.4247,53.9549],[15.4307,53.9536],[15.431,53.9552],[15.4334,53.9556],[15.4357,53.9539],[15.4399,53.9547],[15.4389,53.9535],[15.4444,53.9467],[15.4507,53.9478],[15.4664,53.9403],[15.4633,53.9376],[15.4659,53.9292],[15.4636,53.9269],[15.4592,53.928],[15.4557,53.9259],[15.4491,53.9268],[15.4466,53.9256],[15.4451,53.9206],[15.4335,53.922],[15.4355,53.9212],[15.4329,53.9181],[15.4376,53.9171],[15.4375,53.9148],[15.4395,53.9142],[15.4362,53.9092],[15.4457,53.9048],[15.449,53.9016],[15.4569,53.9007],[15.4512,53.896],[15.4539,53.893],[15.483,53.8899],[15.4836,53.892],[15.4773,53.8941],[15.4773,53.8962],[15.4847,53.8959],[15.4842,53.8944],[15.4862,53.8925],[15.4842,53.8913],[15.4858,53.8893],[15.4784,53.8755],[15.4738,53.8773],[15.473,53.8758],[15.4665,53.8778],[15.4637,53.877],[15.463,53.8695],[15.465,53.8693],[15.4683,53.8624],[15.4663,53.8593],[15.4679,53.8559],[15.4403,53.8464],[15.4286,53.8486],[15.4277,53.8529],[15.4244,53.8552],[15.4193,53.8521],[15.4082,53.8613],[15.402,53.861],[15.4003,53.8587],[15.4007,53.8526],[15.3964,53.8491],[15.3976,53.8472],[15.3962,53.8448],[15.3868,53.8465],[15.374,53.8418],[15.3652,53.8412],[15.3658,53.839],[15.368,53.8392],[15.3692,53.8314],[15.3595,53.8313],[15.3587,53.8277],[15.3539,53.827],[15.3589,53.8219],[15.3533,53.8182],[15.3461,53.8169],[15.3488,53.8155],[15.3457,53.8068],[15.3386,53.8071],[15.3399,53.8004],[15.3436,53.799],[15.3503,53.7992],[15.3565,53.8032],[15.3629,53.8045],[15.3663,53.8011],[15.3525,53.792],[15.3606,53.791],[15.3545,53.7826],[15.3579,53.7791],[15.3445,53.7791],[15.3372,53.7811],[15.3327,53.7724],[15.3294,53.7716],[15.3265,53.7682],[15.326,53.7658],[15.3287,53.764],[15.3278,53.7617],[15.3173,53.7571],[15.3063,53.7539],[15.3043,53.7546],[15.2999,53.7523],[15.2915,53.7542],[15.2851,53.7532],[15.2812,53.7551],[15.2718,53.7528],[15.2714,53.7498],[15.2661,53.7496],[15.2633,53.7476],[15.2656,53.7446],[15.2644,53.7427],[15.252,53.7426],[15.2524,53.7415],[15.2483,53.7391],[15.2435,53.7392],[15.2434,53.7369],[15.2475,53.7358],[15.2417,53.7314],[15.2392,53.7319],[15.2392,53.73],[15.2305,53.7305],[15.2303,53.7287],[15.2276,53.7277],[15.2219,53.7276]]]]}},{"type":"Feature","properties":{"GID_2":"POL.16.6_1","GID_0":"POL","COUNTRY":"Poland","GID_1":"POL.16_1","NAME_1":"Zachodniopomorskie","NL_NAME_1":"NA","NAME_2":"Gryfino","VARNAME_2":"NA","NL_NAME_2":"NA","TYPE_2":"Powiat","ENGTYPE_2":"County","CC_2":"3206","HASC_2":"NA"},"geometry":{"type":"MultiPolygon","coordinates":[[[[14.3217,52.7626],[14.305,52.7655],[14.2788,52.7745],[14.2537,52.7891],[14.2409,52.8001],[14.2301,52.805],[14.2265,52.8103],[14.2175,52.8169],[14.2064,52.8193],[14.1433,52.8239],[14.1316,52.8273],[14.1248,52.8335],[14.1229,52.8377],[14.1237,52.8454],[14.1298,52.8527],[14.1489,52.8664],[14.1577,52.8748],[14.1582,52.8813],[14.1616,52.8881],[14.1523,52.9006],[14.1502,52.9163],[14.1467,52.9208],[14.1454,52.9287],[14.1426,52.9332],[14.1422,52.9388],[14.1441,52.9449],[14.1388,52.9518],[14.1447,52.9622],[14.1622,52.9653],[14.1705,52.9747],[14.1895,52.9798],[14.2069,52.9875],[14.2184,52.9887],[14.2282,52.9923],[14.2356,52.9932],[14.2507,53.0007],[14.259,53.003],[14.2686,53.01],[14.2916,53.02],[14.3068,53.0297],[14.3123,53.0355],[14.3234,53.0416],[14.338,53.0466],[14.3524,53.0589],[14.3578,53.0677],[14.3587,53.072],[14.3661,53.0794],[14.368,53.0836],[14.3675,53.0862],[14.3697,53.0878],[14.3712,53.0946],[14.3702,53.1046],[14.379,53.1129],[14.3832,53.137],[14.3877,53.143],[14.3826,53.146],[14.3711,53.1573],[14.3663,53.172],[14.3698,53.1818],[14.3746,53.1878],[14.3773,53.2017],[14.3858,53.205],[14.3993,53.2068],[14.4059,53.2107],[14.4085,53.2232],[14.4212,53.2343],[14.4308,53.2391],[14.4337,53.2421],[14.436,53.2496],[14.4428,53.2558],[14.4496,53.2595],[14.4501,53.2642],[14.4447,53.2735],[14.4628,53.3018],[14.4699,53.3065],[14.4713,53.3153],[14.4853,53.3125],[14.4843,53.3179],[14.4924,53.324],[14.4915,53.3265],[14.5047,53.3252],[14.5063,53.3307],[14.5035,53.3358],[14.5075,53.34],[14.5196,53.3433],[14.5301,53.3426],[14.539,53.3481],[14.5398,53.3541],[14.546,53.3548],[14.5454,53.3596],[14.5472,53.3613],[14.5548,53.3541],[14.5512,53.3496],[14.5403,53.3432],[14.5308,53.3336],[14.5574,53.3308],[14.5629,53.328],[14.5648,53.3291],[14.5667,53.3274],[14.5666,53.3251],[14.5721,53.3217],[14.5709,53.3238],[14.5846,53.3241],[14.5751,53.3335],[14.5935,53.3365],[14.5902,53.3399],[14.5918,53.3443],[14.5996,53.3478],[14.6058,53.3547],[14.6196,53.3538],[14.621,53.3572],[14.6172,53.3575],[14.6178,53.3623],[14.629,53.3661],[14.635,53.3657],[14.6355,53.3634],[14.6438,53.3647],[14.6584,53.3618],[14.6612,53.3574],[14.6783,53.3529],[14.692,53.3563],[14.6941,53.3587],[14.6919,53.3589],[14.6913,53.3612],[14.7029,53.3597],[14.7192,53.3624],[14.7215,53.3595],[14.7072,53.35],[14.7159,53.3521],[14.7153,53.3496],[14.7182,53.3504],[14.722,53.3484],[14.7199,53.347],[14.7163,53.3485],[14.7134,53.3463],[14.716,53.3444],[14.7143,53.3429],[14.7224,53.3441],[14.7244,53.3381],[14.7318,53.3356],[14.7351,53.3365],[14.7362,53.3355],[14.735,53.3342],[14.7395,53.3348],[14.7386,53.3335],[14.7422,53.3308],[14.7449,53.3321],[14.7463,53.3292],[14.7514,53.3298],[14.7517,53.3278],[14.758,53.328],[14.7678,53.3303],[14.7691,53.3334],[14.768,53.3342],[14.7698,53.3346],[14.7682,53.3356],[14.7648,53.3368],[14.7645,53.3345],[14.7628,53.334],[14.7633,53.3374],[14.7587,53.3394],[14.757,53.3352],[14.7547,53.3369],[14.7577,53.3399],[14.7562,53.3427],[14.7609,53.3419],[14.7615,53.3405],[14.7629,53.3406],[14.7625,53.3423],[14.7687,53.3433],[14.7745,53.3404],[14.7736,53.3391],[14.7758,53.3381],[14.7904,53.3355],[14.7944,53.3335],[14.7947,53.3315],[14.801,53.3301],[14.8009,53.3259],[14.806,53.3207],[14.8078,53.3166],[14.8116,53.317],[14.8159,53.3148],[14.8194,53.3186],[14.8406,53.3202],[14.8502,53.31],[14.8651,53.3117],[14.8688,53.3085],[14.8607,53.3074],[14.8677,53.3041],[14.8658,53.299],[14.8682,53.2986],[14.8695,53.3031],[14.8752,53.3014],[14.8696,53.2944],[14.8689,53.2893],[14.8702,53.2832],[14.8743,53.2781],[14.8666,53.2769],[14.8589,53.2724],[14.8587,53.2663],[14.8623,53.2577],[14.8618,53.2465],[14.8351,53.2467],[14.8144,53.2375],[14.8048,53.2435],[14.7874,53.244],[14.7893,53.2457],[14.7877,53.2474],[14.7828,53.2465],[14.7813,53.2485],[14.7506,53.2621],[14.7498,53.2631],[14.7516,53.2651],[14.749,53.267],[14.7325,53.2676],[14.7316,53.2697],[14.7159,53.2735],[14.7022,53.2457],[14.6961,53.2453],[14.6871,53.2393],[14.6886,53.2365],[14.7021,53.234],[14.7005,53.2223],[14.7092,53.2222],[14.707,53.2191],[14.7112,53.2188],[14.7094,53.2178],[14.7109,53.2167],[14.7087,53.2121],[14.7159,53.212],[14.7177,53.2083],[14.7029,53.2068],[14.6952,53.2084],[14.6926,53.1941],[14.6885,53.1928],[14.6919,53.1911],[14.6899,53.1825],[14.6928,53.1793],[14.6869,53.1798],[14.6869,53.178],[14.6894,53.1779],[14.6965,53.1703],[14.6837,53.1678],[14.6736,53.1695],[14.6701,53.1685],[14.6688,53.1648],[14.6821,53.1625],[14.6915,53.1549],[14.6947,53.1548],[14.7,53.1574],[14.7309,53.1579],[14.7336,53.1538],[14.7281,53.1513],[14.7229,53.1511],[14.7251,53.1498],[14.7226,53.1483],[14.7246,53.146],[14.7214,53.1403],[14.7247,53.1369],[14.7294,53.135],[14.742,53.133],[14.7401,53.1303],[14.7419,53.1303],[14.7341,53.1257],[14.7486,53.1191],[14.7451,53.1174],[14.7469,53.1147],[14.7398,53.1117],[14.7414,53.1087],[14.7384,53.0966],[14.7428,53.0973],[14.7404,53.0956],[14.7419,53.0876],[14.7405,53.083],[14.7388,53.0821],[14.743,53.0816],[14.7405,53.0764],[14.7474,53.0708],[14.747,53.069],[14.7572,53.0687],[14.7511,53.0585],[14.74,53.05],[14.7359,53.0406],[14.7326,53.037],[14.6959,53.007],[14.6994,53.0028],[14.6977,53.0023],[14.704,52.9932],[14.7059,52.9878],[14.7031,52.9722],[14.708,52.9725],[14.7116,52.9712],[14.7113,52.9696],[14.7149,52.9689],[14.7117,52.9643],[14.712,52.9621],[14.7152,52.9609],[14.714,52.9582],[14.7162,52.9585],[14.7192,52.9562],[14.7182,52.9551],[14.7222,52.9503],[14.7376,52.9452],[14.7486,52.9425],[14.7471,52.9437],[14.7552,52.943],[14.7612,52.9404],[14.7578,52.9368],[14.7585,52.9306],[14.7453,52.9289],[14.7468,52.9269],[14.7447,52.9245],[14.7489,52.9203],[14.7458,52.9199],[14.7433,52.922],[14.739,52.9214],[14.7345,52.9248],[14.7319,52.9298],[14.7272,52.9313],[14.7136,52.9268],[14.6968,52.9255],[14.6925,52.9186],[14.6936,52.9141],[14.6911,52.9079],[14.6978,52.904],[14.6953,52.8958],[14.6888,52.892],[14.6664,52.8929],[14.6701,52.8894],[14.6745,52.888],[14.6733,52.8841],[14.6652,52.8839],[14.6631,52.8812],[14.67,52.8774],[14.6857,52.8738],[14.6835,52.8672],[14.6747,52.8667],[14.6743,52.8697],[14.6568,52.8657],[14.6524,52.8588],[14.6476,52.8599],[14.6449,52.8593],[14.6436,52.8571],[14.6488,52.8557],[14.6477,52.8542],[14.6495,52.8531],[14.6471,52.8508],[14.6489,52.8476],[14.6459,52.8467],[14.6557,52.8459],[14.6572,52.8434],[14.6612,52.8435],[14.6617,52.8383],[14.6708,52.8374],[14.6705,52.8362],[14.6552,52.83],[14.6422,52.8282],[14.6372,52.8255],[14.635,52.8235],[14.637,52.8165],[14.6143,52.8143],[14.6161,52.8109],[14.6067,52.7995],[14.6085,52.7843],[14.5961,52.7823],[14.593,52.7798],[14.5983,52.7799],[14.6025,52.7759],[14.5945,52.7723],[14.5964,52.7708],[14.5928,52.7714],[14.5946,52.7674],[14.5836,52.7603],[14.5826,52.7583],[14.5855,52.7573],[14.5825,52.7546],[14.5669,52.7595],[14.5634,52.7523],[14.5626,52.7529],[14.553,52.7417],[14.5321,52.747],[14.5207,52.7378],[14.5171,52.7424],[14.5151,52.7419],[14.5187,52.736],[14.5135,52.7305],[14.5228,52.7252],[14.4908,52.7125],[14.4816,52.7158],[14.4779,52.7129],[14.4777,52.7089],[14.472,52.7038],[14.4667,52.7083],[14.4558,52.7043],[14.4523,52.7016],[14.4638,52.698],[14.44,52.6836],[14.4364,52.6799],[14.4313,52.6829],[14.4287,52.6877],[14.429,52.6906],[14.424,52.6962],[14.4135,52.7008],[14.4049,52.7114],[14.3837,52.7256],[14.3735,52.7367],[14.3609,52.7406],[14.351,52.7515],[14.3389,52.7547],[14.3217,52.7626]]]]}},{"type":"Feature","properties":{"GID_2":"POL.16.7_1","GID_0":"POL","COUNTRY":"Poland","GID_1":"POL.16_1","NAME_1":"Zachodniopomorskie","NL_NAME_1":"NA","NAME_2":"Kamien","VARNAME_2":"NA","NL_NAME_2":"NA","TYPE_2":"Powiat","ENGTYPE_2":"County","CC_2":"3207","HASC_2":"NA"},"geometry":{"type":"MultiPolygon","coordinates":[[[[14.7954,53.8114],[14.7834,53.8096],[14.7618,53.8033],[14.7553,53.8036],[14.7481,53.811],[14.748,53.8159],[14.737,53.8169],[14.7374,53.8102],[14.7323,53.813],[14.7274,53.8128],[14.7291,53.8092],[14.7265,53.8041],[14.7288,53.8013],[14.7258,53.7996],[14.7268,53.7943],[14.7235,53.7859],[14.7189,53.784],[14.7104,53.7854],[14.6987,53.784],[14.6963,53.7824],[14.7019,53.7783],[14.7004,53.7756],[14.6724,53.7711],[14.6624,53.7673],[14.658,53.7676],[14.6553,53.7726],[14.6405,53.7756],[14.6294,53.7737],[14.6239,53.7711],[14.6165,53.771],[14.6164,53.7743],[14.6142,53.7774],[14.6158,53.7824],[14.6108,53.7857],[14.6131,53.7901],[14.6119,53.7974],[14.6131,53.8054],[14.6103,53.8079],[14.6114,53.8107],[14.6075,53.8154],[14.6053,53.8224],[14.6086,53.8254],[14.6186,53.8293],[14.6214,53.8324],[14.6208,53.8393],[14.6192,53.8413],[14.6275,53.8504],[14.6263,53.8554],[14.6331,53.8643],[14.6386,53.8776],[14.6397,53.8843],[14.6447,53.8854],[14.6469,53.8915],[14.6569,53.9007],[14.6703,53.9032],[14.6725,53.9068],[14.6758,53.9079],[14.6814,53.9165],[14.6881,53.9188],[14.6981,53.9162],[14.6953,53.9212],[14.6958,53.9246],[14.7003,53.926],[14.6997,53.9268],[14.7058,53.9315],[14.7142,53.9332],[14.7169,53.9354],[14.7219,53.9354],[14.7219,53.9376],[14.7242,53.9379],[14.7242,53.9396],[14.7175,53.9407],[14.7175,53.9418],[14.7431,53.9396],[14.7458,53.9376],[14.7475,53.9304],[14.7508,53.9263],[14.7492,53.9238],[14.7531,53.9218],[14.7581,53.9235],[14.7614,53.9274],[14.7592,53.9354],[14.7614,53.9424],[14.7647,53.9465],[14.7647,53.9496],[14.7625,53.9501],[14.7603,53.954],[14.7653,53.9632],[14.7625,53.9643],[14.7631,53.9712],[14.7703,53.9746],[14.7881,53.9746],[14.7675,53.979],[14.7653,53.9815],[14.7664,53.9874],[14.7647,53.9935],[14.7692,53.9982],[14.7692,54.0007],[14.7714,54.001],[14.7736,54.0051],[14.7797,54.0096],[14.7858,54.0104],[14.7936,54.0076],[14.8031,54.009],[14.8047,54.0185],[14.8036,54.026],[14.8053,54.0304],[14.7986,54.0324],[14.7914,54.0321],[14.7769,54.0288],[14.7742,54.0268],[14.7753,54.0249],[14.7742,54.0235],[14.7664,54.026],[14.7597,54.0262],[14.7469,54.0204],[14.7319,54.0199],[14.7281,54.0226],[14.7553,54.0268],[14.7722,54.0318],[14.806,54.0386],[14.8958,54.0546],[14.9011,54.0447],[14.926,54.0475],[14.9267,54.0442],[14.9249,54.0442],[14.9246,54.0416],[14.9295,54.0419],[14.9296,54.0392],[14.9541,54.0403],[14.9613,54.048],[14.9703,54.0341],[14.9738,54.0311],[14.9813,54.0295],[14.983,54.0274],[14.979,54.0281],[14.9788,54.0238],[14.9747,54.0238],[14.9743,54.0216],[14.9673,54.0186],[14.9709,54.0146],[14.9654,54.0139],[14.9661,54.0123],[14.9707,54.0124],[14.9656,54.0092],[14.9669,54.0058],[14.972,54.0075],[14.9697,54.0053],[14.9792,54.0007],[14.9844,54.0049],[14.9928,54.0055],[15.0009,54.0009],[15.0062,54.0013],[15.0086,53.9928],[15.0165,53.992],[15.0215,53.9867],[15.0297,53.9843],[15.036,53.9793],[15.0395,53.9745],[15.0421,53.9658],[15.0536,53.9673],[15.0597,53.966],[15.0574,53.9634],[15.0556,53.9517],[15.0567,53.9478],[15.0548,53.9445],[15.0599,53.9435],[15.0606,53.9401],[15.0672,53.936],[15.0747,53.9348],[15.077,53.9295],[15.0748,53.9285],[15.0582,53.9314],[15.0557,53.9284],[15.0389,53.9239],[15.0269,53.924],[15.0213,53.9163],[15.0245,53.9121],[15.0552,53.9027],[15.0591,53.8994],[15.0589,53.8949],[15.0611,53.8928],[15.0593,53.8897],[15.05,53.8886],[15.0465,53.8822],[15.0412,53.8778],[15.0416,53.8724],[15.0481,53.8651],[15.0554,53.8495],[15.0501,53.85],[15.042,53.8438],[15.0388,53.8373],[15.0441,53.8359],[15.0484,53.8323],[15.0548,53.8308],[15.0553,53.8244],[15.0581,53.8239],[15.0574,53.8224],[15.0652,53.8219],[15.0579,53.8221],[15.0538,53.8203],[15.0614,53.819],[15.0588,53.8152],[15.0967,53.8127],[15.0958,53.7991],[15.084,53.7988],[15.0832,53.7938],[15.0801,53.7912],[15.0805,53.789],[15.0725,53.7851],[15.0702,53.785],[15.0671,53.7879],[15.043,53.7833],[15.0335,53.7847],[15.0199,53.7833],[15.0109,53.7865],[15.0026,53.7805],[14.9986,53.7809],[14.9816,53.7721],[14.9629,53.7678],[14.9635,53.7736],[14.9513,53.7755],[14.9499,53.7764],[14.9511,53.7775],[14.9463,53.7778],[14.9466,53.7799],[14.9421,53.7825],[14.9377,53.7899],[14.9397,53.79],[14.9294,53.794],[14.9304,53.799],[14.9192,53.803],[14.914,53.8092],[14.9015,53.805],[14.8979,53.8071],[14.8953,53.8139],[14.8778,53.8103],[14.8649,53.8177],[14.8599,53.8103],[14.8591,53.8049],[14.8452,53.7984],[14.8399,53.7944],[14.8378,53.7906],[14.8312,53.7942],[14.8224,53.7938],[14.8183,53.7988],[14.8144,53.7997],[14.8121,53.8031],[14.8108,53.8092],[14.8081,53.8083],[14.805,53.811],[14.8012,53.8101],[14.7954,53.8114]]],[[[14.6958,53.9685],[14.6947,53.9607],[14.6908,53.9579],[14.6881,53.9518],[14.6936,53.9449],[14.6947,53.9379],[14.6753,53.926],[14.6731,53.9238],[14.6719,53.9182],[14.6636,53.9154],[14.6653,53.9132],[14.6636,53.9079],[14.6514,53.9082],[14.6464,53.9054],[14.6419,53.899],[14.6347,53.8946],[14.6342,53.8899],[14.6303,53.8849],[14.6303,53.8807],[14.6231,53.8782],[14.6231,53.8757],[14.6208,53.8746],[14.6181,53.8671],[14.6164,53.8662],[14.6164,53.861],[14.6192,53.8593],[14.6192,53.8549],[14.6208,53.8551],[14.6231,53.8501],[14.6169,53.841],[14.6164,53.8374],[14.6181,53.8329],[14.6153,53.8307],[14.6064,53.8282],[14.5964,53.8282],[14.5936,53.8265],[14.5936,53.8235],[14.5886,53.8201],[14.5869,53.8151],[14.5942,53.8124],[14.5958,53.8074],[14.5886,53.804],[14.5881,53.8013],[14.5853,53.8037],[14.5803,53.8043],[14.5775,53.8093],[14.5786,53.811],[14.5731,53.8154],[14.5731,53.8182],[14.5714,53.8196],[14.5731,53.8254],[14.5703,53.8296],[14.5808,53.8293],[14.5847,53.8338],[14.5836,53.8399],[14.5747,53.8488],[14.5558,53.8554],[14.5347,53.8593],[14.5219,53.8571],[14.5108,53.8607],[14.4931,53.8626],[14.4897,53.8618],[14.4714,53.8649],[14.4586,53.8649],[14.4425,53.8624],[14.4253,53.8646],[14.4219,53.8668],[14.4214,53.8701],[14.4247,53.8774],[14.4247,53.8812],[14.4258,53.8832],[14.4308,53.8843],[14.4319,53.8885],[14.4297,53.891],[14.4358,53.8929],[14.4364,53.8996],[14.4308,53.899],[14.4247,53.889],[14.4253,53.8849],[14.4219,53.8851],[14.4186,53.8868],[14.4192,53.8882],[14.4169,53.8901],[14.4085,53.8929],[14.408,53.8946],[14.4101,53.8947],[14.4132,53.8986],[14.4121,53.8996],[14.4048,53.8978],[14.4031,53.8989],[14.3917,53.916],[14.4278,53.9253],[14.4513,53.9347],[14.5016,53.9642],[14.5347,53.9703],[14.5916,53.987],[14.6683,54.003],[14.7208,54.019],[14.7266,54.0224],[14.7308,54.0193],[14.7503,54.019],[14.7525,54.0193],[14.7558,54.0238],[14.7597,54.0254],[14.7669,54.0238],[14.7686,54.0143],[14.7675,54.0107],[14.7286,54.0046],[14.7164,53.9976],[14.7019,53.9987],[14.6975,53.9968],[14.6942,53.9921],[14.6997,53.9888],[14.7003,53.9815],[14.6986,53.979],[14.7003,53.9785],[14.7008,53.9701],[14.6958,53.9685]]],[[[14.7331,53.9793],[14.7447,53.9776],[14.7581,53.9715],[14.7558,53.9688],[14.7558,53.966],[14.7608,53.9607],[14.7586,53.9538],[14.7514,53.9515],[14.7481,53.9546],[14.7419,53.9554],[14.7353,53.9512],[14.7219,53.9501],[14.7142,53.9463],[14.7036,53.9474],[14.7025,53.9551],[14.7058,53.9574],[14.7069,53.9629],[14.7103,53.9663],[14.7169,53.9693],[14.7136,53.9718],[14.7131,53.976],[14.7097,53.9776],[14.7103,53.9793],[14.7331,53.9793]]]]}},{"type":"Feature","properties":{"GID_2":"POL.16.8_1","GID_0":"POL","COUNTRY":"Poland","GID_1":"POL.16_1","NAME_1":"Zachodniopomorskie","NL_NAME_1":"NA","NAME_2":"Kolobrzeg","VARNAME_2":"NA","NL_NAME_2":"NA","TYPE_2":"Powiat","ENGTYPE_2":"County","CC_2":"3208","HASC_2":"NA"},"geometry":{"type":"MultiPolygon","coordinates":[[[[15.4329,53.9181],[15.4355,53.9212],[15.4335,53.922],[15.4348,53.9226],[15.4451,53.9206],[15.4466,53.9256],[15.4491,53.9268],[15.4557,53.9259],[15.4592,53.928],[15.4636,53.9269],[15.4659,53.9292],[15.4633,53.9376],[15.4664,53.9403],[15.4635,53.9422],[15.4558,53.9445],[15.4507,53.9478],[15.4444,53.9467],[15.4389,53.9535],[15.4399,53.9547],[15.4357,53.9539],[15.4334,53.9556],[15.431,53.9552],[15.4307,53.9536],[15.4247,53.9549],[15.4229,53.9539],[15.4194,53.9545],[15.4179,53.9573],[15.424,53.9593],[15.4245,53.9639],[15.4261,53.9658],[15.4227,53.976],[15.4209,53.9892],[15.4195,53.9893],[15.4252,54.0024],[15.4212,54.0029],[15.4235,54.007],[15.431,54.0121],[15.4206,54.0148],[15.4226,54.0174],[15.4185,54.0186],[15.4321,54.0256],[15.4348,54.0316],[15.4336,54.0359],[15.4352,54.0404],[15.4504,54.0467],[15.4533,54.0463],[15.4549,54.0482],[15.4525,54.0551],[15.4466,54.0598],[15.4438,54.065],[15.4364,54.0701],[15.4385,54.0738],[15.4299,54.0773],[15.4224,54.0775],[15.4216,54.0795],[15.4148,54.0809],[15.4008,54.0826],[15.3986,54.0816],[15.3981,54.0796],[15.3909,54.08],[15.3681,54.0737],[15.3666,54.0778],[15.3522,54.0735],[15.3484,54.0735],[15.3474,54.0758],[15.3563,54.0772],[15.3599,54.0793],[15.3584,54.0835],[15.3542,54.084],[15.3549,54.0859],[15.3616,54.0881],[15.3761,54.0975],[15.3839,54.0973],[15.3806,54.1058],[15.3759,54.1062],[15.3712,54.1103],[15.3646,54.112],[15.3585,54.1171],[15.3501,54.1182],[15.3542,54.1211],[15.3534,54.1267],[15.3642,54.1307],[15.3896,54.1512],[15.3881,54.1523],[15.3903,54.1531],[15.3911,54.1565],[15.388,54.1591],[15.4294,54.1654],[15.4909,54.1671],[15.5335,54.1779],[15.5501,54.1851],[15.5524,54.1871],[15.5511,54.1898],[15.5542,54.1874],[15.5809,54.1869],[15.6745,54.2008],[15.7565,54.2175],[15.792,54.2272],[15.8051,54.2207],[15.7925,54.2041],[15.8186,54.2044],[15.8129,54.2006],[15.8132,54.1982],[15.8077,54.1983],[15.8087,54.1969],[15.8071,54.1969],[15.804,54.1926],[15.8076,54.1901],[15.8061,54.1884],[15.8073,54.1871],[15.8047,54.1855],[15.8061,54.185],[15.8057,54.1835],[15.8131,54.1798],[15.8185,54.1734],[15.8196,54.1667],[15.8354,54.165],[15.8373,54.1639],[15.837,54.1618],[15.8408,54.1618],[15.8382,54.1578],[15.8374,54.1513],[15.8442,54.1508],[15.8472,54.1472],[15.8802,54.1457],[15.876,54.1394],[15.8805,54.1347],[15.872,54.1286],[15.869,54.1198],[15.8632,54.116],[15.8634,54.1084],[15.8592,54.1098],[15.8582,54.1083],[15.8544,54.1087],[15.8428,54.0973],[15.831,54.0939],[15.834,54.0908],[15.834,54.0839],[15.8211,54.0831],[15.8176,54.076],[15.8124,54.0794],[15.8102,54.0748],[15.8013,54.0775],[15.8005,54.0764],[15.793,54.0775],[15.7918,54.073],[15.7962,54.0715],[15.792,54.0675],[15.7794,54.0694],[15.7765,54.0688],[15.7754,54.0665],[15.7664,54.068],[15.7599,54.0705],[15.7586,54.0714],[15.7594,54.0733],[15.7553,54.0753],[15.7485,54.0768],[15.746,54.0743],[15.743,54.0662],[15.7323,54.0658],[15.7399,54.0601],[15.7449,54.0509],[15.7444,54.0355],[15.7393,54.0271],[15.7438,54.0258],[15.7445,54.0217],[15.7545,54.0105],[15.7476,54.0055],[15.7446,54.0061],[15.7463,54.0005],[15.7281,54.0006],[15.7224,53.9968],[15.7201,53.9911],[15.7315,53.9857],[15.7283,53.9824],[15.7391,53.978],[15.7312,53.9732],[15.7243,53.9733],[15.7217,53.972],[15.7253,53.9704],[15.7235,53.9686],[15.7248,53.9672],[15.7284,53.9672],[15.7257,53.964],[15.7248,53.965],[15.7183,53.9628],[15.7224,53.96],[15.7188,53.9584],[15.7072,53.9577],[15.7057,53.9546],[15.6946,53.9598],[15.6856,53.9619],[15.6733,53.9704],[15.6706,53.9635],[15.652,53.966],[15.6451,53.9643],[15.63,53.9459],[15.6153,53.9398],[15.5875,53.9334],[15.5793,53.9212],[15.5744,53.9168],[15.5532,53.9093],[15.5494,53.9033],[15.5641,53.8897],[15.5639,53.8864],[15.555,53.8878],[15.5474,53.885],[15.5448,53.8866],[15.5414,53.8855],[15.5328,53.8887],[15.5325,53.891],[15.5292,53.8905],[15.5301,53.8884],[15.5285,53.8879],[15.5297,53.8876],[15.5302,53.8843],[15.5291,53.8831],[15.5311,53.8819],[15.5323,53.8784],[15.5306,53.8779],[15.5328,53.8761],[15.5313,53.8736],[15.51,53.8749],[15.5085,53.873],[15.4792,53.8771],[15.4858,53.8893],[15.4842,53.8913],[15.4862,53.8925],[15.4842,53.8944],[15.4847,53.8959],[15.4773,53.8962],[15.4773,53.8941],[15.4836,53.892],[15.483,53.8899],[15.4539,53.893],[15.4512,53.896],[15.4569,53.9007],[15.449,53.9016],[15.4457,53.9048],[15.4375,53.9075],[15.4361,53.9093],[15.4395,53.9142],[15.4375,53.9148],[15.4376,53.9171],[15.4329,53.9181]]]]}},{"type":"Feature","properties":{"GID_2":"POL.16.10_1","GID_0":"POL","COUNTRY":"Poland","GID_1":"POL.16_1","NAME_1":"Zachodniopomorskie","NL_NAME_1":"NA","NAME_2":"Koszalin","VARNAME_2":"NA","NL_NAME_2":"NA","TYPE_2":"Powiat","ENGTYPE_2":"County","CC_2":"3209","HASC_2":"NA"},"geometry":{"type":"MultiPolygon","coordinates":[[[[16.4403,53.9049],[16.4396,53.9062],[16.4426,53.9073],[16.4414,53.9094],[16.4434,53.9118],[16.4419,53.9133],[16.4421,53.9161],[16.4471,53.9227],[16.4338,53.9243],[16.4373,53.9265],[16.4453,53.9271],[16.4473,53.9289],[16.4446,53.93],[16.4462,53.9315],[16.4448,53.9342],[16.4485,53.9379],[16.4427,53.9392],[16.445,53.942],[16.4438,53.9494],[16.457,53.9515],[16.4418,53.9587],[16.4323,53.9617],[16.4283,53.9614],[16.4311,53.9649],[16.4308,53.9671],[16.4014,53.9743],[16.3926,53.9685],[16.3829,53.9687],[16.3775,53.9737],[16.3725,53.9736],[16.369,53.9797],[16.365,53.9803],[16.3692,53.9855],[16.3642,53.9875],[16.3536,53.9864],[16.3579,53.981],[16.3456,53.98],[16.3278,53.9842],[16.3316,53.9867],[16.3285,53.9882],[16.3301,53.9903],[16.3268,53.9908],[16.3306,53.9955],[16.3301,53.9982],[16.3356,53.9993],[16.3377,54.0013],[16.3359,54.0017],[16.3366,54.0026],[16.3415,54.005],[16.3488,54.012],[16.3293,54.0138],[16.3198,54.0169],[16.2862,54.0199],[16.2707,54.0269],[16.2629,54.0254],[16.2597,54.027],[16.259,54.0217],[16.2451,54.022],[16.2344,54.016],[16.2311,54.0195],[16.2332,54.0214],[16.2309,54.0219],[16.2322,54.0235],[16.2346,54.0228],[16.2293,54.0261],[16.2252,54.0284],[16.2241,54.0271],[16.1966,54.035],[16.1879,54.0426],[16.1826,54.0408],[16.1839,54.0386],[16.1804,54.0374],[16.1766,54.0399],[16.1788,54.0422],[16.1759,54.0434],[16.1699,54.0431],[16.1555,54.0481],[16.1441,54.0495],[16.145,54.0509],[16.1411,54.0509],[16.1407,54.0529],[16.1347,54.0545],[16.1337,54.0569],[16.1297,54.0567],[16.1276,54.0589],[16.1223,54.058],[16.1149,54.0638],[16.1106,54.0699],[16.1061,54.0714],[16.1053,54.0785],[16.102,54.0824],[16.0992,54.0842],[16.0864,54.0854],[16.0849,54.091],[16.0872,54.0959],[16.0906,54.0979],[16.086,54.1011],[16.0834,54.1066],[16.0737,54.1124],[16.0667,54.1126],[16.0628,54.1152],[16.0555,54.1145],[16.0542,54.1109],[16.0554,54.1097],[16.053,54.1063],[16.0475,54.1069],[16.0577,54.1031],[16.0568,54.1014],[16.0584,54.0983],[16.0549,54.0952],[16.0315,54.0896],[16.0026,54.0734],[15.9937,54.0766],[15.9931,54.0787],[15.988,54.0808],[15.9826,54.0787],[15.977,54.0734],[15.9588,54.0727],[15.9558,54.0715],[15.9525,54.0666],[15.9489,54.0682],[15.9462,54.0655],[15.9371,54.0707],[15.9434,54.0734],[15.9397,54.0761],[15.9327,54.0773],[15.9231,54.0757],[15.9105,54.0766],[15.9095,54.089],[15.9179,54.0963],[15.9247,54.0971],[15.9324,54.1004],[15.9359,54.1063],[15.934,54.1087],[15.929,54.1104],[15.9176,54.1228],[15.9128,54.1259],[15.9204,54.1312],[15.9221,54.1348],[15.9175,54.1362],[15.9182,54.1387],[15.9171,54.1391],[15.8932,54.1411],[15.8802,54.1457],[15.8472,54.1472],[15.8442,54.1508],[15.8374,54.1513],[15.8382,54.1578],[15.8408,54.1618],[15.837,54.1618],[15.8373,54.1639],[15.8354,54.165],[15.8196,54.1667],[15.8185,54.1734],[15.8131,54.1798],[15.8067,54.1822],[15.8047,54.1855],[15.8073,54.1871],[15.8061,54.1884],[15.8076,54.1901],[15.8041,54.1932],[15.8071,54.1969],[15.8087,54.1969],[15.8077,54.1983],[15.8132,54.1982],[15.8129,54.2006],[15.8186,54.2044],[15.7925,54.2041],[15.8051,54.2207],[15.792,54.2272],[15.8215,54.2357],[15.855,54.2421],[15.9746,54.2514],[16.0254,54.2578],[16.0601,54.2644],[16.1024,54.2744],[16.1511,54.2909],[16.1937,54.3095],[16.2136,54.3205],[16.2156,54.3193],[16.2209,54.3238],[16.2235,54.3229],[16.222,54.32],[16.2307,54.3153],[16.2335,54.3154],[16.2298,54.3177],[16.2315,54.3191],[16.2516,54.3148],[16.2577,54.317],[16.2597,54.3203],[16.2585,54.33],[16.2624,54.3319],[16.2799,54.334],[16.28,54.3322],[16.2844,54.3326],[16.2882,54.3291],[16.2926,54.3283],[16.2906,54.324],[16.2989,54.3195],[16.3028,54.3213],[16.3093,54.3192],[16.319,54.3211],[16.3259,54.3131],[16.3289,54.2988],[16.3356,54.2871],[16.3411,54.2876],[16.3465,54.2828],[16.3895,54.2896],[16.3913,54.2918],[16.3947,54.2923],[16.393,54.2991],[16.3979,54.2992],[16.3966,54.3034],[16.4005,54.3061],[16.3975,54.3086],[16.4029,54.311],[16.4112,54.306],[16.4126,54.3026],[16.4188,54.3005],[16.4278,54.3001],[16.4265,54.2975],[16.409,54.3006],[16.4075,54.299],[16.4122,54.2925],[16.4224,54.2908],[16.4231,54.284],[16.4121,54.2809],[16.4121,54.2758],[16.4074,54.2753],[16.409,54.2723],[16.4078,54.27],[16.4035,54.2714],[16.4014,54.2703],[16.4011,54.2656],[16.3983,54.264],[16.4006,54.2602],[16.3964,54.2594],[16.395,54.2561],[16.4136,54.2523],[16.4438,54.2501],[16.4456,54.2486],[16.4434,54.2385],[16.4275,54.2327],[16.4129,54.2165],[16.438,54.2126],[16.4522,54.2188],[16.4531,54.2176],[16.4647,54.219],[16.465,54.2215],[16.4689,54.2223],[16.4821,54.2221],[16.4875,54.2239],[16.4921,54.2213],[16.4942,54.2231],[16.4976,54.223],[16.497,54.2248],[16.4982,54.2248],[16.4973,54.2263],[16.4986,54.2281],[16.4968,54.2285],[16.4988,54.2302],[16.4967,54.2336],[16.4981,54.2351],[16.4955,54.2391],[16.509,54.2401],[16.529,54.2378],[16.5492,54.2312],[16.5566,54.2265],[16.5688,54.2269],[16.5682,54.2241],[16.5711,54.2241],[16.5688,54.2233],[16.5713,54.2187],[16.5668,54.2196],[16.5625,54.2191],[16.5609,54.2167],[16.5584,54.2174],[16.5582,54.2098],[16.5529,54.2112],[16.5509,54.2094],[16.5521,54.204],[16.5468,54.2051],[16.5408,54.1978],[16.5355,54.1978],[16.5399,54.1964],[16.5409,54.1937],[16.5466,54.1909],[16.562,54.1927],[16.5651,54.1922],[16.5652,54.189],[16.5811,54.1896],[16.6056,54.1931],[16.6072,54.2005],[16.6121,54.2045],[16.6057,54.2075],[16.6048,54.2113],[16.6135,54.2177],[16.6163,54.223],[16.6398,54.2256],[16.6386,54.2244],[16.6402,54.2196],[16.6389,54.2189],[16.6469,54.2179],[16.6504,54.2198],[16.6634,54.2183],[16.6651,54.2136],[16.6644,54.2084],[16.6677,54.2078],[16.6821,54.2142],[16.6898,54.2129],[16.7007,54.2145],[16.7012,54.2179],[16.6965,54.2271],[16.7024,54.2341],[16.7095,54.2382],[16.71,54.242],[16.7264,54.2401],[16.7281,54.2364],[16.7266,54.2359],[16.7289,54.2355],[16.7318,54.2323],[16.7301,54.2317],[16.7288,54.2285],[16.73,54.225],[16.7249,54.2229],[16.724,54.2239],[16.7224,54.2212],[16.7189,54.2211],[16.715,54.217],[16.7167,54.2163],[16.7114,54.2139],[16.7172,54.2121],[16.7159,54.2098],[16.7196,54.2093],[16.7197,54.2024],[16.7327,54.2037],[16.7357,54.1886],[16.7351,54.1846],[16.7287,54.1841],[16.731,54.1784],[16.7489,54.1727],[16.7573,54.161],[16.7568,54.1578],[16.7602,54.1567],[16.7606,54.1577],[16.7644,54.1553],[16.7682,54.1565],[16.7752,54.1555],[16.7736,54.1535],[16.7762,54.1504],[16.7753,54.1469],[16.7766,54.1453],[16.7749,54.1442],[16.7775,54.136],[16.7747,54.1336],[16.78,54.134],[16.7801,54.1322],[16.7841,54.1312],[16.7814,54.1278],[16.7773,54.1273],[16.7784,54.1264],[16.7769,54.1257],[16.7797,54.1241],[16.779,54.1192],[16.7933,54.1213],[16.8046,54.1161],[16.803,54.1153],[16.8038,54.1134],[16.8023,54.1131],[16.801,54.1055],[16.7988,54.1051],[16.7993,54.1014],[16.7935,54.1009],[16.7949,54.0901],[16.7923,54.0792],[16.7982,54.0799],[16.7939,54.0779],[16.7934,54.0752],[16.7983,54.0755],[16.8035,54.0789],[16.8047,54.0759],[16.8126,54.0731],[16.809,54.0706],[16.8084,54.0662],[16.8117,54.0621],[16.8113,54.0604],[16.8066,54.0565],[16.7975,54.0551],[16.7946,54.0497],[16.7943,54.0453],[16.7981,54.0383],[16.7976,54.0353],[16.7859,54.0285],[16.7828,54.0228],[16.7874,54.0178],[16.7886,54.0131],[16.7901,54.013],[16.7887,54.0151],[16.7896,54.016],[16.7926,54.0119],[16.796,54.0126],[16.7944,54.0114],[16.7998,54.011],[16.7895,54.0108],[16.7914,54.0082],[16.7949,54.0082],[16.7943,54.0069],[16.7978,54.0071],[16.7977,54.006],[16.7989,54.0075],[16.7989,54.0057],[16.801,54.005],[16.7995,54.0029],[16.8011,53.9997],[16.7957,53.9954],[16.7971,53.9894],[16.7958,53.9888],[16.7988,53.9868],[16.7928,53.9855],[16.7902,53.9868],[16.7894,53.9895],[16.7797,53.9904],[16.7778,53.9881],[16.7719,53.9896],[16.7691,53.988],[16.7646,53.9892],[16.7645,53.991],[16.7606,53.9927],[16.7616,53.9894],[16.7583,53.9887],[16.7631,53.9854],[16.7592,53.9851],[16.7589,53.9776],[16.7508,53.976],[16.756,53.9748],[16.7557,53.9719],[16.7623,53.9662],[16.7374,53.9581],[16.732,53.9613],[16.7189,53.9534],[16.6903,53.9499],[16.7014,53.9442],[16.7111,53.9365],[16.7145,53.9386],[16.7177,53.9349],[16.7273,53.9233],[16.7101,53.9188],[16.71,53.9136],[16.7171,53.9073],[16.7168,53.9048],[16.7313,53.9005],[16.7371,53.8963],[16.7371,53.8937],[16.7348,53.8911],[16.7301,53.8897],[16.7274,53.8917],[16.7215,53.8893],[16.6997,53.8919],[16.6868,53.8889],[16.6807,53.8894],[16.6766,53.8952],[16.6739,53.8964],[16.6723,53.9016],[16.6637,53.9093],[16.6521,53.9066],[16.6535,53.9029],[16.6341,53.8995],[16.6211,53.9006],[16.6158,53.9064],[16.5934,53.9038],[16.5908,53.8992],[16.5944,53.8974],[16.587,53.8961],[16.5884,53.8918],[16.5867,53.8911],[16.5853,53.8924],[16.5804,53.8903],[16.5811,53.8877],[16.5768,53.8854],[16.5686,53.8879],[16.5582,53.8941],[16.5526,53.8913],[16.5346,53.8884],[16.5355,53.8898],[16.5331,53.8978],[16.525,53.9027],[16.5218,53.9019],[16.4998,53.9077],[16.4895,53.9072],[16.479,53.91],[16.4731,53.9072],[16.4692,53.9086],[16.4641,53.908],[16.4591,53.906],[16.4596,53.9054],[16.4591,53.9048],[16.4543,53.9055],[16.4491,53.9029],[16.4478,53.9038],[16.4455,53.9025],[16.4403,53.9049]],[[16.2212,54.1432],[16.2181,54.1479],[16.2174,54.1544],[16.1993,54.1606],[16.2091,54.1667],[16.2143,54.1651],[16.224,54.1678],[16.2427,54.1654],[16.2612,54.1584],[16.2688,54.1611],[16.269,54.1624],[16.2825,54.1661],[16.2901,54.1587],[16.2963,54.1592],[16.3,54.156],[16.3044,54.1575],[16.2943,54.1645],[16.2929,54.1642],[16.2918,54.1662],[16.2925,54.1724],[16.2871,54.1785],[16.2954,54.1833],[16.3007,54.1831],[16.299,54.1881],[16.3019,54.1886],[16.3011,54.1907],[16.3122,54.1903],[16.3172,54.1932],[16.3192,54.1967],[16.3211,54.1963],[16.3233,54.2016],[16.3205,54.207],[16.313,54.2093],[16.3087,54.2143],[16.2987,54.2195],[16.2957,54.2198],[16.2827,54.2132],[16.2812,54.2171],[16.2789,54.2171],[16.2762,54.2195],[16.2779,54.2212],[16.267,54.2217],[16.265,54.2192],[16.2613,54.2204],[16.2615,54.2217],[16.2494,54.2231],[16.247,54.2254],[16.2272,54.2244],[16.2268,54.2264],[16.2208,54.2256],[16.2174,54.2271],[16.2167,54.229],[16.2053,54.22],[16.1928,54.2154],[16.1802,54.2304],[16.1904,54.2292],[16.1868,54.2344],[16.1912,54.2339],[16.1962,54.2359],[16.1929,54.2392],[16.1974,54.2413],[16.1964,54.2426],[16.2058,54.2426],[16.2076,54.2449],[16.2047,54.2457],[16.204,54.2505],[16.1988,54.2536],[16.1959,54.2578],[16.1917,54.2737],[16.1768,54.277],[16.1687,54.2748],[16.172,54.2707],[16.1715,54.263],[16.1701,54.2618],[16.1668,54.2597],[16.1532,54.2573],[16.1489,54.2528],[16.139,54.2477],[16.1335,54.2475],[16.1324,54.2502],[16.1285,54.242],[16.1368,54.2335],[16.1297,54.2352],[16.1237,54.2319],[16.1256,54.2314],[16.1191,54.227],[16.1181,54.2266],[16.1179,54.2287],[16.1154,54.2282],[16.1156,54.2251],[16.1129,54.2239],[16.1122,54.2251],[16.1106,54.2232],[16.1099,54.2217],[16.1132,54.2194],[16.1131,54.217],[16.1148,54.2169],[16.1115,54.2129],[16.1157,54.2094],[16.1156,54.2048],[16.1144,54.2041],[16.1167,54.2002],[16.1251,54.1969],[16.1375,54.1776],[16.1353,54.1769],[16.1368,54.1736],[16.1493,54.1796],[16.161,54.1713],[16.1608,54.1682],[16.1625,54.1674],[16.1646,54.1619],[16.1668,54.1633],[16.1769,54.1563],[16.1807,54.1569],[16.193,54.1522],[16.1876,54.1492],[16.1879,54.1463],[16.1819,54.1412],[16.1801,54.1374],[16.1906,54.1395],[16.2002,54.1377],[16.2212,54.1432]]]]}},{"type":"Feature","properties":{"GID_2":"POL.16.9_1","GID_0":"POL","COUNTRY":"Poland","GID_1":"POL.16_1","NAME_1":"Zachodniopomorskie","NL_NAME_1":"NA","NAME_2":"Koszalin","VARNAME_2":"NA","NL_NAME_2":"NA","TYPE_2":"Miastonaprawachpowiatu","ENGTYPE_2":"Citywithpowiatrights","CC_2":"3261","HASC_2":"NA"},"geometry":{"type":"MultiPolygon","coordinates":[[[[16.1166,54.2008],[16.1144,54.2041],[16.1156,54.2048],[16.1157,54.2094],[16.1115,54.2129],[16.1148,54.2169],[16.1131,54.217],[16.1132,54.2194],[16.1099,54.2217],[16.1106,54.2232],[16.1122,54.2251],[16.1129,54.2239],[16.1156,54.2251],[16.1154,54.2282],[16.1179,54.2287],[16.1181,54.2266],[16.1191,54.227],[16.1256,54.2314],[16.1237,54.2319],[16.1297,54.2352],[16.1368,54.2335],[16.1285,54.242],[16.1324,54.2502],[16.1335,54.2475],[16.139,54.2477],[16.1489,54.2528],[16.1532,54.2573],[16.1668,54.2597],[16.1715,54.263],[16.1709,54.2666],[16.1722,54.2679],[16.172,54.2707],[16.1687,54.2748],[16.1768,54.277],[16.1917,54.2737],[16.1959,54.2578],[16.1988,54.2536],[16.204,54.2505],[16.2047,54.2457],[16.2076,54.2449],[16.2058,54.2426],[16.1964,54.2426],[16.1974,54.2413],[16.1929,54.2392],[16.1962,54.2359],[16.1912,54.2339],[16.1868,54.2344],[16.1904,54.2292],[16.1802,54.2304],[16.1928,54.2154],[16.2053,54.22],[16.2167,54.229],[16.2174,54.2271],[16.2208,54.2256],[16.2268,54.2264],[16.2272,54.2244],[16.247,54.2254],[16.2494,54.2231],[16.2615,54.2217],[16.2613,54.2204],[16.265,54.2192],[16.267,54.2217],[16.2779,54.2212],[16.2762,54.2195],[16.2789,54.2171],[16.2812,54.2171],[16.2827,54.2132],[16.2957,54.2198],[16.2987,54.2195],[16.3087,54.2143],[16.313,54.2093],[16.3205,54.207],[16.3233,54.2016],[16.3211,54.1963],[16.3192,54.1967],[16.3172,54.1932],[16.3122,54.1903],[16.3011,54.1907],[16.3019,54.1886],[16.299,54.1881],[16.3007,54.1831],[16.2954,54.1833],[16.2871,54.1785],[16.2925,54.1724],[16.2918,54.1662],[16.2929,54.1642],[16.2943,54.1645],[16.3044,54.1575],[16.3,54.156],[16.2963,54.1592],[16.2901,54.1587],[16.2825,54.1661],[16.269,54.1624],[16.2688,54.1611],[16.2615,54.1584],[16.2423,54.1655],[16.224,54.1678],[16.2143,54.1651],[16.2091,54.1667],[16.1993,54.1606],[16.2174,54.1544],[16.2181,54.1479],[16.2212,54.1432],[16.2002,54.1377],[16.1906,54.1395],[16.1804,54.1374],[16.1819,54.1412],[16.1879,54.1463],[16.1876,54.1492],[16.193,54.1522],[16.1807,54.1569],[16.1769,54.1563],[16.1668,54.1633],[16.1646,54.1619],[16.1625,54.1674],[16.1608,54.1682],[16.161,54.1713],[16.1493,54.1796],[16.1368,54.1736],[16.1353,54.1769],[16.1375,54.1776],[16.1251,54.1969],[16.1166,54.2008]]]]}},{"type":"Feature","properties":{"GID_2":"POL.16.11_1","GID_0":"POL","COUNTRY":"Poland","GID_1":"POL.16_1","NAME_1":"Zachodniopomorskie","NL_NAME_1":"NA","NAME_2":"Lobez","VARNAME_2":"NA","NL_NAME_2":"NA","TYPE_2":"Powiat","ENGTYPE_2":"County","CC_2":"3218","HASC_2":"NA"},"geometry":{"type":"MultiPolygon","coordinates":[[[[15.7139,53.5698],[15.7115,53.5672],[15.7143,53.5654],[15.7139,53.5626],[15.7085,53.5587],[15.7138,53.5546],[15.7107,53.5521],[15.7094,53.5479],[15.7066,53.5474],[15.7083,53.5459],[15.7055,53.5448],[15.7075,53.5402],[15.7014,53.5416],[15.7035,53.538],[15.7002,53.5365],[15.7014,53.5351],[15.6999,53.5332],[15.7011,53.5317],[15.7056,53.5313],[15.705,53.5293],[15.7007,53.5279],[15.7064,53.527],[15.7153,53.5283],[15.7245,53.5261],[15.7264,53.5251],[15.7199,53.5146],[15.7339,53.5126],[15.7357,53.5121],[15.7354,53.5109],[15.7273,53.5108],[15.7185,53.5137],[15.7157,53.5129],[15.7171,53.5091],[15.7093,53.5063],[15.7064,53.5081],[15.7018,53.5062],[15.7049,53.5034],[15.704,53.5022],[15.7065,53.5012],[15.7064,53.4995],[15.7049,53.4975],[15.6968,53.4982],[15.6974,53.4965],[15.6888,53.4847],[15.6781,53.4823],[15.6579,53.4849],[15.6527,53.4835],[15.6499,53.4809],[15.6288,53.4814],[15.6278,53.4856],[15.618,53.4908],[15.623,53.4934],[15.6224,53.4947],[15.6263,53.4939],[15.6279,53.4951],[15.6248,53.5016],[15.6078,53.5065],[15.5898,53.5046],[15.5853,53.5054],[15.5828,53.503],[15.5839,53.5004],[15.5793,53.4961],[15.5736,53.4946],[15.568,53.4954],[15.5665,53.495],[15.5671,53.4936],[15.5645,53.4933],[15.5605,53.4963],[15.5567,53.4966],[15.5528,53.4891],[15.5395,53.4825],[15.5308,53.4803],[15.5156,53.4708],[15.5072,53.4717],[15.5062,53.4709],[15.5089,53.4689],[15.508,53.468],[15.5018,53.4745],[15.4789,53.4742],[15.4756,53.4765],[15.468,53.4771],[15.4655,53.4822],[15.4537,53.4887],[15.4558,53.4909],[15.4471,53.5008],[15.4378,53.5035],[15.4345,53.5022],[15.428,53.5028],[15.4281,53.5048],[15.4251,53.5052],[15.4227,53.5075],[15.4231,53.5097],[15.4296,53.5087],[15.4298,53.5108],[15.4358,53.5095],[15.4372,53.5108],[15.4303,53.515],[15.4305,53.5169],[15.4273,53.5187],[15.4273,53.5207],[15.4186,53.5219],[15.4134,53.5173],[15.4059,53.5179],[15.399,53.5238],[15.3941,53.532],[15.4002,53.542],[15.3969,53.544],[15.3941,53.5485],[15.3538,53.5332],[15.3451,53.5311],[15.3371,53.5316],[15.3249,53.5149],[15.3204,53.5119],[15.3079,53.5084],[15.3062,53.506],[15.2867,53.5042],[15.286,53.508],[15.291,53.5094],[15.2885,53.513],[15.2897,53.5213],[15.2883,53.5247],[15.2784,53.5242],[15.2715,53.5202],[15.271,53.5213],[15.2743,53.5243],[15.2635,53.5311],[15.2595,53.5308],[15.2581,53.5335],[15.2523,53.5338],[15.2508,53.5373],[15.2455,53.5339],[15.2392,53.5344],[15.2365,53.5314],[15.2248,53.5318],[15.2212,53.5374],[15.2188,53.5376],[15.2196,53.5449],[15.2163,53.5449],[15.2159,53.547],[15.1984,53.5461],[15.1951,53.5464],[15.1911,53.5508],[15.154,53.5535],[15.1539,53.5561],[15.1482,53.5562],[15.1467,53.5612],[15.1446,53.563],[15.1535,53.5664],[15.1471,53.5668],[15.1482,53.5695],[15.1547,53.5682],[15.1569,53.5684],[15.1572,53.5709],[15.1639,53.5706],[15.1672,53.5848],[15.1784,53.5838],[15.1804,53.5824],[15.1797,53.5798],[15.1824,53.5799],[15.1821,53.5836],[15.1729,53.5874],[15.1758,53.594],[15.1747,53.5972],[15.1786,53.5981],[15.1817,53.5899],[15.2007,53.5945],[15.2099,53.5942],[15.206,53.5958],[15.2128,53.5966],[15.2125,53.617],[15.2091,53.6192],[15.2106,53.6205],[15.2092,53.6229],[15.212,53.6248],[15.2045,53.6271],[15.2058,53.6295],[15.2095,53.627],[15.2167,53.6269],[15.2179,53.6245],[15.2225,53.6258],[15.2292,53.6225],[15.2339,53.6245],[15.2363,53.6215],[15.2409,53.6216],[15.2412,53.6166],[15.2461,53.6158],[15.2456,53.6145],[15.2485,53.6115],[15.2519,53.6128],[15.254,53.6166],[15.2555,53.6165],[15.2573,53.6131],[15.2626,53.6184],[15.265,53.6177],[15.27,53.6222],[15.2731,53.6277],[15.3096,53.6219],[15.3144,53.6257],[15.3221,53.6259],[15.3217,53.6272],[15.327,53.6277],[15.3264,53.6312],[15.3077,53.6328],[15.3074,53.6348],[15.313,53.638],[15.2995,53.6455],[15.3018,53.6606],[15.275,53.6601],[15.2729,53.6629],[15.2754,53.6683],[15.2803,53.6732],[15.2676,53.6789],[15.265,53.6782],[15.2599,53.6801],[15.2607,53.683],[15.2568,53.6919],[15.2604,53.6928],[15.2595,53.6951],[15.2615,53.6962],[15.2569,53.7037],[15.2504,53.7018],[15.2475,53.7051],[15.248,53.7093],[15.2462,53.7107],[15.2416,53.7099],[15.2257,53.7128],[15.2247,53.715],[15.2299,53.7161],[15.2282,53.7181],[15.2311,53.7206],[15.2248,53.7237],[15.2225,53.7268],[15.2303,53.7287],[15.2305,53.7305],[15.2392,53.73],[15.2392,53.7319],[15.2417,53.7314],[15.2475,53.7358],[15.2434,53.7369],[15.2435,53.7392],[15.2483,53.7391],[15.2524,53.7415],[15.252,53.7426],[15.2644,53.7427],[15.2656,53.7446],[15.2633,53.7476],[15.2661,53.7496],[15.2714,53.7498],[15.2718,53.7528],[15.2812,53.7551],[15.2851,53.7532],[15.2915,53.7542],[15.2999,53.7523],[15.3043,53.7546],[15.3063,53.7539],[15.3173,53.7571],[15.3278,53.7617],[15.3287,53.764],[15.326,53.7658],[15.3265,53.7682],[15.3294,53.7716],[15.3327,53.7724],[15.3372,53.7811],[15.3445,53.7791],[15.3579,53.7791],[15.3545,53.7826],[15.3606,53.791],[15.3525,53.792],[15.3663,53.8011],[15.3629,53.8045],[15.3565,53.8032],[15.3503,53.7992],[15.3436,53.799],[15.3399,53.8004],[15.3386,53.8071],[15.3457,53.8068],[15.3488,53.8155],[15.3461,53.8169],[15.3533,53.8182],[15.3589,53.8219],[15.3539,53.827],[15.3587,53.8277],[15.3595,53.8313],[15.3692,53.8314],[15.368,53.8392],[15.3658,53.839],[15.3652,53.8412],[15.374,53.8418],[15.3868,53.8465],[15.3962,53.8448],[15.3976,53.8472],[15.3964,53.8491],[15.4007,53.8526],[15.4003,53.8587],[15.402,53.861],[15.4082,53.8613],[15.4193,53.8521],[15.4244,53.8552],[15.4277,53.8529],[15.4286,53.8486],[15.4403,53.8464],[15.4651,53.8548],[15.468,53.856],[15.4663,53.8593],[15.4683,53.8624],[15.465,53.8693],[15.463,53.8695],[15.4637,53.877],[15.4651,53.8778],[15.473,53.8758],[15.4738,53.8773],[15.4784,53.8755],[15.4792,53.8771],[15.5085,53.873],[15.51,53.8749],[15.5313,53.8736],[15.5312,53.8717],[15.5385,53.8707],[15.538,53.8681],[15.5419,53.8666],[15.5379,53.8637],[15.5384,53.8611],[15.5356,53.857],[15.5391,53.8559],[15.5429,53.8518],[15.5482,53.8516],[15.5556,53.848],[15.556,53.8452],[15.5579,53.8448],[15.5574,53.8413],[15.5592,53.8407],[15.5585,53.8381],[15.5629,53.8355],[15.5604,53.8338],[15.5618,53.8321],[15.5605,53.8304],[15.5636,53.8288],[15.5587,53.8274],[15.5596,53.8254],[15.5573,53.8254],[15.5575,53.8231],[15.555,53.8221],[15.5561,53.821],[15.5547,53.8196],[15.5614,53.8118],[15.5595,53.8108],[15.5609,53.8033],[15.5632,53.7999],[15.5677,53.7973],[15.5655,53.7927],[15.5759,53.7835],[15.5778,53.7785],[15.5846,53.7758],[15.5863,53.7723],[15.5896,53.7714],[15.5937,53.7666],[15.5909,53.7641],[15.5969,53.7601],[15.5968,53.758],[15.6031,53.7547],[15.6084,53.7558],[15.6265,53.7502],[15.6456,53.7346],[15.6462,53.7325],[15.6441,53.7309],[15.6501,53.73],[15.653,53.7261],[15.6627,53.7237],[15.6591,53.7216],[15.6611,53.72],[15.6599,53.7188],[15.6627,53.7185],[15.6666,53.7151],[15.6723,53.7141],[15.6775,53.7101],[15.6765,53.7095],[15.6782,53.7084],[15.6776,53.7073],[15.6798,53.7064],[15.68,53.7038],[15.6838,53.6989],[15.6811,53.6949],[15.6906,53.6937],[15.7,53.6871],[15.7083,53.6846],[15.7156,53.6844],[15.7179,53.6826],[15.7217,53.6833],[15.7239,53.6811],[15.7276,53.6806],[15.7282,53.6776],[15.7363,53.6804],[15.7391,53.6775],[15.743,53.6762],[15.7517,53.6761],[15.7536,53.6698],[15.76,53.6658],[15.7907,53.66],[15.7877,53.6518],[15.7945,53.6465],[15.7934,53.6452],[15.7979,53.6437],[15.8001,53.6397],[15.7733,53.6359],[15.7725,53.6268],[15.7814,53.6244],[15.7835,53.6218],[15.7811,53.6208],[15.7798,53.6167],[15.7768,53.6146],[15.7734,53.6151],[15.7724,53.6125],[15.7768,53.609],[15.7773,53.6029],[15.7754,53.6006],[15.7755,53.597],[15.7775,53.5961],[15.7746,53.5939],[15.7754,53.5929],[15.7728,53.5921],[15.7561,53.5973],[15.7496,53.5928],[15.7395,53.5781],[15.7382,53.5786],[15.7322,53.571],[15.73,53.5726],[15.7261,53.5717],[15.7266,53.5738],[15.7192,53.5744],[15.7146,53.5721],[15.7139,53.5698]]]]}},{"type":"Feature","properties":{"GID_2":"POL.16.12_1","GID_0":"POL","COUNTRY":"Poland","GID_1":"POL.16_1","NAME_1":"Zachodniopomorskie","NL_NAME_1":"NA","NAME_2":"Mysliborz","VARNAME_2":"NA","NL_NAME_2":"NA","TYPE_2":"Powiat","ENGTYPE_2":"County","CC_2":"3210","HASC_2":"NA"},"geometry":{"type":"MultiPolygon","coordinates":[[[[14.5624,52.625],[14.54,52.6313],[14.5275,52.6372],[14.5097,52.6416],[14.491,52.6508],[14.4711,52.6578],[14.4616,52.6641],[14.4587,52.6726],[14.4553,52.6758],[14.4501,52.6784],[14.4364,52.6799],[14.44,52.6836],[14.4638,52.698],[14.4523,52.7016],[14.4558,52.7043],[14.4667,52.7083],[14.472,52.7038],[14.4777,52.7089],[14.4779,52.7129],[14.4816,52.7158],[14.4908,52.7125],[14.5228,52.7252],[14.5135,52.7305],[14.5187,52.736],[14.5151,52.7419],[14.5171,52.7424],[14.5207,52.7378],[14.5321,52.747],[14.553,52.7417],[14.5626,52.7529],[14.5634,52.7523],[14.5669,52.7595],[14.5825,52.7546],[14.5855,52.7573],[14.5826,52.7583],[14.5836,52.7603],[14.5946,52.7674],[14.5928,52.7714],[14.5964,52.7708],[14.5945,52.7723],[14.6025,52.7759],[14.5983,52.7799],[14.593,52.7798],[14.5961,52.7823],[14.6085,52.7843],[14.6067,52.7995],[14.6161,52.8109],[14.6143,52.8143],[14.637,52.8165],[14.635,52.8235],[14.6372,52.8255],[14.6422,52.8282],[14.6552,52.83],[14.6705,52.8362],[14.6708,52.8374],[14.6617,52.8383],[14.6612,52.8435],[14.6572,52.8434],[14.6557,52.8459],[14.6459,52.8467],[14.6489,52.8476],[14.6471,52.8508],[14.6495,52.8531],[14.6477,52.8542],[14.6488,52.8557],[14.6436,52.8579],[14.6476,52.8599],[14.6524,52.8588],[14.6568,52.8657],[14.6719,52.8694],[14.6743,52.8697],[14.6747,52.8667],[14.6835,52.8672],[14.6857,52.8738],[14.67,52.8774],[14.6631,52.8812],[14.6652,52.8839],[14.6733,52.8841],[14.6745,52.888],[14.6701,52.8894],[14.6664,52.8929],[14.6888,52.892],[14.6953,52.8958],[14.6978,52.904],[14.6911,52.9079],[14.6936,52.9141],[14.6925,52.9186],[14.6968,52.9255],[14.7136,52.9268],[14.7272,52.9313],[14.7319,52.9298],[14.7345,52.9248],[14.739,52.9214],[14.7433,52.922],[14.7458,52.9199],[14.7489,52.9203],[14.7447,52.9245],[14.7468,52.9269],[14.7458,52.9297],[14.759,52.931],[14.7578,52.9368],[14.7612,52.9404],[14.7552,52.943],[14.7471,52.9437],[14.7492,52.9429],[14.7486,52.9425],[14.7376,52.9452],[14.7222,52.9503],[14.7182,52.9551],[14.7192,52.9562],[14.7162,52.9585],[14.714,52.9582],[14.7152,52.9609],[14.712,52.9621],[14.7117,52.9643],[14.7149,52.9689],[14.7113,52.9696],[14.7116,52.9712],[14.708,52.9725],[14.7031,52.9722],[14.7059,52.9878],[14.704,52.9932],[14.6977,53.0023],[14.6994,53.0028],[14.6959,53.007],[14.7326,53.037],[14.7438,53.0317],[14.7634,53.0265],[14.7902,53.0229],[14.788,53.0224],[14.7933,53.018],[14.7952,53.0139],[14.8095,53.012],[14.8126,53.0086],[14.837,53.016],[14.8324,53.0153],[14.8263,53.0179],[14.8145,53.019],[14.8123,53.0242],[14.8219,53.029],[14.8219,53.0317],[14.8146,53.0317],[14.8087,53.0335],[14.8102,53.0351],[14.8174,53.0359],[14.8096,53.038],[14.8101,53.0428],[14.8177,53.0428],[14.8276,53.0479],[14.8307,53.0556],[14.8366,53.0588],[14.849,53.0626],[14.8572,53.0577],[14.8689,53.0542],[14.8721,53.0506],[14.9041,53.0532],[14.8997,53.0475],[14.9077,53.0457],[14.906,53.0444],[14.9061,53.0423],[14.9162,53.043],[14.9207,53.0345],[14.9173,53.0344],[14.9166,53.0325],[14.9172,53.0245],[14.9138,53.0251],[14.9126,53.0235],[14.9088,53.0238],[14.9044,53.0216],[14.8988,53.0221],[14.8969,53.0248],[14.8945,53.0234],[14.8946,53.019],[14.8965,53.0197],[14.9074,53.0171],[14.9035,53.0151],[14.8984,53.0186],[14.8948,53.0145],[14.8963,53.0128],[14.8988,53.0134],[14.8982,53.0116],[14.9021,53.0102],[14.9082,53.0031],[14.8989,53.0042],[14.8961,53.0074],[14.8933,53.0053],[14.8727,53.0084],[14.8926,53.0045],[14.8936,53.001],[14.8906,52.9981],[14.8931,52.9946],[14.9001,52.99],[14.9059,52.9886],[14.9096,52.99],[14.9084,52.9955],[14.9062,52.9961],[14.907,53.0019],[14.9117,52.9987],[14.9161,52.999],[14.9233,52.99],[14.9213,52.9895],[14.9202,52.9872],[14.9299,52.9883],[14.9325,52.9839],[14.9301,52.9821],[14.9445,52.9827],[14.9459,52.9817],[14.9445,52.9805],[14.9467,52.9794],[14.9516,52.9817],[14.9574,52.9814],[14.957,52.977],[14.9603,52.9747],[14.96,52.9726],[14.9763,52.9703],[14.9844,52.9804],[14.9879,52.9816],[14.9894,52.9856],[14.9879,52.9869],[14.9962,52.9891],[14.9903,52.9946],[15.0054,52.9948],[15.006,52.9959],[15.0234,52.9917],[15.0225,52.9906],[15.0334,52.9894],[15.0349,52.9916],[15.033,52.9934],[15.0398,52.9974],[15.0431,52.9969],[15.044,52.9996],[15.0496,53.0025],[15.0498,53.0071],[15.0485,53.0078],[15.0494,53.0111],[15.0441,53.0153],[15.0451,53.0175],[15.0409,53.0256],[15.0436,53.0265],[15.0392,53.0338],[15.0357,53.0366],[15.019,53.0353],[15.0203,53.0454],[15.0224,53.0468],[15.0296,53.0495],[15.0351,53.0482],[15.0358,53.0527],[15.0382,53.0541],[15.0575,53.0568],[15.0573,53.0583],[15.06,53.0596],[15.0656,53.0594],[15.0723,53.0583],[15.0805,53.0424],[15.0849,53.0381],[15.087,53.0404],[15.1052,53.0385],[15.1398,53.0284],[15.1446,53.0368],[15.155,53.0487],[15.1588,53.061],[15.1825,53.0716],[15.1902,53.0793],[15.1923,53.0789],[15.1973,53.0819],[15.1986,53.0851],[15.2191,53.0758],[15.2131,53.0669],[15.2149,53.0629],[15.2139,53.0585],[15.2057,53.0512],[15.2078,53.0478],[15.2051,53.046],[15.2055,53.0441],[15.2195,53.0437],[15.2207,53.0424],[15.2176,53.0416],[15.2179,53.0399],[15.2332,53.035],[15.2379,53.0363],[15.2435,53.035],[15.2391,53.0298],[15.2418,53.028],[15.2395,53.0258],[15.2424,53.0254],[15.243,53.0198],[15.2456,53.02],[15.2494,53.0284],[15.2529,53.0277],[15.2526,53.0264],[15.258,53.0264],[15.2578,53.0179],[15.2481,53.019],[15.2479,53.0169],[15.2597,53.0147],[15.2597,53.0171],[15.263,53.0189],[15.2623,53.0149],[15.264,53.0132],[15.2829,53.0091],[15.283,52.9977],[15.2875,52.9834],[15.2981,52.9824],[15.2889,52.9802],[15.2921,52.9727],[15.2972,52.9675],[15.2856,52.9584],[15.2869,52.9571],[15.2838,52.954],[15.2833,52.9455],[15.292,52.9328],[15.3023,52.9264],[15.3079,52.9193],[15.3196,52.9094],[15.3222,52.903],[15.3317,52.9044],[15.3327,52.9018],[15.3323,52.8985],[15.3268,52.8948],[15.3224,52.8942],[15.3219,52.8958],[15.2856,52.886],[15.2881,52.882],[15.2875,52.8796],[15.2838,52.8817],[15.2811,52.887],[15.2788,52.8854],[15.2804,52.8847],[15.2757,52.8834],[15.2765,52.8827],[15.1665,52.8543],[15.163,52.8545],[15.1592,52.8572],[15.1576,52.8528],[15.0718,52.8306],[15.0682,52.8334],[15.0684,52.837],[15.0652,52.839],[15.0546,52.8432],[15.0491,52.8435],[15.0447,52.8497],[15.041,52.8593],[15.0375,52.862],[15.0281,52.8569],[15.0211,52.8577],[15.0148,52.8568],[15.0131,52.8546],[15.0087,52.8546],[15.0072,52.8537],[15.0096,52.8477],[15.0021,52.8472],[14.9987,52.8446],[14.9908,52.8425],[14.9878,52.8465],[14.9892,52.8482],[14.9881,52.8509],[14.9816,52.8489],[14.9791,52.8537],[14.9809,52.8548],[14.98,52.8599],[14.9831,52.8615],[14.9783,52.8662],[14.9688,52.8697],[14.9633,52.8677],[14.9564,52.8709],[14.9489,52.8715],[14.9546,52.8744],[14.9489,52.8785],[14.9445,52.8764],[14.9315,52.8818],[14.935,52.8844],[14.9339,52.8851],[14.9233,52.8829],[14.9261,52.8883],[14.9254,52.8897],[14.9095,52.8873],[14.9042,52.8839],[14.9017,52.8758],[14.8968,52.8724],[14.893,52.8656],[14.8941,52.8642],[14.8924,52.8637],[14.894,52.8619],[14.8903,52.8607],[14.8953,52.8553],[14.9029,52.8559],[14.9048,52.854],[14.9103,52.8552],[14.9137,52.8505],[14.9186,52.8487],[14.9192,52.8439],[14.9108,52.8382],[14.9019,52.8373],[14.8956,52.8331],[14.8949,52.8404],[14.8884,52.8463],[14.8651,52.8466],[14.8634,52.8434],[14.8654,52.8434],[14.866,52.8406],[14.8733,52.8338],[14.8594,52.8279],[14.8558,52.8307],[14.851,52.8281],[14.8546,52.8241],[14.8537,52.822],[14.8574,52.8206],[14.8544,52.8195],[14.8586,52.8176],[14.8545,52.8162],[14.8567,52.8153],[14.8549,52.8124],[14.8679,52.8122],[14.8652,52.8096],[14.8662,52.8079],[14.8638,52.8062],[14.8656,52.8037],[14.8616,52.8024],[14.8636,52.8008],[14.8618,52.8003],[14.8653,52.792],[14.8546,52.7907],[14.8546,52.7922],[14.8444,52.7903],[14.8485,52.7849],[14.8505,52.7852],[14.8489,52.7774],[14.8363,52.7774],[14.8395,52.7759],[14.8296,52.7733],[14.8155,52.7744],[14.8135,52.773],[14.8149,52.7721],[14.8107,52.7696],[14.809,52.7649],[14.8045,52.7627],[14.801,52.7585],[14.7913,52.757],[14.792,52.7544],[14.7894,52.752],[14.7997,52.7375],[14.7952,52.7359],[14.7979,52.7265],[14.7965,52.7178],[14.7914,52.7046],[14.7916,52.6971],[14.7783,52.6822],[14.7651,52.6737],[14.7636,52.6704],[14.7554,52.6712],[14.7524,52.6689],[14.7491,52.6621],[14.7476,52.6471],[14.7492,52.6444],[14.7422,52.6432],[14.7434,52.6413],[14.7301,52.642],[14.7326,52.6405],[14.729,52.6373],[14.7249,52.6362],[14.7268,52.6339],[14.722,52.6326],[14.7218,52.631],[14.7152,52.6326],[14.6917,52.6331],[14.6899,52.6334],[14.6899,52.6358],[14.6697,52.6378],[14.6583,52.6423],[14.6591,52.6446],[14.6636,52.6463],[14.6625,52.648],[14.6472,52.6512],[14.6504,52.6533],[14.6383,52.6593],[14.6286,52.6604],[14.6285,52.6548],[14.5827,52.6324],[14.5772,52.6335],[14.5781,52.635],[14.5767,52.6364],[14.5745,52.6356],[14.5716,52.629],[14.5688,52.6298],[14.564,52.6247],[14.5624,52.625]]]]}},{"type":"Feature","properties":{"GID_2":"POL.16.13_1","GID_0":"POL","COUNTRY":"Poland","GID_1":"POL.16_1","NAME_1":"Zachodniopomorskie","NL_NAME_1":"NA","NAME_2":"Police","VARNAME_2":"NA","NL_NAME_2":"NA","TYPE_2":"Powiat","ENGTYPE_2":"County","CC_2":"3211","HASC_2":"NA"},"geometry":{"type":"MultiPolygon","coordinates":[[[[14.444,53.2746],[14.4212,53.2761],[14.415,53.3019],[14.4068,53.3087],[14.4155,53.3243],[14.4083,53.3357],[14.4055,53.3471],[14.3903,53.3537],[14.3931,53.3586],[14.3954,53.3692],[14.3948,53.3757],[14.3893,53.3878],[14.3733,53.4089],[14.3732,53.4183],[14.3698,53.424],[14.3687,53.4326],[14.3719,53.4478],[14.3713,53.4564],[14.358,53.4573],[14.3563,53.462],[14.3569,53.4701],[14.3535,53.4823],[14.3542,53.4886],[14.3506,53.496],[14.3269,53.5038],[14.3158,53.5252],[14.3194,53.5298],[14.3159,53.5369],[14.3058,53.5439],[14.3073,53.5513],[14.3026,53.5534],[14.314,53.5652],[14.3119,53.5796],[14.3169,53.6181],[14.3111,53.6185],[14.2839,53.6344],[14.2848,53.6587],[14.279,53.6631],[14.2721,53.6636],[14.2708,53.666],[14.2823,53.6743],[14.2837,53.6826],[14.2748,53.6873],[14.2732,53.6993],[14.2869,53.6979],[14.3008,53.6987],[14.3053,53.7001],[14.3086,53.704],[14.3092,53.7118],[14.3008,53.7201],[14.2869,53.7199],[14.2764,53.7254],[14.2781,53.7271],[14.2853,53.7251],[14.2903,53.7251],[14.2947,53.7271],[14.2992,53.7257],[14.3031,53.7268],[14.3003,53.7279],[14.3019,53.7299],[14.2981,53.7318],[14.2992,53.736],[14.3025,53.7365],[14.3019,53.7376],[14.2936,53.7388],[14.2947,53.7418],[14.2853,53.7412],[14.2847,53.7426],[14.2864,53.7435],[14.3008,53.7432],[14.3308,53.734],[14.3431,53.7157],[14.3486,53.711],[14.3681,53.699],[14.3786,53.6951],[14.3803,53.6924],[14.3864,53.6899],[14.3886,53.6871],[14.4069,53.6796],[14.4181,53.6771],[14.4264,53.6782],[14.4253,53.6771],[14.4669,53.674],[14.4931,53.6679],[14.5053,53.6674],[14.5136,53.6635],[14.5181,53.6637],[14.5253,53.661],[14.5242,53.6593],[14.5314,53.6554],[14.5342,53.6499],[14.5425,53.6465],[14.5575,53.6232],[14.5736,53.6063],[14.5714,53.6018],[14.5764,53.6029],[14.5814,53.6004],[14.5814,53.5985],[14.5842,53.5968],[14.5975,53.5971],[14.5969,53.6002],[14.5984,53.5997],[14.5964,53.5914],[14.6004,53.5834],[14.5976,53.575],[14.6022,53.5663],[14.6014,53.5638],[14.6033,53.5609],[14.6015,53.5591],[14.6096,53.5559],[14.6092,53.554],[14.6114,53.553],[14.6228,53.5512],[14.6319,53.5456],[14.6335,53.5425],[14.636,53.5345],[14.6283,53.5328],[14.6196,53.5355],[14.6041,53.5371],[14.6026,53.5362],[14.6053,53.5354],[14.5953,53.5321],[14.595,53.5308],[14.5907,53.5339],[14.5868,53.5321],[14.5843,53.5345],[14.5785,53.5358],[14.5765,53.5333],[14.5724,53.5329],[14.57,53.5339],[14.5721,53.5366],[14.5705,53.5377],[14.5545,53.5326],[14.5534,53.5292],[14.5547,53.5257],[14.565,53.5218],[14.5687,53.5219],[14.5684,53.5199],[14.574,53.5233],[14.574,53.52],[14.5813,53.5177],[14.5802,53.5131],[14.5834,53.5097],[14.5844,53.5052],[14.5872,53.5053],[14.5706,53.4993],[14.567,53.5006],[14.5626,53.4973],[14.5541,53.4988],[14.5503,53.4935],[14.5422,53.4924],[14.5418,53.4934],[14.5461,53.4942],[14.5414,53.4952],[14.5418,53.4975],[14.5398,53.4989],[14.5382,53.4963],[14.5336,53.4971],[14.5311,53.4954],[14.516,53.497],[14.5076,53.4958],[14.5083,53.4921],[14.502,53.4907],[14.4929,53.4936],[14.4941,53.4924],[14.4918,53.4924],[14.491,53.4943],[14.4851,53.4927],[14.4841,53.4937],[14.4838,53.4918],[14.4812,53.4914],[14.4806,53.4955],[14.4788,53.4957],[14.4683,53.4928],[14.4644,53.4973],[14.4582,53.4952],[14.4549,53.4964],[14.4438,53.4954],[14.4494,53.4948],[14.4438,53.4848],[14.4533,53.4816],[14.4606,53.4764],[14.4586,53.4726],[14.4703,53.461],[14.4706,53.4595],[14.4629,53.4611],[14.4615,53.4565],[14.4707,53.455],[14.4684,53.4533],[14.4727,53.4523],[14.473,53.4498],[14.4653,53.4502],[14.4632,53.4461],[14.4582,53.4478],[14.4532,53.4468],[14.4488,53.4482],[14.4459,53.4442],[14.463,53.4419],[14.483,53.4365],[14.4793,53.4272],[14.475,53.427],[14.4709,53.4185],[14.4691,53.4177],[14.4772,53.4173],[14.4773,53.4147],[14.481,53.4177],[14.4845,53.4172],[14.4845,53.4072],[14.4724,53.4059],[14.4714,53.4016],[14.4683,53.4009],[14.4806,53.3976],[14.4816,53.3959],[14.4789,53.394],[14.4862,53.3909],[14.4918,53.3936],[14.5145,53.3875],[14.5266,53.3859],[14.5356,53.3824],[14.5329,53.3735],[14.5374,53.372],[14.5388,53.3752],[14.5437,53.3755],[14.5549,53.3738],[14.5595,53.3714],[14.5743,53.3714],[14.5864,53.3671],[14.5778,53.3621],[14.5606,53.3594],[14.5545,53.3545],[14.5472,53.3613],[14.5454,53.3596],[14.546,53.3548],[14.5398,53.3541],[14.539,53.3481],[14.5301,53.3426],[14.5196,53.3433],[14.5075,53.34],[14.5035,53.3358],[14.5063,53.3307],[14.5047,53.3252],[14.4915,53.3265],[14.4924,53.324],[14.4843,53.3179],[14.4853,53.3125],[14.4713,53.3153],[14.4699,53.3065],[14.4628,53.3018],[14.4452,53.2744],[14.444,53.2746]]],[[[14.5245,53.6736],[14.5287,53.6717],[14.5333,53.6699],[14.5281,53.671],[14.5231,53.6742],[14.5245,53.6736]]]]}},{"type":"Feature","properties":{"GID_2":"POL.16.14_1","GID_0":"POL","COUNTRY":"Poland","GID_1":"POL.16_1","NAME_1":"Zachodniopomorskie","NL_NAME_1":"NA","NAME_2":"Pyrzyce","VARNAME_2":"NA","NL_NAME_2":"NA","TYPE_2":"Powiat","ENGTYPE_2":"County","CC_2":"3212","HASC_2":"NA"},"geometry":{"type":"MultiPolygon","coordinates":[[[[15.0662,53.0593],[15.06,53.0596],[15.0573,53.0583],[15.0575,53.0568],[15.0375,53.0539],[15.0358,53.0527],[15.0351,53.0482],[15.0296,53.0495],[15.0203,53.0454],[15.019,53.0353],[15.0357,53.0366],[15.0392,53.0338],[15.0436,53.0265],[15.0409,53.0256],[15.0451,53.0175],[15.0441,53.0153],[15.0494,53.0111],[15.0485,53.0078],[15.0498,53.0071],[15.0496,53.0025],[15.044,52.9996],[15.0431,52.9969],[15.0398,52.9974],[15.033,52.9934],[15.0349,52.9916],[15.0334,52.9894],[15.0225,52.9906],[15.0234,52.9917],[15.006,52.9959],[15.0054,52.9948],[14.9903,52.9946],[14.9962,52.9891],[14.9879,52.9869],[14.9894,52.9856],[14.9879,52.9816],[14.9844,52.9804],[14.9763,52.9703],[14.96,52.9726],[14.9603,52.9747],[14.957,52.977],[14.9574,52.9814],[14.9516,52.9817],[14.9467,52.9794],[14.9445,52.9805],[14.9459,52.9817],[14.9445,52.9827],[14.9301,52.9821],[14.9325,52.9839],[14.9299,52.9883],[14.9202,52.9872],[14.9213,52.9895],[14.9233,52.99],[14.9161,52.999],[14.9117,52.9987],[14.907,53.0019],[14.9062,52.9961],[14.9084,52.9955],[14.9096,52.99],[14.9059,52.9886],[14.9001,52.99],[14.8931,52.9946],[14.8906,52.9981],[14.8936,53.001],[14.8926,53.0045],[14.8727,53.0084],[14.8933,53.0053],[14.8961,53.0074],[14.8989,53.0042],[14.9082,53.0031],[14.9021,53.0102],[14.8982,53.0116],[14.8988,53.0134],[14.8963,53.0128],[14.8948,53.0145],[14.8984,53.0186],[14.9035,53.0151],[14.9074,53.0171],[14.8965,53.0197],[14.8946,53.019],[14.8945,53.0234],[14.8969,53.0248],[14.8988,53.0221],[14.9044,53.0216],[14.9088,53.0238],[14.9126,53.0235],[14.9138,53.0251],[14.9172,53.0245],[14.9166,53.0325],[14.9173,53.0344],[14.9207,53.0345],[14.9162,53.043],[14.9061,53.0423],[14.906,53.0444],[14.9077,53.0457],[14.8997,53.0475],[14.9041,53.0532],[14.8721,53.0506],[14.8689,53.0542],[14.8572,53.0577],[14.849,53.0626],[14.8366,53.0588],[14.8307,53.0556],[14.8276,53.0479],[14.8177,53.0428],[14.8101,53.0428],[14.8096,53.038],[14.8174,53.0359],[14.8102,53.0351],[14.8087,53.0335],[14.8146,53.0317],[14.8219,53.0317],[14.8219,53.029],[14.8123,53.0242],[14.8145,53.019],[14.8263,53.0179],[14.8324,53.0153],[14.837,53.016],[14.8126,53.0086],[14.8095,53.012],[14.7952,53.0139],[14.7933,53.018],[14.788,53.0224],[14.7902,53.0229],[14.7634,53.0265],[14.7337,53.0357],[14.7325,53.037],[14.7359,53.0406],[14.74,53.05],[14.7511,53.0585],[14.7572,53.0687],[14.747,53.069],[14.7474,53.0708],[14.7405,53.0764],[14.743,53.0816],[14.7388,53.0821],[14.7405,53.083],[14.7419,53.0876],[14.7404,53.0956],[14.7428,53.0973],[14.7384,53.0966],[14.7414,53.1087],[14.7398,53.1117],[14.7469,53.1147],[14.7451,53.1174],[14.7486,53.1191],[14.7341,53.1257],[14.7419,53.1303],[14.7401,53.1303],[14.742,53.133],[14.7294,53.135],[14.7247,53.1369],[14.7214,53.1403],[14.7246,53.146],[14.7226,53.1483],[14.7251,53.1498],[14.7229,53.1511],[14.7281,53.1513],[14.7336,53.1545],[14.73,53.1587],[14.7,53.1574],[14.6947,53.1548],[14.6914,53.1549],[14.6821,53.1625],[14.6688,53.1648],[14.6701,53.1685],[14.6736,53.1695],[14.6837,53.1678],[14.6965,53.1703],[14.6894,53.1779],[14.6869,53.178],[14.6869,53.1798],[14.6928,53.1793],[14.6899,53.1825],[14.6919,53.1911],[14.6885,53.1928],[14.6926,53.1941],[14.6952,53.2084],[14.7029,53.2068],[14.7177,53.2083],[14.7159,53.212],[14.7087,53.2121],[14.7109,53.2167],[14.7094,53.2178],[14.7112,53.2188],[14.707,53.2191],[14.7092,53.2222],[14.7005,53.2223],[14.7021,53.234],[14.6886,53.2365],[14.6872,53.2395],[14.6961,53.2453],[14.7022,53.2457],[14.7159,53.2735],[14.7316,53.2697],[14.7325,53.2676],[14.749,53.267],[14.7516,53.2651],[14.7498,53.2631],[14.7506,53.2621],[14.7813,53.2485],[14.7828,53.2465],[14.7877,53.2474],[14.7893,53.2457],[14.7874,53.244],[14.8048,53.2435],[14.8144,53.2375],[14.8351,53.2467],[14.8618,53.2465],[14.9343,53.2547],[14.938,53.2462],[14.9512,53.2503],[14.9462,53.2571],[14.9506,53.2554],[14.9593,53.2573],[14.9774,53.2577],[14.9849,53.2649],[14.9982,53.2848],[14.9966,53.2808],[15.0125,53.2758],[15.004,53.2636],[15.0095,53.2606],[15.0241,53.2684],[15.0197,53.2577],[15.0324,53.2611],[15.0413,53.2599],[15.0586,53.2486],[15.0623,53.2393],[15.0689,53.2329],[15.0714,53.2176],[15.0692,53.2173],[15.0685,53.2132],[15.0641,53.2092],[15.051,53.2002],[15.0368,53.2055],[15.0395,53.1969],[15.0442,53.19],[15.0491,53.1932],[15.0805,53.1828],[15.0922,53.1853],[15.0929,53.179],[15.1042,53.1795],[15.1054,53.1738],[15.1359,53.1765],[15.1543,53.1754],[15.1741,53.1778],[15.1818,53.1783],[15.1797,53.1775],[15.1724,53.1631],[15.1647,53.165],[15.1505,53.1624],[15.1602,53.1545],[15.1932,53.1454],[15.2122,53.1376],[15.1946,53.1221],[15.1944,53.1207],[15.1977,53.1193],[15.1924,53.1163],[15.2051,53.1133],[15.198,53.1084],[15.2032,53.1022],[15.201,53.0957],[15.1927,53.0929],[15.1915,53.0909],[15.1917,53.0892],[15.1986,53.0851],[15.1973,53.0819],[15.1923,53.0789],[15.1902,53.0793],[15.1825,53.0716],[15.1588,53.061],[15.155,53.0487],[15.1446,53.0368],[15.1398,53.0284],[15.1052,53.0385],[15.087,53.0404],[15.0849,53.0381],[15.0805,53.0424],[15.0723,53.0583],[15.0662,53.0593]]]]}},{"type":"Feature","properties":{"GID_2":"POL.16.15_1","GID_0":"POL","COUNTRY":"Poland","GID_1":"POL.16_1","NAME_1":"Zachodniopomorskie","NL_NAME_1":"NA","NAME_2":"Slawno","VARNAME_2":"NA","NL_NAME_2":"NA","TYPE_2":"Powiat","ENGTYPE_2":"County","CC_2":"3213","HASC_2":"NA"},"geometry":{"type":"MultiPolygon","coordinates":[[[[16.7101,54.2416],[16.7095,54.2382],[16.7024,54.2341],[16.6965,54.2271],[16.7016,54.2166],[16.7017,54.2152],[16.699,54.2138],[16.6898,54.2129],[16.6829,54.2144],[16.6677,54.2078],[16.6644,54.2084],[16.6651,54.2136],[16.6634,54.2183],[16.6504,54.2198],[16.6469,54.2179],[16.6389,54.2189],[16.6402,54.2196],[16.6386,54.2244],[16.6398,54.2256],[16.6163,54.223],[16.6135,54.2177],[16.6048,54.2113],[16.6057,54.2075],[16.6121,54.2045],[16.6072,54.2005],[16.6056,54.1931],[16.5811,54.1896],[16.5652,54.189],[16.5656,54.1915],[16.5632,54.1926],[16.5466,54.1909],[16.5409,54.1937],[16.5399,54.1964],[16.5355,54.1978],[16.5408,54.1978],[16.5468,54.2051],[16.5521,54.204],[16.5509,54.2094],[16.5529,54.2112],[16.5582,54.2098],[16.5584,54.2174],[16.5609,54.2167],[16.5625,54.2191],[16.5668,54.2196],[16.5713,54.2187],[16.5688,54.2233],[16.5711,54.2241],[16.5682,54.2241],[16.5688,54.2269],[16.5559,54.2268],[16.5492,54.2312],[16.5312,54.2374],[16.509,54.2401],[16.4955,54.2391],[16.4981,54.2351],[16.4967,54.2336],[16.4988,54.2302],[16.4968,54.2285],[16.4986,54.2281],[16.4973,54.2263],[16.4982,54.2248],[16.497,54.2248],[16.4976,54.223],[16.4942,54.2231],[16.4921,54.2213],[16.4875,54.2239],[16.4821,54.2221],[16.4689,54.2223],[16.465,54.2215],[16.4647,54.219],[16.4531,54.2176],[16.4522,54.2188],[16.438,54.2126],[16.4129,54.2165],[16.4275,54.2327],[16.4434,54.2385],[16.4456,54.2486],[16.4438,54.2501],[16.4136,54.2523],[16.3951,54.256],[16.3964,54.2594],[16.4006,54.2602],[16.3983,54.264],[16.4011,54.2656],[16.4014,54.2703],[16.4035,54.2714],[16.4078,54.27],[16.409,54.2723],[16.4074,54.2753],[16.4121,54.2758],[16.4121,54.2809],[16.4231,54.284],[16.4224,54.2908],[16.4122,54.2925],[16.4075,54.299],[16.409,54.3006],[16.4265,54.2975],[16.4278,54.3001],[16.4188,54.3005],[16.4126,54.3026],[16.4112,54.306],[16.4055,54.3105],[16.4029,54.311],[16.3975,54.3086],[16.4005,54.3061],[16.3966,54.3034],[16.3979,54.2992],[16.393,54.2991],[16.3947,54.2923],[16.3913,54.2918],[16.3895,54.2896],[16.3465,54.2828],[16.3411,54.2876],[16.3356,54.2871],[16.3289,54.2988],[16.3259,54.3131],[16.319,54.3211],[16.3093,54.3192],[16.3028,54.3213],[16.2989,54.3195],[16.2906,54.324],[16.2926,54.3283],[16.2882,54.3291],[16.2844,54.3326],[16.28,54.3322],[16.2799,54.334],[16.2624,54.3319],[16.2585,54.33],[16.2597,54.3203],[16.2577,54.317],[16.2516,54.3148],[16.2315,54.3191],[16.2298,54.3177],[16.2335,54.3154],[16.2298,54.3156],[16.222,54.32],[16.2235,54.3229],[16.2218,54.324],[16.2156,54.3193],[16.2142,54.3207],[16.269,54.3535],[16.3138,54.3834],[16.3397,54.4042],[16.366,54.4291],[16.3743,54.4378],[16.3716,54.4406],[16.372,54.442],[16.378,54.4405],[16.3849,54.442],[16.3917,54.4456],[16.4343,54.4892],[16.4778,54.5154],[16.5021,54.5256],[16.5253,54.5387],[16.5355,54.5422],[16.6112,54.5593],[16.6875,54.5694],[16.6974,54.5696],[16.6991,54.5692],[16.7122,54.5546],[16.7392,54.5384],[16.7475,54.5304],[16.7481,54.5276],[16.7408,54.5247],[16.7393,54.5174],[16.7527,54.4968],[16.7547,54.4968],[16.7547,54.4948],[16.7568,54.4945],[16.7627,54.4877],[16.7612,54.4858],[16.7676,54.4875],[16.7789,54.4846],[16.7933,54.4874],[16.7932,54.4844],[16.7995,54.4843],[16.8007,54.4807],[16.8107,54.4819],[16.812,54.484],[16.8101,54.4802],[16.8117,54.4743],[16.8172,54.4687],[16.8191,54.4706],[16.818,54.4727],[16.8197,54.473],[16.8275,54.4648],[16.8238,54.464],[16.8283,54.4588],[16.8211,54.4563],[16.8239,54.4544],[16.8221,54.4537],[16.8411,54.4384],[16.8396,54.432],[16.8304,54.4243],[16.8244,54.4157],[16.8335,54.4114],[16.8401,54.4053],[16.8404,54.3987],[16.8498,54.3899],[16.8532,54.389],[16.8522,54.3861],[16.8586,54.3826],[16.8585,54.3803],[16.8507,54.3741],[16.8437,54.3722],[16.8444,54.3754],[16.8382,54.3758],[16.8375,54.3705],[16.8215,54.3683],[16.8078,54.3705],[16.8097,54.3595],[16.8161,54.3603],[16.8282,54.346],[16.8228,54.3379],[16.8241,54.3316],[16.8139,54.3185],[16.8216,54.3168],[16.8244,54.3184],[16.826,54.3163],[16.8378,54.3164],[16.8396,54.3148],[16.838,54.3139],[16.8543,54.3076],[16.8545,54.2997],[16.8572,54.2979],[16.8634,54.2881],[16.8654,54.2768],[16.862,54.266],[16.8651,54.261],[16.8313,54.2458],[16.8204,54.2469],[16.8095,54.243],[16.7965,54.2436],[16.7816,54.2393],[16.7724,54.2405],[16.7664,54.2385],[16.761,54.234],[16.7544,54.2358],[16.7472,54.2313],[16.7405,54.2303],[16.7337,54.2328],[16.7317,54.2319],[16.7309,54.234],[16.7266,54.2359],[16.7281,54.2364],[16.7264,54.2401],[16.7101,54.2416]]]]}},{"type":"Feature","properties":{"GID_2":"POL.16.16_1","GID_0":"POL","COUNTRY":"Poland","GID_1":"POL.16_1","NAME_1":"Zachodniopomorskie","NL_NAME_1":"NA","NAME_2":"Stargard","VARNAME_2":"NA","NL_NAME_2":"NA","TYPE_2":"Powiat","ENGTYPE_2":"County","CC_2":"3214","HASC_2":"NA"},"geometry":{"type":"MultiPolygon","coordinates":[[[[15.2801,53.2505],[15.2732,53.2451],[15.2747,53.2425],[15.2692,53.237],[15.2653,53.2353],[15.2589,53.2239],[15.2545,53.2202],[15.254,53.2184],[15.2633,53.2093],[15.2636,53.2067],[15.2722,53.1998],[15.2783,53.203],[15.2859,53.1996],[15.2882,53.2009],[15.2991,53.2008],[15.3048,53.2073],[15.3068,53.2014],[15.3186,53.2083],[15.3226,53.2084],[15.3323,53.2031],[15.3538,53.1966],[15.3414,53.1893],[15.3502,53.1857],[15.353,53.1809],[15.3528,53.1787],[15.3586,53.1794],[15.3572,53.1754],[15.3617,53.1764],[15.367,53.1748],[15.3656,53.1692],[15.3639,53.1693],[15.3678,53.1661],[15.3313,53.1625],[15.3337,53.1581],[15.3319,53.1576],[15.3351,53.1464],[15.323,53.1309],[15.3153,53.1353],[15.3106,53.1352],[15.3025,53.1279],[15.2729,53.1131],[15.2738,53.1086],[15.278,53.1043],[15.2758,53.1044],[15.2679,53.0947],[15.26,53.0953],[15.2587,53.0934],[15.248,53.0973],[15.2462,53.0959],[15.2443,53.0965],[15.2349,53.0907],[15.226,53.0921],[15.227,53.0938],[15.2201,53.095],[15.2169,53.0928],[15.2178,53.0919],[15.2151,53.0925],[15.2174,53.0912],[15.2109,53.0886],[15.2099,53.0856],[15.2058,53.0819],[15.1915,53.0898],[15.1924,53.0927],[15.201,53.0957],[15.2032,53.1022],[15.198,53.1084],[15.2051,53.1133],[15.1924,53.1163],[15.1977,53.1193],[15.1944,53.1207],[15.1946,53.1221],[15.212,53.1379],[15.1932,53.1454],[15.1602,53.1545],[15.1505,53.1624],[15.1647,53.165],[15.1724,53.1631],[15.1797,53.1775],[15.1818,53.1783],[15.1543,53.1754],[15.1359,53.1765],[15.1054,53.1738],[15.1042,53.1795],[15.0929,53.179],[15.0922,53.1853],[15.0805,53.1828],[15.0491,53.1932],[15.0442,53.19],[15.0395,53.1969],[15.0368,53.2055],[15.051,53.2002],[15.0641,53.2092],[15.0685,53.2132],[15.0692,53.2173],[15.0714,53.2176],[15.0689,53.2329],[15.0623,53.2393],[15.0586,53.2486],[15.0413,53.2599],[15.0324,53.2611],[15.0197,53.2577],[15.0241,53.2684],[15.0095,53.2606],[15.004,53.2636],[15.0125,53.2758],[14.9966,53.2808],[14.9982,53.2848],[14.9849,53.2649],[14.9774,53.2577],[14.9593,53.2573],[14.9506,53.2554],[14.9462,53.2571],[14.9512,53.2503],[14.938,53.2462],[14.9343,53.2547],[14.8618,53.2465],[14.8623,53.2577],[14.8587,53.2663],[14.8589,53.2724],[14.8666,53.2769],[14.8743,53.2781],[14.8702,53.2832],[14.8689,53.2893],[14.8696,53.2944],[14.8752,53.3014],[14.8695,53.3031],[14.8682,53.2986],[14.8658,53.299],[14.8677,53.3041],[14.8607,53.3074],[14.8688,53.3085],[14.8651,53.3117],[14.8502,53.31],[14.8406,53.3202],[14.8194,53.3186],[14.8159,53.3148],[14.8116,53.317],[14.8078,53.3166],[14.806,53.3207],[14.8009,53.3258],[14.8038,53.3274],[14.8029,53.3295],[14.8054,53.3318],[14.8033,53.3336],[14.8046,53.3343],[14.7935,53.3398],[14.7919,53.3424],[14.7937,53.3437],[14.7917,53.3452],[14.7865,53.3439],[14.7836,53.3458],[14.7887,53.3475],[14.788,53.3506],[14.7772,53.3499],[14.7734,53.345],[14.7688,53.3452],[14.7666,53.3466],[14.7663,53.349],[14.7623,53.3514],[14.7623,53.3542],[14.7586,53.3575],[14.7582,53.3607],[14.7595,53.3616],[14.7559,53.364],[14.7469,53.3655],[14.7411,53.3699],[14.7377,53.3686],[14.7354,53.3721],[14.732,53.3732],[14.7333,53.3747],[14.7405,53.3755],[14.7588,53.3832],[14.7632,53.3824],[14.7636,53.3767],[14.7751,53.3769],[14.7748,53.3821],[14.7659,53.3832],[14.7688,53.3861],[14.7878,53.3932],[14.7911,53.3961],[14.791,53.3972],[14.7879,53.3969],[14.7837,53.4021],[14.778,53.403],[14.7791,53.4038],[14.7776,53.4257],[14.8274,53.4289],[14.8571,53.4349],[14.8933,53.4393],[14.8798,53.4431],[14.8784,53.4455],[14.8761,53.4522],[14.8862,53.4534],[14.883,53.4581],[14.8857,53.4591],[14.8826,53.4607],[14.8844,53.4627],[14.8906,53.4586],[14.8929,53.4597],[14.8972,53.4491],[14.9161,53.4438],[14.927,53.4469],[14.9361,53.453],[14.9613,53.4585],[15.007,53.4598],[15.013,53.4525],[15.0144,53.4549],[15.0403,53.46],[15.0398,53.464],[15.0605,53.4711],[15.0694,53.4595],[15.0945,53.4654],[15.0933,53.468],[15.1208,53.4804],[15.1269,53.4743],[15.1286,53.4692],[15.1355,53.4678],[15.1508,53.469],[15.1508,53.4719],[15.1579,53.4746],[15.1663,53.4734],[15.175,53.4778],[15.1724,53.4861],[15.1753,53.4903],[15.206,53.4892],[15.2173,53.4909],[15.2267,53.5003],[15.2106,53.5103],[15.2185,53.5132],[15.2392,53.5344],[15.2455,53.5339],[15.2504,53.5373],[15.2523,53.5338],[15.2581,53.5335],[15.2595,53.5308],[15.2635,53.5311],[15.2743,53.5243],[15.271,53.5213],[15.2715,53.5202],[15.2784,53.5242],[15.2883,53.5247],[15.2897,53.5213],[15.2885,53.513],[15.291,53.5094],[15.286,53.5079],[15.2867,53.5042],[15.2909,53.5045],[15.3062,53.506],[15.3079,53.5084],[15.3204,53.5119],[15.3249,53.5149],[15.3371,53.5316],[15.3451,53.5311],[15.3538,53.5332],[15.3941,53.5485],[15.3969,53.544],[15.4002,53.542],[15.3941,53.532],[15.399,53.5238],[15.4059,53.5179],[15.4134,53.5173],[15.4186,53.5219],[15.4273,53.5207],[15.4273,53.5187],[15.4305,53.5169],[15.4303,53.515],[15.4372,53.5108],[15.4358,53.5095],[15.4298,53.5108],[15.4296,53.5087],[15.4231,53.5097],[15.4227,53.5075],[15.4251,53.5052],[15.4281,53.5048],[15.428,53.5028],[15.4345,53.5022],[15.4378,53.5035],[15.4471,53.5008],[15.4558,53.4909],[15.4537,53.4887],[15.4655,53.4822],[15.468,53.4771],[15.4756,53.4765],[15.4789,53.4742],[15.5018,53.4745],[15.508,53.468],[15.5089,53.4689],[15.5062,53.4709],[15.5072,53.4717],[15.5156,53.4708],[15.5308,53.4803],[15.5395,53.4825],[15.5528,53.4891],[15.5567,53.4966],[15.5605,53.4963],[15.5645,53.4933],[15.5671,53.4936],[15.5665,53.495],[15.568,53.4954],[15.5736,53.4946],[15.5793,53.4961],[15.5839,53.5004],[15.5828,53.503],[15.5853,53.5054],[15.5898,53.5046],[15.6078,53.5065],[15.6216,53.5032],[15.6262,53.5005],[15.6279,53.4951],[15.6263,53.4939],[15.6224,53.4947],[15.623,53.4934],[15.618,53.4908],[15.6278,53.4856],[15.6288,53.4814],[15.6367,53.4804],[15.6499,53.4809],[15.6527,53.4835],[15.6579,53.4849],[15.6781,53.4823],[15.6885,53.4845],[15.6969,53.4957],[15.6968,53.4982],[15.705,53.4974],[15.7103,53.4995],[15.7147,53.4947],[15.7217,53.4919],[15.7181,53.4913],[15.6995,53.4743],[15.6966,53.4758],[15.6878,53.4707],[15.6745,53.4681],[15.6802,53.4668],[15.6521,53.4542],[15.6485,53.4494],[15.6488,53.4472],[15.6539,53.4502],[15.6568,53.45],[15.6569,53.4478],[15.6484,53.4415],[15.6442,53.4359],[15.6347,53.4355],[15.6327,53.4336],[15.6268,53.4332],[15.6272,53.4304],[15.6219,53.4293],[15.6031,53.4299],[15.5945,53.4251],[15.6047,53.4225],[15.6017,53.417],[15.6009,53.4027],[15.5983,53.3991],[15.5942,53.3976],[15.5974,53.3799],[15.6051,53.3767],[15.5998,53.3765],[15.5997,53.3746],[15.5918,53.3723],[15.5902,53.3692],[15.597,53.3684],[15.5929,53.3647],[15.5871,53.3654],[15.5912,53.351],[15.591,53.348],[15.589,53.3463],[15.5848,53.3433],[15.5712,53.3439],[15.5613,53.3411],[15.5462,53.3328],[15.5388,53.3354],[15.5205,53.3323],[15.5175,53.3308],[15.5233,53.3254],[15.522,53.3247],[15.5182,53.3234],[15.514,53.3244],[15.5129,53.322],[15.5055,53.3187],[15.5057,53.3176],[15.5027,53.3184],[15.4847,53.3157],[15.4852,53.3086],[15.4799,53.311],[15.4743,53.3112],[15.4747,53.3086],[15.4724,53.3067],[15.4732,53.3042],[15.4636,53.307],[15.4707,53.3027],[15.4698,53.3018],[15.4743,53.3004],[15.4743,53.2973],[15.4795,53.2964],[15.4768,53.2947],[15.4795,53.29],[15.4764,53.2846],[15.4778,53.2808],[15.469,53.2759],[15.4912,53.2706],[15.4875,53.2655],[15.4699,53.2604],[15.4786,53.2492],[15.4944,53.2537],[15.4997,53.2439],[15.4954,53.2392],[15.4926,53.2389],[15.4928,53.2372],[15.4827,53.2359],[15.4808,53.237],[15.4709,53.2334],[15.4573,53.2336],[15.4538,53.2359],[15.4479,53.2366],[15.4212,53.2454],[15.3927,53.2473],[15.388,53.2508],[15.3805,53.2499],[15.3704,53.2515],[15.3514,53.2486],[15.3406,53.2499],[15.3385,53.253],[15.3347,53.2539],[15.3196,53.2523],[15.3145,53.2547],[15.3051,53.2515],[15.2907,53.2501],[15.284,53.2529],[15.2801,53.2505]]]]}},{"type":"Feature","properties":{"GID_2":"POL.16.17_1","GID_0":"POL","COUNTRY":"Poland","GID_1":"POL.16_1","NAME_1":"Zachodniopomorskie","NL_NAME_1":"NA","NAME_2":"Swidwin","VARNAME_2":"NA","NL_NAME_2":"NA","TYPE_2":"Powiat","ENGTYPE_2":"County","CC_2":"3216","HASC_2":"NA"},"geometry":{"type":"MultiPolygon","coordinates":[[[[15.8594,53.6522],[15.8533,53.6534],[15.855,53.6557],[15.852,53.6628],[15.8445,53.6705],[15.8397,53.6711],[15.8316,53.6754],[15.8317,53.6774],[15.8206,53.6788],[15.8133,53.6774],[15.8155,53.6737],[15.8071,53.6696],[15.8061,53.6655],[15.7998,53.6654],[15.8003,53.663],[15.7907,53.66],[15.7833,53.6608],[15.76,53.6658],[15.7536,53.6698],[15.7517,53.6761],[15.743,53.6762],[15.7391,53.6775],[15.7363,53.6804],[15.7282,53.6776],[15.7276,53.6806],[15.7239,53.6811],[15.7217,53.6833],[15.7179,53.6826],[15.7156,53.6844],[15.7083,53.6846],[15.7,53.6871],[15.6906,53.6937],[15.6811,53.6949],[15.6838,53.6989],[15.68,53.7038],[15.6798,53.7064],[15.6776,53.7073],[15.6782,53.7084],[15.6765,53.7095],[15.6775,53.7101],[15.6723,53.7141],[15.6666,53.7151],[15.6627,53.7185],[15.6599,53.7188],[15.6611,53.72],[15.6591,53.7216],[15.6627,53.7237],[15.653,53.7261],[15.6501,53.73],[15.6441,53.7309],[15.6462,53.7325],[15.6456,53.7346],[15.6265,53.7502],[15.6084,53.7558],[15.6031,53.7547],[15.5968,53.758],[15.5969,53.7601],[15.5909,53.7641],[15.5937,53.7666],[15.5896,53.7714],[15.5863,53.7723],[15.5846,53.7758],[15.5778,53.7785],[15.5759,53.7835],[15.5655,53.7927],[15.5677,53.7973],[15.5632,53.7999],[15.5609,53.8033],[15.5595,53.8108],[15.5614,53.8118],[15.5547,53.8196],[15.5561,53.821],[15.555,53.8221],[15.5575,53.8231],[15.5573,53.8254],[15.5596,53.8254],[15.5587,53.8274],[15.5636,53.8288],[15.5605,53.8304],[15.5618,53.8321],[15.5604,53.8338],[15.5629,53.8355],[15.5585,53.8381],[15.5592,53.8407],[15.5574,53.8413],[15.5579,53.8448],[15.556,53.8452],[15.5556,53.848],[15.5482,53.8516],[15.5429,53.8518],[15.5391,53.8559],[15.5356,53.857],[15.5384,53.8611],[15.5379,53.8637],[15.5419,53.8666],[15.538,53.8681],[15.5385,53.8707],[15.5312,53.8717],[15.5321,53.873],[15.531,53.8746],[15.5328,53.8761],[15.5306,53.8779],[15.5323,53.8784],[15.5311,53.8819],[15.5291,53.8831],[15.5302,53.8843],[15.5297,53.8876],[15.5285,53.8879],[15.5301,53.8884],[15.5291,53.8903],[15.5325,53.891],[15.5328,53.8887],[15.5414,53.8855],[15.5448,53.8866],[15.5474,53.885],[15.555,53.8878],[15.5639,53.8864],[15.5641,53.8897],[15.5494,53.9033],[15.5532,53.9093],[15.5744,53.9168],[15.5793,53.9212],[15.5875,53.9334],[15.6153,53.9398],[15.63,53.9459],[15.6451,53.9643],[15.652,53.966],[15.6706,53.9635],[15.6733,53.9704],[15.6856,53.9619],[15.6946,53.9598],[15.7057,53.9546],[15.7072,53.9577],[15.7188,53.9584],[15.7224,53.96],[15.7183,53.9628],[15.7248,53.965],[15.7317,53.9591],[15.7342,53.9599],[15.7521,53.9551],[15.7631,53.9541],[15.7642,53.9531],[15.7544,53.9427],[15.7573,53.9405],[15.7562,53.9384],[15.762,53.9343],[15.7783,53.9342],[15.7796,53.9365],[15.782,53.9371],[15.7863,53.937],[15.7857,53.9347],[15.7934,53.9339],[15.7935,53.9361],[15.7956,53.937],[15.8008,53.9345],[15.812,53.9341],[15.8153,53.9323],[15.7822,53.9154],[15.7872,53.9135],[15.7783,53.9114],[15.7806,53.9095],[15.7773,53.909],[15.7819,53.9054],[15.7863,53.8959],[15.7795,53.8934],[15.7851,53.8927],[15.7869,53.8906],[15.8026,53.8945],[15.8075,53.898],[15.8043,53.9003],[15.8054,53.9013],[15.7978,53.9032],[15.8152,53.9076],[15.8217,53.8986],[15.8388,53.9014],[15.8463,53.8987],[15.845,53.8965],[15.8576,53.8862],[15.8626,53.8882],[15.862,53.894],[15.865,53.8949],[15.8593,53.9048],[15.861,53.9051],[15.8598,53.9102],[15.8669,53.9122],[15.8645,53.9159],[15.8853,53.916],[15.8981,53.9218],[15.9039,53.9226],[15.9128,53.9215],[15.91,53.92],[15.9123,53.9137],[15.9404,53.9119],[15.9448,53.9139],[15.9556,53.9145],[15.9567,53.9181],[15.9819,53.9101],[15.9894,53.9037],[15.9881,53.9013],[15.996,53.9001],[16.013,53.9019],[16.0296,53.8921],[16.039,53.8838],[16.0381,53.8814],[16.0406,53.8799],[16.0383,53.8774],[16.0448,53.8737],[16.0504,53.8759],[16.0536,53.8737],[16.0553,53.8746],[16.0521,53.8755],[16.0463,53.8809],[16.0504,53.8852],[16.0585,53.8896],[16.0587,53.8916],[16.0658,53.8955],[16.065,53.9009],[16.0691,53.9],[16.0687,53.8984],[16.0842,53.8986],[16.0882,53.8963],[16.0905,53.898],[16.0919,53.8907],[16.0948,53.8881],[16.0965,53.8889],[16.097,53.8865],[16.0994,53.886],[16.0997,53.8845],[16.1005,53.8857],[16.1062,53.884],[16.1104,53.8856],[16.1123,53.883],[16.1147,53.8826],[16.1126,53.8817],[16.1155,53.8803],[16.1169,53.8824],[16.1211,53.8822],[16.1212,53.8836],[16.1246,53.8808],[16.1263,53.8815],[16.1246,53.8798],[16.1323,53.8809],[16.1445,53.8779],[16.1433,53.8763],[16.1451,53.876],[16.146,53.873],[16.1433,53.8709],[16.145,53.87],[16.145,53.8674],[16.1427,53.8669],[16.1442,53.8646],[16.1433,53.8636],[16.1456,53.8634],[16.1432,53.8628],[16.1451,53.8592],[16.1444,53.855],[16.1466,53.8542],[16.1476,53.8527],[16.1464,53.8515],[16.1493,53.8507],[16.1485,53.8485],[16.154,53.8435],[16.1515,53.8387],[16.1544,53.8345],[16.1529,53.8309],[16.1485,53.8312],[16.1469,53.8249],[16.141,53.8234],[16.1487,53.8221],[16.1566,53.8171],[16.1581,53.8137],[16.1676,53.8081],[16.1739,53.8089],[16.1745,53.8108],[16.1788,53.809],[16.185,53.8111],[16.1858,53.815],[16.183,53.8205],[16.1938,53.8249],[16.2005,53.8254],[16.1975,53.8222],[16.1985,53.8212],[16.2105,53.8205],[16.2123,53.8179],[16.2054,53.8152],[16.2025,53.8027],[16.2264,53.7901],[16.2292,53.7849],[16.2287,53.7825],[16.2313,53.7806],[16.2326,53.7739],[16.2283,53.7722],[16.2265,53.7662],[16.2232,53.763],[16.2165,53.7627],[16.2143,53.7606],[16.2136,53.7594],[16.2192,53.757],[16.2153,53.7546],[16.2318,53.7522],[16.2332,53.7506],[16.2348,53.7519],[16.2456,53.7509],[16.2503,53.7443],[16.2562,53.7402],[16.2558,53.7363],[16.2605,53.7319],[16.2626,53.7276],[16.2665,53.7262],[16.2682,53.7234],[16.2655,53.7221],[16.2671,53.7208],[16.2642,53.7199],[16.2658,53.7164],[16.2594,53.7136],[16.2579,53.7102],[16.2549,53.7082],[16.2484,53.7072],[16.2477,53.7054],[16.2508,53.7015],[16.247,53.697],[16.25,53.6955],[16.2486,53.6941],[16.2033,53.6936],[16.2004,53.6909],[16.1956,53.69],[16.1973,53.6864],[16.1922,53.6847],[16.1816,53.6844],[16.1787,53.6802],[16.1684,53.678],[16.1585,53.6717],[16.1509,53.6715],[16.1497,53.6738],[16.146,53.6734],[16.1434,53.6772],[16.1351,53.681],[16.1293,53.6781],[16.1279,53.6788],[16.1229,53.6735],[16.129,53.6716],[16.1274,53.6688],[16.1201,53.6683],[16.1159,53.6726],[16.1122,53.6721],[16.1039,53.6768],[16.1024,53.6795],[16.0978,53.6778],[16.0984,53.6816],[16.1019,53.6846],[16.099,53.687],[16.0983,53.6897],[16.0998,53.6899],[16.0982,53.6913],[16.0967,53.6919],[16.0953,53.69],[16.0926,53.693],[16.085,53.6928],[16.0817,53.6884],[16.0757,53.6891],[16.0732,53.6919],[16.0668,53.6914],[16.0627,53.689],[16.0592,53.6833],[16.0538,53.6836],[16.05,53.6806],[16.0465,53.6811],[16.0397,53.6701],[16.0229,53.6589],[16.0257,53.6588],[16.0272,53.6569],[16.0293,53.6573],[16.0284,53.6585],[16.0302,53.6595],[16.0364,53.6566],[16.0399,53.6594],[16.0438,53.657],[16.0429,53.6542],[16.0395,53.6547],[16.0393,53.6509],[16.0355,53.6492],[16.0319,53.6497],[16.0299,53.6446],[16.026,53.6463],[16.0293,53.6519],[16.0232,53.6502],[16.0229,53.6468],[16.0186,53.6477],[16.02,53.6501],[16.0265,53.6522],[16.0254,53.6545],[16.0236,53.6546],[16.0231,53.6532],[16.0228,53.6552],[16.0157,53.6561],[16.0118,53.6544],[16.0058,53.6584],[16.003,53.6586],[16.0014,53.6614],[16.0056,53.6655],[15.9956,53.6717],[15.9887,53.6718],[15.985,53.6701],[15.9697,53.671],[15.943,53.6786],[15.9325,53.6721],[15.9365,53.6676],[15.9291,53.6614],[15.9291,53.6601],[15.9242,53.6609],[15.9241,53.6629],[15.922,53.6637],[15.9235,53.665],[15.9202,53.6637],[15.9233,53.6622],[15.9196,53.658],[15.924,53.6591],[15.9246,53.6557],[15.9272,53.6532],[15.919,53.6492],[15.9232,53.6477],[15.9216,53.6463],[15.913,53.6486],[15.9001,53.6478],[15.8987,53.6461],[15.8924,53.6498],[15.8937,53.6505],[15.8924,53.6527],[15.8827,53.6525],[15.8812,53.654],[15.872,53.6545],[15.8699,53.6537],[15.8717,53.6525],[15.8687,53.6514],[15.8663,53.6542],[15.8638,53.6541],[15.8594,53.6522]]]]}},{"type":"Feature","properties":{"GID_2":"POL.16.18_1","GID_0":"POL","COUNTRY":"Poland","GID_1":"POL.16_1","NAME_1":"Zachodniopomorskie","NL_NAME_1":"NA","NAME_2":"Swinoujscie","VARNAME_2":"NA","NL_NAME_2":"NA","TYPE_2":"Miastonaprawachpowiatu","ENGTYPE_2":"Citywithpowiatrights","CC_2":"3263","HASC_2":"NA"},"geometry":{"type":"MultiPolygon","coordinates":[[[[14.3342,53.8126],[14.2886,53.846],[14.2847,53.8504],[14.2825,53.8576],[14.2964,53.8563],[14.3047,53.8579],[14.2958,53.8526],[14.2897,53.8521],[14.2964,53.8518],[14.3214,53.8632],[14.3225,53.8674],[14.3242,53.8682],[14.3403,53.8696],[14.3497,53.8676],[14.3497,53.8649],[14.3453,53.8643],[14.3447,53.8629],[14.3542,53.8574],[14.3675,53.8537],[14.3825,53.8551],[14.3892,53.8524],[14.3881,53.8438],[14.3847,53.8415],[14.3753,53.8395],[14.3686,53.8401],[14.3686,53.8376],[14.3658,53.8387],[14.3564,53.8379],[14.3525,53.8363],[14.3531,53.8351],[14.3508,53.8335],[14.3397,53.8296],[14.3392,53.8276],[14.3408,53.8251],[14.3381,53.8243],[14.3375,53.8196],[14.3386,53.8143],[14.3414,53.8118],[14.3403,53.8099],[14.3414,53.8082],[14.3342,53.8126]]],[[[14.3881,53.8415],[14.3919,53.8507],[14.388,53.856],[14.3925,53.8574],[14.3925,53.8587],[14.4075,53.8632],[14.4158,53.8638],[14.4153,53.8565],[14.4197,53.8554],[14.4169,53.8462],[14.4125,53.8435],[14.4036,53.8421],[14.4025,53.8404],[14.3942,53.8407],[14.3881,53.8365],[14.3836,53.8365],[14.3836,53.8393],[14.3881,53.8415]]],[[[14.4081,53.8643],[14.3897,53.8596],[14.3842,53.8565],[14.3786,53.8563],[14.3831,53.8618],[14.3908,53.8662],[14.4069,53.8668],[14.4164,53.8654],[14.4081,53.8643]]],[[[14.3897,53.8718],[14.3908,53.8707],[14.3908,53.8688],[14.3892,53.8688],[14.3875,53.8729],[14.3897,53.8718]]],[[[14.3069,53.8618],[14.3036,53.8585],[14.2997,53.8582],[14.3025,53.8626],[14.3069,53.8638],[14.3069,53.8618]]],[[[14.3125,53.861],[14.3131,53.8624],[14.3203,53.8643],[14.3142,53.8607],[14.3125,53.861]]],[[[14.3081,53.8604],[14.3147,53.8668],[14.3203,53.8685],[14.3181,53.8649],[14.3081,53.8604]]],[[[14.1966,53.915],[14.2076,53.9159],[14.2264,53.9288],[14.2545,53.9223],[14.2671,53.9219],[14.2771,53.9247],[14.2776,53.926],[14.2797,53.9193],[14.2775,53.9149],[14.2675,53.9099],[14.2681,53.9087],[14.2569,53.9068],[14.2575,53.9049],[14.2514,53.9007],[14.2536,53.8915],[14.2681,53.8812],[14.2619,53.8757],[14.2636,53.8665],[14.2669,53.8665],[14.2642,53.8765],[14.2703,53.8788],[14.2742,53.8724],[14.2753,53.8651],[14.2786,53.8615],[14.2786,53.8579],[14.2836,53.8476],[14.3375,53.8074],[14.3314,53.8096],[14.3219,53.8098],[14.3064,53.8218],[14.2858,53.8224],[14.2725,53.826],[14.2414,53.8529],[14.2336,53.8565],[14.2264,53.8629],[14.2173,53.8654],[14.2152,53.8697],[14.2153,53.8917],[14.2123,53.9003],[14.2063,53.9054],[14.206,53.9077],[14.2043,53.9076],[14.2058,53.9106],[14.1901,53.9121],[14.1896,53.9154],[14.1966,53.915]]],[[[14.4075,53.8701],[14.4069,53.8696],[14.3953,53.8696],[14.4031,53.8707],[14.4036,53.8724],[14.4075,53.8701]]],[[[14.3925,53.8724],[14.3942,53.8729],[14.3947,53.8707],[14.3919,53.8699],[14.3925,53.8724]]],[[[14.2575,53.8921],[14.2781,53.8843],[14.2775,53.8726],[14.2797,53.8721],[14.2803,53.8674],[14.2775,53.8685],[14.2742,53.8782],[14.2564,53.8926],[14.2575,53.8921]]],[[[14.3932,53.9142],[14.4031,53.8989],[14.4048,53.8978],[14.4121,53.8996],[14.4132,53.8986],[14.4101,53.8947],[14.408,53.8946],[14.4085,53.8929],[14.4075,53.8943],[14.4047,53.8932],[14.3997,53.894],[14.3775,53.8907],[14.3747,53.8893],[14.3758,53.8871],[14.3708,53.8854],[14.3692,53.8821],[14.3758,53.8796],[14.3753,53.8785],[14.3636,53.8785],[14.3597,53.8763],[14.3603,53.8729],[14.3675,53.8715],[14.3764,53.8751],[14.3814,53.8751],[14.3825,53.8721],[14.3864,53.8715],[14.3892,53.8679],[14.3731,53.8557],[14.3614,53.8585],[14.3508,53.871],[14.3364,53.8743],[14.3158,53.8721],[14.3064,53.8685],[14.3036,53.8651],[14.3003,53.8646],[14.2936,53.8599],[14.2858,53.8604],[14.2836,53.8632],[14.2831,53.8835],[14.2753,53.8893],[14.2558,53.8965],[14.2558,53.9004],[14.2581,53.9032],[14.2675,53.906],[14.2825,53.9135],[14.2836,53.9188],[14.2858,53.9207],[14.28,53.9311],[14.278,53.9312],[14.2788,53.9322],[14.2835,53.932],[14.2817,53.9308],[14.2856,53.9234],[14.2989,53.9194],[14.2997,53.9289],[14.2801,53.9359],[14.2791,53.9372],[14.2804,53.9376],[14.3015,53.9304],[14.3029,53.9196],[14.3163,53.9157],[14.3445,53.9119],[14.3662,53.9127],[14.391,53.9173],[14.3932,53.9142]]]]}},{"type":"Feature","properties":{"GID_2":"POL.16.20_1","GID_0":"POL","COUNTRY":"Poland","GID_1":"POL.16_1","NAME_1":"Zachodniopomorskie","NL_NAME_1":"NA","NAME_2":"Szczecin","VARNAME_2":"NA","NL_NAME_2":"NA","TYPE_2":"Miastonaprawachpowiatu","ENGTYPE_2":"Citywithpowiatrights","CC_2":"3262","HASC_2":"NA"},"geometry":{"type":"MultiPolygon","coordinates":[[[[14.6353,53.5339],[14.6375,53.5328],[14.6368,53.5267],[14.6426,53.5253],[14.652,53.5281],[14.6563,53.5315],[14.6545,53.5342],[14.6586,53.5359],[14.6775,53.5361],[14.6828,53.5312],[14.6801,53.5292],[14.6818,53.5272],[14.6813,53.5245],[14.6781,53.524],[14.6814,53.5216],[14.6779,53.5206],[14.6798,53.5129],[14.6873,53.5106],[14.693,53.5116],[14.6948,53.5089],[14.7001,53.5076],[14.702,53.5044],[14.6996,53.4978],[14.7008,53.4946],[14.6942,53.4917],[14.6942,53.4873],[14.6981,53.4857],[14.6953,53.4835],[14.6955,53.4818],[14.6992,53.4797],[14.6979,53.4785],[14.6963,53.4792],[14.6926,53.4755],[14.6958,53.474],[14.6959,53.4718],[14.6944,53.4705],[14.6909,53.4714],[14.6973,53.4682],[14.7037,53.4696],[14.7071,53.4677],[14.7101,53.4631],[14.7067,53.4635],[14.7104,53.4629],[14.7106,53.4613],[14.7079,53.4601],[14.709,53.4604],[14.7099,53.4602],[14.7076,53.4553],[14.7113,53.4527],[14.712,53.4496],[14.7048,53.4433],[14.705,53.4408],[14.702,53.4389],[14.7028,53.4374],[14.7004,53.435],[14.7087,53.4265],[14.7134,53.4293],[14.7199,53.4277],[14.7268,53.4309],[14.7307,53.4351],[14.7361,53.4349],[14.741,53.4382],[14.7412,53.4401],[14.7435,53.4397],[14.7457,53.444],[14.762,53.4412],[14.747,53.4317],[14.7526,53.4258],[14.7169,53.4127],[14.72,53.4075],[14.7268,53.4047],[14.7373,53.4042],[14.7664,53.407],[14.7697,53.404],[14.7711,53.4056],[14.7837,53.4021],[14.7879,53.3969],[14.791,53.3972],[14.7903,53.3944],[14.7688,53.3861],[14.7659,53.3832],[14.7748,53.3821],[14.7751,53.3769],[14.7636,53.3767],[14.7632,53.3824],[14.7581,53.3831],[14.7405,53.3755],[14.7333,53.3747],[14.732,53.3726],[14.7351,53.3723],[14.7377,53.3686],[14.7411,53.3699],[14.7469,53.3655],[14.7559,53.364],[14.7595,53.3616],[14.7582,53.3607],[14.7586,53.3575],[14.7623,53.3542],[14.7623,53.3514],[14.7663,53.349],[14.7666,53.3466],[14.7688,53.3452],[14.7734,53.345],[14.7772,53.3499],[14.788,53.3506],[14.7887,53.3475],[14.7836,53.3458],[14.7865,53.3439],[14.7917,53.3452],[14.7937,53.3437],[14.7919,53.3424],[14.7935,53.3398],[14.8046,53.3343],[14.8033,53.3336],[14.8054,53.3318],[14.8029,53.3295],[14.8038,53.3274],[14.8009,53.3258],[14.8013,53.3297],[14.7995,53.331],[14.7949,53.3314],[14.7915,53.3351],[14.7854,53.336],[14.7828,53.3379],[14.7758,53.3381],[14.7736,53.3391],[14.7745,53.3404],[14.7687,53.3433],[14.7625,53.3423],[14.7629,53.3406],[14.7615,53.3405],[14.7609,53.3419],[14.7558,53.3424],[14.7577,53.3399],[14.7547,53.3369],[14.7564,53.3355],[14.7587,53.3394],[14.7633,53.3374],[14.7628,53.334],[14.7645,53.3345],[14.7648,53.3368],[14.7698,53.3346],[14.768,53.3342],[14.7691,53.3334],[14.7678,53.3303],[14.758,53.328],[14.7517,53.3278],[14.7514,53.3298],[14.7463,53.3292],[14.7449,53.3321],[14.7422,53.3308],[14.7386,53.3335],[14.7395,53.3348],[14.7342,53.3345],[14.7362,53.3355],[14.7351,53.3365],[14.7273,53.3365],[14.7244,53.3381],[14.7224,53.3441],[14.7142,53.3432],[14.716,53.3444],[14.7134,53.3463],[14.7163,53.3485],[14.7199,53.347],[14.722,53.3484],[14.7182,53.3504],[14.7153,53.3496],[14.7159,53.3521],[14.7072,53.35],[14.7215,53.3595],[14.7192,53.3624],[14.7029,53.3597],[14.6913,53.3612],[14.6919,53.3589],[14.6941,53.3587],[14.692,53.3563],[14.6783,53.3529],[14.6612,53.3574],[14.6584,53.3618],[14.6438,53.3647],[14.6355,53.3634],[14.635,53.3657],[14.629,53.3661],[14.6178,53.3623],[14.6172,53.3575],[14.621,53.3572],[14.6196,53.3538],[14.6058,53.3547],[14.5996,53.3478],[14.5918,53.3443],[14.5902,53.3399],[14.5935,53.3365],[14.5751,53.3335],[14.5846,53.3241],[14.5709,53.3238],[14.5721,53.3217],[14.5666,53.3251],[14.5667,53.3274],[14.5648,53.3291],[14.5629,53.328],[14.5574,53.3308],[14.5308,53.3336],[14.5403,53.3432],[14.5512,53.3496],[14.5606,53.3594],[14.5778,53.3621],[14.5864,53.3671],[14.5743,53.3714],[14.5595,53.3714],[14.5549,53.3738],[14.5437,53.3755],[14.5388,53.3752],[14.5374,53.372],[14.5329,53.3735],[14.5356,53.3824],[14.5266,53.3859],[14.5145,53.3875],[14.4918,53.3936],[14.4862,53.3909],[14.4789,53.394],[14.4816,53.3959],[14.4806,53.3976],[14.4683,53.4009],[14.4714,53.4016],[14.4724,53.4059],[14.4845,53.4072],[14.4845,53.4172],[14.481,53.4177],[14.4773,53.4147],[14.4772,53.4173],[14.4691,53.4177],[14.4709,53.4185],[14.475,53.427],[14.4793,53.4272],[14.483,53.4365],[14.463,53.4419],[14.4459,53.4442],[14.4488,53.4482],[14.4532,53.4468],[14.4582,53.4478],[14.4632,53.4461],[14.4653,53.4502],[14.473,53.4498],[14.4727,53.4523],[14.4684,53.4533],[14.4707,53.455],[14.4615,53.4565],[14.4629,53.4611],[14.4706,53.4595],[14.4703,53.461],[14.4586,53.4726],[14.4606,53.4764],[14.4533,53.4816],[14.4438,53.4848],[14.4494,53.4948],[14.4438,53.4954],[14.4549,53.4964],[14.4582,53.4952],[14.4644,53.4973],[14.4683,53.4928],[14.4788,53.4957],[14.4806,53.4955],[14.4812,53.4914],[14.4838,53.4918],[14.4841,53.4937],[14.4851,53.4927],[14.491,53.4943],[14.4918,53.4924],[14.4941,53.4924],[14.4929,53.4936],[14.502,53.4907],[14.5083,53.4921],[14.5076,53.4958],[14.516,53.497],[14.5311,53.4954],[14.5336,53.4971],[14.5382,53.4963],[14.5398,53.4989],[14.5418,53.4975],[14.5414,53.4952],[14.5461,53.4942],[14.5418,53.4934],[14.5422,53.4924],[14.5503,53.4935],[14.5541,53.4988],[14.5626,53.4973],[14.567,53.5006],[14.5706,53.4993],[14.5858,53.5038],[14.5872,53.5053],[14.5844,53.5052],[14.5834,53.5097],[14.5802,53.5131],[14.5813,53.5177],[14.574,53.52],[14.574,53.5233],[14.5684,53.5199],[14.5687,53.5219],[14.565,53.5218],[14.5547,53.5257],[14.5534,53.5292],[14.5545,53.5326],[14.5705,53.5377],[14.5721,53.5366],[14.57,53.5339],[14.5724,53.5329],[14.5765,53.5333],[14.5785,53.5358],[14.5843,53.5345],[14.5868,53.5321],[14.5907,53.5339],[14.595,53.5308],[14.5953,53.5321],[14.6053,53.5354],[14.6026,53.5362],[14.6041,53.5371],[14.6196,53.5355],[14.6283,53.5328],[14.6353,53.5339]]]]}},{"type":"Feature","properties":{"GID_2":"POL.16.19_1","GID_0":"POL","COUNTRY":"Poland","GID_1":"POL.16_1","NAME_1":"Zachodniopomorskie","NL_NAME_1":"NA","NAME_2":"Szczecinek","VARNAME_2":"NA","NL_NAME_2":"NA","TYPE_2":"Powiat","ENGTYPE_2":"County","CC_2":"3215","HASC_2":"NA"},"geometry":{"type":"MultiPolygon","coordinates":[[[[16.6437,53.4844],[16.6337,53.4857],[16.6211,53.4854],[16.6144,53.4834],[16.5968,53.4839],[16.5883,53.4824],[16.5844,53.4837],[16.5803,53.4787],[16.5322,53.4783],[16.4901,53.4703],[16.482,53.4769],[16.4541,53.4885],[16.4579,53.4944],[16.447,53.5026],[16.4572,53.5084],[16.4451,53.5165],[16.4428,53.516],[16.4383,53.5258],[16.429,53.527],[16.41,53.5257],[16.4085,53.5299],[16.4135,53.5331],[16.4105,53.5344],[16.414,53.5348],[16.4114,53.5369],[16.4147,53.5377],[16.4163,53.5409],[16.4137,53.547],[16.4153,53.5469],[16.4174,53.5501],[16.4069,53.5532],[16.4036,53.5617],[16.4011,53.5617],[16.3973,53.5578],[16.3895,53.5595],[16.3868,53.5587],[16.3789,53.5616],[16.3655,53.5578],[16.3596,53.5542],[16.3588,53.5562],[16.3502,53.5604],[16.347,53.5643],[16.3483,53.5648],[16.3397,53.5706],[16.3149,53.5696],[16.3144,53.5721],[16.317,53.5737],[16.3153,53.5768],[16.3212,53.5813],[16.3165,53.5824],[16.31,53.588],[16.3033,53.5908],[16.3064,53.5992],[16.3079,53.5998],[16.3061,53.6021],[16.3069,53.6053],[16.3043,53.6067],[16.3049,53.6094],[16.2875,53.6075],[16.2901,53.6107],[16.286,53.6124],[16.2794,53.6105],[16.272,53.6119],[16.2629,53.6179],[16.2693,53.6203],[16.2772,53.6189],[16.2927,53.6238],[16.2941,53.6255],[16.2929,53.6264],[16.2983,53.6277],[16.3019,53.6305],[16.3004,53.6307],[16.3012,53.6328],[16.2947,53.6343],[16.3022,53.6381],[16.2997,53.6379],[16.2951,53.6447],[16.2864,53.6442],[16.2872,53.648],[16.2847,53.6479],[16.2813,53.6508],[16.2793,53.6564],[16.2793,53.66],[16.2823,53.6621],[16.2756,53.6624],[16.2688,53.667],[16.2663,53.6714],[16.2623,53.67],[16.2589,53.6709],[16.2583,53.6732],[16.2536,53.6727],[16.2538,53.6757],[16.2484,53.6767],[16.2395,53.683],[16.2364,53.6902],[16.2343,53.6913],[16.2337,53.6939],[16.2502,53.6951],[16.247,53.697],[16.2506,53.6998],[16.2507,53.7022],[16.2477,53.7054],[16.2484,53.7072],[16.2549,53.7082],[16.2579,53.7102],[16.2594,53.7136],[16.2658,53.7164],[16.2642,53.7199],[16.2671,53.7208],[16.2655,53.7221],[16.2681,53.7239],[16.2643,53.7277],[16.2626,53.7276],[16.2605,53.7319],[16.2558,53.7363],[16.2562,53.7402],[16.2503,53.7443],[16.2456,53.7509],[16.2348,53.7519],[16.2332,53.7506],[16.2318,53.7522],[16.2153,53.7546],[16.2192,53.757],[16.2136,53.7594],[16.2143,53.7606],[16.2173,53.7629],[16.2227,53.7627],[16.2261,53.7656],[16.2283,53.7722],[16.2326,53.7739],[16.2323,53.7776],[16.2287,53.7825],[16.2292,53.7849],[16.2264,53.7901],[16.2025,53.8027],[16.2054,53.8152],[16.2123,53.8179],[16.2105,53.8205],[16.1985,53.8212],[16.1975,53.8222],[16.2018,53.8268],[16.1971,53.8322],[16.2034,53.8357],[16.2075,53.8331],[16.2129,53.8389],[16.2172,53.8407],[16.2382,53.8409],[16.2551,53.8429],[16.2568,53.8458],[16.2556,53.8474],[16.2572,53.8487],[16.2557,53.8494],[16.2611,53.8512],[16.2637,53.8569],[16.2709,53.8557],[16.2736,53.8588],[16.2661,53.8662],[16.2647,53.8709],[16.2798,53.8752],[16.2958,53.8735],[16.3034,53.8771],[16.3156,53.8772],[16.3196,53.8757],[16.3259,53.8765],[16.338,53.8859],[16.3365,53.8888],[16.3345,53.8889],[16.3411,53.9005],[16.3437,53.903],[16.3448,53.9021],[16.3527,53.9107],[16.3541,53.911],[16.3547,53.909],[16.3619,53.9115],[16.3661,53.9169],[16.3862,53.9095],[16.4014,53.911],[16.4147,53.9086],[16.425,53.9035],[16.4279,53.9004],[16.4333,53.901],[16.4389,53.9046],[16.4455,53.9025],[16.4478,53.9038],[16.4491,53.9029],[16.4543,53.9055],[16.4591,53.9048],[16.4591,53.906],[16.4641,53.908],[16.4692,53.9086],[16.4731,53.9072],[16.4788,53.9099],[16.4895,53.9072],[16.4998,53.9077],[16.5218,53.9019],[16.525,53.9027],[16.5331,53.8978],[16.5355,53.8898],[16.5346,53.8884],[16.5363,53.8882],[16.5526,53.8913],[16.5582,53.8941],[16.5686,53.8879],[16.5768,53.8854],[16.5811,53.8877],[16.5804,53.8903],[16.5853,53.8924],[16.5867,53.8911],[16.5884,53.8918],[16.587,53.8961],[16.5944,53.8974],[16.5908,53.8992],[16.5934,53.9038],[16.6158,53.9064],[16.6211,53.9006],[16.6341,53.8995],[16.6535,53.9029],[16.6521,53.9066],[16.6637,53.9093],[16.6723,53.9016],[16.6739,53.8964],[16.6766,53.8952],[16.6807,53.8894],[16.6868,53.8889],[16.6997,53.8919],[16.7215,53.8893],[16.7274,53.8917],[16.7301,53.8897],[16.7331,53.8903],[16.7371,53.8937],[16.7371,53.8963],[16.7313,53.9005],[16.7168,53.9048],[16.7171,53.9073],[16.71,53.9136],[16.7101,53.9188],[16.7273,53.9233],[16.7145,53.9386],[16.7111,53.9365],[16.7014,53.9442],[16.6903,53.9499],[16.7189,53.9534],[16.732,53.9613],[16.7374,53.9581],[16.7623,53.9662],[16.7557,53.9719],[16.756,53.9748],[16.7508,53.976],[16.7589,53.9776],[16.7592,53.9851],[16.7631,53.9854],[16.7583,53.9887],[16.7616,53.9894],[16.7606,53.9927],[16.7645,53.991],[16.7646,53.9892],[16.7691,53.988],[16.7719,53.9896],[16.7778,53.9881],[16.7797,53.9904],[16.7894,53.9895],[16.7902,53.9868],[16.7928,53.9855],[16.7904,53.9848],[16.79,53.9814],[16.7878,53.9802],[16.789,53.9795],[16.8053,53.9811],[16.8065,53.98],[16.8043,53.9791],[16.8057,53.9775],[16.8075,53.9781],[16.8063,53.9792],[16.8073,53.9796],[16.8134,53.9792],[16.8133,53.9836],[16.8107,53.9857],[16.8048,53.9854],[16.8023,53.9869],[16.8039,53.9894],[16.8047,53.9876],[16.8072,53.9875],[16.8034,53.9943],[16.8064,53.9934],[16.8129,53.9955],[16.815,53.9982],[16.8135,53.9989],[16.815,54.0006],[16.8132,54.0014],[16.818,54.0009],[16.818,54.0037],[16.8158,54.004],[16.8148,54.005],[16.8251,54.0042],[16.8286,53.9952],[16.8423,53.9979],[16.8423,53.9938],[16.8441,53.9926],[16.847,53.9839],[16.8546,53.9836],[16.8612,53.9801],[16.8746,53.977],[16.8768,53.9715],[16.8745,53.9696],[16.88,53.9636],[16.8778,53.9606],[16.8796,53.9564],[16.8756,53.9519],[16.8623,53.9509],[16.8618,53.9478],[16.8582,53.9471],[16.862,53.9459],[16.8676,53.9478],[16.8722,53.9462],[16.876,53.9441],[16.8765,53.9402],[16.8806,53.9414],[16.9087,53.9253],[16.922,53.9254],[16.9245,53.9225],[16.9233,53.921],[16.9349,53.9142],[16.9414,53.9121],[16.9506,53.9123],[16.9506,53.9095],[16.9552,53.9068],[16.962,53.9076],[16.9647,53.9046],[16.9821,53.9049],[16.9765,53.8796],[16.9706,53.8806],[16.9707,53.878],[16.9505,53.8792],[16.9547,53.8747],[16.9247,53.8747],[16.9146,53.8757],[16.9116,53.8774],[16.9073,53.8758],[16.9017,53.8771],[16.9017,53.8743],[16.8927,53.8789],[16.896,53.8726],[16.8936,53.8716],[16.8904,53.8728],[16.8724,53.8687],[16.8711,53.8575],[16.8683,53.8544],[16.865,53.8545],[16.8608,53.8522],[16.87,53.8505],[16.8728,53.8428],[16.8717,53.8377],[16.8741,53.8362],[16.8732,53.8345],[16.8685,53.8341],[16.8728,53.8296],[16.874,53.8318],[16.8762,53.8318],[16.8855,53.8291],[16.8942,53.8234],[16.8997,53.8237],[16.9105,53.8198],[16.911,53.8164],[16.9075,53.8155],[16.9069,53.8131],[16.9104,53.8084],[16.9086,53.8037],[16.9095,53.8018],[16.9181,53.7981],[16.9376,53.8019],[16.9403,53.8067],[16.9482,53.8052],[16.9445,53.8009],[16.9397,53.7902],[16.9377,53.7893],[16.9365,53.784],[16.9341,53.784],[16.933,53.7794],[16.9307,53.7772],[16.9206,53.7746],[16.9032,53.7652],[16.9007,53.761],[16.883,53.7564],[16.8577,53.7471],[16.8773,53.7191],[16.8757,53.7151],[16.8793,53.7012],[16.8803,53.6884],[16.8862,53.6762],[16.8922,53.6559],[16.8821,53.6539],[16.8808,53.6528],[16.8817,53.6519],[16.8696,53.6477],[16.8665,53.6503],[16.8537,53.6387],[16.8553,53.6323],[16.852,53.6293],[16.8486,53.6287],[16.8491,53.6272],[16.8413,53.6258],[16.8385,53.6284],[16.8402,53.6293],[16.8309,53.6349],[16.8261,53.6434],[16.8132,53.64],[16.8131,53.6374],[16.8163,53.6339],[16.8138,53.6308],[16.7747,53.6272],[16.7582,53.6241],[16.759,53.6209],[16.7629,53.6181],[16.7603,53.6175],[16.7541,53.6107],[16.7495,53.6009],[16.7407,53.5989],[16.7439,53.596],[16.7426,53.591],[16.738,53.5885],[16.7399,53.5885],[16.7395,53.5837],[16.7464,53.5757],[16.7402,53.5668],[16.7356,53.5664],[16.7325,53.5689],[16.7277,53.5672],[16.7254,53.5606],[16.7272,53.5551],[16.7187,53.5442],[16.7192,53.5394],[16.717,53.5336],[16.73,53.5292],[16.7206,53.5262],[16.7219,53.5222],[16.7152,53.5205],[16.7104,53.5161],[16.7006,53.5148],[16.6954,53.5181],[16.6548,53.491],[16.652,53.487],[16.6437,53.4844]]]]}},{"type":"Feature","properties":{"GID_2":"POL.16.21_1","GID_0":"POL","COUNTRY":"Poland","GID_1":"POL.16_1","NAME_1":"Zachodniopomorskie","NL_NAME_1":"NA","NAME_2":"Walcz","VARNAME_2":"NA","NL_NAME_2":"NA","TYPE_2":"Powiat","ENGTYPE_2":"County","CC_2":"3217","HASC_2":"NA"},"geometry":{"type":"MultiPolygon","coordinates":[[[[15.9632,53.0413],[15.9671,53.044],[15.9665,53.0463],[15.9683,53.0462],[15.9747,53.0517],[15.9725,53.0569],[15.9754,53.0549],[15.9802,53.0564],[15.9815,53.0543],[15.9831,53.0555],[15.9869,53.0534],[15.9866,53.055],[15.989,53.0548],[15.9897,53.0563],[15.9854,53.0603],[15.9869,53.0626],[15.9848,53.0643],[15.9863,53.0649],[15.9873,53.0692],[15.9945,53.0735],[15.9941,53.0775],[15.9954,53.0783],[15.9924,53.0808],[15.9967,53.0829],[15.9983,53.087],[15.9926,53.0917],[15.9888,53.093],[15.9858,53.0921],[15.9859,53.096],[15.9809,53.0973],[15.984,53.1018],[15.9818,53.1026],[15.9808,53.1016],[15.9792,53.1033],[15.9851,53.1134],[15.982,53.1155],[15.9821,53.1171],[15.9892,53.1231],[15.9802,53.1229],[15.9628,53.129],[15.98,53.1721],[15.9859,53.1747],[15.9865,53.178],[15.9905,53.1791],[15.995,53.1846],[15.9967,53.1895],[16.0005,53.1939],[15.9984,53.1955],[15.9991,53.1985],[16.0106,53.2012],[16.0095,53.204],[16.0168,53.2073],[16.0119,53.2113],[16.0169,53.2119],[16.0232,53.2269],[16.0338,53.2293],[16.0371,53.2323],[16.018,53.2346],[16.0129,53.2409],[16.0089,53.2434],[16.0086,53.2397],[16.0036,53.2401],[16.0073,53.2428],[16.0082,53.2477],[16.0066,53.2494],[16.0191,53.2557],[16.0256,53.2621],[16.0293,53.2686],[16.0362,53.2707],[16.0381,53.2723],[16.0372,53.2738],[16.0439,53.2748],[16.0498,53.2735],[16.0541,53.2799],[16.0598,53.2811],[16.064,53.285],[16.0761,53.2891],[16.0661,53.2928],[16.0628,53.2955],[16.0696,53.3112],[16.059,53.313],[16.0524,53.3104],[16.0458,53.3107],[16.0478,53.3133],[16.051,53.313],[16.0515,53.3149],[16.0544,53.3157],[16.0501,53.3192],[16.0483,53.3199],[16.0448,53.3169],[16.0414,53.3179],[16.0408,53.3164],[16.0244,53.3174],[16.025,53.3142],[16.0221,53.3108],[16.0082,53.3112],[15.996,53.3167],[15.9892,53.3219],[15.9924,53.3266],[15.9903,53.3272],[15.9982,53.3371],[15.9907,53.3367],[15.9925,53.3399],[15.9851,53.3493],[15.991,53.352],[15.9766,53.3559],[15.974,53.3632],[15.9847,53.3707],[15.9728,53.3751],[15.9874,53.3838],[15.9861,53.3876],[16.0092,53.4038],[16.0272,53.4007],[16.0367,53.4009],[16.0408,53.3981],[16.0479,53.3918],[16.0518,53.3856],[16.0558,53.3698],[16.0622,53.3657],[16.0654,53.3712],[16.0719,53.3736],[16.0719,53.3841],[16.071,53.3898],[16.0704,53.3917],[16.0707,53.3906],[16.0687,53.3924],[16.0703,53.3922],[16.0692,53.3971],[16.0691,53.3974],[16.0682,53.3988],[16.069,53.3975],[16.0672,53.3976],[16.0657,53.395],[16.0561,53.3998],[16.0595,53.405],[16.0544,53.4049],[16.0543,53.4065],[16.0519,53.4074],[16.0618,53.4075],[16.0751,53.4021],[16.0768,53.4033],[16.078,53.4012],[16.0889,53.3988],[16.0884,53.404],[16.1038,53.3976],[16.1066,53.4003],[16.111,53.3802],[16.1507,53.3761],[16.2176,53.3959],[16.2667,53.3982],[16.2759,53.4007],[16.2915,53.4086],[16.3104,53.4089],[16.3192,53.4072],[16.3412,53.4178],[16.3623,53.4209],[16.3651,53.4224],[16.3658,53.4249],[16.3711,53.4262],[16.3586,53.431],[16.3581,53.4327],[16.382,53.4392],[16.3848,53.4397],[16.3889,53.4248],[16.3942,53.4212],[16.398,53.4292],[16.4052,53.4316],[16.4074,53.4352],[16.4067,53.4367],[16.4114,53.4384],[16.4095,53.4407],[16.4224,53.4418],[16.421,53.4454],[16.4246,53.4466],[16.4262,53.4506],[16.4284,53.4516],[16.4273,53.4534],[16.4299,53.4561],[16.4332,53.4569],[16.4333,53.4588],[16.438,53.4599],[16.4473,53.4572],[16.4475,53.4589],[16.4511,53.4606],[16.4599,53.4583],[16.4637,53.4598],[16.4639,53.4573],[16.4598,53.4525],[16.4522,53.4525],[16.4466,53.4551],[16.4438,53.4532],[16.4666,53.4041],[16.4726,53.4049],[16.4743,53.4029],[16.474,53.4001],[16.477,53.3973],[16.4745,53.3901],[16.4753,53.3878],[16.4916,53.3826],[16.4871,53.388],[16.4959,53.3833],[16.4994,53.385],[16.5024,53.3843],[16.5102,53.3796],[16.5075,53.3783],[16.5084,53.3761],[16.5257,53.3672],[16.5355,53.3783],[16.5365,53.3758],[16.5391,53.3755],[16.538,53.3736],[16.5408,53.3723],[16.5403,53.3708],[16.5434,53.369],[16.5418,53.3656],[16.5466,53.3666],[16.5455,53.3634],[16.5512,53.3587],[16.5511,53.3566],[16.5558,53.3545],[16.5584,53.3558],[16.5592,53.3536],[16.5626,53.353],[16.572,53.3584],[16.576,53.3555],[16.5743,53.3543],[16.5851,53.3467],[16.6063,53.3452],[16.6285,53.3476],[16.6316,53.343],[16.6291,53.3392],[16.6385,53.3354],[16.6381,53.333],[16.6355,53.3307],[16.6369,53.3283],[16.6453,53.3287],[16.6485,53.3261],[16.6541,53.3252],[16.6567,53.3209],[16.6698,53.3179],[16.6787,53.3195],[16.6823,53.317],[16.6812,53.3116],[16.6875,53.3072],[16.6906,53.3083],[16.6943,53.3074],[16.6965,53.3053],[16.6951,53.3024],[16.6969,53.301],[16.7059,53.3035],[16.7132,53.3017],[16.7145,53.2992],[16.6761,53.2907],[16.6737,53.2922],[16.6727,53.2914],[16.6745,53.2901],[16.6618,53.2786],[16.6558,53.2792],[16.6539,53.2814],[16.6514,53.2808],[16.6509,53.2756],[16.6576,53.2714],[16.6579,53.2677],[16.6609,53.2669],[16.6456,53.2679],[16.63,53.26],[16.6352,53.2604],[16.6356,53.2589],[16.6387,53.259],[16.6446,53.2556],[16.6345,53.2528],[16.6294,53.2494],[16.6256,53.2432],[16.6222,53.2409],[16.6207,53.2336],[16.6325,53.2338],[16.6345,53.2278],[16.625,53.2264],[16.6346,53.2199],[16.6383,53.215],[16.6299,53.2184],[16.625,53.216],[16.6202,53.2135],[16.6257,53.2086],[16.6207,53.2063],[16.6096,53.2087],[16.5965,53.2176],[16.6004,53.2228],[16.5957,53.2277],[16.5961,53.2297],[16.5795,53.2271],[16.5769,53.2313],[16.5693,53.2299],[16.5594,53.2332],[16.5566,53.2298],[16.5586,53.229],[16.5507,53.2233],[16.5564,53.2213],[16.5451,53.2172],[16.5357,53.2201],[16.5358,53.2187],[16.5321,53.219],[16.5324,53.2155],[16.529,53.2155],[16.5309,53.2069],[16.5396,53.2014],[16.5279,53.1997],[16.5205,53.1858],[16.513,53.1849],[16.5157,53.1817],[16.5102,53.1823],[16.5059,53.1778],[16.5078,53.1762],[16.504,53.1758],[16.5011,53.1727],[16.5012,53.1667],[16.4995,53.1633],[16.4838,53.1642],[16.4765,53.1703],[16.4724,53.1698],[16.4591,53.1656],[16.4605,53.1648],[16.4552,53.1644],[16.4564,53.1627],[16.4494,53.1598],[16.4493,53.1621],[16.4456,53.1621],[16.4471,53.155],[16.4325,53.1564],[16.4248,53.1486],[16.4167,53.1489],[16.4151,53.1514],[16.4165,53.1522],[16.4112,53.1542],[16.4109,53.1555],[16.4128,53.1558],[16.4053,53.1585],[16.4074,53.1611],[16.4114,53.1612],[16.4095,53.1636],[16.3992,53.1637],[16.4018,53.1605],[16.3983,53.1594],[16.3968,53.1605],[16.3916,53.1578],[16.3957,53.1539],[16.3983,53.1484],[16.3915,53.1409],[16.3905,53.131],[16.3759,53.1266],[16.3754,53.1284],[16.3724,53.1285],[16.363,53.123],[16.3669,53.1212],[16.3599,53.1144],[16.346,53.1124],[16.3468,53.1081],[16.352,53.1038],[16.3555,53.0966],[16.3593,53.0935],[16.3643,53.082],[16.3628,53.0766],[16.3509,53.0728],[16.3436,53.067],[16.3391,53.0603],[16.3336,53.06],[16.3303,53.0566],[16.324,53.058],[16.3241,53.0497],[16.3161,53.0512],[16.3149,53.0491],[16.3128,53.0497],[16.3104,53.0453],[16.3173,53.044],[16.3152,53.0392],[16.3171,53.0385],[16.3169,53.0367],[16.2949,53.0381],[16.286,53.041],[16.288,53.0442],[16.2768,53.0455],[16.2699,53.0491],[16.244,53.0446],[16.2295,53.0394],[16.1861,53.0336],[16.1589,53.0236],[16.143,53.0154],[16.1208,53.012],[16.096,53.0155],[16.0835,53.0145],[16.0735,53.0162],[16.0545,53.0216],[16.045,53.0288],[16.0238,53.0355],[16.0101,53.0337],[15.9632,53.0413]]]]}},{"type":"Feature","properties":{"GID_2":"POL.16.22_1","GID_0":"POL","COUNTRY":"Poland","GID_1":"POL.16_1","NAME_1":"Zachodniopomorskie","NL_NAME_1":"NA","NAME_2":"ZalewSzczecinski","VARNAME_2":"SzczecinLagoon","NL_NAME_2":"NA","TYPE_2":"WaterBody","ENGTYPE_2":"WaterBody","CC_2":"NA","HASC_2":"NA"},"geometry":{"type":"MultiPolygon","coordinates":[[[[14.273,53.7376],[14.2716,53.7407],[14.2735,53.7444],[14.267,53.7535],[14.2836,53.7723],[14.2139,53.8654],[14.2197,53.8654],[14.2264,53.8629],[14.2336,53.8565],[14.2414,53.8529],[14.2725,53.826],[14.2858,53.8224],[14.3064,53.8218],[14.3219,53.8098],[14.3314,53.8096],[14.3369,53.8071],[14.3375,53.8082],[14.3331,53.8107],[14.3353,53.8121],[14.3414,53.8082],[14.3408,53.8132],[14.3381,53.8157],[14.3375,53.8218],[14.3381,53.8243],[14.3408,53.8251],[14.3392,53.8276],[14.3397,53.8296],[14.3431,53.8315],[14.3508,53.8335],[14.3531,53.8351],[14.3525,53.8363],[14.3564,53.8379],[14.3658,53.8387],[14.3686,53.8376],[14.3686,53.8401],[14.3781,53.8399],[14.3853,53.8422],[14.3869,53.8404],[14.3836,53.8393],[14.3836,53.8365],[14.3881,53.8365],[14.3942,53.8407],[14.4008,53.8401],[14.4064,53.8429],[14.4125,53.8435],[14.4181,53.8482],[14.4197,53.8554],[14.4153,53.8565],[14.4158,53.8638],[14.4107,53.8649],[14.4164,53.8654],[14.4053,53.8668],[14.3897,53.8654],[14.3869,53.8663],[14.3892,53.8679],[14.3864,53.8715],[14.3825,53.8721],[14.3814,53.8751],[14.3764,53.8751],[14.3675,53.8715],[14.3603,53.8729],[14.3603,53.8768],[14.3703,53.8793],[14.3753,53.8785],[14.3758,53.8796],[14.3692,53.8815],[14.3703,53.8849],[14.3758,53.8871],[14.3747,53.8893],[14.3842,53.8926],[14.4075,53.8943],[14.4081,53.8929],[14.4169,53.8901],[14.4192,53.8882],[14.4186,53.8868],[14.4253,53.8849],[14.4247,53.889],[14.4264,53.8899],[14.4286,53.8968],[14.4314,53.8993],[14.4358,53.8999],[14.4369,53.8974],[14.4358,53.8929],[14.4297,53.891],[14.4319,53.8885],[14.4308,53.8843],[14.4258,53.8832],[14.4247,53.8812],[14.4247,53.8774],[14.4214,53.8707],[14.4236,53.8654],[14.4353,53.8624],[14.4714,53.8649],[14.4897,53.8618],[14.4931,53.8626],[14.5108,53.8607],[14.5219,53.8571],[14.5347,53.8593],[14.5558,53.8554],[14.5742,53.849],[14.5836,53.8399],[14.5847,53.8338],[14.5808,53.8293],[14.5703,53.8296],[14.5731,53.8254],[14.5714,53.8196],[14.5731,53.8182],[14.5731,53.8154],[14.5786,53.811],[14.5775,53.8093],[14.5803,53.8043],[14.5853,53.8037],[14.5869,53.8013],[14.5886,53.8015],[14.5886,53.804],[14.5958,53.8074],[14.5942,53.8124],[14.5869,53.8151],[14.5886,53.8201],[14.5936,53.8235],[14.5942,53.8271],[14.6064,53.8282],[14.6153,53.8307],[14.6181,53.8334],[14.6204,53.8318],[14.6186,53.8293],[14.6086,53.8254],[14.6053,53.8224],[14.6075,53.8154],[14.6114,53.8107],[14.6103,53.8079],[14.6131,53.8054],[14.6119,53.7974],[14.6131,53.7901],[14.6108,53.7857],[14.6158,53.7824],[14.6142,53.7799],[14.6147,53.7754],[14.6169,53.7724],[14.6158,53.7671],[14.6131,53.7637],[14.6075,53.7616],[14.5908,53.7624],[14.5875,53.7574],[14.5825,53.7543],[14.5742,53.7562],[14.5742,53.7588],[14.5714,53.7596],[14.5714,53.7615],[14.5686,53.764],[14.5653,53.7629],[14.5637,53.7596],[14.5669,53.7557],[14.5636,53.7549],[14.5603,53.7571],[14.5569,53.7554],[14.5592,53.7521],[14.5542,53.7426],[14.5553,53.7379],[14.5497,53.7271],[14.5469,53.7154],[14.5386,53.7032],[14.5442,53.6965],[14.5453,53.6915],[14.5442,53.689],[14.5464,53.6879],[14.5464,53.6849],[14.5442,53.684],[14.5458,53.6801],[14.5436,53.676],[14.5475,53.6754],[14.5525,53.671],[14.5619,53.6662],[14.5708,53.6649],[14.5681,53.661],[14.5775,53.6557],[14.5853,53.6543],[14.5864,53.6557],[14.5975,53.6551],[14.6069,53.6574],[14.6097,53.654],[14.6064,53.6524],[14.6058,53.6496],[14.6158,53.6515],[14.6192,53.6499],[14.6225,53.6437],[14.6158,53.6429],[14.6142,53.6385],[14.6097,53.6379],[14.6181,53.6346],[14.6175,53.6326],[14.6153,53.6329],[14.6169,53.6307],[14.6081,53.6324],[14.6075,53.631],[14.6097,53.6302],[14.6081,53.6276],[14.5942,53.6263],[14.5925,53.6107],[14.5897,53.6093],[14.5947,53.6076],[14.5975,53.5971],[14.5842,53.5968],[14.5814,53.5985],[14.5814,53.6004],[14.5764,53.6029],[14.5714,53.6018],[14.5736,53.6063],[14.5575,53.6232],[14.5425,53.6465],[14.5342,53.6499],[14.5314,53.6554],[14.5242,53.6593],[14.5253,53.661],[14.5181,53.6637],[14.5136,53.6635],[14.5053,53.6674],[14.4931,53.6679],[14.4669,53.674],[14.4253,53.6771],[14.4264,53.6782],[14.4181,53.6771],[14.4069,53.6796],[14.3886,53.6871],[14.3864,53.6899],[14.3803,53.6924],[14.3786,53.6951],[14.3681,53.699],[14.3547,53.7068],[14.3431,53.7157],[14.3319,53.7332],[14.3136,53.7396],[14.2969,53.7438],[14.2847,53.7426],[14.2864,53.741],[14.2947,53.7418],[14.2936,53.7388],[14.3019,53.7376],[14.3025,53.7365],[14.2992,53.736],[14.2981,53.7318],[14.3019,53.7299],[14.3003,53.7279],[14.3031,53.7268],[14.2992,53.7257],[14.2947,53.7271],[14.2903,53.7251],[14.2853,53.7251],[14.2781,53.7271],[14.2764,53.7254],[14.2869,53.7199],[14.3008,53.7201],[14.3092,53.7118],[14.3086,53.704],[14.3053,53.7001],[14.3008,53.6987],[14.2869,53.6979],[14.2742,53.6999],[14.2732,53.6993],[14.2748,53.6891],[14.2721,53.6895],[14.272,53.6936],[14.2668,53.6987],[14.2677,53.7046],[14.2719,53.7058],[14.2684,53.7084],[14.273,53.7376]],[[14.5969,53.6376],[14.5942,53.6379],[14.5919,53.6351],[14.5953,53.6343],[14.5969,53.6351],[14.5969,53.6376]],[[14.5333,53.6699],[14.5336,53.6724],[14.5369,53.6738],[14.5342,53.6774],[14.5231,53.6743],[14.5281,53.671],[14.5333,53.6699]],[[14.4064,53.8704],[14.4036,53.8724],[14.4031,53.8707],[14.3953,53.8696],[14.4075,53.8699],[14.4064,53.8704]],[[14.3897,53.8724],[14.3875,53.8729],[14.3892,53.8688],[14.3908,53.8688],[14.3897,53.8724]],[[14.3931,53.8699],[14.3947,53.8715],[14.3925,53.8732],[14.3919,53.8699],[14.3931,53.8699]]]]}}]}