{"type":"FeatureCollection","name":"Wielkopolskie","crs":{"type":"name","properties":{"name":"urn:ogc:def:crs:OGC:1.3:CRS84"}},"features":[{"type":"Feature","properties":{"GID_2":"POL.15.1_1","GID_0":"POL","COUNTRY":"Poland","GID_1":"POL.15_1","NAME_1":"Wielkopolskie","NL_NAME_1":"NA","NAME_2":"Chodziez","VARNAME_2":"NA","NL_NAME_2":"NA","TYPE_2":"Powiat","ENGTYPE_2":"County","CC_2":"3001","HASC_2":"NA"},"geometry":{"type":"MultiPolygon","coordinates":[[[[17.0974,52.8963],[17.0888,52.8904],[17.0784,52.8905],[17.0662,52.8841],[17.0609,52.8777],[17.0583,52.8771],[17.0676,52.8698],[17.0699,52.8671],[17.0692,52.8644],[17.0639,52.8586],[17.0607,52.8582],[17.0609,52.8528],[17.0512,52.8426],[17.0541,52.8405],[17.0514,52.8376],[17.0441,52.8392],[17.0427,52.8371],[17.0515,52.8352],[17.0509,52.8333],[17.061,52.8311],[17.0595,52.8294],[17.0685,52.8272],[17.0603,52.8231],[17.0498,52.8261],[17.0482,52.8235],[17.027,52.83],[17.0262,52.8318],[17.0163,52.8358],[17.0207,52.8335],[17.0206,52.8309],[17.0136,52.831],[17.0033,52.8278],[16.9847,52.8284],[16.973,52.8318],[16.9412,52.8172],[16.933,52.816],[16.9264,52.8216],[16.9191,52.8245],[16.9092,52.8257],[16.9001,52.8314],[16.8865,52.831],[16.8837,52.8412],[16.8747,52.8471],[16.8669,52.8448],[16.864,52.846],[16.8567,52.853],[16.8355,52.8578],[16.8217,52.8574],[16.8209,52.8584],[16.8238,52.8597],[16.8231,52.8621],[16.8188,52.8599],[16.8147,52.8603],[16.8166,52.8577],[16.8079,52.8538],[16.7964,52.8649],[16.8004,52.8744],[16.7878,52.8691],[16.7884,52.8712],[16.7869,52.8726],[16.789,52.8824],[16.7852,52.8867],[16.7767,52.8912],[16.7706,52.8997],[16.7718,52.9073],[16.774,52.9095],[16.7726,52.9206],[16.7749,52.9316],[16.7738,52.9339],[16.7673,52.9468],[16.7428,52.9693],[16.7398,52.9805],[16.7324,52.9812],[16.732,52.9835],[16.7389,52.982],[16.741,53.0028],[16.756,53.0039],[16.772,53.0093],[16.7705,53.0109],[16.7798,53.0135],[16.7751,53.0246],[16.779,53.0246],[16.7788,53.0235],[16.7875,53.0212],[16.7903,53.0287],[16.8017,53.0262],[16.7981,53.0308],[16.7991,53.0343],[16.7956,53.04],[16.796,53.0426],[16.8076,53.0443],[16.8088,53.0459],[16.8075,53.0462],[16.8078,53.053],[16.8213,53.0524],[16.8263,53.0551],[16.8362,53.0525],[16.8479,53.0548],[16.8663,53.0505],[16.8746,53.0537],[16.8843,53.0502],[16.897,53.0525],[16.9026,53.052],[16.9112,53.0551],[16.918,53.054],[16.9323,53.0567],[16.9506,53.0534],[16.955,53.0566],[16.9598,53.0558],[16.9625,53.0578],[16.9713,53.0593],[16.987,53.0583],[16.9985,53.06],[16.9986,53.0622],[17.0017,53.0634],[17.002,53.0667],[17.0047,53.0664],[17.0044,53.0683],[17.0068,53.0699],[17.0178,53.0741],[17.0214,53.0732],[17.0219,53.069],[17.0263,53.0669],[17.0461,53.0686],[17.0671,53.0665],[17.0918,53.0754],[17.1064,53.0759],[17.1124,53.0726],[17.1189,53.0744],[17.1288,53.0733],[17.1292,53.0751],[17.1254,53.0757],[17.1407,53.0795],[17.1729,53.0816],[17.1836,53.0854],[17.2073,53.0898],[17.2176,53.0846],[17.2265,53.0839],[17.2287,53.0826],[17.2276,53.0793],[17.2304,53.0816],[17.2364,53.0787],[17.244,53.0798],[17.2469,53.0783],[17.2465,53.0798],[17.257,53.0841],[17.2571,53.0823],[17.2592,53.0821],[17.2625,53.0843],[17.2655,53.0823],[17.265,53.084],[17.2691,53.0843],[17.2707,53.0836],[17.2703,53.0813],[17.2818,53.0806],[17.2846,53.0833],[17.2889,53.0842],[17.2928,53.072],[17.2921,53.0644],[17.2938,53.0617],[17.2921,53.0589],[17.2939,53.0538],[17.2989,53.0512],[17.2825,53.0316],[17.2755,53.028],[17.264,53.025],[17.2534,53.0189],[17.2132,53.0224],[17.1871,53.0138],[17.1852,53.0056],[17.1873,52.9912],[17.2034,52.98],[17.204,52.9729],[17.2017,52.9666],[17.1964,52.966],[17.1839,52.9578],[17.1784,52.9574],[17.1772,52.956],[17.1775,52.9504],[17.1748,52.9463],[17.1743,52.9407],[17.1778,52.9361],[17.181,52.9345],[17.1768,52.9346],[17.1687,52.9316],[17.1615,52.9319],[17.1563,52.9281],[17.1577,52.9242],[17.1635,52.9215],[17.1637,52.9186],[17.1615,52.9168],[17.1631,52.914],[17.1621,52.9134],[17.1657,52.9093],[17.1695,52.9088],[17.1725,52.9009],[17.1698,52.9015],[17.165,52.9077],[17.1438,52.9072],[17.1389,52.9015],[17.1257,52.8998],[17.1219,52.9011],[17.1049,52.8966],[17.0974,52.8963]]]]}},{"type":"Feature","properties":{"GID_2":"POL.15.2_1","GID_0":"POL","COUNTRY":"Poland","GID_1":"POL.15_1","NAME_1":"Wielkopolskie","NL_NAME_1":"NA","NAME_2":"Czarnkow-Trzcianka","VARNAME_2":"NA","NL_NAME_2":"NA","TYPE_2":"Powiat","ENGTYPE_2":"County","CC_2":"3002","HASC_2":"NA"},"geometry":{"type":"MultiPolygon","coordinates":[[[[16.7072,52.8513],[16.7146,52.8538],[16.7165,52.8524],[16.7286,52.8522],[16.7297,52.8499],[16.7313,52.8501],[16.7297,52.8442],[16.7235,52.8442],[16.727,52.8435],[16.7272,52.8408],[16.7224,52.8391],[16.7252,52.8378],[16.7248,52.8345],[16.7227,52.8333],[16.7247,52.8343],[16.7413,52.8253],[16.7621,52.8224],[16.7609,52.819],[16.7499,52.8212],[16.7502,52.8196],[16.7474,52.8182],[16.7486,52.8165],[16.747,52.8142],[16.7519,52.8138],[16.758,52.8156],[16.7651,52.8135],[16.7713,52.8145],[16.7705,52.8117],[16.7744,52.8087],[16.7756,52.8008],[16.7817,52.8016],[16.7936,52.7987],[16.7944,52.7964],[16.7982,52.7951],[16.7986,52.7872],[16.8001,52.7843],[16.7933,52.7833],[16.7888,52.7792],[16.7736,52.7744],[16.7694,52.7695],[16.7662,52.7685],[16.7662,52.766],[16.761,52.7665],[16.7483,52.7605],[16.7421,52.7613],[16.7402,52.7585],[16.735,52.7599],[16.7374,52.762],[16.7363,52.7621],[16.7198,52.7568],[16.714,52.7469],[16.7158,52.7434],[16.7144,52.7418],[16.7173,52.7384],[16.7184,52.7395],[16.7221,52.7381],[16.7264,52.7406],[16.7328,52.7418],[16.7307,52.743],[16.7302,52.7466],[16.7323,52.7468],[16.7325,52.7496],[16.7623,52.7512],[16.7407,52.7372],[16.7424,52.7339],[16.742,52.7304],[16.7385,52.7264],[16.7311,52.7295],[16.708,52.7258],[16.6978,52.7287],[16.7019,52.7309],[16.7025,52.7364],[16.7045,52.7386],[16.703,52.7439],[16.7044,52.7497],[16.6646,52.7515],[16.6441,52.7483],[16.6303,52.751],[16.5582,52.7388],[16.5172,52.7596],[16.5156,52.7574],[16.5038,52.7542],[16.4682,52.7517],[16.4562,52.7426],[16.4554,52.7376],[16.4459,52.741],[16.4366,52.747],[16.4327,52.7442],[16.4301,52.7465],[16.4308,52.7474],[16.423,52.7497],[16.4245,52.7514],[16.4318,52.7502],[16.4443,52.7564],[16.4394,52.7661],[16.4226,52.7629],[16.4144,52.77],[16.3936,52.7626],[16.3877,52.7596],[16.3862,52.7573],[16.384,52.7614],[16.3923,52.7717],[16.3614,52.7755],[16.3583,52.7756],[16.3621,52.767],[16.3605,52.7626],[16.3713,52.7606],[16.3726,52.7572],[16.3351,52.7497],[16.3367,52.7533],[16.334,52.7547],[16.3365,52.7575],[16.3367,52.7606],[16.3276,52.7752],[16.3128,52.7764],[16.3098,52.7736],[16.2973,52.7709],[16.2858,52.7659],[16.2753,52.7767],[16.2608,52.7862],[16.2419,52.7932],[16.2138,52.7924],[16.185,52.7941],[16.1693,52.7924],[16.1391,52.7855],[16.1114,52.768],[16.0759,52.7572],[16.0664,52.7489],[16.0661,52.741],[16.0636,52.7327],[16.0616,52.7285],[16.059,52.7271],[16.0401,52.7335],[16.0132,52.7347],[15.9814,52.7504],[15.9469,52.7549],[15.9489,52.7558],[15.9417,52.7592],[15.9365,52.7658],[15.9384,52.7675],[15.9379,52.769],[15.9334,52.7743],[15.9272,52.7784],[15.9258,52.782],[15.9261,52.784],[15.9384,52.7862],[15.9348,52.793],[15.9346,52.8014],[15.9328,52.8021],[15.9353,52.8033],[15.9319,52.8039],[15.9256,52.802],[15.9118,52.8037],[15.9118,52.8065],[15.9032,52.8061],[15.8932,52.8128],[15.8965,52.8153],[15.8952,52.819],[15.8971,52.8207],[15.8945,52.8258],[15.9045,52.8266],[15.9003,52.8331],[15.9018,52.8354],[15.9062,52.8353],[15.9067,52.8374],[15.9121,52.8376],[15.9187,52.8411],[15.9229,52.831],[15.9236,52.8312],[15.9518,52.8431],[15.9463,52.8542],[15.9479,52.855],[15.9548,52.8561],[15.97,52.8538],[15.9631,52.8571],[15.9729,52.8576],[15.9741,52.859],[15.973,52.8642],[15.9715,52.8669],[15.9697,52.8658],[15.9686,52.8683],[15.9614,52.8693],[15.9631,52.874],[15.9756,52.873],[15.9773,52.8769],[15.9793,52.8776],[15.9798,52.8807],[15.9766,52.882],[15.976,52.8838],[15.978,52.8861],[15.9756,52.8868],[15.9749,52.8909],[15.9719,52.8926],[15.9739,52.8948],[15.9673,52.9],[15.9746,52.9019],[15.9721,52.9048],[15.9763,52.91],[15.9795,52.909],[15.9802,52.9136],[15.9768,52.9206],[15.9778,52.9221],[15.9722,52.9289],[15.9793,52.9328],[15.9778,52.9357],[15.9789,52.937],[15.9735,52.941],[15.9693,52.9466],[15.9666,52.9475],[15.9696,52.9493],[15.9668,52.9498],[15.9644,52.954],[15.9605,52.9561],[15.9618,52.9584],[15.9596,52.9597],[15.962,52.9632],[15.9587,52.9643],[15.96,52.965],[15.9592,52.9671],[15.9616,52.9672],[15.9613,52.9709],[15.9541,52.9714],[15.9535,52.9698],[15.9517,52.972],[15.946,52.9713],[15.9486,52.9725],[15.9464,52.9735],[15.9564,52.976],[15.9536,52.9781],[15.9541,52.9803],[15.9515,52.9808],[15.9552,52.9823],[15.9547,52.9844],[15.9513,52.9856],[15.9554,52.9886],[15.951,52.9912],[15.9537,52.9936],[15.95,52.9952],[15.9494,52.9985],[15.9537,53.0016],[15.9534,53.0069],[15.9558,53.0081],[15.9567,53.0116],[15.954,53.013],[15.9586,53.014],[15.9546,53.0173],[15.9558,53.0186],[15.9546,53.0199],[15.9564,53.02],[15.9558,53.0223],[15.9579,53.0229],[15.9557,53.0252],[15.9572,53.0268],[15.9556,53.0298],[15.9571,53.0319],[15.9523,53.0327],[15.9516,53.0344],[15.9565,53.0376],[15.9542,53.0377],[15.9567,53.0411],[15.9775,53.0399],[16.0101,53.0337],[16.0238,53.0355],[16.045,53.0288],[16.0545,53.0216],[16.0735,53.0162],[16.0835,53.0145],[16.096,53.0155],[16.1208,53.012],[16.143,53.0154],[16.1589,53.0236],[16.1861,53.0336],[16.2295,53.0394],[16.244,53.0446],[16.2699,53.0491],[16.2768,53.0455],[16.288,53.0442],[16.286,53.041],[16.2949,53.0381],[16.3169,53.0367],[16.3171,53.0385],[16.3152,53.0392],[16.3173,53.044],[16.3104,53.0453],[16.3128,53.0497],[16.3149,53.0491],[16.3161,53.0512],[16.3241,53.0497],[16.324,53.058],[16.3303,53.0566],[16.3336,53.06],[16.3391,53.0603],[16.3436,53.067],[16.3509,53.0728],[16.3611,53.0756],[16.3639,53.0783],[16.3643,53.082],[16.3593,53.0935],[16.3555,53.0966],[16.352,53.1038],[16.3468,53.1081],[16.346,53.1124],[16.3599,53.1144],[16.3669,53.1212],[16.363,53.123],[16.3724,53.1285],[16.3754,53.1284],[16.3759,53.1266],[16.3859,53.1303],[16.3992,53.1319],[16.4202,53.1289],[16.433,53.1233],[16.4471,53.1238],[16.4567,53.1193],[16.4671,53.1188],[16.4797,53.1151],[16.4886,53.119],[16.4976,53.1143],[16.5004,53.1146],[16.4972,53.1161],[16.4987,53.1184],[16.4979,53.121],[16.5029,53.1216],[16.505,53.1249],[16.5064,53.1242],[16.5106,53.1268],[16.5207,53.1297],[16.5228,53.1257],[16.5305,53.126],[16.5347,53.128],[16.542,53.1229],[16.5556,53.1208],[16.5534,53.1145],[16.5617,53.1143],[16.5618,53.1116],[16.5661,53.111],[16.569,53.122],[16.5795,53.1214],[16.5817,53.1186],[16.5971,53.1136],[16.5979,53.111],[16.6013,53.1086],[16.6006,53.1077],[16.6087,53.1062],[16.6169,53.1088],[16.6178,53.1104],[16.624,53.1085],[16.6264,53.1094],[16.6275,53.1077],[16.6351,53.1091],[16.6565,53.1068],[16.6553,53.1099],[16.6518,53.1095],[16.6502,53.1134],[16.6479,53.1139],[16.6447,53.1121],[16.644,53.1142],[16.6404,53.1138],[16.6383,53.1193],[16.6405,53.1197],[16.6419,53.1225],[16.649,53.1249],[16.653,53.1186],[16.656,53.1195],[16.655,53.1224],[16.6584,53.123],[16.6593,53.1205],[16.6762,53.1258],[16.6747,53.1297],[16.6795,53.1308],[16.6808,53.1273],[16.6886,53.1277],[16.6986,53.131],[16.6963,53.1289],[16.7119,53.1236],[16.7085,53.1205],[16.7197,53.1177],[16.7182,53.1126],[16.7113,53.1144],[16.7027,53.1016],[16.6971,53.1023],[16.6918,53.0905],[16.6748,53.0943],[16.67,53.094],[16.6696,53.091],[16.6582,53.0866],[16.6608,53.0837],[16.6658,53.0838],[16.6677,53.0727],[16.6572,53.0708],[16.6587,53.0631],[16.6515,53.0619],[16.6492,53.0605],[16.6499,53.0582],[16.6372,53.0582],[16.6307,53.0543],[16.6242,53.0528],[16.6204,53.0485],[16.611,53.0458],[16.6076,53.0419],[16.6115,53.041],[16.6119,53.0395],[16.6254,53.0444],[16.6502,53.0226],[16.6495,52.9914],[16.6325,52.9893],[16.6398,52.9698],[16.6427,52.9704],[16.6437,52.9689],[16.6425,52.9676],[16.6436,52.967],[16.6457,52.969],[16.6471,52.9676],[16.6456,52.9616],[16.6484,52.9604],[16.6465,52.9577],[16.6545,52.9558],[16.6588,52.9559],[16.6597,52.9577],[16.6702,52.9573],[16.6749,52.9554],[16.6832,52.9554],[16.6895,52.9533],[16.6958,52.9535],[16.696,52.9517],[16.7013,52.9517],[16.7005,52.9525],[16.7042,52.9574],[16.6984,52.9619],[16.7067,52.9687],[16.7185,52.9709],[16.7172,52.9746],[16.7398,52.9805],[16.7428,52.9693],[16.7685,52.9448],[16.7749,52.9316],[16.7726,52.9206],[16.774,52.9095],[16.7718,52.9073],[16.7706,52.8997],[16.7717,52.8966],[16.7802,52.8888],[16.7764,52.8776],[16.7718,52.8721],[16.7655,52.872],[16.7651,52.8688],[16.7606,52.8657],[16.7401,52.8674],[16.7367,52.8754],[16.7316,52.8676],[16.7247,52.8684],[16.7203,52.865],[16.7081,52.8664],[16.7057,52.8613],[16.7027,52.8616],[16.7036,52.8575],[16.7015,52.8542],[16.7044,52.8511],[16.7072,52.8513]]]]}},{"type":"Feature","properties":{"GID_2":"POL.15.3_1","GID_0":"POL","COUNTRY":"Poland","GID_1":"POL.15_1","NAME_1":"Wielkopolskie","NL_NAME_1":"NA","NAME_2":"Gniezno","VARNAME_2":"NA","NL_NAME_2":"NA","TYPE_2":"Powiat","ENGTYPE_2":"County","CC_2":"3003","HASC_2":"NA"},"geometry":{"type":"MultiPolygon","coordinates":[[[[17.9089,52.5076],[17.9061,52.5008],[17.9089,52.4925],[17.9077,52.4889],[17.9118,52.487],[17.9113,52.4842],[17.9137,52.4832],[17.9113,52.4814],[17.913,52.4756],[17.9168,52.4726],[17.9225,52.4711],[17.9193,52.4703],[17.9217,52.4697],[17.9206,52.4607],[17.9113,52.4555],[17.9107,52.4541],[17.9143,52.4506],[17.9088,52.4444],[17.8899,52.4363],[17.8794,52.4286],[17.8761,52.4297],[17.872,52.4278],[17.8689,52.4287],[17.8635,52.4273],[17.86,52.4213],[17.8558,52.4195],[17.8601,52.4133],[17.8553,52.4112],[17.8512,52.4055],[17.8502,52.3921],[17.851,52.389],[17.853,52.388],[17.8422,52.3829],[17.8303,52.3819],[17.8207,52.3783],[17.8032,52.3765],[17.7933,52.3786],[17.778,52.3721],[17.7754,52.3682],[17.7656,52.373],[17.7618,52.3727],[17.7611,52.3714],[17.7535,52.372],[17.7397,52.3767],[17.7006,52.3755],[17.7002,52.3796],[17.6941,52.3832],[17.6914,52.3801],[17.6853,52.378],[17.6829,52.3798],[17.6729,52.3807],[17.6703,52.3849],[17.6713,52.3897],[17.6674,52.3896],[17.6615,52.3861],[17.6441,52.3905],[17.642,52.388],[17.6321,52.391],[17.623,52.3876],[17.6157,52.3885],[17.6038,52.3921],[17.5969,52.3925],[17.595,52.3971],[17.5765,52.3994],[17.5731,52.3975],[17.5728,52.4001],[17.5683,52.4039],[17.5592,52.4038],[17.5586,52.4068],[17.5546,52.4094],[17.5496,52.4097],[17.546,52.3989],[17.5352,52.4008],[17.528,52.3995],[17.5335,52.41],[17.4981,52.4132],[17.497,52.4114],[17.4841,52.4126],[17.4773,52.4108],[17.4761,52.4048],[17.4732,52.4041],[17.4752,52.3948],[17.4879,52.3825],[17.4792,52.3791],[17.469,52.3793],[17.4531,52.3826],[17.4539,52.3838],[17.4483,52.3884],[17.4496,52.391],[17.4486,52.3937],[17.4415,52.4008],[17.4251,52.4049],[17.4171,52.4086],[17.4076,52.4086],[17.3922,52.4124],[17.3818,52.4187],[17.3876,52.419],[17.3925,52.427],[17.3933,52.4355],[17.3977,52.4402],[17.3848,52.446],[17.3829,52.4497],[17.3769,52.4515],[17.3735,52.4497],[17.3702,52.4665],[17.3602,52.4637],[17.351,52.4667],[17.3455,52.4699],[17.3374,52.479],[17.3389,52.4823],[17.3429,52.485],[17.355,52.4852],[17.3604,52.4934],[17.333,52.5031],[17.3204,52.5037],[17.3256,52.5092],[17.3393,52.5167],[17.3399,52.5227],[17.3449,52.5232],[17.3472,52.5205],[17.3529,52.5224],[17.3537,52.5257],[17.3563,52.5255],[17.357,52.531],[17.3506,52.5323],[17.3497,52.5347],[17.3323,52.5361],[17.3314,52.5371],[17.3336,52.5381],[17.3329,52.5429],[17.3208,52.5416],[17.3189,52.5446],[17.304,52.5463],[17.3023,52.5406],[17.2961,52.539],[17.2851,52.5394],[17.2794,52.5377],[17.28,52.5393],[17.2655,52.5454],[17.262,52.5487],[17.2623,52.5501],[17.2545,52.551],[17.2492,52.5504],[17.2483,52.5479],[17.2351,52.5426],[17.2188,52.5417],[17.2059,52.5452],[17.1982,52.5504],[17.1863,52.553],[17.1847,52.5596],[17.1873,52.5649],[17.1832,52.5664],[17.1644,52.5636],[17.1652,52.5596],[17.1604,52.5594],[17.1555,52.5733],[17.1514,52.574],[17.1506,52.5772],[17.1572,52.5819],[17.1603,52.5798],[17.1733,52.5793],[17.1843,52.576],[17.2077,52.5824],[17.2126,52.5823],[17.2278,52.5913],[17.2246,52.594],[17.2258,52.5998],[17.2312,52.6016],[17.2328,52.6067],[17.2362,52.6095],[17.2458,52.6134],[17.2467,52.6171],[17.2496,52.6199],[17.2592,52.6228],[17.2626,52.6269],[17.2657,52.6349],[17.2707,52.6355],[17.2738,52.6313],[17.2813,52.6344],[17.2901,52.6357],[17.3045,52.6438],[17.3124,52.6411],[17.3168,52.646],[17.3357,52.6441],[17.3332,52.6497],[17.3385,52.6673],[17.3355,52.6739],[17.343,52.6786],[17.3355,52.6827],[17.3387,52.6843],[17.3506,52.6823],[17.3681,52.6828],[17.3717,52.6806],[17.373,52.6767],[17.3789,52.6708],[17.3861,52.671],[17.3881,52.6727],[17.3959,52.6742],[17.3939,52.6777],[17.3959,52.6828],[17.395,52.6857],[17.4022,52.6859],[17.4163,52.6905],[17.4378,52.6897],[17.4398,52.6953],[17.4391,52.6987],[17.4331,52.7052],[17.4277,52.7082],[17.431,52.711],[17.4306,52.7165],[17.4361,52.7248],[17.4459,52.7285],[17.4556,52.7289],[17.4585,52.7389],[17.4706,52.7372],[17.4693,52.7336],[17.4797,52.7322],[17.4893,52.7281],[17.487,52.7257],[17.4875,52.7213],[17.4824,52.7195],[17.4803,52.7163],[17.4801,52.7115],[17.5003,52.7111],[17.5004,52.7086],[17.4953,52.704],[17.4779,52.7068],[17.4749,52.7044],[17.4729,52.7019],[17.4747,52.696],[17.4713,52.6925],[17.4725,52.6894],[17.4718,52.6857],[17.4672,52.6804],[17.4847,52.682],[17.485,52.6847],[17.4833,52.6847],[17.4821,52.6878],[17.4852,52.6888],[17.4878,52.6877],[17.4897,52.6844],[17.5008,52.6847],[17.5061,52.6731],[17.5167,52.6742],[17.5245,52.6725],[17.5236,52.6781],[17.5273,52.6815],[17.5461,52.6909],[17.5574,52.6882],[17.5669,52.6929],[17.5744,52.6917],[17.5756,52.6944],[17.5779,52.6945],[17.5771,52.698],[17.5788,52.6998],[17.5791,52.705],[17.6004,52.7051],[17.614,52.703],[17.6191,52.7063],[17.6276,52.7082],[17.6314,52.7043],[17.6315,52.7015],[17.6404,52.6924],[17.6429,52.6932],[17.6428,52.691],[17.6477,52.6904],[17.6395,52.6824],[17.631,52.6782],[17.6322,52.6768],[17.6304,52.6732],[17.636,52.6713],[17.6388,52.6638],[17.6303,52.6549],[17.6351,52.6507],[17.6336,52.6497],[17.6345,52.6471],[17.6381,52.6485],[17.6465,52.6448],[17.6776,52.6486],[17.6816,52.6507],[17.6817,52.6471],[17.6767,52.6441],[17.6754,52.6402],[17.6824,52.6251],[17.6749,52.616],[17.6765,52.6152],[17.6762,52.6051],[17.6781,52.6024],[17.6897,52.6021],[17.6912,52.6056],[17.6966,52.6093],[17.6993,52.6132],[17.7023,52.6135],[17.7033,52.6163],[17.7051,52.6152],[17.7047,52.6128],[17.6994,52.6098],[17.7016,52.6087],[17.7012,52.6071],[17.704,52.6038],[17.7061,52.6085],[17.7136,52.615],[17.7407,52.6298],[17.7491,52.6325],[17.746,52.6353],[17.7446,52.6425],[17.7333,52.6357],[17.7264,52.6361],[17.7238,52.6331],[17.7213,52.6331],[17.7203,52.6364],[17.7157,52.6397],[17.7308,52.6461],[17.7359,52.6503],[17.7496,52.6512],[17.7585,52.654],[17.7609,52.6569],[17.7653,52.6556],[17.7616,52.6508],[17.7627,52.6498],[17.7605,52.6495],[17.7665,52.6385],[17.7646,52.638],[17.7629,52.6401],[17.76,52.6394],[17.759,52.6374],[17.761,52.6342],[17.7781,52.6369],[17.7776,52.64],[17.7803,52.6486],[17.7856,52.6516],[17.79,52.6491],[17.7941,52.6499],[17.8136,52.6446],[17.8182,52.6409],[17.827,52.6426],[17.8289,52.6364],[17.825,52.6359],[17.8255,52.6345],[17.8446,52.6282],[17.862,52.6299],[17.8768,52.6339],[17.8765,52.6286],[17.8963,52.6168],[17.9014,52.6116],[17.9055,52.6107],[17.9155,52.6125],[17.909,52.6081],[17.9101,52.6005],[17.9077,52.5954],[17.9124,52.595],[17.921,52.5983],[17.916,52.5948],[17.9076,52.5932],[17.9004,52.5864],[17.9051,52.5855],[17.9044,52.5833],[17.9181,52.5804],[17.9164,52.5756],[17.9251,52.574],[17.9246,52.572],[17.933,52.5715],[17.9312,52.5749],[17.932,52.5791],[17.9293,52.5805],[17.9286,52.5834],[17.9336,52.5877],[17.9367,52.587],[17.9325,52.5826],[17.9464,52.5782],[17.9463,52.5687],[17.9533,52.5682],[17.9553,52.5702],[17.9601,52.57],[17.9613,52.5705],[17.9597,52.5753],[17.9702,52.5755],[17.9698,52.569],[17.9722,52.5691],[17.9721,52.5673],[17.965,52.5666],[17.9647,52.5653],[17.9742,52.5631],[17.9763,52.5677],[17.9825,52.5671],[17.9811,52.5645],[17.9836,52.5643],[17.9859,52.5682],[17.9847,52.5771],[17.9869,52.5774],[17.9905,52.5704],[17.9916,52.5638],[17.9855,52.5556],[17.9879,52.5538],[17.9832,52.5506],[17.9802,52.5504],[17.9755,52.5438],[17.9698,52.5412],[17.9712,52.5396],[17.9667,52.5366],[17.9731,52.5323],[17.9752,52.5273],[17.9719,52.5274],[17.9681,52.5333],[17.9596,52.5367],[17.9521,52.5302],[17.9469,52.5288],[17.9417,52.5234],[17.9267,52.5229],[17.9229,52.5194],[17.9154,52.519],[17.9107,52.5167],[17.9089,52.5076]]]]}},{"type":"Feature","properties":{"GID_2":"POL.15.4_1","GID_0":"POL","COUNTRY":"Poland","GID_1":"POL.15_1","NAME_1":"Wielkopolskie","NL_NAME_1":"NA","NAME_2":"Gostyn","VARNAME_2":"NA","NL_NAME_2":"NA","TYPE_2":"Powiat","ENGTYPE_2":"County","CC_2":"3004","HASC_2":"NA"},"geometry":{"type":"MultiPolygon","coordinates":[[[[17.1805,51.7912],[17.1765,51.7869],[17.1777,51.7826],[17.1755,51.7758],[17.1798,51.7712],[17.1734,51.7685],[17.1655,51.7619],[17.1651,51.7568],[17.1579,51.7522],[17.1528,51.746],[17.1676,51.7421],[17.1745,51.7386],[17.1836,51.7379],[17.177,51.7237],[17.1774,51.7189],[17.1805,51.7173],[17.1758,51.7147],[17.1608,51.7167],[17.1546,51.7143],[17.1533,51.7108],[17.146,51.7118],[17.1462,51.7135],[17.128,51.7161],[17.1281,51.702],[17.1176,51.6991],[17.1183,51.7032],[17.1101,51.7052],[17.1087,51.7026],[17.103,51.7027],[17.1029,51.7014],[17.101,51.7063],[17.1038,51.7102],[17.0972,51.713],[17.0958,51.7116],[17.0906,51.713],[17.0794,51.7197],[17.0674,51.7162],[17.0547,51.7164],[17.0554,51.7172],[17.0532,51.7147],[17.0372,51.7139],[17.0329,51.7043],[17.0366,51.6984],[17.0088,51.6966],[16.9948,51.694],[16.9958,51.6956],[16.9873,51.6968],[16.9912,51.7],[16.9864,51.7007],[16.9838,51.7052],[16.9697,51.7103],[16.9413,51.7133],[16.9373,51.7128],[16.9347,51.7064],[16.9343,51.7037],[16.9386,51.7039],[16.9388,51.699],[16.9321,51.6956],[16.8918,51.6934],[16.8867,51.6946],[16.8798,51.7027],[16.8815,51.7086],[16.8587,51.714],[16.8614,51.729],[16.8611,51.7323],[16.859,51.7344],[16.8513,51.7335],[16.8311,51.7395],[16.8187,51.7398],[16.8149,51.7438],[16.8051,51.7448],[16.803,51.7464],[16.7937,51.7456],[16.7884,51.7425],[16.7759,51.739],[16.7773,51.7404],[16.7694,51.7393],[16.7646,51.7406],[16.7614,51.7394],[16.7409,51.7407],[16.7289,51.7334],[16.7338,51.776],[16.738,51.7885],[16.7413,51.7923],[16.7691,51.784],[16.7711,51.7856],[16.7763,51.7853],[16.7814,51.7924],[16.7873,51.7925],[16.7904,51.7942],[16.8003,51.7945],[16.8011,51.7875],[16.8208,51.7915],[16.83,51.7903],[16.8354,51.7955],[16.8447,51.7951],[16.8493,51.7987],[16.8472,51.8023],[16.847,51.8067],[16.8622,51.8133],[16.8616,51.8209],[16.8566,51.8304],[16.8556,51.8362],[16.8512,51.842],[16.8673,51.855],[16.8863,51.8578],[16.8893,51.8617],[16.8979,51.8625],[16.8996,51.8664],[16.9042,51.8695],[16.8999,51.8711],[16.8995,51.8821],[16.888,51.8808],[16.8834,51.8916],[16.8816,51.8935],[16.8793,51.8921],[16.8731,51.8999],[16.8738,51.9038],[16.8757,51.9048],[16.8748,51.9073],[16.873,51.9074],[16.8716,51.9106],[16.8637,51.9122],[16.8606,51.9151],[16.862,51.9197],[16.8601,51.9271],[16.8616,51.9291],[16.8713,51.9283],[16.8738,51.926],[16.8872,51.9233],[16.8871,51.9249],[16.8893,51.9243],[16.909,51.9169],[16.9099,51.92],[16.9077,51.9251],[16.9083,51.9299],[16.9135,51.9308],[16.9097,51.9394],[16.9204,51.9415],[16.9248,51.9352],[16.9325,51.9353],[16.9464,51.9399],[16.9492,51.9433],[16.9578,51.9482],[16.9683,51.9488],[16.9676,51.9556],[16.9942,51.959],[17.0036,51.9644],[17.0097,51.9651],[17.0055,51.9746],[17.0063,51.9785],[17.0047,51.9802],[17.0134,51.9789],[17.0162,51.9773],[17.014,51.9766],[17.0151,51.9753],[17.0271,51.9739],[17.0366,51.9753],[17.0346,51.9732],[17.0351,51.9713],[17.0433,51.9714],[17.0428,51.9677],[17.0439,51.9676],[17.0409,51.964],[17.0351,51.9655],[17.0327,51.9648],[17.0452,51.9617],[17.055,51.9615],[17.0453,51.9598],[17.03,51.951],[17.0365,51.9417],[17.0398,51.9404],[17.0438,51.9421],[17.0518,51.9351],[17.0616,51.9353],[17.0695,51.9319],[17.0717,51.9335],[17.0924,51.9278],[17.1064,51.9298],[17.1091,51.929],[17.1097,51.9265],[17.1153,51.9266],[17.1195,51.9248],[17.1313,51.9337],[17.1275,51.936],[17.1258,51.9465],[17.129,51.9501],[17.1363,51.9484],[17.1446,51.9521],[17.1612,51.9623],[17.1639,51.968],[17.1734,51.9651],[17.1767,51.9616],[17.1815,51.9653],[17.1886,51.9675],[17.1969,51.9649],[17.2205,51.9688],[17.2282,51.9675],[17.2365,51.9602],[17.2408,51.9523],[17.246,51.9493],[17.253,51.9521],[17.2692,51.9533],[17.2695,51.9375],[17.2879,51.9309],[17.2872,51.9287],[17.2996,51.9236],[17.3136,51.9122],[17.3127,51.9038],[17.3072,51.8966],[17.3232,51.8945],[17.3276,51.8915],[17.327,51.8884],[17.3285,51.887],[17.3322,51.8852],[17.3368,51.8856],[17.3342,51.8808],[17.3193,51.88],[17.3159,51.8752],[17.3246,51.8722],[17.3253,51.8691],[17.3366,51.8635],[17.3296,51.8601],[17.3231,51.8546],[17.3067,51.8605],[17.3058,51.8575],[17.2991,51.8563],[17.2979,51.8574],[17.3005,51.8609],[17.295,51.8613],[17.2912,51.8548],[17.2946,51.8545],[17.2942,51.8485],[17.2976,51.8466],[17.3191,51.8488],[17.3216,51.8427],[17.3265,51.8438],[17.3406,51.8351],[17.3381,51.8346],[17.3286,51.8159],[17.3298,51.8155],[17.3172,51.813],[17.3207,51.7952],[17.3181,51.7873],[17.3303,51.7829],[17.3297,51.7775],[17.3279,51.777],[17.3225,51.7613],[17.3191,51.7609],[17.316,51.7558],[17.3135,51.7554],[17.3126,51.7586],[17.3011,51.7579],[17.3019,51.7565],[17.2928,51.7567],[17.2924,51.7527],[17.2862,51.7522],[17.2864,51.7562],[17.2854,51.7511],[17.2853,51.7538],[17.284,51.7538],[17.2838,51.7522],[17.2714,51.7514],[17.2684,51.7524],[17.2688,51.756],[17.2712,51.7596],[17.273,51.7597],[17.2739,51.7641],[17.2761,51.7655],[17.2713,51.7719],[17.2696,51.7783],[17.2578,51.7815],[17.2559,51.7723],[17.2444,51.7727],[17.2429,51.7711],[17.2215,51.7755],[17.223,51.781],[17.2123,51.7829],[17.2041,51.7873],[17.1805,51.7912]]]]}},{"type":"Feature","properties":{"GID_2":"POL.15.5_1","GID_0":"POL","COUNTRY":"Poland","GID_1":"POL.15_1","NAME_1":"Wielkopolskie","NL_NAME_1":"NA","NAME_2":"GrodziskWielkopolski","VARNAME_2":"NA","NL_NAME_2":"NA","TYPE_2":"Powiat","ENGTYPE_2":"County","CC_2":"3005","HASC_2":"NA"},"geometry":{"type":"MultiPolygon","coordinates":[[[[16.4669,52.0824],[16.4648,52.0798],[16.4641,52.068],[16.4567,52.0685],[16.4698,52.0571],[16.4503,52.0533],[16.4615,52.0459],[16.4501,52.0425],[16.4536,52.0372],[16.4503,52.0333],[16.4401,52.0358],[16.4318,52.0417],[16.4184,52.0422],[16.4104,52.0465],[16.4014,52.0491],[16.3958,52.0474],[16.3864,52.0533],[16.3768,52.0545],[16.3755,52.0614],[16.371,52.0674],[16.3714,52.0744],[16.3702,52.0755],[16.3619,52.0744],[16.3579,52.0793],[16.3533,52.0767],[16.3465,52.0778],[16.3405,52.0841],[16.3236,52.0793],[16.3158,52.0733],[16.2832,52.0579],[16.2759,52.071],[16.2667,52.0777],[16.2521,52.0943],[16.2517,52.0995],[16.2146,52.0943],[16.2117,52.0988],[16.2118,52.1012],[16.2143,52.1023],[16.2039,52.1063],[16.2038,52.1095],[16.2131,52.1193],[16.2153,52.1186],[16.2155,52.1216],[16.21,52.1214],[16.205,52.1164],[16.1981,52.1127],[16.1922,52.1128],[16.1907,52.1203],[16.1798,52.124],[16.1764,52.1326],[16.1704,52.1395],[16.1597,52.1413],[16.1502,52.1473],[16.1473,52.1516],[16.1542,52.1535],[16.1557,52.1574],[16.1512,52.1593],[16.1551,52.1627],[16.1604,52.1647],[16.1706,52.16],[16.1741,52.1612],[16.1642,52.1644],[16.1691,52.1653],[16.1661,52.1673],[16.1715,52.1674],[16.1703,52.1689],[16.1641,52.1695],[16.1664,52.1714],[16.1635,52.174],[16.1694,52.1748],[16.148,52.1762],[16.1452,52.1716],[16.1262,52.1724],[16.1205,52.1683],[16.118,52.1693],[16.1171,52.1675],[16.1149,52.1687],[16.1172,52.1711],[16.1159,52.1728],[16.1139,52.172],[16.1076,52.1615],[16.0924,52.1657],[16.0737,52.1684],[16.0874,52.1758],[16.0832,52.1827],[16.065,52.1789],[16.0631,52.1797],[16.075,52.1892],[16.07,52.1897],[16.0726,52.1904],[16.0699,52.1916],[16.0707,52.1924],[16.08,52.1915],[16.0854,52.1934],[16.0834,52.2052],[16.0799,52.2054],[16.0806,52.2064],[16.0756,52.2081],[16.0806,52.2142],[16.0801,52.2169],[16.0835,52.2173],[16.0818,52.2192],[16.0835,52.2241],[16.0807,52.2246],[16.0795,52.2286],[16.0818,52.2299],[16.0821,52.2347],[16.0841,52.2357],[16.0725,52.2437],[16.0759,52.2496],[16.0748,52.2504],[16.0792,52.2525],[16.0879,52.2477],[16.0892,52.2467],[16.0859,52.2436],[16.0903,52.2405],[16.0936,52.2438],[16.1024,52.2455],[16.1013,52.2444],[16.1037,52.2436],[16.1088,52.2379],[16.1115,52.2381],[16.1173,52.243],[16.1252,52.24],[16.1206,52.232],[16.1273,52.2332],[16.1285,52.2329],[16.1279,52.2316],[16.1383,52.2304],[16.1491,52.2321],[16.1526,52.2308],[16.1557,52.226],[16.1637,52.2265],[16.1722,52.2405],[16.1754,52.2508],[16.1797,52.2533],[16.1765,52.2577],[16.1734,52.2681],[16.1846,52.2699],[16.1846,52.2718],[16.192,52.2722],[16.1919,52.2749],[16.1938,52.275],[16.1939,52.2732],[16.1989,52.2713],[16.2091,52.2713],[16.2096,52.2747],[16.2137,52.2747],[16.213,52.2704],[16.2262,52.2717],[16.2256,52.2747],[16.2291,52.2741],[16.2277,52.2797],[16.229,52.2797],[16.2322,52.2729],[16.2484,52.2757],[16.2477,52.2777],[16.2509,52.2783],[16.2566,52.2772],[16.2793,52.2806],[16.2995,52.2872],[16.3053,52.2821],[16.3068,52.2832],[16.3083,52.2822],[16.3123,52.2849],[16.321,52.281],[16.3266,52.2851],[16.3302,52.2842],[16.3367,52.2784],[16.355,52.2722],[16.3609,52.2681],[16.3698,52.2662],[16.3722,52.2596],[16.3762,52.2551],[16.3807,52.2692],[16.3902,52.2675],[16.3935,52.2623],[16.4079,52.256],[16.4139,52.2504],[16.4201,52.2488],[16.4261,52.2546],[16.443,52.2546],[16.4521,52.2656],[16.4526,52.2692],[16.4572,52.2684],[16.4668,52.2636],[16.4671,52.2618],[16.4766,52.2587],[16.4792,52.2511],[16.4843,52.2484],[16.4896,52.2515],[16.5049,52.2561],[16.5093,52.2619],[16.5097,52.2675],[16.5127,52.27],[16.5136,52.2745],[16.544,52.2745],[16.5551,52.2782],[16.5661,52.2792],[16.5708,52.2819],[16.5721,52.2848],[16.5886,52.2811],[16.5924,52.2773],[16.6026,52.2721],[16.6042,52.2701],[16.6043,52.2629],[16.6082,52.263],[16.6074,52.2565],[16.5922,52.2417],[16.5891,52.2363],[16.574,52.2302],[16.5813,52.2211],[16.5952,52.2159],[16.5956,52.2112],[16.5923,52.203],[16.5958,52.1967],[16.6001,52.1929],[16.5896,52.189],[16.5923,52.1871],[16.5904,52.1864],[16.5942,52.1838],[16.5895,52.1833],[16.5988,52.1772],[16.5965,52.1756],[16.5981,52.1728],[16.603,52.1711],[16.5915,52.1635],[16.5827,52.1608],[16.5728,52.148],[16.5671,52.1227],[16.573,52.1193],[16.5754,52.1147],[16.5726,52.114],[16.5713,52.1116],[16.5662,52.1105],[16.559,52.1143],[16.5431,52.1168],[16.5355,52.1163],[16.5227,52.1117],[16.5244,52.0947],[16.5152,52.091],[16.4951,52.0917],[16.4669,52.0824]]]]}},{"type":"Feature","properties":{"GID_2":"POL.15.6_1","GID_0":"POL","COUNTRY":"Poland","GID_1":"POL.15_1","NAME_1":"Wielkopolskie","NL_NAME_1":"NA","NAME_2":"Jarocin","VARNAME_2":"NA","NL_NAME_2":"NA","TYPE_2":"Powiat","ENGTYPE_2":"County","CC_2":"3006","HASC_2":"NA"},"geometry":{"type":"MultiPolygon","coordinates":[[[[17.334,51.8857],[17.3279,51.8874],[17.3276,51.8915],[17.3242,51.8941],[17.3072,51.8966],[17.3127,51.9038],[17.3136,51.9122],[17.2996,51.9236],[17.2872,51.9287],[17.2879,51.9309],[17.2695,51.9375],[17.2692,51.9533],[17.253,51.9521],[17.246,51.9493],[17.2408,51.9523],[17.2365,51.9602],[17.2289,51.9673],[17.2205,51.9688],[17.1969,51.9649],[17.1888,51.9673],[17.189,51.97],[17.1864,51.9723],[17.1945,51.9725],[17.2006,51.9798],[17.2011,51.9824],[17.2034,51.9835],[17.2199,51.9859],[17.2226,51.9877],[17.2752,51.9862],[17.288,51.9886],[17.311,51.9895],[17.3185,51.9866],[17.3235,51.9871],[17.3251,51.9965],[17.3234,51.9971],[17.3233,52.0],[17.3268,52.0075],[17.3263,52.0105],[17.3322,52.0132],[17.3418,52.022],[17.3701,52.0146],[17.3785,52.0186],[17.3839,52.0192],[17.3946,52.0187],[17.4073,52.0134],[17.4185,52.0137],[17.4168,52.0159],[17.4205,52.0182],[17.4203,52.0197],[17.4327,52.0205],[17.4267,52.0233],[17.4303,52.0256],[17.4406,52.0299],[17.4471,52.0282],[17.4573,52.032],[17.4561,52.0333],[17.4627,52.0342],[17.4702,52.0387],[17.4687,52.0445],[17.4738,52.0431],[17.4776,52.0443],[17.4771,52.0456],[17.4924,52.0505],[17.4771,52.0608],[17.4692,52.0751],[17.4787,52.0744],[17.4766,52.0778],[17.478,52.0783],[17.4773,52.0827],[17.5097,52.0891],[17.5182,52.095],[17.5216,52.0928],[17.5228,52.093],[17.5177,52.0958],[17.5197,52.099],[17.5192,52.103],[17.5151,52.104],[17.5115,52.1087],[17.5142,52.113],[17.5116,52.1176],[17.5144,52.1188],[17.5138,52.1231],[17.5149,52.1243],[17.5196,52.1232],[17.5347,52.1329],[17.5323,52.1331],[17.5319,52.1364],[17.5286,52.137],[17.5285,52.1398],[17.5328,52.1403],[17.5387,52.1385],[17.5478,52.1445],[17.5512,52.1446],[17.5548,52.1415],[17.5668,52.1404],[17.5796,52.1419],[17.5724,52.1368],[17.5783,52.1318],[17.5853,52.1344],[17.5857,52.1412],[17.6088,52.1421],[17.6246,52.1449],[17.6361,52.1415],[17.6485,52.1432],[17.6519,52.1457],[17.6526,52.1445],[17.6505,52.1423],[17.6521,52.1409],[17.6642,52.1411],[17.6679,52.1375],[17.6653,52.135],[17.6648,52.1287],[17.669,52.1251],[17.6639,52.1235],[17.6616,52.1202],[17.6626,52.115],[17.6593,52.1155],[17.6593,52.1125],[17.6569,52.1117],[17.662,52.1093],[17.6598,52.1064],[17.6626,52.1041],[17.6587,52.1027],[17.6618,52.101],[17.661,52.0986],[17.6689,52.0971],[17.6694,52.0948],[17.6678,52.0926],[17.6716,52.0901],[17.672,52.0863],[17.6788,52.0831],[17.6769,52.0809],[17.6805,52.08],[17.6779,52.0786],[17.6836,52.0783],[17.6911,52.0752],[17.6922,52.0718],[17.6982,52.0691],[17.6953,52.0646],[17.7037,52.0604],[17.7023,52.0605],[17.7009,52.0577],[17.704,52.0544],[17.7026,52.0497],[17.7101,52.0508],[17.7138,52.0484],[17.7189,52.0497],[17.7236,52.0458],[17.713,52.0389],[17.7136,52.0359],[17.7095,52.0326],[17.7051,52.0304],[17.6996,52.0304],[17.6952,52.0268],[17.698,52.0241],[17.6968,52.0166],[17.6937,52.0158],[17.6956,52.0128],[17.6975,52.0133],[17.7026,52.0072],[17.7094,52.0034],[17.7074,52.0023],[17.7116,51.998],[17.7143,51.9989],[17.7156,51.9968],[17.6985,51.9936],[17.7026,51.9913],[17.6996,51.9898],[17.6952,51.993],[17.6915,51.9843],[17.7057,51.9771],[17.7038,51.9765],[17.7037,51.9685],[17.7009,51.9622],[17.7015,51.9557],[17.7042,51.9494],[17.7027,51.945],[17.7153,51.944],[17.7183,51.9425],[17.7179,51.9411],[17.709,51.9307],[17.707,51.9256],[17.6984,51.9252],[17.6943,51.9232],[17.6943,51.9195],[17.6857,51.9184],[17.6791,51.9154],[17.6806,51.9147],[17.6783,51.9086],[17.6755,51.907],[17.6729,51.9083],[17.6671,51.9036],[17.6787,51.9009],[17.688,51.8932],[17.6941,51.8848],[17.6849,51.8854],[17.6618,51.8814],[17.6562,51.8956],[17.6463,51.9004],[17.6302,51.9037],[17.6184,51.8968],[17.6098,51.8984],[17.6088,51.8963],[17.6109,51.8943],[17.6084,51.892],[17.5758,51.8917],[17.5756,51.889],[17.5726,51.8901],[17.5694,51.8953],[17.5111,51.9011],[17.5111,51.8988],[17.4901,51.8976],[17.471,51.893],[17.4414,51.8967],[17.4315,51.8916],[17.4286,51.8877],[17.418,51.8809],[17.404,51.8792],[17.399,51.877],[17.3974,51.8734],[17.3812,51.8762],[17.3711,51.8735],[17.3672,51.8822],[17.334,51.8857]]]]}},{"type":"Feature","properties":{"GID_2":"POL.15.8_1","GID_0":"POL","COUNTRY":"Poland","GID_1":"POL.15_1","NAME_1":"Wielkopolskie","NL_NAME_1":"NA","NAME_2":"Kalisz","VARNAME_2":"NA","NL_NAME_2":"NA","TYPE_2":"Powiat","ENGTYPE_2":"County","CC_2":"3007","HASC_2":"NA"},"geometry":{"type":"MultiPolygon","coordinates":[[[[18.356,51.6264],[18.365,51.6239],[18.3651,51.6209],[18.3686,51.617],[18.3527,51.6072],[18.3487,51.6014],[18.3768,51.6001],[18.3786,51.5923],[18.3705,51.591],[18.3727,51.5768],[18.3699,51.5732],[18.3704,51.5705],[18.3672,51.5685],[18.3648,51.5645],[18.3678,51.5616],[18.3696,51.5562],[18.3683,51.5497],[18.3739,51.5479],[18.3694,51.5437],[18.3598,51.5405],[18.3586,51.5364],[18.3418,51.5393],[18.3363,51.5418],[18.3207,51.5425],[18.3187,51.5463],[18.2929,51.5474],[18.2739,51.5444],[18.2592,51.5469],[18.2465,51.5447],[18.2454,51.5427],[18.2298,51.5356],[18.2191,51.5357],[18.2044,51.5329],[18.1771,51.5459],[18.1836,51.548],[18.1845,51.5468],[18.1884,51.5495],[18.1845,51.551],[18.1875,51.5527],[18.1865,51.5565],[18.1844,51.5573],[18.1884,51.5581],[18.188,51.5631],[18.1845,51.5658],[18.1844,51.5694],[18.1872,51.5711],[18.1848,51.5722],[18.1826,51.5769],[18.1784,51.5774],[18.1773,51.5801],[18.169,51.5817],[18.1671,51.584],[18.1635,51.5831],[18.162,51.586],[18.1585,51.5856],[18.1579,51.5871],[18.154,51.587],[18.1509,51.5888],[18.1497,51.5876],[18.1482,51.5894],[18.1467,51.5877],[18.1472,51.5892],[18.1459,51.5896],[18.1412,51.5886],[18.1399,51.5904],[18.1266,51.5937],[18.1257,51.5963],[18.119,51.5962],[18.1161,51.5983],[18.1162,51.5999],[18.1102,51.599],[18.1084,51.6021],[18.1049,51.6016],[18.1039,51.6039],[18.1002,51.6026],[18.0997,51.6052],[18.0937,51.6052],[18.0951,51.6085],[18.0932,51.6101],[18.0967,51.6112],[18.0957,51.6124],[18.0972,51.6155],[18.0956,51.6163],[18.0926,51.615],[18.0915,51.6185],[18.0885,51.618],[18.09,51.6198],[18.0878,51.62],[18.0878,51.6212],[18.0916,51.6216],[18.0873,51.6272],[18.0903,51.6279],[18.0813,51.6274],[18.0804,51.6307],[18.0766,51.6322],[18.0784,51.6361],[18.0747,51.6376],[18.0744,51.6397],[18.0773,51.6411],[18.076,51.6446],[18.0787,51.646],[18.077,51.6477],[18.0794,51.6542],[18.0886,51.6578],[18.0918,51.6564],[18.0924,51.6593],[18.0969,51.6598],[18.0967,51.6619],[18.0995,51.6627],[18.1022,51.6614],[18.1072,51.6663],[18.112,51.6671],[18.1125,51.6715],[18.1099,51.673],[18.1132,51.6746],[18.1122,51.6776],[18.1143,51.679],[18.1146,51.6814],[18.1183,51.6824],[18.1187,51.6866],[18.1168,51.6894],[18.1224,51.6926],[18.0852,51.6902],[18.0801,51.6911],[18.081,51.6968],[18.0882,51.7078],[18.0961,51.7063],[18.1018,51.7066],[18.1066,51.7097],[18.119,51.7092],[18.1302,51.7206],[18.1307,51.7251],[18.1281,51.7272],[18.1279,51.7313],[18.1326,51.7307],[18.1331,51.7324],[18.1403,51.7307],[18.1492,51.7339],[18.1516,51.7431],[18.1544,51.7432],[18.1571,51.7487],[18.1505,51.7496],[18.1521,51.7593],[18.137,51.7602],[18.1345,51.759],[18.1321,51.7603],[18.1332,51.7604],[18.1311,51.7629],[18.1241,51.7682],[18.1274,51.7698],[18.1192,51.776],[18.1172,51.775],[18.1112,51.7795],[18.1086,51.7817],[18.1067,51.7867],[18.1004,51.7854],[18.0959,51.7939],[18.084,51.7897],[18.0775,51.7856],[18.0631,51.7823],[18.06,51.7784],[18.0536,51.7808],[18.0498,51.7759],[18.0395,51.781],[18.043,51.7853],[18.0287,51.7894],[18.0154,51.8001],[18.0199,51.8046],[18.019,51.8079],[18.0222,51.8136],[18.0175,51.8157],[18.0194,51.8196],[18.013,51.8249],[18.0158,51.8263],[18.0136,51.8272],[18.0171,51.8311],[18.0152,51.833],[18.0155,51.8363],[18.0136,51.8368],[18.0162,51.8376],[18.0136,51.8382],[18.0153,51.8401],[18.0135,51.8436],[18.0111,51.8447],[18.012,51.8463],[18.0087,51.8454],[18.0099,51.8486],[18.0042,51.8468],[18.0025,51.851],[18.0014,51.8491],[17.9989,51.8489],[17.9985,51.8514],[17.992,51.851],[17.9828,51.8561],[17.9826,51.8587],[17.9845,51.8606],[17.9808,51.8634],[17.981,51.8671],[17.9753,51.869],[17.9723,51.8723],[17.9726,51.8739],[17.9684,51.8734],[17.967,51.877],[17.9633,51.8764],[17.9635,51.8793],[17.9593,51.8807],[17.9612,51.8835],[17.9593,51.8855],[17.9651,51.8883],[17.9611,51.8912],[17.9627,51.8932],[17.9592,51.8988],[17.9522,51.8992],[17.9525,51.9022],[17.9457,51.906],[17.9403,51.9134],[17.9362,51.9156],[17.9447,51.9188],[17.951,51.916],[17.9521,51.9172],[17.9553,51.9164],[17.9584,51.9193],[17.9491,51.9192],[17.9473,51.9251],[17.9411,51.9275],[17.9363,51.9323],[17.9341,51.9359],[17.9345,51.9381],[17.9399,51.9458],[17.9504,51.9537],[17.98,51.9589],[17.9749,51.9711],[17.963,51.9807],[17.9595,51.9887],[17.9472,52.0001],[17.9636,52.0008],[17.9905,51.9976],[17.999,51.994],[18.0181,51.991],[18.0604,51.9797],[18.1039,51.9757],[18.1102,51.9823],[18.1536,51.9859],[18.1628,51.9861],[18.1626,51.984],[18.1646,51.9842],[18.1684,51.9861],[18.1647,51.9993],[18.168,52.0034],[18.1675,52.0084],[18.1905,52.0024],[18.1938,52.0157],[18.2134,52.0146],[18.2255,52.0252],[18.2284,52.0314],[18.2274,52.0389],[18.2406,52.0397],[18.2399,52.0455],[18.2555,52.0445],[18.2558,52.0401],[18.2735,52.0311],[18.261,52.0206],[18.2589,52.0228],[18.2546,52.0183],[18.2579,52.0161],[18.2512,52.0076],[18.2659,51.9984],[18.2683,51.9944],[18.2719,51.9946],[18.281,51.9862],[18.2969,51.9813],[18.3233,51.9459],[18.3014,51.9453],[18.3195,51.9429],[18.3232,51.9363],[18.3275,51.9368],[18.332,51.9307],[18.3303,51.93],[18.3311,51.9283],[18.3269,51.9263],[18.344,51.9164],[18.3453,51.9104],[18.3498,51.9063],[18.3525,51.905],[18.3519,51.9071],[18.3648,51.9062],[18.3645,51.902],[18.3794,51.9039],[18.3797,51.9063],[18.3831,51.9069],[18.3836,51.9087],[18.3896,51.9085],[18.3889,51.9115],[18.4009,51.9127],[18.4015,51.9103],[18.4102,51.911],[18.4116,51.9054],[18.414,51.9059],[18.4164,51.8962],[18.4138,51.8915],[18.4147,51.8904],[18.413,51.8896],[18.4172,51.8825],[18.4211,51.8825],[18.4209,51.8804],[18.4243,51.8805],[18.4232,51.8735],[18.4378,51.8709],[18.4744,51.8696],[18.4761,51.8639],[18.4816,51.8563],[18.4785,51.8523],[18.4714,51.8505],[18.4686,51.8448],[18.4713,51.8411],[18.4694,51.8389],[18.4644,51.8378],[18.4638,51.8345],[18.4671,51.8317],[18.4629,51.8314],[18.4627,51.8298],[18.467,51.8296],[18.4676,51.8258],[18.4719,51.8199],[18.4478,51.8271],[18.4414,51.8265],[18.4393,51.8248],[18.4425,51.8174],[18.4411,51.8094],[18.4435,51.8058],[18.4422,51.8032],[18.4443,51.7985],[18.4374,51.7977],[18.4383,51.7945],[18.4368,51.7936],[18.426,51.7924],[18.4291,51.8016],[18.4244,51.8006],[18.4243,51.7928],[18.4093,51.7917],[18.4165,51.785],[18.42,51.7795],[18.4254,51.7775],[18.4263,51.7736],[18.4293,51.7732],[18.4295,51.7694],[18.4321,51.766],[18.4299,51.7572],[18.4215,51.7579],[18.4172,51.7485],[18.4027,51.7504],[18.405,51.7467],[18.4153,51.7453],[18.4202,51.7415],[18.4235,51.7359],[18.4223,51.7306],[18.4208,51.7268],[18.4082,51.7266],[18.4067,51.7237],[18.4011,51.7238],[18.4005,51.7222],[18.4102,51.7161],[18.4114,51.7113],[18.4096,51.706],[18.4137,51.7046],[18.4122,51.7006],[18.393,51.7014],[18.3963,51.6987],[18.3969,51.6958],[18.3854,51.6946],[18.3788,51.6892],[18.3799,51.6844],[18.3661,51.6825],[18.3612,51.6786],[18.3578,51.6722],[18.3553,51.6605],[18.37,51.6568],[18.3728,51.6555],[18.3722,51.6546],[18.3809,51.6523],[18.3814,51.6508],[18.3743,51.6374],[18.3703,51.6359],[18.37,51.6343],[18.3528,51.6333],[18.3533,51.6298],[18.35,51.6269],[18.356,51.6264]]]]}},{"type":"Feature","properties":{"GID_2":"POL.15.7_1","GID_0":"POL","COUNTRY":"Poland","GID_1":"POL.15_1","NAME_1":"Wielkopolskie","NL_NAME_1":"NA","NAME_2":"Kalisz","VARNAME_2":"NA","NL_NAME_2":"NA","TYPE_2":"Miastonaprawachpowiatu","ENGTYPE_2":"Citywithpowiatrights","CC_2":"3061","HASC_2":"NA"},"geometry":{"type":"MultiPolygon","coordinates":[[[[18.0425,51.7795],[18.0498,51.7759],[18.0536,51.7808],[18.06,51.7784],[18.0631,51.7823],[18.0775,51.7856],[18.084,51.7897],[18.0959,51.7939],[18.1004,51.7854],[18.1067,51.7867],[18.1086,51.7817],[18.1112,51.7795],[18.1172,51.775],[18.1192,51.776],[18.1274,51.7698],[18.1241,51.7682],[18.1311,51.7629],[18.1332,51.7604],[18.1321,51.7603],[18.1345,51.759],[18.137,51.7602],[18.1521,51.7593],[18.1505,51.7496],[18.1571,51.7487],[18.1544,51.7432],[18.1516,51.7431],[18.1492,51.7339],[18.1403,51.7307],[18.1331,51.7324],[18.1326,51.7307],[18.1279,51.7313],[18.1281,51.7272],[18.1307,51.7251],[18.1302,51.7206],[18.119,51.7092],[18.1066,51.7097],[18.1018,51.7066],[18.0843,51.7073],[18.0718,51.7008],[18.0616,51.7024],[18.0516,51.712],[18.0372,51.7136],[18.0338,51.7097],[18.0197,51.7149],[18.0167,51.7152],[18.0134,51.712],[17.9979,51.7176],[18.0017,51.7258],[18.0078,51.7242],[18.0147,51.7287],[18.018,51.7331],[18.0094,51.7342],[18.0055,51.7368],[18.0048,51.7402],[17.995,51.7411],[17.9958,51.7434],[17.9999,51.744],[18.0061,51.7487],[18.0058,51.7525],[18.0103,51.7601],[18.0146,51.7601],[18.018,51.7631],[18.0344,51.765],[18.0412,51.7693],[18.0325,51.7723],[18.0425,51.7795]]]]}},{"type":"Feature","properties":{"GID_2":"POL.15.9_1","GID_0":"POL","COUNTRY":"Poland","GID_1":"POL.15_1","NAME_1":"Wielkopolskie","NL_NAME_1":"NA","NAME_2":"Kepno","VARNAME_2":"NA","NL_NAME_2":"NA","TYPE_2":"Powiat","ENGTYPE_2":"County","CC_2":"3008","HASC_2":"NA"},"geometry":{"type":"MultiPolygon","coordinates":[[[[17.9974,51.1217],[17.9395,51.1089],[17.9316,51.1134],[17.925,51.1115],[17.9223,51.114],[17.9086,51.1077],[17.8858,51.1036],[17.8801,51.1054],[17.8753,51.1119],[17.8687,51.1106],[17.8635,51.1146],[17.8517,51.1128],[17.8487,51.1169],[17.8391,51.1165],[17.8291,51.1193],[17.8225,51.1183],[17.8191,51.1222],[17.8171,51.1323],[17.8122,51.1325],[17.8131,51.1379],[17.8238,51.14],[17.8315,51.1373],[17.8324,51.1384],[17.8329,51.143],[17.8382,51.1495],[17.8377,51.1515],[17.8421,51.1605],[17.8512,51.1724],[17.848,51.1835],[17.8422,51.1889],[17.8257,51.1946],[17.812,51.1867],[17.8103,51.1903],[17.7984,51.1923],[17.7965,51.1946],[17.7765,51.1982],[17.7674,51.2039],[17.7633,51.2102],[17.7567,51.2163],[17.7548,51.2217],[17.757,51.2229],[17.7578,51.2267],[17.7552,51.2303],[17.7555,51.2332],[17.744,51.243],[17.7459,51.2498],[17.743,51.2542],[17.7429,51.2573],[17.7458,51.2639],[17.749,51.267],[17.7493,51.2701],[17.7382,51.2757],[17.7516,51.2812],[17.7522,51.2836],[17.7473,51.286],[17.7503,51.2907],[17.7665,51.3007],[17.7601,51.3023],[17.7644,51.3059],[17.7589,51.3083],[17.7605,51.3097],[17.7733,51.3053],[17.7835,51.3062],[17.7961,51.303],[17.805,51.3033],[17.8007,51.2968],[17.8045,51.2963],[17.8035,51.2931],[17.8244,51.294],[17.8255,51.2984],[17.833,51.2972],[17.8343,51.3028],[17.8252,51.3086],[17.824,51.3139],[17.8274,51.3193],[17.8338,51.3224],[17.8398,51.3221],[17.8464,51.3185],[17.8492,51.321],[17.8461,51.3256],[17.8388,51.3277],[17.8346,51.3307],[17.8504,51.3366],[17.8524,51.3393],[17.851,51.34],[17.8539,51.3417],[17.8563,51.3412],[17.8576,51.3383],[17.8699,51.3378],[17.8769,51.3427],[17.8761,51.3492],[17.8728,51.3521],[17.8736,51.3536],[17.8817,51.3483],[17.8872,51.3471],[17.9021,51.3483],[17.9056,51.3492],[17.9075,51.3524],[17.9187,51.3618],[17.9183,51.3653],[17.9229,51.3658],[17.9296,51.3617],[17.9322,51.3548],[17.9395,51.3462],[17.96,51.3387],[17.9664,51.3424],[17.9693,51.3497],[17.9805,51.3551],[17.9941,51.3458],[17.9995,51.3491],[18.0045,51.3531],[18.0025,51.3604],[18.0053,51.3667],[18.0238,51.3754],[18.0265,51.3804],[18.0354,51.3838],[18.0435,51.392],[18.0462,51.3918],[18.0476,51.3934],[18.061,51.3893],[18.056,51.3838],[18.0647,51.3824],[18.0647,51.3801],[18.0672,51.3809],[18.0633,51.3779],[18.0831,51.3836],[18.0988,51.362],[18.0745,51.3499],[18.0934,51.3411],[18.0921,51.3252],[18.1128,51.3108],[18.1122,51.3075],[18.1088,51.3069],[18.1136,51.2971],[18.1119,51.297],[18.1098,51.2932],[18.1138,51.292],[18.1119,51.29],[18.1202,51.2866],[18.1136,51.2849],[18.105,51.2855],[18.1062,51.2819],[18.103,51.2804],[18.1169,51.2775],[18.1129,51.2734],[18.1095,51.2728],[18.1078,51.2693],[18.1034,51.2683],[18.1043,51.266],[18.11,51.2602],[18.1185,51.2615],[18.1177,51.2653],[18.1211,51.266],[18.1229,51.2642],[18.1264,51.2689],[18.1366,51.2697],[18.138,51.2641],[18.1533,51.264],[18.1507,51.2732],[18.1563,51.2719],[18.1594,51.2736],[18.1706,51.2711],[18.1726,51.2683],[18.1691,51.2679],[18.1704,51.2676],[18.1704,51.2637],[18.1721,51.263],[18.1693,51.2605],[18.1702,51.2586],[18.1675,51.2557],[18.1683,51.2527],[18.167,51.2505],[18.1686,51.2481],[18.1667,51.2463],[18.169,51.2458],[18.1669,51.2428],[18.1692,51.2405],[18.172,51.2414],[18.1749,51.2382],[18.1761,51.2361],[18.174,51.2343],[18.1756,51.2318],[18.1743,51.2309],[18.177,51.2276],[18.1764,51.2262],[18.179,51.2252],[18.1778,51.224],[18.1803,51.2233],[18.1778,51.2192],[18.1732,51.218],[18.1721,51.2151],[18.1697,51.2138],[18.1702,51.2122],[18.1652,51.2123],[18.1641,51.2064],[18.1621,51.2055],[18.162,51.1939],[18.1627,51.192],[18.1764,51.1908],[18.1711,51.1882],[18.1669,51.1824],[18.1686,51.1782],[18.1635,51.1725],[18.1611,51.1747],[18.1534,51.1731],[18.1514,51.1713],[18.1372,51.172],[18.1243,51.1685],[18.1045,51.1534],[18.1021,51.1588],[18.0938,51.1566],[18.0819,51.1661],[18.0782,51.1662],[18.0747,51.1636],[18.0756,51.1627],[18.0728,51.1588],[18.0705,51.1593],[18.07,51.1564],[18.0735,51.1546],[18.0772,51.157],[18.0818,51.1545],[18.0797,51.1529],[18.0728,51.1527],[18.0734,51.1512],[18.0679,51.1495],[18.0755,51.1469],[18.0733,51.1448],[18.0596,51.1416],[18.0503,51.1351],[18.0394,51.131],[18.0151,51.1271],[18.0037,51.1219],[17.9974,51.1217]]]]}},{"type":"Feature","properties":{"GID_2":"POL.15.10_1","GID_0":"POL","COUNTRY":"Poland","GID_1":"POL.15_1","NAME_1":"Wielkopolskie","NL_NAME_1":"NA","NAME_2":"Kolo","VARNAME_2":"NA","NL_NAME_2":"NA","TYPE_2":"Powiat","ENGTYPE_2":"County","CC_2":"3009","HASC_2":"NA"},"geometry":{"type":"MultiPolygon","coordinates":[[[[18.9112,52.1338],[18.9128,52.1302],[18.9194,52.1289],[18.9316,52.1232],[18.9425,52.1279],[18.9434,52.1246],[18.947,52.1247],[18.9498,52.1194],[18.944,52.1033],[18.9399,52.1011],[18.9308,52.1044],[18.9301,52.0938],[18.9251,52.0793],[18.9157,52.0781],[18.9123,52.0804],[18.9052,52.0796],[18.9043,52.0824],[18.9003,52.0839],[18.8949,52.081],[18.8855,52.08],[18.8806,52.0832],[18.8773,52.0833],[18.8767,52.0851],[18.8738,52.0844],[18.8727,52.0859],[18.8714,52.0842],[18.8706,52.0867],[18.8667,52.0875],[18.8656,52.0857],[18.8644,52.0872],[18.8517,52.0852],[18.8534,52.0814],[18.8421,52.0802],[18.8399,52.0718],[18.8278,52.0642],[18.8194,52.0651],[18.8193,52.0699],[18.8155,52.0712],[18.8136,52.0677],[18.8027,52.0658],[18.7951,52.0614],[18.7866,52.0609],[18.7636,52.0676],[18.7602,52.0718],[18.7528,52.075],[18.7528,52.0765],[18.7238,52.0648],[18.7232,52.0662],[18.7179,52.0657],[18.7155,52.0671],[18.7153,52.0705],[18.7129,52.0727],[18.7148,52.0754],[18.7141,52.077],[18.7094,52.0781],[18.7065,52.0814],[18.6926,52.0889],[18.6938,52.0916],[18.6901,52.0938],[18.6889,52.0976],[18.6912,52.0997],[18.6899,52.1027],[18.6919,52.1048],[18.6886,52.1077],[18.6891,52.1106],[18.6866,52.1135],[18.6889,52.118],[18.6865,52.1196],[18.688,52.1224],[18.6864,52.1234],[18.6861,52.1283],[18.6792,52.1286],[18.6648,52.1358],[18.6591,52.132],[18.6526,52.13],[18.6547,52.1272],[18.6501,52.1242],[18.6472,52.1263],[18.631,52.1208],[18.6201,52.1203],[18.6067,52.1229],[18.6003,52.1277],[18.5902,52.1288],[18.5821,52.1257],[18.5729,52.1303],[18.564,52.1322],[18.5267,52.1365],[18.511,52.1457],[18.4879,52.1508],[18.4696,52.1686],[18.4574,52.1738],[18.4591,52.1824],[18.4569,52.1871],[18.4569,52.1932],[18.4597,52.2043],[18.4679,52.208],[18.4807,52.2064],[18.485,52.2101],[18.4842,52.2176],[18.4982,52.224],[18.5093,52.2317],[18.5273,52.239],[18.5365,52.2529],[18.5119,52.2655],[18.5086,52.2612],[18.5024,52.2618],[18.4906,52.266],[18.4795,52.273],[18.4906,52.2782],[18.494,52.2857],[18.4879,52.2875],[18.4888,52.2939],[18.4853,52.2968],[18.5029,52.2971],[18.5036,52.2958],[18.527,52.295],[18.531,52.3059],[18.5289,52.3098],[18.5347,52.3094],[18.5399,52.3122],[18.5478,52.3089],[18.5601,52.3126],[18.5588,52.3156],[18.569,52.3132],[18.5726,52.3078],[18.5754,52.3068],[18.5915,52.308],[18.5924,52.3113],[18.5902,52.3146],[18.5912,52.3175],[18.5946,52.3196],[18.6018,52.3346],[18.6107,52.3335],[18.6151,52.3364],[18.6227,52.3358],[18.6215,52.3364],[18.6232,52.3405],[18.6296,52.3391],[18.6284,52.3426],[18.6189,52.3442],[18.6098,52.3481],[18.6169,52.3584],[18.612,52.3593],[18.616,52.3667],[18.6058,52.3683],[18.5975,52.372],[18.6026,52.3775],[18.6033,52.3818],[18.6094,52.3907],[18.6082,52.3937],[18.6101,52.3969],[18.596,52.397],[18.596,52.4032],[18.5982,52.4099],[18.5947,52.4121],[18.5947,52.4175],[18.5902,52.4171],[18.5908,52.4183],[18.6063,52.418],[18.6095,52.4198],[18.6139,52.4197],[18.6227,52.4252],[18.6291,52.4236],[18.6321,52.4178],[18.6408,52.4183],[18.6576,52.4236],[18.658,52.4219],[18.6696,52.4242],[18.6701,52.4215],[18.6767,52.4231],[18.6846,52.4282],[18.6771,52.4176],[18.6832,52.4096],[18.6795,52.4007],[18.712,52.4008],[18.715,52.3988],[18.7182,52.3936],[18.717,52.3926],[18.7183,52.39],[18.7246,52.3885],[18.7266,52.3842],[18.732,52.3803],[18.7325,52.3736],[18.7399,52.3736],[18.7392,52.3692],[18.7435,52.3662],[18.7424,52.3647],[18.747,52.3641],[18.7476,52.3627],[18.7532,52.3634],[18.7546,52.3613],[18.7531,52.3598],[18.7511,52.3463],[18.7534,52.345],[18.7522,52.3381],[18.7558,52.3318],[18.7613,52.3335],[18.7589,52.3361],[18.7601,52.3364],[18.7665,52.336],[18.7722,52.3328],[18.7786,52.3344],[18.7804,52.342],[18.7872,52.3421],[18.8142,52.3524],[18.8191,52.3474],[18.8245,52.3482],[18.8278,52.3437],[18.8319,52.3452],[18.8322,52.3439],[18.8356,52.3431],[18.8401,52.3459],[18.843,52.3452],[18.8514,52.3487],[18.8555,52.3484],[18.8588,52.3516],[18.861,52.3514],[18.8603,52.3522],[18.8628,52.3548],[18.8698,52.3601],[18.8741,52.3603],[18.8775,52.3632],[18.88,52.3638],[18.8898,52.3595],[18.8891,52.3609],[18.8929,52.3631],[18.9048,52.3632],[18.9067,52.3653],[18.9125,52.3662],[18.9102,52.3783],[18.9205,52.3758],[18.93,52.3783],[18.9263,52.3814],[18.9277,52.3826],[18.9239,52.388],[18.9208,52.3989],[18.9244,52.3999],[18.9316,52.3938],[18.9408,52.3915],[18.9402,52.3897],[18.9446,52.3847],[18.9528,52.3791],[18.9693,52.3778],[18.9754,52.375],[18.9769,52.3707],[18.9735,52.3699],[18.98,52.3646],[18.9669,52.3612],[18.9694,52.3553],[18.9822,52.3565],[18.9993,52.353],[19.0081,52.3493],[19.0053,52.3398],[19.02,52.3379],[19.029,52.3321],[19.0326,52.3333],[19.0471,52.3328],[19.0474,52.3263],[19.045,52.3185],[19.0312,52.318],[19.0309,52.3166],[19.0364,52.3153],[19.0385,52.2993],[19.0457,52.2957],[19.0419,52.2909],[19.038,52.2799],[19.0301,52.2731],[19.0303,52.2709],[19.0315,52.2698],[19.0448,52.2712],[19.0502,52.2734],[19.0608,52.2719],[19.0713,52.2735],[19.0744,52.2734],[19.0743,52.2719],[19.0768,52.2708],[19.0872,52.2694],[19.0948,52.2706],[19.1003,52.2659],[19.1014,52.2493],[19.104,52.2461],[19.105,52.2415],[19.1024,52.2425],[19.0958,52.2415],[19.096,52.2402],[19.0805,52.2385],[19.0799,52.2307],[19.0737,52.2302],[19.0709,52.2284],[19.0733,52.2228],[19.0823,52.2227],[19.0898,52.2068],[19.0776,52.2001],[19.0524,52.2126],[19.0202,52.2154],[18.9995,52.2112],[18.9922,52.2145],[18.9809,52.2077],[18.972,52.2072],[18.9721,52.2059],[18.9699,52.2059],[18.9703,52.2026],[18.9661,52.2024],[18.9647,52.2057],[18.9641,52.2024],[18.9636,52.2064],[18.951,52.1954],[18.9433,52.1994],[18.9401,52.1975],[18.9306,52.1992],[18.9277,52.1956],[18.9241,52.1963],[18.9182,52.186],[18.9157,52.1731],[18.9156,52.1608],[18.91,52.1558],[18.9087,52.1526],[18.9085,52.1454],[18.9112,52.1338]]]]}},{"type":"Feature","properties":{"GID_2":"POL.15.12_1","GID_0":"POL","COUNTRY":"Poland","GID_1":"POL.15_1","NAME_1":"Wielkopolskie","NL_NAME_1":"NA","NAME_2":"Konin","VARNAME_2":"NA","NL_NAME_2":"NA","TYPE_2":"Powiat","ENGTYPE_2":"County","CC_2":"3010","HASC_2":"NA"},"geometry":{"type":"MultiPolygon","coordinates":[[[[18.082,51.9774],[18.0496,51.9819],[18.0181,51.991],[17.999,51.994],[17.9905,51.9976],[17.9636,52.0008],[17.9472,52.0001],[17.9413,52.0013],[17.96,52.0285],[17.969,52.0327],[17.9797,52.0481],[17.9741,52.065],[17.9668,52.0644],[17.9674,52.0757],[17.945,52.075],[17.9394,52.0815],[17.9346,52.0909],[17.9582,52.0909],[17.9658,52.0968],[17.9696,52.0973],[17.9711,52.1064],[18.0071,52.1143],[18.0201,52.1155],[18.0239,52.1177],[18.0233,52.1187],[18.0287,52.1157],[18.0329,52.1179],[18.0281,52.1268],[18.0175,52.1357],[18.0054,52.142],[17.9841,52.1465],[17.99,52.1527],[17.9998,52.1563],[18.0051,52.1564],[18.0046,52.1581],[18.0084,52.1657],[18.0151,52.1687],[18.0112,52.1717],[18.0144,52.1719],[18.0158,52.1762],[18.0211,52.1753],[18.0205,52.1715],[18.0281,52.1714],[18.0256,52.1742],[18.0295,52.1759],[18.0276,52.1764],[18.0316,52.1817],[18.0272,52.1839],[18.0283,52.1854],[18.0261,52.1892],[18.0277,52.1913],[18.0233,52.1934],[18.0282,52.1965],[18.0263,52.2012],[18.0241,52.2011],[18.0243,52.209],[18.0217,52.2098],[18.0161,52.228],[18.0087,52.2363],[18.0234,52.2396],[18.0205,52.2435],[18.0268,52.2436],[18.0258,52.2505],[18.0233,52.2511],[18.0235,52.2536],[18.0403,52.2727],[18.0368,52.2738],[18.0338,52.2777],[18.0337,52.2836],[18.0496,52.2908],[18.0676,52.2937],[18.0641,52.2987],[18.0616,52.2981],[18.0512,52.3034],[18.0424,52.3022],[18.0395,52.3031],[18.0419,52.3096],[18.0459,52.3124],[18.0419,52.3159],[18.0354,52.3141],[18.0321,52.3147],[18.0295,52.3193],[18.0235,52.3226],[18.0214,52.3313],[18.0359,52.3296],[18.0383,52.3339],[18.0521,52.3313],[18.078,52.3571],[18.0793,52.3613],[18.0832,52.3625],[18.0854,52.3678],[18.0842,52.369],[18.0817,52.3678],[18.0813,52.3703],[18.083,52.3711],[18.084,52.3752],[18.0876,52.3786],[18.0898,52.3836],[18.0844,52.3891],[18.0866,52.3971],[18.0848,52.4008],[18.0749,52.4028],[18.0679,52.4015],[18.0677,52.4041],[18.0701,52.4078],[18.067,52.4105],[18.0719,52.416],[18.0727,52.4195],[18.057,52.428],[18.0497,52.437],[18.034,52.4434],[18.0305,52.4468],[18.026,52.4471],[18.0263,52.4505],[18.0333,52.4527],[18.0361,52.4569],[18.0501,52.4609],[18.0518,52.4641],[18.0545,52.4625],[18.0631,52.4688],[18.0697,52.4697],[18.0722,52.4717],[18.0727,52.4744],[18.0855,52.477],[18.0909,52.4805],[18.0924,52.4833],[18.1011,52.4856],[18.1114,52.4917],[18.1156,52.4924],[18.12,52.496],[18.1315,52.5013],[18.1336,52.504],[18.1329,52.5058],[18.138,52.5049],[18.1546,52.5095],[18.1829,52.5037],[18.1987,52.5048],[18.2026,52.5006],[18.1997,52.4934],[18.2002,52.4863],[18.2046,52.4832],[18.2203,52.4827],[18.2214,52.484],[18.2347,52.4851],[18.2414,52.488],[18.2602,52.4812],[18.2646,52.4854],[18.2718,52.4868],[18.2755,52.4914],[18.2946,52.4998],[18.2989,52.4992],[18.3013,52.5023],[18.3061,52.5029],[18.3452,52.5217],[18.3462,52.5237],[18.34,52.5303],[18.3399,52.5375],[18.3525,52.5434],[18.3771,52.5375],[18.3766,52.5363],[18.3859,52.532],[18.3847,52.5297],[18.388,52.5269],[18.3868,52.5236],[18.3833,52.5224],[18.3759,52.5039],[18.387,52.4849],[18.3844,52.4826],[18.3856,52.481],[18.384,52.4782],[18.3844,52.4751],[18.3872,52.4742],[18.387,52.472],[18.3901,52.4706],[18.4,52.4741],[18.4035,52.4703],[18.4053,52.4704],[18.405,52.4728],[18.4079,52.4716],[18.409,52.473],[18.4197,52.4732],[18.4229,52.4795],[18.4362,52.4791],[18.441,52.4807],[18.449,52.4775],[18.4635,52.4766],[18.4669,52.4816],[18.4663,52.4849],[18.4622,52.4905],[18.4725,52.4895],[18.4735,52.492],[18.4863,52.4981],[18.4846,52.5007],[18.4855,52.5028],[18.4905,52.5048],[18.4925,52.5032],[18.5256,52.4995],[18.5323,52.497],[18.5304,52.494],[18.533,52.4917],[18.5397,52.4909],[18.5393,52.4872],[18.5374,52.4867],[18.5357,52.4833],[18.5389,52.4827],[18.5383,52.4812],[18.5427,52.4857],[18.5478,52.484],[18.5593,52.4844],[18.5627,52.473],[18.5601,52.4633],[18.5741,52.4652],[18.5738,52.464],[18.589,52.4616],[18.5901,52.4681],[18.5929,52.4695],[18.6025,52.4639],[18.6087,52.4555],[18.626,52.4557],[18.642,52.4534],[18.6502,52.4503],[18.6503,52.4402],[18.6487,52.4395],[18.6541,52.4334],[18.6577,52.4236],[18.6408,52.4183],[18.6321,52.4178],[18.6291,52.4236],[18.6227,52.4252],[18.6139,52.4197],[18.6009,52.4172],[18.5938,52.4187],[18.5899,52.4177],[18.5947,52.4175],[18.5947,52.4121],[18.598,52.4105],[18.596,52.397],[18.6101,52.3969],[18.6082,52.3937],[18.6094,52.3907],[18.6033,52.3818],[18.6026,52.3775],[18.5975,52.372],[18.6058,52.3683],[18.616,52.3667],[18.612,52.3593],[18.6169,52.3584],[18.6098,52.3481],[18.6189,52.3442],[18.6284,52.3426],[18.6296,52.3391],[18.6232,52.3405],[18.6215,52.3364],[18.6227,52.3358],[18.6151,52.3364],[18.6107,52.3335],[18.6018,52.3346],[18.5946,52.3196],[18.5912,52.3175],[18.5902,52.3146],[18.5924,52.3113],[18.5915,52.308],[18.5754,52.3068],[18.5726,52.3078],[18.569,52.3132],[18.5588,52.3156],[18.5601,52.3126],[18.5478,52.3089],[18.5399,52.3122],[18.5347,52.3094],[18.5289,52.3098],[18.531,52.3059],[18.527,52.295],[18.5036,52.2958],[18.5029,52.2971],[18.4853,52.2968],[18.4888,52.2939],[18.4879,52.2875],[18.494,52.2857],[18.4906,52.2782],[18.4795,52.273],[18.4906,52.266],[18.5024,52.2618],[18.5086,52.2612],[18.5119,52.2655],[18.5365,52.2529],[18.5273,52.239],[18.5093,52.2317],[18.4982,52.224],[18.4842,52.2176],[18.485,52.2101],[18.4807,52.2064],[18.4679,52.208],[18.4597,52.2043],[18.4569,52.1932],[18.4569,52.1871],[18.4591,52.1824],[18.4572,52.1741],[18.4648,52.1708],[18.4569,52.1684],[18.4565,52.165],[18.4349,52.1642],[18.4302,52.1617],[18.4297,52.1597],[18.4258,52.1621],[18.4253,52.1654],[18.4273,52.1677],[18.4233,52.1705],[18.4196,52.1665],[18.422,52.164],[18.4209,52.1553],[18.408,52.1536],[18.4081,52.1502],[18.4039,52.1503],[18.4004,52.1481],[18.3983,52.1481],[18.3979,52.1517],[18.3869,52.1515],[18.3862,52.1444],[18.3915,52.1374],[18.3853,52.1375],[18.3844,52.1398],[18.377,52.1385],[18.3517,52.1466],[18.348,52.1273],[18.3303,52.1288],[18.3293,52.1228],[18.3257,52.1225],[18.3077,52.1253],[18.2868,52.1255],[18.2862,52.1209],[18.2827,52.1147],[18.2749,52.1091],[18.2602,52.1064],[18.2279,52.0964],[18.2217,52.0927],[18.2201,52.0899],[18.2246,52.0877],[18.2251,52.086],[18.2286,52.0853],[18.2289,52.0814],[18.2182,52.0767],[18.2221,52.0624],[18.2262,52.0587],[18.2283,52.0506],[18.2273,52.0333],[18.2284,52.0314],[18.2255,52.0252],[18.2134,52.0146],[18.1938,52.0157],[18.1905,52.0024],[18.1675,52.0084],[18.168,52.0034],[18.1647,51.9993],[18.1684,51.9861],[18.1646,51.9842],[18.1626,51.984],[18.1628,51.9861],[18.1536,51.9859],[18.1102,51.9823],[18.105,51.9757],[18.082,51.9774]],[[18.2018,52.2478],[18.2032,52.2441],[18.1926,52.2338],[18.1965,52.23],[18.1965,52.2254],[18.1947,52.2245],[18.1969,52.2214],[18.2025,52.2206],[18.2058,52.2226],[18.2114,52.2223],[18.2148,52.2205],[18.2303,52.2195],[18.2307,52.2172],[18.2266,52.2157],[18.2256,52.2138],[18.227,52.212],[18.2248,52.2118],[18.2261,52.2044],[18.2202,52.1986],[18.2147,52.1978],[18.2128,52.1948],[18.2161,52.1937],[18.2187,52.1897],[18.2236,52.1886],[18.2337,52.1896],[18.2412,52.1923],[18.2432,52.1853],[18.2663,52.188],[18.2689,52.1831],[18.2851,52.1825],[18.283,52.1935],[18.2966,52.198],[18.2833,52.202],[18.2872,52.2133],[18.2892,52.2142],[18.2925,52.2221],[18.2935,52.2284],[18.2962,52.228],[18.3001,52.2226],[18.3162,52.2199],[18.3308,52.2207],[18.326,52.2251],[18.3327,52.2275],[18.324,52.2288],[18.3241,52.2365],[18.3212,52.2426],[18.3238,52.2455],[18.3154,52.2477],[18.3117,52.2478],[18.31,52.2433],[18.303,52.2407],[18.2997,52.2359],[18.2968,52.2371],[18.2978,52.2409],[18.2995,52.2408],[18.2986,52.244],[18.2797,52.2386],[18.278,52.2462],[18.2891,52.2483],[18.2887,52.2509],[18.2941,52.2507],[18.2924,52.2655],[18.2985,52.2669],[18.3024,52.2615],[18.3046,52.2622],[18.3026,52.2653],[18.305,52.2656],[18.3044,52.2673],[18.3101,52.2689],[18.3047,52.2726],[18.3067,52.2729],[18.3082,52.2773],[18.3124,52.2799],[18.3056,52.2835],[18.3047,52.288],[18.3087,52.2948],[18.3174,52.2962],[18.3166,52.3022],[18.3097,52.3023],[18.308,52.3062],[18.3022,52.3085],[18.3072,52.3167],[18.303,52.3199],[18.2894,52.3217],[18.2877,52.3202],[18.2543,52.3227],[18.2566,52.33],[18.2271,52.3286],[18.2313,52.3204],[18.2314,52.3131],[18.229,52.3082],[18.2337,52.3052],[18.2332,52.2993],[18.2257,52.2981],[18.2159,52.2994],[18.2074,52.2965],[18.2048,52.2928],[18.2051,52.2909],[18.2078,52.2895],[18.2264,52.2897],[18.2256,52.2872],[18.2275,52.2868],[18.2229,52.2841],[18.2338,52.2806],[18.2464,52.2724],[18.2525,52.257],[18.2355,52.2544],[18.2317,52.2503],[18.2302,52.2505],[18.2291,52.2487],[18.2304,52.2484],[18.2236,52.2466],[18.2214,52.25],[18.2018,52.2478]]]]}},{"type":"Feature","properties":{"GID_2":"POL.15.11_1","GID_0":"POL","COUNTRY":"Poland","GID_1":"POL.15_1","NAME_1":"Wielkopolskie","NL_NAME_1":"NA","NAME_2":"Konin","VARNAME_2":"NA","NL_NAME_2":"NA","TYPE_2":"Miastonaprawachpowiatu","ENGTYPE_2":"Citywithpowiatrights","CC_2":"3062","HASC_2":"NA"},"geometry":{"type":"MultiPolygon","coordinates":[[[[18.1969,52.2214],[18.1947,52.2245],[18.1965,52.2254],[18.1965,52.23],[18.1926,52.2338],[18.2032,52.2441],[18.2017,52.248],[18.2214,52.25],[18.2236,52.2466],[18.2304,52.2484],[18.2291,52.2487],[18.2302,52.2505],[18.2317,52.2503],[18.2355,52.2544],[18.2525,52.257],[18.2464,52.2724],[18.2338,52.2806],[18.2229,52.2841],[18.2275,52.2868],[18.2256,52.2872],[18.2264,52.2897],[18.2085,52.2894],[18.2051,52.2909],[18.2071,52.2963],[18.2159,52.2994],[18.2257,52.2981],[18.2332,52.2993],[18.2337,52.3052],[18.229,52.3082],[18.2314,52.3131],[18.2313,52.3204],[18.2271,52.3286],[18.2566,52.33],[18.2543,52.3227],[18.2877,52.3202],[18.2894,52.3217],[18.2989,52.321],[18.3071,52.317],[18.3022,52.3085],[18.308,52.3062],[18.3097,52.3023],[18.3166,52.3022],[18.3174,52.2962],[18.3087,52.2948],[18.3047,52.288],[18.3056,52.2835],[18.3124,52.2799],[18.3082,52.2773],[18.3067,52.2729],[18.3047,52.2726],[18.3101,52.2689],[18.3044,52.2673],[18.305,52.2656],[18.3026,52.2653],[18.3046,52.2622],[18.3024,52.2615],[18.2985,52.2669],[18.2924,52.2655],[18.2941,52.2507],[18.2887,52.2509],[18.2891,52.2483],[18.278,52.2462],[18.2798,52.2411],[18.2786,52.2406],[18.2799,52.2383],[18.286,52.2412],[18.2986,52.244],[18.2995,52.2408],[18.2978,52.2409],[18.2968,52.2371],[18.2997,52.2359],[18.303,52.2407],[18.31,52.2433],[18.3117,52.2478],[18.3238,52.2455],[18.3212,52.2426],[18.3241,52.2365],[18.324,52.2288],[18.3327,52.2275],[18.326,52.2251],[18.3308,52.2207],[18.3158,52.2199],[18.3031,52.2218],[18.2988,52.2234],[18.2962,52.228],[18.2935,52.2284],[18.2925,52.2221],[18.2892,52.2142],[18.2872,52.2133],[18.2833,52.202],[18.2966,52.198],[18.283,52.1935],[18.2845,52.1823],[18.2689,52.1831],[18.2663,52.188],[18.243,52.1853],[18.2435,52.1878],[18.2415,52.1888],[18.2412,52.1923],[18.2306,52.1891],[18.2198,52.1892],[18.2161,52.1937],[18.2128,52.1948],[18.2147,52.1978],[18.2202,52.1986],[18.2261,52.2044],[18.2248,52.2118],[18.227,52.212],[18.2256,52.2138],[18.2266,52.2157],[18.2307,52.2172],[18.2303,52.2195],[18.2148,52.2205],[18.2114,52.2223],[18.2058,52.2226],[18.2025,52.2206],[18.1969,52.2214]]]]}},{"type":"Feature","properties":{"GID_2":"POL.15.13_1","GID_0":"POL","COUNTRY":"Poland","GID_1":"POL.15_1","NAME_1":"Wielkopolskie","NL_NAME_1":"NA","NAME_2":"Koscian","VARNAME_2":"NA","NL_NAME_2":"NA","TYPE_2":"Powiat","ENGTYPE_2":"County","CC_2":"3011","HASC_2":"NA"},"geometry":{"type":"MultiPolygon","coordinates":[[[[16.4691,52.0831],[16.4951,52.0917],[16.5152,52.091],[16.5244,52.0947],[16.5227,52.1117],[16.5358,52.1164],[16.559,52.1143],[16.5662,52.1105],[16.5713,52.1116],[16.5726,52.114],[16.5754,52.1147],[16.573,52.1193],[16.5671,52.1227],[16.5706,52.1417],[16.5728,52.148],[16.5827,52.1608],[16.5915,52.1635],[16.603,52.1711],[16.6061,52.17],[16.6127,52.172],[16.629,52.1799],[16.6245,52.1812],[16.6284,52.1872],[16.6237,52.1891],[16.6499,52.1936],[16.6588,52.2024],[16.6622,52.2091],[16.6702,52.2118],[16.6831,52.2098],[16.699,52.1989],[16.7102,52.1935],[16.7239,52.2089],[16.7413,52.2155],[16.7517,52.2123],[16.7571,52.2085],[16.7644,52.2082],[16.7797,52.2043],[16.7827,52.1969],[16.7745,52.1851],[16.7766,52.1852],[16.78,52.1809],[16.7842,52.1789],[16.7986,52.1772],[16.8021,52.1751],[16.8005,52.1736],[16.8009,52.1705],[16.8043,52.1671],[16.8036,52.1635],[16.7972,52.1579],[16.7906,52.145],[16.7903,52.1408],[16.8122,52.1319],[16.8205,52.1235],[16.8219,52.1184],[16.8408,52.1146],[16.8441,52.1174],[16.8462,52.1154],[16.8482,52.1161],[16.8489,52.1195],[16.8581,52.1152],[16.8613,52.1196],[16.8683,52.1195],[16.858,52.102],[16.8768,52.1013],[16.8839,52.1026],[16.8887,52.0936],[16.8738,52.092],[16.8728,52.0908],[16.8785,52.0799],[16.8758,52.0729],[16.8761,52.0671],[16.8918,52.066],[16.9181,52.0684],[16.9217,52.0645],[16.9258,52.0639],[16.9243,52.0582],[16.9194,52.0531],[16.9168,52.0458],[16.9013,52.0364],[16.8956,52.0275],[16.8884,52.0213],[16.9006,52.0148],[16.9053,52.0152],[16.9088,52.0134],[16.9143,52.0169],[16.9207,52.0175],[16.9241,52.0164],[16.9295,52.0177],[16.9409,52.0139],[16.9431,52.0157],[16.9479,52.0131],[16.9479,52.0106],[16.9508,52.0105],[16.9594,52.0052],[16.9702,52.004],[16.9754,52.0007],[16.9778,52.0023],[16.9815,52.0013],[16.9846,51.9997],[16.9844,51.9968],[16.9942,51.9941],[16.9935,51.9897],[16.9989,51.9887],[17.0003,51.9872],[16.9985,51.9867],[16.9991,51.9853],[17.0034,51.9844],[17.0039,51.9809],[17.0063,51.9785],[17.0055,51.9746],[17.0097,51.9651],[17.0036,51.9644],[16.9942,51.959],[16.9676,51.9556],[16.9683,51.9488],[16.9578,51.9482],[16.9492,51.9433],[16.9464,51.9399],[16.9325,51.9353],[16.9248,51.9352],[16.9204,51.9415],[16.9097,51.9394],[16.9135,51.9308],[16.9083,51.9299],[16.9077,51.9251],[16.9099,51.92],[16.909,51.9169],[16.8934,51.9217],[16.8932,51.9233],[16.8738,51.926],[16.8713,51.9283],[16.8616,51.9291],[16.8601,51.9271],[16.8504,51.9262],[16.8398,51.9277],[16.833,51.9305],[16.8309,51.9385],[16.8294,51.9384],[16.8298,51.9361],[16.8169,51.9355],[16.8153,51.9442],[16.8067,51.9452],[16.8046,51.9471],[16.806,51.9497],[16.7988,51.9473],[16.7967,51.9486],[16.7779,51.9482],[16.7778,51.9543],[16.7657,51.9535],[16.7655,51.9571],[16.7676,51.9572],[16.7671,51.9603],[16.7519,51.9573],[16.7484,51.9595],[16.7457,51.9588],[16.733,51.9624],[16.7221,51.9604],[16.7231,51.9618],[16.7149,51.9645],[16.6892,51.9679],[16.6833,51.9666],[16.6676,51.968],[16.642,51.9644],[16.64,51.9694],[16.6281,51.9739],[16.6283,51.972],[16.6233,51.9687],[16.6237,51.9645],[16.6045,51.9621],[16.6006,51.9654],[16.5817,51.9678],[16.5803,51.9639],[16.575,51.9626],[16.5591,51.9642],[16.5513,51.9543],[16.5503,51.9556],[16.5453,51.9553],[16.5449,51.9571],[16.5396,51.9572],[16.5397,51.96],[16.537,51.96],[16.5371,51.9678],[16.5334,51.9693],[16.5284,51.9601],[16.5138,51.9602],[16.5158,51.9569],[16.5037,51.9589],[16.5026,51.9509],[16.5015,51.9501],[16.499,51.9519],[16.4975,51.9484],[16.4974,51.9409],[16.4866,51.9486],[16.4905,51.9534],[16.4793,51.9557],[16.4768,51.9523],[16.4629,51.9545],[16.4585,51.9512],[16.447,51.9472],[16.4387,51.95],[16.4266,51.9577],[16.4237,51.9642],[16.4206,51.9653],[16.4213,51.9696],[16.4263,51.9728],[16.4339,51.9859],[16.4335,51.9905],[16.4415,51.9899],[16.4434,51.9974],[16.4474,51.9971],[16.4463,51.9982],[16.4526,52.0081],[16.4591,52.007],[16.4653,52.0082],[16.4657,52.0161],[16.4585,52.0172],[16.4495,52.0227],[16.4505,52.0322],[16.4467,52.0336],[16.4515,52.0336],[16.4536,52.0371],[16.4501,52.0425],[16.4615,52.0459],[16.4503,52.0533],[16.4698,52.0571],[16.4567,52.0685],[16.4641,52.068],[16.4651,52.0809],[16.4691,52.0831]]]]}},{"type":"Feature","properties":{"GID_2":"POL.15.14_1","GID_0":"POL","COUNTRY":"Poland","GID_1":"POL.15_1","NAME_1":"Wielkopolskie","NL_NAME_1":"NA","NAME_2":"Krotoszyn","VARNAME_2":"NA","NL_NAME_2":"NA","TYPE_2":"Powiat","ENGTYPE_2":"County","CC_2":"3012","HASC_2":"NA"},"geometry":{"type":"MultiPolygon","coordinates":[[[[17.478,51.6218],[17.471,51.6262],[17.4596,51.6264],[17.4597,51.6282],[17.4382,51.6329],[17.4378,51.6317],[17.4303,51.6326],[17.4189,51.6306],[17.4117,51.6312],[17.3892,51.6363],[17.3862,51.6351],[17.3804,51.636],[17.3586,51.643],[17.3373,51.6453],[17.3301,51.6479],[17.2909,51.6439],[17.2399,51.6418],[17.2403,51.6474],[17.2372,51.6523],[17.2405,51.6549],[17.2341,51.6637],[17.2355,51.6655],[17.2348,51.6686],[17.2241,51.6772],[17.2098,51.6821],[17.1943,51.676],[17.1771,51.6845],[17.154,51.6927],[17.1384,51.6934],[17.1419,51.7008],[17.1281,51.702],[17.1272,51.7036],[17.1291,51.704],[17.129,51.7053],[17.1271,51.7145],[17.128,51.7161],[17.132,51.7161],[17.1334,51.7146],[17.1462,51.7135],[17.146,51.7118],[17.1533,51.7108],[17.1546,51.7143],[17.1608,51.7167],[17.1758,51.7147],[17.1805,51.7173],[17.1774,51.7189],[17.177,51.7237],[17.1836,51.7379],[17.1745,51.7386],[17.1676,51.7421],[17.1528,51.746],[17.1579,51.7522],[17.1651,51.7568],[17.1655,51.7619],[17.1734,51.7685],[17.1798,51.7712],[17.1755,51.7758],[17.1777,51.7826],[17.1765,51.7869],[17.1805,51.7917],[17.2041,51.7873],[17.2123,51.7829],[17.223,51.781],[17.2215,51.7755],[17.2429,51.7711],[17.2444,51.7727],[17.2559,51.7723],[17.2578,51.7815],[17.2696,51.7783],[17.2713,51.7719],[17.2761,51.7655],[17.2739,51.7641],[17.273,51.7597],[17.2712,51.7596],[17.2688,51.756],[17.2684,51.7524],[17.2714,51.7514],[17.2838,51.7522],[17.284,51.7538],[17.2853,51.7538],[17.2854,51.7511],[17.2864,51.7562],[17.2862,51.7522],[17.2924,51.7527],[17.2928,51.7567],[17.3019,51.7565],[17.3011,51.7579],[17.3126,51.7586],[17.3135,51.7554],[17.3153,51.7556],[17.3186,51.7584],[17.3191,51.7609],[17.3225,51.7613],[17.3279,51.777],[17.3297,51.7775],[17.3303,51.7829],[17.3181,51.7873],[17.3207,51.7952],[17.3172,51.813],[17.3298,51.8155],[17.3286,51.8159],[17.3381,51.8346],[17.3406,51.8351],[17.3265,51.8438],[17.3216,51.8427],[17.3191,51.8488],[17.2976,51.8466],[17.2942,51.8485],[17.2946,51.8545],[17.2912,51.8548],[17.295,51.8613],[17.3005,51.8609],[17.2979,51.8574],[17.2991,51.8563],[17.3058,51.8575],[17.3067,51.8605],[17.3231,51.8546],[17.3296,51.8601],[17.3366,51.8635],[17.3253,51.8691],[17.3246,51.8722],[17.3159,51.8752],[17.3193,51.88],[17.3342,51.8808],[17.3369,51.8857],[17.3403,51.8859],[17.3592,51.8821],[17.3672,51.8822],[17.3711,51.8735],[17.3812,51.8762],[17.3974,51.8734],[17.399,51.877],[17.404,51.8792],[17.418,51.8809],[17.4286,51.8877],[17.4315,51.8916],[17.4414,51.8967],[17.471,51.893],[17.4901,51.8976],[17.5111,51.8988],[17.5111,51.9011],[17.514,51.9008],[17.5174,51.8901],[17.517,51.8733],[17.5255,51.8681],[17.5239,51.861],[17.5267,51.8609],[17.5211,51.8476],[17.5304,51.8386],[17.5624,51.8348],[17.5712,51.8387],[17.5924,51.8343],[17.6005,51.8303],[17.6077,51.8304],[17.6042,51.8202],[17.6102,51.7993],[17.6139,51.7971],[17.6152,51.7938],[17.634,51.7917],[17.6341,51.7946],[17.6467,51.7956],[17.6453,51.7903],[17.6613,51.7843],[17.6585,51.7811],[17.6664,51.7811],[17.6683,51.7763],[17.6819,51.7747],[17.6891,51.7601],[17.7,51.7561],[17.7119,51.7569],[17.7138,51.7557],[17.7145,51.7508],[17.7094,51.7491],[17.7072,51.7446],[17.6981,51.7448],[17.6983,51.7432],[17.693,51.743],[17.6945,51.7356],[17.6793,51.7385],[17.6607,51.7363],[17.6609,51.7335],[17.6576,51.7287],[17.6608,51.7253],[17.6593,51.7184],[17.6614,51.715],[17.6277,51.7032],[17.6334,51.7003],[17.6324,51.6967],[17.6193,51.6981],[17.6151,51.6907],[17.6123,51.6889],[17.6096,51.6805],[17.6043,51.6782],[17.6045,51.6748],[17.6004,51.6722],[17.5834,51.6737],[17.5672,51.6723],[17.5633,51.6717],[17.5594,51.6658],[17.562,51.6641],[17.5477,51.6644],[17.5477,51.6616],[17.5526,51.6576],[17.5527,51.6506],[17.5615,51.6498],[17.5576,51.6374],[17.5539,51.6386],[17.5532,51.6333],[17.5513,51.6328],[17.5484,51.6273],[17.5501,51.6253],[17.5496,51.6232],[17.5604,51.6204],[17.5687,51.6222],[17.5712,51.6211],[17.5712,51.6236],[17.5674,51.6243],[17.5677,51.6265],[17.5737,51.628],[17.5747,51.6265],[17.5826,51.6297],[17.5864,51.6285],[17.5891,51.6231],[17.5889,51.6198],[17.5857,51.6171],[17.5822,51.6184],[17.5817,51.6168],[17.5774,51.6171],[17.576,51.6155],[17.578,51.6137],[17.5745,51.6095],[17.581,51.6077],[17.58,51.6054],[17.5733,51.6053],[17.5731,51.6026],[17.5772,51.6016],[17.5741,51.6019],[17.5752,51.5995],[17.5722,51.5971],[17.5714,51.59],[17.5737,51.5857],[17.5724,51.5855],[17.571,51.5895],[17.5695,51.5895],[17.5597,51.5823],[17.5556,51.5846],[17.5364,51.5891],[17.5232,51.5894],[17.5206,51.5927],[17.5213,51.5962],[17.5185,51.6021],[17.5213,51.6057],[17.5119,51.609],[17.5036,51.6093],[17.4987,51.6159],[17.4866,51.6167],[17.478,51.6218]]]]}},{"type":"Feature","properties":{"GID_2":"POL.15.16_1","GID_0":"POL","COUNTRY":"Poland","GID_1":"POL.15_1","NAME_1":"Wielkopolskie","NL_NAME_1":"NA","NAME_2":"Leszno","VARNAME_2":"NA","NL_NAME_2":"NA","TYPE_2":"Powiat","ENGTYPE_2":"County","CC_2":"3013","HASC_2":"NA"},"geometry":{"type":"MultiPolygon","coordinates":[[[[16.6824,51.706],[16.6823,51.7079],[16.666,51.7111],[16.6566,51.716],[16.6531,51.7163],[16.6527,51.7188],[16.645,51.7219],[16.6441,51.7255],[16.6458,51.7292],[16.6397,51.7316],[16.6394,51.733],[16.6479,51.7442],[16.6352,51.7491],[16.6231,51.747],[16.619,51.7447],[16.6064,51.7448],[16.6003,51.7459],[16.6002,51.7474],[16.5947,51.7505],[16.583,51.7508],[16.5806,51.7521],[16.5798,51.7659],[16.5767,51.7686],[16.5409,51.7663],[16.54,51.7671],[16.5422,51.7695],[16.5411,51.7707],[16.5441,51.774],[16.5419,51.7761],[16.5453,51.7801],[16.5428,51.7809],[16.4924,51.7814],[16.4845,51.7823],[16.4772,51.7857],[16.469,51.786],[16.4639,51.7841],[16.4489,51.788],[16.4303,51.7847],[16.4112,51.7842],[16.4045,51.7865],[16.4012,51.7899],[16.3934,51.7866],[16.3886,51.7912],[16.3883,51.7933],[16.4019,51.8048],[16.4022,51.8108],[16.4008,51.8142],[16.394,51.8198],[16.3952,51.8238],[16.4007,51.8306],[16.3987,51.8353],[16.4005,51.8378],[16.3795,51.8389],[16.3871,51.8464],[16.3726,51.8539],[16.3576,51.8575],[16.3417,51.8696],[16.3351,51.8711],[16.3379,51.876],[16.3461,51.875],[16.3515,51.8807],[16.3204,51.8869],[16.3128,51.8864],[16.299,51.8936],[16.2919,51.8952],[16.2869,51.9003],[16.2789,51.9],[16.2778,51.8995],[16.2791,51.8977],[16.2727,51.8951],[16.2699,51.8958],[16.2691,51.898],[16.2592,51.8989],[16.2588,51.8973],[16.2574,51.8975],[16.2558,51.9022],[16.2541,51.9017],[16.2537,51.8994],[16.2481,51.9007],[16.2486,51.8988],[16.2455,51.8965],[16.2458,51.8915],[16.2396,51.8838],[16.2354,51.8821],[16.2293,51.876],[16.2236,51.8749],[16.2147,51.8698],[16.2001,51.8719],[16.1936,51.8798],[16.1929,51.8851],[16.1857,51.8847],[16.1881,51.8829],[16.1879,51.8813],[16.1813,51.8832],[16.1723,51.8834],[16.1617,51.8901],[16.1616,51.8924],[16.1529,51.8923],[16.1435,51.895],[16.1064,51.8959],[16.1007,51.8927],[16.0986,51.8938],[16.0982,51.8959],[16.1017,51.8962],[16.0991,51.9023],[16.1035,51.9051],[16.1087,51.9036],[16.1183,51.9134],[16.1251,51.9162],[16.1331,51.917],[16.1324,51.92],[16.1253,51.9198],[16.1268,51.9217],[16.1355,51.9229],[16.1381,51.927],[16.1341,51.9319],[16.1269,51.9316],[16.1262,51.9339],[16.1398,51.9347],[16.1431,51.9365],[16.1711,51.936],[16.2012,51.9424],[16.2308,51.9395],[16.2322,51.9378],[16.2359,51.9384],[16.2435,51.9332],[16.2578,51.9347],[16.2623,51.9313],[16.2674,51.9328],[16.2678,51.931],[16.2741,51.932],[16.2809,51.9292],[16.2829,51.9345],[16.2813,51.9357],[16.2857,51.9381],[16.2861,51.943],[16.2881,51.9458],[16.3027,51.9547],[16.3078,51.9614],[16.3166,51.96],[16.3182,51.9663],[16.3152,51.9731],[16.3264,51.9808],[16.3314,51.9866],[16.335,51.9864],[16.3448,51.9819],[16.3506,51.985],[16.3537,51.9818],[16.3603,51.9848],[16.3648,51.9846],[16.3684,51.9905],[16.3857,51.9952],[16.3846,51.992],[16.3872,51.9924],[16.3872,51.9897],[16.3918,51.988],[16.3929,51.986],[16.3848,51.9845],[16.3865,51.988],[16.3813,51.9904],[16.3699,51.9891],[16.3669,51.9875],[16.3659,51.9844],[16.3736,51.9821],[16.3827,51.9837],[16.3788,51.9805],[16.3809,51.9771],[16.3907,51.9814],[16.3985,51.9785],[16.4027,51.975],[16.4068,51.9779],[16.4264,51.9737],[16.4213,51.9696],[16.4206,51.9653],[16.4237,51.9642],[16.4256,51.9585],[16.4387,51.95],[16.447,51.9472],[16.4585,51.9512],[16.4629,51.9545],[16.4768,51.9523],[16.4793,51.9557],[16.4905,51.9534],[16.4866,51.9486],[16.4974,51.9409],[16.4975,51.9484],[16.499,51.9519],[16.5015,51.9501],[16.5026,51.9509],[16.5037,51.9589],[16.5158,51.9569],[16.5138,51.9602],[16.5284,51.9601],[16.5334,51.9693],[16.5371,51.9678],[16.537,51.96],[16.5397,51.96],[16.5396,51.9572],[16.5449,51.9571],[16.5453,51.9553],[16.5503,51.9556],[16.5513,51.9543],[16.5591,51.9642],[16.575,51.9626],[16.5803,51.9639],[16.5817,51.9678],[16.6006,51.9654],[16.6045,51.9621],[16.6237,51.9645],[16.6233,51.9687],[16.6283,51.972],[16.6281,51.9739],[16.64,51.9694],[16.642,51.9644],[16.6676,51.968],[16.6833,51.9666],[16.6892,51.9679],[16.7149,51.9645],[16.7231,51.9618],[16.7221,51.9604],[16.733,51.9624],[16.7457,51.9588],[16.7484,51.9595],[16.7519,51.9573],[16.7671,51.9603],[16.7676,51.9572],[16.7655,51.9571],[16.7657,51.9535],[16.7778,51.9543],[16.7779,51.9482],[16.7967,51.9486],[16.7988,51.9473],[16.806,51.9497],[16.8046,51.9471],[16.8067,51.9452],[16.8153,51.9442],[16.8153,51.9399],[16.8169,51.9396],[16.818,51.9348],[16.8298,51.9361],[16.8294,51.9384],[16.8309,51.9385],[16.8329,51.9329],[16.832,51.932],[16.8367,51.9287],[16.8504,51.9262],[16.8612,51.9266],[16.862,51.9197],[16.8606,51.9151],[16.8637,51.9122],[16.8716,51.9106],[16.873,51.9074],[16.8748,51.9073],[16.8757,51.9048],[16.8738,51.9038],[16.8731,51.8999],[16.8793,51.8921],[16.8816,51.8935],[16.8834,51.8916],[16.888,51.8808],[16.8995,51.8821],[16.8999,51.8711],[16.9043,51.8696],[16.8996,51.8664],[16.8979,51.8625],[16.8893,51.8617],[16.8863,51.8578],[16.8673,51.855],[16.8512,51.842],[16.8556,51.8362],[16.8566,51.8304],[16.8616,51.8209],[16.8622,51.8133],[16.847,51.8067],[16.8472,51.8023],[16.8493,51.7987],[16.8447,51.7951],[16.8354,51.7955],[16.83,51.7903],[16.8208,51.7915],[16.8011,51.7875],[16.8003,51.7945],[16.7972,51.7949],[16.7814,51.7924],[16.7763,51.7853],[16.7711,51.7856],[16.7691,51.784],[16.7415,51.7924],[16.738,51.7885],[16.7338,51.776],[16.7292,51.7349],[16.7263,51.7315],[16.7249,51.7265],[16.7146,51.7202],[16.7013,51.7205],[16.6937,51.7102],[16.6839,51.705],[16.6824,51.706]],[[16.6045,51.8209],[16.6043,51.8227],[16.61,51.8309],[16.6114,51.839],[16.6174,51.8416],[16.6139,51.8451],[16.6141,51.854],[16.6218,51.8554],[16.6241,51.8607],[16.6237,51.8652],[16.6197,51.8693],[16.6217,51.8714],[16.615,51.871],[16.6151,51.8815],[16.6124,51.8806],[16.61,51.8718],[16.5975,51.8676],[16.5919,51.8703],[16.5691,51.8733],[16.5603,51.8716],[16.5506,51.8673],[16.5538,51.8639],[16.5568,51.8637],[16.554,51.8597],[16.5486,51.8557],[16.5368,51.8618],[16.5353,51.8601],[16.5348,51.8582],[16.5378,51.8546],[16.5365,51.8525],[16.5388,51.8507],[16.5385,51.8482],[16.5349,51.8476],[16.537,51.8454],[16.5444,51.8455],[16.547,51.8416],[16.5405,51.8359],[16.5395,51.8376],[16.5277,51.8354],[16.5293,51.831],[16.5385,51.8323],[16.5398,51.8276],[16.5418,51.8276],[16.5426,51.8248],[16.5408,51.824],[16.5489,51.8178],[16.5428,51.8143],[16.5464,51.8124],[16.5496,51.8067],[16.5586,51.8092],[16.5678,51.8071],[16.566,51.8114],[16.572,51.8167],[16.5752,51.8155],[16.5788,51.8166],[16.581,51.8105],[16.5864,51.8104],[16.5858,51.8141],[16.5898,51.8133],[16.5941,51.8156],[16.6023,51.8167],[16.6013,51.8183],[16.6045,51.8209]]]]}},{"type":"Feature","properties":{"GID_2":"POL.15.15_1","GID_0":"POL","COUNTRY":"Poland","GID_1":"POL.15_1","NAME_1":"Wielkopolskie","NL_NAME_1":"NA","NAME_2":"Leszno","VARNAME_2":"NA","NL_NAME_2":"NA","TYPE_2":"Miastonaprawachpowiatu","ENGTYPE_2":"Citywithpowiatrights","CC_2":"3063","HASC_2":"NA"},"geometry":{"type":"MultiPolygon","coordinates":[[[[16.5368,51.8618],[16.5486,51.8557],[16.554,51.8597],[16.5568,51.8637],[16.5538,51.8639],[16.5506,51.8673],[16.5603,51.8716],[16.5694,51.8733],[16.5919,51.8703],[16.5975,51.8676],[16.61,51.8718],[16.6124,51.8806],[16.6151,51.8815],[16.615,51.871],[16.6217,51.8714],[16.6197,51.8693],[16.6237,51.8652],[16.6243,51.8617],[16.6218,51.8554],[16.6141,51.854],[16.6139,51.8451],[16.6174,51.8416],[16.6114,51.839],[16.61,51.8309],[16.6043,51.8227],[16.6044,51.8206],[16.6031,51.8206],[16.6036,51.8189],[16.6013,51.8183],[16.6023,51.8167],[16.5941,51.8156],[16.5898,51.8133],[16.5858,51.8141],[16.5864,51.8104],[16.581,51.8105],[16.5788,51.8166],[16.5752,51.8155],[16.572,51.8167],[16.566,51.8114],[16.5678,51.8071],[16.5586,51.8092],[16.5497,51.8066],[16.5464,51.8124],[16.5428,51.8143],[16.5489,51.8178],[16.5408,51.824],[16.5426,51.8248],[16.5418,51.8276],[16.5398,51.8276],[16.5385,51.8323],[16.5293,51.831],[16.5277,51.8354],[16.5395,51.8376],[16.5405,51.8359],[16.547,51.8416],[16.5444,51.8455],[16.537,51.8454],[16.5349,51.8476],[16.5387,51.8492],[16.5365,51.8526],[16.5377,51.8551],[16.5347,51.8585],[16.5368,51.8618]]]]}},{"type":"Feature","properties":{"GID_2":"POL.15.17_1","GID_0":"POL","COUNTRY":"Poland","GID_1":"POL.15_1","NAME_1":"Wielkopolskie","NL_NAME_1":"NA","NAME_2":"Miedzychod","VARNAME_2":"NA","NL_NAME_2":"NA","TYPE_2":"Powiat","ENGTYPE_2":"County","CC_2":"3014","HASC_2":"NA"},"geometry":{"type":"MultiPolygon","coordinates":[[[[16.2308,52.5503],[16.2271,52.5497],[16.2275,52.5399],[16.2314,52.5357],[16.2324,52.5286],[16.239,52.5228],[16.2358,52.5225],[16.2348,52.5173],[16.2292,52.518],[16.2279,52.513],[16.218,52.5125],[16.2154,52.5158],[16.199,52.5126],[16.1972,52.5089],[16.1932,52.5093],[16.1864,52.5071],[16.186,52.5008],[16.1942,52.4889],[16.1896,52.4874],[16.1723,52.4845],[16.1458,52.4832],[16.1482,52.4844],[16.1397,52.49],[16.1424,52.4956],[16.1388,52.4998],[16.1379,52.5075],[16.1276,52.5118],[16.1062,52.5117],[16.0971,52.5141],[16.0717,52.5064],[16.066,52.4997],[16.0649,52.4905],[16.0579,52.4902],[16.0519,52.4878],[16.034,52.4898],[16.029,52.4896],[16.0279,52.488],[16.0255,52.4887],[16.0199,52.4786],[16.0196,52.4723],[16.0174,52.4678],[16.0176,52.4583],[16.0136,52.4515],[15.9999,52.4547],[15.9961,52.4523],[15.9874,52.4504],[15.9867,52.4522],[15.9804,52.4525],[15.9783,52.4487],[15.9658,52.4483],[15.9647,52.4519],[15.9618,52.453],[15.9617,52.4554],[15.9588,52.4558],[15.955,52.4642],[15.9488,52.4702],[15.9464,52.4743],[15.9492,52.4752],[15.9396,52.4777],[15.9431,52.4807],[15.9346,52.4836],[15.9353,52.4802],[15.9179,52.4815],[15.9151,52.4794],[15.9059,52.4785],[15.9065,52.475],[15.8916,52.4732],[15.8837,52.4851],[15.8853,52.4861],[15.8837,52.4892],[15.8857,52.4896],[15.8789,52.4931],[15.8784,52.4955],[15.8725,52.4963],[15.8734,52.4971],[15.8704,52.4986],[15.8705,52.5008],[15.8676,52.5026],[15.8726,52.502],[15.8696,52.5042],[15.8758,52.5065],[15.8771,52.5108],[15.863,52.5104],[15.8502,52.5168],[15.8433,52.5248],[15.8348,52.5293],[15.8487,52.5367],[15.8585,52.5444],[15.8562,52.5489],[15.8425,52.555],[15.8431,52.5596],[15.8324,52.5662],[15.8246,52.5671],[15.824,52.5709],[15.8265,52.5733],[15.8259,52.5759],[15.8303,52.5776],[15.8283,52.5829],[15.836,52.5872],[15.8314,52.5862],[15.8319,52.5876],[15.8292,52.5886],[15.8205,52.5897],[15.8203,52.5919],[15.8124,52.5934],[15.8067,52.5973],[15.8061,52.6046],[15.7959,52.6058],[15.7959,52.6085],[15.7846,52.6185],[15.7863,52.6219],[15.7961,52.6213],[15.8006,52.6238],[15.7962,52.6251],[15.7941,52.6274],[15.7959,52.6358],[15.7937,52.6371],[15.7763,52.6379],[15.7786,52.6413],[15.7771,52.6434],[15.7799,52.6442],[15.7782,52.6496],[15.7807,52.6499],[15.7829,52.6528],[15.7819,52.6617],[15.7861,52.6677],[15.7931,52.665],[15.814,52.6678],[15.8129,52.6792],[15.8078,52.6846],[15.8037,52.6938],[15.8003,52.6953],[15.7933,52.7069],[15.7953,52.7085],[15.8113,52.7097],[15.8373,52.7063],[15.8458,52.7092],[15.865,52.7103],[15.8858,52.715],[15.906,52.7144],[15.9202,52.7233],[15.9449,52.7292],[15.9473,52.7348],[15.9485,52.7445],[15.9457,52.7524],[15.9467,52.7548],[15.9504,52.7554],[15.9814,52.7504],[16.0138,52.7347],[16.0181,52.7253],[16.0321,52.7206],[16.0564,52.7238],[16.0788,52.7041],[16.1001,52.7025],[16.108,52.6997],[16.1189,52.6891],[16.1233,52.6877],[16.1495,52.6928],[16.155,52.6887],[16.1515,52.6843],[16.1762,52.6821],[16.1896,52.6828],[16.1928,52.6809],[16.1904,52.6793],[16.1917,52.6781],[16.1945,52.6798],[16.2002,52.6798],[16.1992,52.6779],[16.2079,52.6775],[16.2125,52.6736],[16.2125,52.6717],[16.2212,52.6656],[16.2458,52.6693],[16.2463,52.6628],[16.2438,52.6573],[16.2465,52.6553],[16.2475,52.6517],[16.2513,52.6499],[16.2532,52.6469],[16.2555,52.6478],[16.2562,52.6511],[16.2542,52.6525],[16.254,52.6555],[16.259,52.6564],[16.2637,52.6519],[16.2629,52.6505],[16.2674,52.6483],[16.2818,52.6504],[16.2884,52.6399],[16.3024,52.6394],[16.3076,52.6405],[16.3105,52.6473],[16.308,52.6488],[16.3141,52.6513],[16.3185,52.6513],[16.3235,52.639],[16.3219,52.6357],[16.325,52.6315],[16.3307,52.6288],[16.3331,52.6238],[16.3385,52.6203],[16.327,52.6132],[16.3165,52.6159],[16.3089,52.6151],[16.2923,52.6174],[16.2685,52.6183],[16.2667,52.6137],[16.263,52.6104],[16.2629,52.6065],[16.2589,52.6025],[16.2742,52.5979],[16.2714,52.595],[16.281,52.5861],[16.2816,52.5836],[16.2902,52.579],[16.2902,52.5751],[16.283,52.5749],[16.2724,52.5703],[16.2574,52.5695],[16.2607,52.5564],[16.2566,52.5508],[16.25,52.5478],[16.2409,52.5475],[16.2308,52.5503]]]]}},{"type":"Feature","properties":{"GID_2":"POL.15.18_1","GID_0":"POL","COUNTRY":"Poland","GID_1":"POL.15_1","NAME_1":"Wielkopolskie","NL_NAME_1":"NA","NAME_2":"NowyTomysl","VARNAME_2":"NA","NL_NAME_2":"NA","TYPE_2":"Powiat","ENGTYPE_2":"County","CC_2":"3015","HASC_2":"NA"},"geometry":{"type":"MultiPolygon","coordinates":[[[[15.8803,52.2916],[15.8782,52.2943],[15.8786,52.2981],[15.8838,52.3043],[15.8818,52.3088],[15.8842,52.3112],[15.8856,52.3071],[15.8886,52.3073],[15.8919,52.3103],[15.89,52.3111],[15.8899,52.3176],[15.8875,52.3185],[15.8877,52.3227],[15.8837,52.3243],[15.8825,52.3268],[15.8828,52.33],[15.888,52.3338],[15.8882,52.3365],[15.8813,52.3425],[15.8813,52.3522],[15.8903,52.3534],[15.8882,52.3666],[15.8904,52.367],[15.8908,52.3712],[15.8881,52.372],[15.8966,52.3807],[15.9006,52.3827],[15.8998,52.385],[15.9009,52.3862],[15.8991,52.3881],[15.9003,52.3909],[15.8962,52.3942],[15.8839,52.394],[15.8702,52.3965],[15.8598,52.4029],[15.8548,52.4022],[15.8513,52.4035],[15.8498,52.4017],[15.8436,52.4029],[15.8376,52.411],[15.8395,52.4115],[15.8395,52.413],[15.8311,52.4165],[15.8274,52.4216],[15.8245,52.4222],[15.8253,52.4243],[15.828,52.425],[15.8275,52.426],[15.8206,52.4247],[15.8153,52.4283],[15.8187,52.4291],[15.8106,52.4325],[15.8112,52.4344],[15.8094,52.4361],[15.8065,52.4351],[15.8044,52.4444],[15.8074,52.4445],[15.8082,52.442],[15.8125,52.441],[15.8134,52.4418],[15.8094,52.4428],[15.8103,52.4444],[15.8219,52.4486],[15.8207,52.451],[15.8251,52.4501],[15.8267,52.4514],[15.8258,52.4544],[15.8271,52.4546],[15.8333,52.4446],[15.8317,52.4395],[15.8344,52.4383],[15.8308,52.436],[15.8323,52.4347],[15.8409,52.4339],[15.846,52.4314],[15.8527,52.4317],[15.8564,52.4326],[15.8563,52.4361],[15.8544,52.436],[15.8566,52.4394],[15.8617,52.4403],[15.8683,52.4351],[15.8736,52.4353],[15.8752,52.4373],[15.8779,52.4373],[15.8753,52.4427],[15.8982,52.4474],[15.8987,52.4493],[15.896,52.449],[15.8966,52.4516],[15.8932,52.456],[15.8927,52.4605],[15.8877,52.4613],[15.8838,52.4657],[15.8797,52.4654],[15.8769,52.4719],[15.8789,52.4725],[15.8858,52.4648],[15.8903,52.4648],[15.8929,52.4682],[15.8903,52.473],[15.9065,52.475],[15.9059,52.4785],[15.9151,52.4794],[15.9179,52.4815],[15.9353,52.4802],[15.9346,52.4836],[15.9431,52.4807],[15.9396,52.4777],[15.9492,52.4752],[15.9464,52.4743],[15.9488,52.4702],[15.955,52.4642],[15.9588,52.4558],[15.9617,52.4554],[15.9618,52.453],[15.9647,52.4519],[15.9658,52.4483],[15.9783,52.4487],[15.9804,52.4525],[15.9867,52.4522],[15.9874,52.4504],[15.9961,52.4523],[15.9999,52.4547],[16.0136,52.4515],[16.0176,52.4583],[16.0174,52.4678],[16.0196,52.4723],[16.0199,52.4786],[16.0255,52.4887],[16.0279,52.488],[16.029,52.4896],[16.034,52.4898],[16.0519,52.4878],[16.0579,52.4902],[16.0649,52.4905],[16.066,52.4997],[16.0717,52.5064],[16.0947,52.5139],[16.0997,52.5142],[16.1062,52.5117],[16.1276,52.5118],[16.1379,52.5075],[16.1388,52.4998],[16.1424,52.4956],[16.1397,52.49],[16.1482,52.4844],[16.1458,52.4832],[16.1762,52.4849],[16.2012,52.4903],[16.2057,52.4896],[16.2063,52.4911],[16.2312,52.4891],[16.2328,52.4845],[16.2284,52.4803],[16.2533,52.4733],[16.2879,52.4743],[16.29,52.4716],[16.2869,52.4595],[16.3175,52.4535],[16.324,52.4489],[16.3161,52.4461],[16.3285,52.4426],[16.335,52.439],[16.3376,52.4384],[16.3394,52.4399],[16.3411,52.4383],[16.3428,52.4396],[16.3444,52.4387],[16.3443,52.4367],[16.3537,52.4316],[16.3556,52.428],[16.3592,52.4257],[16.3682,52.4278],[16.3716,52.423],[16.3761,52.4215],[16.3879,52.425],[16.3917,52.4242],[16.3926,52.4145],[16.4116,52.4025],[16.418,52.4056],[16.4201,52.4114],[16.4426,52.4051],[16.4387,52.397],[16.4423,52.3927],[16.4415,52.3867],[16.4527,52.3836],[16.4533,52.3807],[16.4607,52.3765],[16.4568,52.3646],[16.4528,52.3611],[16.4684,52.3582],[16.4652,52.356],[16.4692,52.3505],[16.4821,52.346],[16.5017,52.3423],[16.5104,52.3386],[16.5011,52.33],[16.5031,52.3294],[16.4965,52.3231],[16.5007,52.3213],[16.4996,52.315],[16.484,52.3096],[16.4812,52.3065],[16.4678,52.304],[16.4706,52.3003],[16.4738,52.3022],[16.4868,52.2992],[16.49,52.2995],[16.4909,52.3019],[16.5055,52.301],[16.5063,52.2886],[16.5035,52.2822],[16.4998,52.2777],[16.4967,52.2764],[16.5014,52.2744],[16.5032,52.2761],[16.5127,52.2699],[16.5097,52.2675],[16.5093,52.2619],[16.5049,52.2561],[16.4896,52.2515],[16.4843,52.2484],[16.4792,52.2511],[16.4766,52.2587],[16.4671,52.2618],[16.4668,52.2636],[16.4572,52.2684],[16.4526,52.2692],[16.4521,52.2656],[16.443,52.2546],[16.4261,52.2546],[16.4201,52.2488],[16.4139,52.2504],[16.4079,52.256],[16.3935,52.2623],[16.3907,52.2672],[16.3854,52.2687],[16.3807,52.2692],[16.3762,52.2551],[16.3722,52.2596],[16.3698,52.2662],[16.3609,52.2681],[16.355,52.2722],[16.3373,52.2782],[16.3302,52.2842],[16.3266,52.2851],[16.321,52.281],[16.3123,52.2849],[16.3083,52.2822],[16.3068,52.2832],[16.3053,52.2821],[16.2995,52.2872],[16.2793,52.2806],[16.2566,52.2772],[16.2509,52.2783],[16.2477,52.2777],[16.2484,52.2757],[16.2322,52.2729],[16.229,52.2797],[16.2277,52.2797],[16.2291,52.2741],[16.2256,52.2747],[16.2262,52.2717],[16.213,52.2704],[16.2137,52.2747],[16.2096,52.2747],[16.2091,52.2713],[16.1989,52.2713],[16.1939,52.2732],[16.1938,52.275],[16.1919,52.2749],[16.192,52.2722],[16.1846,52.2718],[16.1846,52.2699],[16.1734,52.2681],[16.1765,52.2577],[16.1797,52.2533],[16.1754,52.2508],[16.1722,52.2405],[16.1637,52.2265],[16.1557,52.226],[16.1526,52.2308],[16.1491,52.2321],[16.1383,52.2304],[16.1279,52.2316],[16.1285,52.2329],[16.1273,52.2332],[16.1206,52.232],[16.1252,52.24],[16.1173,52.243],[16.1115,52.2381],[16.1088,52.2379],[16.1037,52.2436],[16.1013,52.2444],[16.1024,52.2455],[16.0936,52.2438],[16.0903,52.2405],[16.0859,52.2436],[16.0892,52.2467],[16.0792,52.2525],[16.0748,52.2504],[16.0759,52.2496],[16.0725,52.2437],[16.0637,52.244],[16.0547,52.2467],[16.0516,52.245],[16.0471,52.2415],[16.0426,52.2306],[16.0355,52.2299],[16.0153,52.2329],[15.9963,52.232],[16.0018,52.2192],[16.0004,52.2169],[15.9917,52.214],[15.9849,52.2126],[15.9721,52.214],[15.9681,52.2127],[15.9628,52.2162],[15.9497,52.215],[15.9463,52.2101],[15.9483,52.2058],[15.9443,52.2043],[15.9472,52.1992],[15.9399,52.1968],[15.908,52.1999],[15.8946,52.1895],[15.8907,52.19],[15.8883,52.186],[15.8901,52.1831],[15.861,52.1828],[15.8581,52.1877],[15.8613,52.1978],[15.855,52.2049],[15.851,52.2137],[15.8495,52.2133],[15.8608,52.2276],[15.8588,52.2335],[15.8576,52.2481],[15.8513,52.2556],[15.8549,52.2611],[15.8524,52.2621],[15.857,52.2679],[15.8592,52.2673],[15.866,52.2721],[15.8712,52.2775],[15.87,52.2779],[15.8705,52.2808],[15.8814,52.2842],[15.8797,52.2881],[15.881,52.2884],[15.8803,52.2916]]]]}},{"type":"Feature","properties":{"GID_2":"POL.15.19_1","GID_0":"POL","COUNTRY":"Poland","GID_1":"POL.15_1","NAME_1":"Wielkopolskie","NL_NAME_1":"NA","NAME_2":"Oborniki","VARNAME_2":"NA","NL_NAME_2":"NA","TYPE_2":"Powiat","ENGTYPE_2":"County","CC_2":"3016","HASC_2":"NA"},"geometry":{"type":"MultiPolygon","coordinates":[[[[16.5834,52.7431],[16.6303,52.751],[16.6441,52.7483],[16.6646,52.7515],[16.7044,52.7497],[16.703,52.7439],[16.7045,52.7386],[16.7025,52.7364],[16.7019,52.7309],[16.6978,52.7287],[16.708,52.7258],[16.7311,52.7295],[16.7385,52.7264],[16.7404,52.7272],[16.7424,52.7336],[16.7407,52.7372],[16.7623,52.7512],[16.7325,52.7496],[16.7323,52.7468],[16.7302,52.7466],[16.7307,52.743],[16.7328,52.7418],[16.7264,52.7406],[16.7221,52.7381],[16.7184,52.7395],[16.7173,52.7384],[16.7144,52.7418],[16.7158,52.7434],[16.714,52.7469],[16.7198,52.7568],[16.7363,52.7621],[16.7374,52.762],[16.735,52.7599],[16.7402,52.7585],[16.7421,52.7613],[16.7483,52.7605],[16.761,52.7665],[16.7662,52.766],[16.7662,52.7685],[16.7694,52.7695],[16.7736,52.7744],[16.7888,52.7792],[16.7933,52.7833],[16.8001,52.7843],[16.7986,52.7872],[16.7982,52.7951],[16.7944,52.7964],[16.7936,52.7987],[16.7817,52.8016],[16.7756,52.8008],[16.7744,52.8087],[16.7705,52.8117],[16.7713,52.8145],[16.7651,52.8135],[16.758,52.8156],[16.7519,52.8138],[16.747,52.8142],[16.7486,52.8165],[16.7474,52.8182],[16.7502,52.8196],[16.7499,52.8212],[16.7609,52.819],[16.7621,52.8224],[16.7413,52.8253],[16.7247,52.8343],[16.7227,52.8333],[16.7248,52.8345],[16.7252,52.8378],[16.7224,52.8391],[16.7272,52.8408],[16.727,52.8435],[16.7235,52.8442],[16.7297,52.8442],[16.7313,52.8501],[16.7297,52.8499],[16.7286,52.8522],[16.7165,52.8524],[16.7153,52.8538],[16.7044,52.8511],[16.7015,52.8542],[16.7036,52.8575],[16.7027,52.8616],[16.7057,52.8613],[16.7081,52.8664],[16.7203,52.865],[16.7247,52.8684],[16.7316,52.8676],[16.7367,52.8754],[16.7401,52.8674],[16.7606,52.8657],[16.7651,52.8688],[16.7655,52.872],[16.7709,52.8717],[16.7733,52.8735],[16.7764,52.8776],[16.7802,52.8888],[16.7852,52.8867],[16.789,52.8824],[16.7869,52.8726],[16.7884,52.8712],[16.7878,52.8691],[16.8004,52.8744],[16.7964,52.8649],[16.8079,52.8538],[16.8166,52.8577],[16.8147,52.8603],[16.8188,52.8599],[16.8231,52.8621],[16.8238,52.8597],[16.8209,52.8584],[16.8217,52.8574],[16.8355,52.8578],[16.8567,52.853],[16.864,52.846],[16.8669,52.8448],[16.8747,52.8471],[16.8837,52.8412],[16.8865,52.831],[16.9001,52.8314],[16.9092,52.8257],[16.9191,52.8245],[16.9264,52.8216],[16.933,52.816],[16.9412,52.8172],[16.973,52.8318],[16.9847,52.8284],[17.007,52.8284],[17.0068,52.8199],[17.0046,52.8165],[17.0026,52.8056],[17.0056,52.7938],[17.0064,52.7823],[17.0269,52.7794],[17.0254,52.7775],[17.0263,52.7745],[17.0282,52.7738],[17.034,52.7744],[17.0346,52.7764],[17.0393,52.7778],[17.0439,52.7762],[17.0463,52.7775],[17.0499,52.7752],[17.0695,52.7748],[17.068,52.7821],[17.0756,52.7836],[17.0776,52.7793],[17.0886,52.7793],[17.1024,52.783],[17.1061,52.781],[17.1021,52.7777],[17.1032,52.7766],[17.1093,52.7826],[17.1158,52.7859],[17.114,52.7776],[17.115,52.7743],[17.1101,52.7716],[17.1094,52.7693],[17.1166,52.7601],[17.1151,52.7586],[17.1183,52.7537],[17.1293,52.7468],[17.1278,52.7455],[17.1274,52.7407],[17.129,52.7351],[17.1325,52.7323],[17.1317,52.7298],[17.1278,52.7282],[17.1268,52.7296],[17.1227,52.729],[17.114,52.7252],[17.1062,52.7242],[17.1044,52.7237],[17.1141,52.723],[17.1104,52.7206],[17.1136,52.7188],[17.112,52.7156],[17.1058,52.713],[17.1089,52.7072],[17.1059,52.7067],[17.1059,52.7047],[17.1091,52.7031],[17.1103,52.6995],[17.114,52.6967],[17.1163,52.6929],[17.1162,52.6884],[17.1189,52.6846],[17.1231,52.6837],[17.1259,52.681],[17.1255,52.6786],[17.1233,52.6769],[17.1244,52.676],[17.1219,52.6742],[17.1097,52.682],[17.1058,52.6886],[17.0864,52.6818],[17.0621,52.6825],[17.0488,52.6846],[17.0441,52.6855],[17.037,52.6899],[17.031,52.6791],[17.0329,52.6763],[17.0217,52.6805],[17.0182,52.6807],[17.0217,52.6804],[17.0244,52.6781],[17.0195,52.6731],[17.0147,52.6726],[17.0126,52.6742],[17.011,52.6718],[17.0076,52.6709],[17.0,52.6716],[16.9946,52.6696],[16.9965,52.6657],[16.9908,52.6674],[16.9717,52.6573],[16.9707,52.6512],[16.968,52.6488],[16.948,52.651],[16.9402,52.6558],[16.9284,52.6546],[16.9251,52.6501],[16.9219,52.6384],[16.9182,52.6346],[16.9026,52.6347],[16.8934,52.6221],[16.9204,52.6136],[16.9245,52.6064],[16.9359,52.6032],[16.9431,52.5985],[16.9412,52.5948],[16.9353,52.5932],[16.932,52.5969],[16.9262,52.5998],[16.8993,52.5849],[16.8838,52.5841],[16.8702,52.5792],[16.869,52.5783],[16.8703,52.5772],[16.8665,52.574],[16.8675,52.5727],[16.8639,52.5703],[16.8534,52.5717],[16.8501,52.5787],[16.8506,52.5806],[16.8306,52.574],[16.824,52.5739],[16.8143,52.568],[16.8067,52.57],[16.7893,52.569],[16.78,52.567],[16.7865,52.5574],[16.7842,52.5487],[16.7855,52.5445],[16.7642,52.5456],[16.7638,52.5551],[16.7599,52.5691],[16.7444,52.5707],[16.7426,52.5745],[16.7353,52.573],[16.7298,52.5661],[16.7194,52.5662],[16.7087,52.5635],[16.7044,52.5705],[16.7,52.5728],[16.6728,52.567],[16.6716,52.5709],[16.6743,52.5757],[16.6757,52.5848],[16.6789,52.5843],[16.6793,52.5856],[16.6687,52.5929],[16.6598,52.5953],[16.6601,52.597],[16.6545,52.5985],[16.6448,52.6107],[16.641,52.6278],[16.65,52.6276],[16.6529,52.6308],[16.6323,52.6292],[16.6227,52.6377],[16.6332,52.6446],[16.622,52.6483],[16.6182,52.6529],[16.618,52.6552],[16.6117,52.6582],[16.6112,52.6614],[16.6053,52.663],[16.6001,52.6667],[16.6008,52.6687],[16.6035,52.6695],[16.6035,52.672],[16.6134,52.6686],[16.6141,52.6711],[16.6116,52.6728],[16.6278,52.6803],[16.6477,52.6759],[16.6507,52.6776],[16.6485,52.679],[16.6465,52.6837],[16.6386,52.6864],[16.6367,52.6921],[16.6286,52.6937],[16.6198,52.6993],[16.6016,52.7034],[16.589,52.7109],[16.5821,52.7123],[16.5794,52.7173],[16.5811,52.7202],[16.5762,52.7245],[16.5767,52.7301],[16.5834,52.7431]]]]}},{"type":"Feature","properties":{"GID_2":"POL.15.20_1","GID_0":"POL","COUNTRY":"Poland","GID_1":"POL.15_1","NAME_1":"Wielkopolskie","NL_NAME_1":"NA","NAME_2":"OstrowWielkopolski","VARNAME_2":"NA","NL_NAME_2":"NA","TYPE_2":"Powiat","ENGTYPE_2":"County","CC_2":"3017","HASC_2":"NA"},"geometry":{"type":"MultiPolygon","coordinates":[[[[17.5246,51.4586],[17.5207,51.4623],[17.529,51.4698],[17.5216,51.4726],[17.52,51.476],[17.5231,51.4803],[17.5213,51.4808],[17.5234,51.4848],[17.518,51.4856],[17.5187,51.4871],[17.5161,51.4881],[17.5184,51.4892],[17.5195,51.4933],[17.5242,51.4944],[17.5238,51.497],[17.5264,51.4999],[17.514,51.5015],[17.513,51.5023],[17.5143,51.5035],[17.5122,51.5055],[17.5146,51.511],[17.52,51.5111],[17.5216,51.5146],[17.533,51.5133],[17.5352,51.5138],[17.5355,51.5162],[17.5446,51.5156],[17.5459,51.5171],[17.5543,51.5175],[17.5727,51.5299],[17.5732,51.5365],[17.5746,51.5396],[17.5763,51.5396],[17.5753,51.5486],[17.5719,51.5552],[17.5724,51.5668],[17.5601,51.5704],[17.5602,51.5749],[17.5568,51.5756],[17.5546,51.5785],[17.5562,51.5843],[17.5597,51.5823],[17.5694,51.5895],[17.571,51.5895],[17.5724,51.5855],[17.5741,51.586],[17.5714,51.59],[17.5722,51.5971],[17.5752,51.5995],[17.5741,51.6019],[17.5772,51.6016],[17.5731,51.6026],[17.5733,51.6053],[17.58,51.6054],[17.581,51.6077],[17.5745,51.6095],[17.578,51.6137],[17.576,51.6155],[17.5774,51.6171],[17.5817,51.6168],[17.5822,51.6184],[17.5857,51.6171],[17.589,51.6209],[17.5872,51.6276],[17.5826,51.6297],[17.5747,51.6265],[17.5737,51.628],[17.5677,51.6265],[17.5674,51.6243],[17.5712,51.6236],[17.5712,51.6211],[17.5687,51.6222],[17.5604,51.6204],[17.5496,51.6232],[17.5501,51.6253],[17.5484,51.6273],[17.5513,51.6328],[17.5532,51.6333],[17.5539,51.6386],[17.5576,51.6374],[17.5615,51.6498],[17.5527,51.6506],[17.5526,51.6576],[17.5477,51.6616],[17.5477,51.6644],[17.562,51.6641],[17.5594,51.6658],[17.5633,51.6717],[17.5672,51.6723],[17.5834,51.6737],[17.6004,51.6722],[17.6045,51.6748],[17.6043,51.6782],[17.6096,51.6805],[17.6123,51.6889],[17.6151,51.6907],[17.6193,51.6981],[17.6324,51.6967],[17.6334,51.7003],[17.6277,51.7032],[17.6614,51.715],[17.6593,51.7184],[17.6608,51.7253],[17.6576,51.7287],[17.6609,51.7335],[17.6607,51.7363],[17.6793,51.7385],[17.6945,51.7356],[17.693,51.743],[17.6983,51.7432],[17.6981,51.7448],[17.7072,51.7446],[17.7094,51.7491],[17.7145,51.7508],[17.7138,51.7557],[17.7119,51.7569],[17.7,51.7561],[17.6891,51.7601],[17.6819,51.7747],[17.6683,51.7763],[17.6664,51.7811],[17.6585,51.7811],[17.6613,51.7843],[17.6453,51.7903],[17.6475,51.7994],[17.6459,51.802],[17.6464,51.8045],[17.6573,51.81],[17.6629,51.8091],[17.6626,51.807],[17.6741,51.8075],[17.6755,51.8088],[17.6831,51.8082],[17.6861,51.8102],[17.6951,51.8115],[17.6968,51.8148],[17.7279,51.8164],[17.7321,51.8151],[17.7351,51.8062],[17.748,51.797],[17.7483,51.7915],[17.7498,51.7898],[17.7716,51.7896],[17.8041,51.7958],[17.8098,51.7991],[17.8161,51.7988],[17.8296,51.7962],[17.853,51.7946],[17.8745,51.7897],[17.8735,51.7865],[17.8756,51.7853],[17.8886,51.7834],[17.9003,51.7847],[17.9162,51.7811],[17.924,51.781],[17.9309,51.7786],[17.9344,51.7786],[17.9426,51.7841],[17.9505,51.7861],[17.9683,51.7847],[17.988,51.7796],[17.9902,51.7776],[17.9865,51.7634],[17.9967,51.7635],[18.0099,51.7594],[18.0058,51.7524],[18.0061,51.7487],[17.9999,51.744],[17.9958,51.7434],[17.995,51.7411],[18.0047,51.7402],[18.0055,51.7368],[18.0094,51.7342],[18.018,51.7331],[18.0147,51.7287],[18.0078,51.7242],[18.0017,51.7258],[17.9979,51.7176],[18.0134,51.712],[18.0167,51.7152],[18.0197,51.7149],[18.0338,51.7097],[18.0372,51.7136],[18.0516,51.712],[18.0636,51.7015],[18.0725,51.7009],[18.0843,51.7073],[18.0873,51.7063],[18.081,51.6968],[18.0806,51.6909],[18.1047,51.6905],[18.1224,51.6926],[18.1168,51.6894],[18.1187,51.6866],[18.1183,51.6824],[18.1146,51.6814],[18.1143,51.679],[18.1122,51.6776],[18.1132,51.6746],[18.1099,51.673],[18.1125,51.6715],[18.112,51.6671],[18.1072,51.6663],[18.1022,51.6614],[18.0995,51.6627],[18.0967,51.6619],[18.0969,51.6598],[18.0924,51.6593],[18.0918,51.6564],[18.0886,51.6578],[18.0794,51.6542],[18.077,51.6477],[18.0787,51.6463],[18.076,51.6446],[18.0773,51.6411],[18.0744,51.6397],[18.0747,51.6376],[18.0784,51.6361],[18.0766,51.6322],[18.0804,51.6307],[18.0813,51.6274],[18.09,51.6282],[18.0873,51.6272],[18.0916,51.6216],[18.0878,51.6212],[18.0878,51.62],[18.09,51.6198],[18.0885,51.618],[18.0915,51.6185],[18.0926,51.615],[18.0956,51.6163],[18.0972,51.6155],[18.0957,51.6124],[18.0967,51.6112],[18.0932,51.6101],[18.0951,51.6085],[18.0935,51.6054],[18.0969,51.6043],[18.0997,51.6052],[18.1002,51.6026],[18.1039,51.6039],[18.1049,51.6016],[18.1084,51.6021],[18.1102,51.599],[18.1162,51.5999],[18.1161,51.5983],[18.119,51.5962],[18.1257,51.5963],[18.1266,51.5937],[18.1399,51.5904],[18.1412,51.5886],[18.1459,51.5896],[18.1472,51.5892],[18.1467,51.5877],[18.1482,51.5894],[18.1497,51.5876],[18.1509,51.5888],[18.154,51.587],[18.1579,51.5871],[18.1585,51.5856],[18.162,51.586],[18.1635,51.5831],[18.1671,51.584],[18.169,51.5817],[18.1773,51.5801],[18.1783,51.5774],[18.1826,51.5769],[18.1848,51.5722],[18.1872,51.571],[18.1844,51.5694],[18.1845,51.5658],[18.188,51.5631],[18.1884,51.558],[18.1844,51.5573],[18.1865,51.5565],[18.1875,51.5527],[18.1845,51.551],[18.188,51.5502],[18.1877,51.5482],[18.1773,51.5464],[18.1774,51.5431],[18.175,51.5428],[18.1769,51.5419],[18.1734,51.5385],[18.1676,51.5402],[18.1582,51.5378],[18.1566,51.5361],[18.1505,51.5373],[18.1438,51.5333],[18.1446,51.5305],[18.1427,51.5277],[18.1389,51.5272],[18.1401,51.5266],[18.138,51.5241],[18.1348,51.5231],[18.1336,51.5298],[18.131,51.5336],[18.1258,51.5386],[18.1167,51.544],[18.1008,51.5448],[18.0789,51.5407],[18.0774,51.5452],[18.0828,51.5458],[18.0814,51.5487],[18.0684,51.5471],[18.0607,51.558],[18.0507,51.5585],[18.0466,51.5658],[18.0445,51.5661],[18.0447,51.5646],[18.0236,51.5562],[18.0184,51.5559],[18.0181,51.5574],[18.013,51.5581],[18.0154,51.5639],[18.0212,51.5675],[18.0212,51.5699],[17.9967,51.5691],[18.0045,51.5784],[17.9997,51.5823],[17.9904,51.5778],[17.9893,51.5743],[17.9863,51.5734],[17.9838,51.5701],[17.9819,51.5633],[17.9483,51.569],[17.9396,51.564],[17.9386,51.5551],[17.9326,51.5478],[17.9003,51.5377],[17.8961,51.5348],[17.8899,51.5256],[17.8748,51.518],[17.8712,51.5131],[17.8731,51.5077],[17.8612,51.497],[17.8629,51.4952],[17.8611,51.494],[17.8644,51.4914],[17.8624,51.4897],[17.8561,51.4934],[17.8544,51.4918],[17.8523,51.4921],[17.8499,51.4864],[17.845,51.4882],[17.8472,51.496],[17.8334,51.503],[17.827,51.4992],[17.8284,51.498],[17.8257,51.4963],[17.8318,51.4938],[17.831,51.4911],[17.8323,51.4903],[17.8302,51.4875],[17.8372,51.4839],[17.8385,51.4794],[17.831,51.4793],[17.8251,51.4819],[17.8233,51.4811],[17.8061,51.4881],[17.8077,51.4897],[17.8004,51.4927],[17.7983,51.4911],[17.7836,51.4961],[17.7785,51.4909],[17.7795,51.4905],[17.7766,51.4868],[17.7738,51.49],[17.7644,51.4946],[17.761,51.4919],[17.7597,51.4888],[17.7549,51.4916],[17.7523,51.4904],[17.7515,51.4892],[17.7534,51.4851],[17.7482,51.4861],[17.7506,51.4828],[17.7474,51.4825],[17.7416,51.4779],[17.7475,51.4751],[17.7426,51.4714],[17.7557,51.4631],[17.7758,51.4659],[17.7778,51.4644],[17.7845,51.4656],[17.8005,51.4551],[17.788,51.4505],[17.7738,51.4482],[17.765,51.4444],[17.7558,51.4368],[17.7494,51.4276],[17.75,51.4113],[17.7456,51.4127],[17.7485,51.4146],[17.7342,51.4168],[17.738,51.4191],[17.7329,51.4207],[17.7263,51.4208],[17.7232,51.4227],[17.716,51.4215],[17.7168,51.4198],[17.7141,51.4185],[17.7163,51.4147],[17.7152,51.4113],[17.7187,51.4084],[17.7196,51.4052],[17.7156,51.4015],[17.7031,51.3995],[17.7004,51.4017],[17.6868,51.4054],[17.6881,51.4078],[17.6823,51.4091],[17.6829,51.411],[17.6685,51.416],[17.6611,51.41],[17.659,51.4104],[17.6526,51.4128],[17.6491,51.418],[17.644,51.4189],[17.6402,51.4211],[17.6408,51.4234],[17.6382,51.4239],[17.6309,51.4235],[17.6314,51.4216],[17.6266,51.4191],[17.6129,51.423],[17.6121,51.4198],[17.6039,51.4094],[17.5849,51.4096],[17.5711,51.4052],[17.5634,51.4062],[17.554,51.4108],[17.5536,51.4133],[17.5491,51.4162],[17.5485,51.4189],[17.5406,51.4213],[17.5453,51.4284],[17.5484,51.4278],[17.549,51.4318],[17.5519,51.4352],[17.5482,51.4429],[17.532,51.4522],[17.5295,51.4559],[17.5246,51.4586]]]]}},{"type":"Feature","properties":{"GID_2":"POL.15.21_1","GID_0":"POL","COUNTRY":"Poland","GID_1":"POL.15_1","NAME_1":"Wielkopolskie","NL_NAME_1":"NA","NAME_2":"Ostrzeszow","VARNAME_2":"NA","NL_NAME_2":"NA","TYPE_2":"Powiat","ENGTYPE_2":"County","CC_2":"3018","HASC_2":"NA"},"geometry":{"type":"MultiPolygon","coordinates":[[[[17.7325,51.3501],[17.7285,51.3523],[17.7291,51.3538],[17.723,51.3594],[17.7106,51.3587],[17.7076,51.3604],[17.7106,51.3624],[17.7061,51.3639],[17.7066,51.3659],[17.7042,51.3668],[17.7061,51.3717],[17.7155,51.3714],[17.72,51.3861],[17.7329,51.3873],[17.7291,51.3957],[17.7375,51.3949],[17.7381,51.3976],[17.7365,51.3977],[17.7364,51.4],[17.7524,51.3986],[17.7559,51.4049],[17.7498,51.4115],[17.7494,51.4276],[17.7558,51.4368],[17.767,51.4454],[17.7773,51.4492],[17.788,51.4505],[17.8006,51.4553],[17.795,51.4576],[17.7916,51.4617],[17.7845,51.4656],[17.7537,51.4634],[17.7426,51.4714],[17.7475,51.4751],[17.7416,51.4779],[17.7474,51.4825],[17.7506,51.4828],[17.7482,51.4861],[17.7534,51.4851],[17.7515,51.4892],[17.7523,51.4904],[17.7549,51.4916],[17.7597,51.4888],[17.761,51.4919],[17.7644,51.4946],[17.7738,51.49],[17.7766,51.4868],[17.7795,51.4905],[17.7785,51.4909],[17.7836,51.4961],[17.7983,51.4911],[17.8004,51.4927],[17.8077,51.4897],[17.8061,51.4881],[17.8233,51.4811],[17.8251,51.4819],[17.831,51.4793],[17.8385,51.4794],[17.8372,51.4839],[17.8302,51.4875],[17.8323,51.4903],[17.831,51.4911],[17.8318,51.4938],[17.8257,51.4963],[17.8284,51.498],[17.827,51.4992],[17.8334,51.503],[17.8472,51.496],[17.845,51.4882],[17.8499,51.4864],[17.8523,51.4921],[17.8544,51.4918],[17.8561,51.4934],[17.8624,51.4897],[17.8644,51.4914],[17.8611,51.494],[17.8629,51.4952],[17.8612,51.497],[17.8731,51.5077],[17.8712,51.5131],[17.8722,51.5149],[17.8769,51.5197],[17.8899,51.5256],[17.8961,51.5348],[17.9003,51.5377],[17.9326,51.5478],[17.9386,51.5551],[17.9396,51.564],[17.9483,51.569],[17.9819,51.5633],[17.9838,51.5701],[17.9863,51.5734],[17.9893,51.5743],[17.9904,51.5778],[17.9997,51.5823],[18.0045,51.5784],[17.9967,51.5691],[18.0212,51.5699],[18.0212,51.5675],[18.0154,51.5639],[18.013,51.5581],[18.0181,51.5574],[18.0184,51.5559],[18.0236,51.5562],[18.0447,51.5646],[18.0445,51.5661],[18.0466,51.5658],[18.0507,51.5585],[18.0607,51.558],[18.0684,51.5471],[18.0814,51.5487],[18.0828,51.5458],[18.0774,51.5452],[18.0789,51.5407],[18.1008,51.5448],[18.1167,51.544],[18.1258,51.5386],[18.131,51.5336],[18.1336,51.5298],[18.1348,51.5231],[18.138,51.5241],[18.1401,51.5266],[18.1389,51.5272],[18.1427,51.5277],[18.1446,51.5305],[18.1438,51.5333],[18.1505,51.5373],[18.1566,51.5361],[18.1582,51.5378],[18.1676,51.5402],[18.1734,51.5385],[18.1769,51.5419],[18.175,51.5428],[18.1774,51.5431],[18.1773,51.5457],[18.2044,51.5329],[18.2191,51.5357],[18.2298,51.5356],[18.2454,51.5427],[18.2465,51.5447],[18.2541,51.5464],[18.2739,51.5444],[18.2929,51.5474],[18.3187,51.5463],[18.3207,51.5425],[18.3363,51.5418],[18.3418,51.5393],[18.3585,51.5364],[18.3608,51.5338],[18.3606,51.5314],[18.3753,51.5219],[18.3805,51.5168],[18.3828,51.4773],[18.3767,51.4728],[18.3616,51.468],[18.3533,51.4707],[18.3518,51.4698],[18.3579,51.4667],[18.3562,51.4642],[18.3575,51.4606],[18.3562,51.4566],[18.3514,51.4497],[18.3456,51.4472],[18.3407,51.441],[18.3405,51.4301],[18.3354,51.4255],[18.3263,51.4198],[18.2964,51.4294],[18.2553,51.4388],[18.2279,51.4519],[18.2127,51.4543],[18.2114,51.4519],[18.2157,51.4477],[18.1882,51.4412],[18.19,51.4385],[18.1986,51.4362],[18.1992,51.4339],[18.2029,51.4346],[18.2063,51.4327],[18.2079,51.4266],[18.2112,51.4256],[18.2089,51.4181],[18.2041,51.4167],[18.2058,51.4166],[18.2045,51.4151],[18.2056,51.4141],[18.2042,51.4138],[18.207,51.4125],[18.2052,51.4119],[18.2073,51.4105],[18.2056,51.4096],[18.2082,51.4083],[18.2068,51.4071],[18.2087,51.4061],[18.2072,51.4053],[18.2079,51.4034],[18.2062,51.401],[18.2045,51.4011],[18.2029,51.3979],[18.1994,51.397],[18.1996,51.3951],[18.1963,51.3955],[18.1977,51.3943],[18.1938,51.3923],[18.1954,51.3901],[18.1921,51.3901],[18.1931,51.3877],[18.1898,51.3865],[18.1492,51.3914],[18.138,51.3782],[18.1351,51.3608],[18.1297,51.3622],[18.1265,51.3575],[18.1092,51.3587],[18.0988,51.3619],[18.0831,51.3836],[18.0633,51.3779],[18.0672,51.3809],[18.0647,51.3801],[18.0647,51.3824],[18.056,51.3838],[18.061,51.3893],[18.0476,51.3934],[18.0462,51.3918],[18.0435,51.392],[18.0354,51.3838],[18.0265,51.3804],[18.0238,51.3754],[18.0053,51.3667],[18.0025,51.3604],[18.0045,51.3531],[17.9941,51.3458],[17.9805,51.3551],[17.9691,51.3494],[17.9648,51.3412],[17.96,51.3387],[17.9574,51.3393],[17.9395,51.3462],[17.9322,51.3548],[17.9296,51.3617],[17.922,51.3658],[17.9183,51.3653],[17.9187,51.3618],[17.9075,51.3524],[17.9056,51.3492],[17.9021,51.3483],[17.8872,51.3471],[17.8817,51.3483],[17.8736,51.3536],[17.8728,51.3521],[17.8761,51.3492],[17.8769,51.3427],[17.8699,51.3378],[17.8576,51.3383],[17.8563,51.3412],[17.8539,51.3417],[17.851,51.34],[17.8524,51.3393],[17.8504,51.3366],[17.8346,51.3307],[17.8388,51.3277],[17.8461,51.3256],[17.8492,51.321],[17.8464,51.3185],[17.8391,51.3224],[17.8313,51.3222],[17.8242,51.3146],[17.8252,51.3086],[17.8343,51.3028],[17.833,51.2972],[17.8255,51.2984],[17.8244,51.294],[17.804,51.2931],[17.8045,51.2963],[17.8007,51.2968],[17.805,51.3033],[17.7961,51.303],[17.7835,51.3062],[17.7733,51.3053],[17.7559,51.3113],[17.765,51.3164],[17.7626,51.3201],[17.7468,51.3262],[17.7438,51.3287],[17.7443,51.3364],[17.7409,51.3386],[17.7416,51.342],[17.7396,51.3429],[17.7436,51.3465],[17.7325,51.3501]]]]}},{"type":"Feature","properties":{"GID_2":"POL.15.22_1","GID_0":"POL","COUNTRY":"Poland","GID_1":"POL.15_1","NAME_1":"Wielkopolskie","NL_NAME_1":"NA","NAME_2":"Pila","VARNAME_2":"NA","NL_NAME_2":"NA","TYPE_2":"Powiat","ENGTYPE_2":"County","CC_2":"3019","HASC_2":"NA"},"geometry":{"type":"MultiPolygon","coordinates":[[[[16.8078,53.0526],[16.8075,53.0462],[16.8088,53.0459],[16.8076,53.0443],[16.796,53.0426],[16.7956,53.04],[16.7991,53.0343],[16.7981,53.0308],[16.8017,53.0262],[16.7903,53.0287],[16.7875,53.0212],[16.7788,53.0235],[16.779,53.0246],[16.7751,53.0246],[16.7798,53.0135],[16.7705,53.0109],[16.772,53.0093],[16.756,53.0039],[16.741,53.0028],[16.7389,52.982],[16.732,52.9835],[16.7324,52.9812],[16.7378,52.9799],[16.7172,52.9746],[16.7185,52.9709],[16.7067,52.9687],[16.6984,52.9619],[16.7042,52.9574],[16.7005,52.9525],[16.7013,52.9517],[16.696,52.9517],[16.6958,52.9535],[16.6895,52.9533],[16.6832,52.9554],[16.6749,52.9554],[16.6702,52.9573],[16.6597,52.9577],[16.6588,52.9559],[16.6545,52.9558],[16.6486,52.957],[16.6461,52.958],[16.6484,52.9604],[16.6456,52.9616],[16.6471,52.9676],[16.6457,52.969],[16.6436,52.967],[16.6427,52.9704],[16.6398,52.9698],[16.6325,52.9893],[16.6495,52.9914],[16.6502,53.0226],[16.6254,53.0444],[16.6119,53.0395],[16.6115,53.041],[16.6076,53.0419],[16.611,53.0458],[16.6204,53.0485],[16.6242,53.0528],[16.6307,53.0543],[16.6372,53.0582],[16.6499,53.0582],[16.6492,53.0605],[16.6515,53.0619],[16.6587,53.0631],[16.6572,53.0708],[16.6677,53.0727],[16.6658,53.0838],[16.6608,53.0837],[16.6582,53.0866],[16.6696,53.091],[16.67,53.094],[16.6748,53.0943],[16.6918,53.0905],[16.6971,53.1023],[16.7027,53.1016],[16.7113,53.1144],[16.7182,53.1126],[16.7197,53.1177],[16.7085,53.1205],[16.7119,53.1236],[16.6963,53.1289],[16.6986,53.131],[16.6886,53.1277],[16.6808,53.1273],[16.6795,53.1308],[16.6747,53.1297],[16.6762,53.1258],[16.6593,53.1205],[16.6584,53.123],[16.655,53.1224],[16.656,53.1195],[16.653,53.1186],[16.649,53.1249],[16.6419,53.1225],[16.6405,53.1197],[16.6383,53.1193],[16.6404,53.1138],[16.644,53.1142],[16.6447,53.1121],[16.6479,53.1139],[16.6502,53.1134],[16.6518,53.1095],[16.6553,53.1099],[16.6565,53.1068],[16.6351,53.1091],[16.6275,53.1077],[16.6264,53.1094],[16.624,53.1085],[16.6178,53.1104],[16.6169,53.1088],[16.6087,53.1062],[16.6006,53.1077],[16.6013,53.1086],[16.5979,53.111],[16.5971,53.1136],[16.5817,53.1186],[16.5804,53.1213],[16.569,53.122],[16.5661,53.111],[16.5618,53.1116],[16.5617,53.1143],[16.5534,53.1145],[16.5556,53.1208],[16.542,53.1229],[16.5347,53.128],[16.5305,53.126],[16.5228,53.1257],[16.5207,53.1297],[16.5106,53.1268],[16.5064,53.1242],[16.505,53.1249],[16.5029,53.1216],[16.4987,53.1219],[16.4972,53.1161],[16.4999,53.1156],[16.4999,53.1143],[16.4955,53.1148],[16.4886,53.119],[16.4797,53.1151],[16.4671,53.1188],[16.4567,53.1193],[16.4471,53.1238],[16.433,53.1233],[16.4202,53.1289],[16.3992,53.1319],[16.3905,53.131],[16.3915,53.1409],[16.3983,53.1484],[16.3957,53.1539],[16.3916,53.1578],[16.3968,53.1605],[16.3983,53.1594],[16.4018,53.1605],[16.3992,53.1637],[16.4095,53.1636],[16.4114,53.1612],[16.4074,53.1611],[16.4053,53.1585],[16.4128,53.1558],[16.4109,53.1555],[16.4112,53.1542],[16.4165,53.1522],[16.4151,53.1514],[16.4167,53.1489],[16.4248,53.1486],[16.4325,53.1564],[16.4471,53.155],[16.4456,53.1621],[16.4493,53.1621],[16.4494,53.1598],[16.4564,53.1627],[16.4552,53.1644],[16.4605,53.1648],[16.4591,53.1656],[16.4724,53.1698],[16.4765,53.1703],[16.4838,53.1642],[16.4995,53.1633],[16.5012,53.1667],[16.5011,53.1727],[16.504,53.1758],[16.5078,53.1762],[16.5059,53.1778],[16.5102,53.1823],[16.5157,53.1817],[16.513,53.1849],[16.5205,53.1858],[16.5279,53.1997],[16.5396,53.2014],[16.5309,53.2069],[16.529,53.2155],[16.5324,53.2155],[16.5321,53.219],[16.5358,53.2187],[16.5357,53.2201],[16.5451,53.2172],[16.5564,53.2213],[16.5507,53.2233],[16.5586,53.229],[16.5566,53.2298],[16.5594,53.2332],[16.5693,53.2299],[16.5769,53.2313],[16.5795,53.2271],[16.5961,53.2297],[16.5957,53.2277],[16.6004,53.2228],[16.5965,53.2176],[16.6096,53.2087],[16.6207,53.2063],[16.6257,53.2086],[16.6202,53.2135],[16.625,53.216],[16.6299,53.2184],[16.6383,53.215],[16.6346,53.2199],[16.625,53.2264],[16.6345,53.2278],[16.6325,53.2338],[16.6207,53.2336],[16.6222,53.2409],[16.6256,53.2432],[16.6294,53.2494],[16.6345,53.2528],[16.6446,53.2556],[16.6387,53.259],[16.6356,53.2589],[16.6352,53.2604],[16.63,53.26],[16.6456,53.2679],[16.6609,53.2669],[16.6579,53.2677],[16.6576,53.2714],[16.6509,53.2756],[16.6514,53.2808],[16.6539,53.2814],[16.6558,53.2792],[16.6618,53.2786],[16.6745,53.2901],[16.6727,53.2914],[16.6737,53.2922],[16.6761,53.2907],[16.7145,53.2991],[16.7199,53.295],[16.721,53.2916],[16.7343,53.2879],[16.7367,53.285],[16.7437,53.2819],[16.7525,53.2984],[16.7585,53.2961],[16.7646,53.2961],[16.7661,53.2936],[16.7744,53.2912],[16.7984,53.2912],[16.8008,53.2896],[16.7989,53.2871],[16.7906,53.2845],[16.7919,53.2825],[16.7907,53.2806],[16.7935,53.2788],[16.7939,53.276],[16.7932,53.2726],[16.7894,53.2705],[16.7934,53.2615],[16.8038,53.2529],[16.8001,53.2515],[16.8216,53.2415],[16.8145,53.2398],[16.8151,53.2341],[16.8126,53.2335],[16.8125,53.2302],[16.8077,53.2279],[16.8063,53.2254],[16.7928,53.2207],[16.7938,53.2137],[16.7865,53.2084],[16.7861,53.2059],[16.7907,53.2035],[16.7867,53.2033],[16.7877,53.1965],[16.7797,53.1894],[16.7873,53.1884],[16.7895,53.1904],[16.7958,53.1894],[16.7995,53.1913],[16.8121,53.1865],[16.857,53.1779],[16.8529,53.1693],[16.914,53.1789],[16.9061,53.197],[16.9151,53.1987],[16.9136,53.2013],[16.9145,53.2065],[16.9223,53.2079],[16.9255,53.2126],[16.9267,53.211],[16.9291,53.2112],[16.934,53.2145],[16.9488,53.2197],[16.9493,53.2213],[16.9538,53.2217],[16.9573,53.2179],[16.9691,53.2189],[16.9725,53.2257],[16.9956,53.2343],[17.0178,53.2314],[17.0286,53.2335],[17.0369,53.2275],[17.0453,53.224],[17.0604,53.2285],[17.0701,53.2295],[17.0728,53.2315],[17.0771,53.2396],[17.0824,53.2406],[17.0887,53.239],[17.1436,53.2385],[17.144,53.2422],[17.1471,53.2448],[17.1487,53.2518],[17.1433,53.2534],[17.1446,53.2546],[17.1421,53.2569],[17.142,53.262],[17.1642,53.2658],[17.1738,53.2654],[17.1862,53.2704],[17.1899,53.2704],[17.1851,53.2836],[17.1857,53.2876],[17.1889,53.2924],[17.1922,53.2932],[17.1943,53.2975],[17.1991,53.2976],[17.2098,53.3035],[17.2169,53.3046],[17.2234,53.308],[17.2321,53.3086],[17.2356,53.3115],[17.2485,53.3125],[17.2488,53.3152],[17.2558,53.3186],[17.2543,53.3205],[17.2509,53.3201],[17.2492,53.3237],[17.2607,53.327],[17.2608,53.3329],[17.2653,53.3354],[17.2642,53.3394],[17.2668,53.3423],[17.2645,53.3443],[17.2659,53.3508],[17.2646,53.3532],[17.261,53.3541],[17.2593,53.3617],[17.2572,53.3634],[17.2608,53.3638],[17.2939,53.3533],[17.3101,53.3518],[17.3252,53.3472],[17.3325,53.3487],[17.3382,53.3477],[17.3407,53.345],[17.3385,53.3419],[17.3421,53.3372],[17.3546,53.3335],[17.3561,53.3308],[17.3554,53.3289],[17.3577,53.3275],[17.3534,53.3239],[17.355,53.321],[17.3596,53.3181],[17.3656,53.3181],[17.3657,53.3159],[17.3692,53.3138],[17.3788,53.3118],[17.3806,53.306],[17.3847,53.307],[17.3873,53.3009],[17.3855,53.3006],[17.3883,53.2982],[17.4014,53.2936],[17.3924,53.2909],[17.3954,53.2884],[17.4071,53.2817],[17.4105,53.2871],[17.4201,53.2833],[17.4253,53.2776],[17.4388,53.2675],[17.4237,53.2553],[17.4183,53.2534],[17.4279,53.2464],[17.4127,53.2414],[17.4173,53.231],[17.4092,53.2273],[17.3981,53.2268],[17.3887,53.2283],[17.3689,53.2268],[17.3669,53.2243],[17.3637,53.2234],[17.332,53.2178],[17.3337,53.2154],[17.3321,53.2146],[17.329,53.214],[17.3216,53.2163],[17.3211,53.2115],[17.3343,53.2085],[17.3458,53.2011],[17.3443,53.1978],[17.3471,53.1963],[17.3373,53.1851],[17.3352,53.1795],[17.3369,53.1715],[17.3431,53.1653],[17.3459,53.1657],[17.3468,53.1634],[17.3421,53.1586],[17.3353,53.1554],[17.3531,53.1548],[17.3513,53.151],[17.3741,53.1486],[17.3897,53.1442],[17.3928,53.142],[17.3899,53.1416],[17.3904,53.1377],[17.3871,53.1376],[17.3871,53.1337],[17.3527,53.1312],[17.357,53.1239],[17.3596,53.1241],[17.3609,53.1174],[17.3572,53.0872],[17.3502,53.0853],[17.3345,53.0774],[17.3225,53.0784],[17.3161,53.0805],[17.3169,53.0818],[17.3142,53.0806],[17.3075,53.0824],[17.3019,53.0809],[17.2889,53.0842],[17.2846,53.0833],[17.2818,53.0806],[17.2703,53.0813],[17.2707,53.0836],[17.2688,53.0844],[17.2638,53.0826],[17.2628,53.0844],[17.2592,53.0821],[17.2571,53.0823],[17.2573,53.0841],[17.2532,53.0832],[17.2465,53.0798],[17.2469,53.0783],[17.244,53.0798],[17.2362,53.0787],[17.2304,53.0816],[17.2279,53.0793],[17.2269,53.0802],[17.2287,53.0826],[17.2265,53.0839],[17.2176,53.0846],[17.2073,53.0898],[17.1836,53.0854],[17.1729,53.0816],[17.1407,53.0795],[17.1254,53.0757],[17.1292,53.0751],[17.1288,53.0733],[17.1189,53.0744],[17.1124,53.0726],[17.1064,53.0759],[17.0918,53.0754],[17.0671,53.0665],[17.0461,53.0686],[17.0263,53.0669],[17.0219,53.069],[17.0214,53.0732],[17.0178,53.0741],[17.0068,53.0699],[17.0044,53.0683],[17.0047,53.0664],[17.002,53.0667],[17.0017,53.0634],[16.9986,53.0622],[16.9985,53.06],[16.987,53.0583],[16.9713,53.0593],[16.9625,53.0578],[16.9598,53.0558],[16.955,53.0566],[16.9506,53.0534],[16.9323,53.0567],[16.918,53.054],[16.9112,53.0551],[16.9026,53.052],[16.897,53.0525],[16.8843,53.0502],[16.8746,53.0537],[16.8663,53.0505],[16.8479,53.0548],[16.8362,53.0525],[16.8263,53.0551],[16.8213,53.0524],[16.8078,53.0526]]]]}},{"type":"Feature","properties":{"GID_2":"POL.15.23_1","GID_0":"POL","COUNTRY":"Poland","GID_1":"POL.15_1","NAME_1":"Wielkopolskie","NL_NAME_1":"NA","NAME_2":"Pleszew","VARNAME_2":"NA","NL_NAME_2":"NA","TYPE_2":"Powiat","ENGTYPE_2":"County","CC_2":"3020","HASC_2":"NA"},"geometry":{"type":"MultiPolygon","coordinates":[[[[17.5157,51.9007],[17.5694,51.8953],[17.5726,51.8901],[17.5756,51.889],[17.5758,51.8917],[17.6084,51.892],[17.6109,51.8943],[17.6088,51.8963],[17.6098,51.8984],[17.6184,51.8968],[17.6302,51.9037],[17.6463,51.9004],[17.6562,51.8956],[17.6618,51.8814],[17.6849,51.8854],[17.6941,51.8848],[17.688,51.8932],[17.6787,51.9009],[17.6671,51.9036],[17.6729,51.9083],[17.6755,51.907],[17.6783,51.9086],[17.6806,51.9147],[17.6791,51.9154],[17.6857,51.9184],[17.6943,51.9195],[17.6943,51.9232],[17.6984,51.9252],[17.707,51.9256],[17.709,51.9307],[17.7183,51.9425],[17.7027,51.945],[17.7042,51.9494],[17.7015,51.9557],[17.7009,51.9622],[17.7037,51.9685],[17.7038,51.9765],[17.7057,51.9771],[17.6915,51.9843],[17.6952,51.993],[17.6996,51.9898],[17.7026,51.9913],[17.6985,51.9936],[17.7156,51.9968],[17.7143,51.9989],[17.7116,51.998],[17.7074,52.0023],[17.7094,52.0034],[17.7026,52.0072],[17.6937,52.0158],[17.6968,52.0166],[17.698,52.0234],[17.6952,52.0268],[17.6996,52.0304],[17.7051,52.0304],[17.7095,52.0326],[17.7136,52.0359],[17.713,52.0389],[17.7236,52.0458],[17.7189,52.0497],[17.7138,52.0484],[17.7101,52.0508],[17.7026,52.0497],[17.704,52.0544],[17.7009,52.0577],[17.7023,52.0605],[17.7037,52.0602],[17.7037,52.0604],[17.6969,52.063],[17.7064,52.0646],[17.7061,52.066],[17.7077,52.0662],[17.7064,52.0719],[17.713,52.0714],[17.7149,52.0742],[17.7187,52.0759],[17.7311,52.0767],[17.7333,52.0786],[17.7409,52.077],[17.7507,52.083],[17.7583,52.0813],[17.7561,52.079],[17.7595,52.0774],[17.7573,52.0764],[17.7731,52.0764],[17.7797,52.0793],[17.8235,52.0881],[17.8303,52.0815],[17.8293,52.0793],[17.8527,52.0734],[17.8682,52.0831],[17.8881,52.0826],[17.9346,52.0909],[17.9394,52.0815],[17.945,52.075],[17.9674,52.0757],[17.9668,52.0644],[17.9741,52.065],[17.9797,52.0481],[17.969,52.0327],[17.96,52.0285],[17.9413,52.0013],[17.9472,52.0001],[17.9595,51.9887],[17.963,51.9807],[17.9757,51.97],[17.98,51.9589],[17.9504,51.9537],[17.9399,51.9458],[17.9345,51.9381],[17.9341,51.9359],[17.9363,51.9323],[17.9411,51.9275],[17.9473,51.9251],[17.9491,51.9192],[17.9584,51.9193],[17.9553,51.9164],[17.9521,51.9172],[17.951,51.916],[17.9447,51.9188],[17.9362,51.9156],[17.9403,51.9134],[17.9457,51.906],[17.9525,51.9022],[17.9522,51.8992],[17.9592,51.8988],[17.9627,51.8932],[17.9611,51.8912],[17.9651,51.8883],[17.9593,51.8855],[17.9612,51.8835],[17.9593,51.8807],[17.9635,51.8793],[17.9633,51.8764],[17.967,51.877],[17.9684,51.8734],[17.9726,51.8739],[17.9723,51.8723],[17.9753,51.869],[17.981,51.8671],[17.9808,51.8634],[17.9845,51.8606],[17.9826,51.8587],[17.9828,51.8561],[17.992,51.851],[17.9985,51.8514],[17.9989,51.8489],[18.0014,51.8491],[18.0025,51.851],[18.0042,51.8468],[18.0106,51.8483],[18.0087,51.8454],[18.012,51.8463],[18.0111,51.8447],[18.0135,51.8436],[18.0153,51.8401],[18.0136,51.8382],[18.0162,51.8376],[18.0136,51.8368],[18.0155,51.8363],[18.0152,51.833],[18.0171,51.8311],[18.0136,51.8272],[18.0158,51.8263],[18.013,51.8249],[18.0194,51.8196],[18.0175,51.8157],[18.0222,51.8136],[18.019,51.8079],[18.0199,51.8046],[18.0154,51.8002],[18.0287,51.7894],[18.043,51.7853],[18.0395,51.781],[18.0425,51.7795],[18.0325,51.7723],[18.0412,51.7693],[18.0344,51.765],[18.018,51.7631],[18.0146,51.7601],[18.0096,51.7597],[17.9967,51.7635],[17.9865,51.7634],[17.9903,51.7783],[17.9692,51.7845],[17.9496,51.7861],[17.9408,51.7832],[17.9336,51.7783],[17.9003,51.7847],[17.8886,51.7834],[17.8756,51.7853],[17.8735,51.7865],[17.8745,51.7897],[17.853,51.7946],[17.8296,51.7962],[17.8166,51.7988],[17.8098,51.7991],[17.8041,51.7958],[17.7716,51.7896],[17.7498,51.7898],[17.7483,51.7915],[17.748,51.797],[17.7351,51.8062],[17.7321,51.8151],[17.7267,51.8165],[17.6968,51.8148],[17.6951,51.8115],[17.6861,51.8102],[17.6831,51.8082],[17.6755,51.8088],[17.6741,51.8075],[17.6626,51.807],[17.6629,51.8091],[17.6547,51.8096],[17.6464,51.8045],[17.6467,51.7956],[17.6341,51.7946],[17.634,51.7917],[17.6152,51.7938],[17.6139,51.7971],[17.6102,51.7993],[17.6042,51.8202],[17.6077,51.8304],[17.6005,51.8303],[17.5924,51.8343],[17.5712,51.8387],[17.5624,51.8348],[17.5307,51.8385],[17.5211,51.8476],[17.5267,51.8609],[17.5239,51.861],[17.5255,51.8681],[17.517,51.8733],[17.5174,51.8901],[17.514,51.9008],[17.5157,51.9007]]]]}},{"type":"Feature","properties":{"GID_2":"POL.15.25_1","GID_0":"POL","COUNTRY":"Poland","GID_1":"POL.15_1","NAME_1":"Wielkopolskie","NL_NAME_1":"NA","NAME_2":"Poznan","VARNAME_2":"NA","NL_NAME_2":"NA","TYPE_2":"Powiat","ENGTYPE_2":"County","CC_2":"3021","HASC_2":"NA"},"geometry":{"type":"MultiPolygon","coordinates":[[[[16.5906,52.1834],[16.5942,52.1838],[16.5904,52.1864],[16.5923,52.1871],[16.5896,52.189],[16.6001,52.1929],[16.5958,52.1967],[16.5923,52.203],[16.5956,52.2112],[16.5952,52.2159],[16.5813,52.2211],[16.574,52.2302],[16.5891,52.2363],[16.5922,52.2417],[16.6074,52.2565],[16.6082,52.263],[16.6043,52.2629],[16.604,52.2707],[16.5886,52.2811],[16.5721,52.2848],[16.5708,52.2819],[16.5661,52.2792],[16.5551,52.2782],[16.544,52.2745],[16.5136,52.2745],[16.5127,52.2699],[16.5032,52.2761],[16.5014,52.2744],[16.4967,52.2764],[16.4998,52.2777],[16.5035,52.2822],[16.5063,52.2886],[16.5056,52.301],[16.4909,52.3019],[16.49,52.2995],[16.4868,52.2992],[16.4738,52.3022],[16.4706,52.3003],[16.4678,52.304],[16.4812,52.3065],[16.484,52.3096],[16.4996,52.315],[16.5007,52.3213],[16.4965,52.3231],[16.5031,52.3294],[16.5011,52.33],[16.5104,52.3386],[16.5017,52.3423],[16.4821,52.346],[16.4692,52.3505],[16.4652,52.356],[16.4684,52.3582],[16.4528,52.3611],[16.4568,52.3646],[16.4607,52.3766],[16.4659,52.3775],[16.4808,52.3738],[16.4859,52.381],[16.5098,52.3833],[16.507,52.3918],[16.5123,52.3926],[16.5156,52.4013],[16.522,52.4006],[16.5222,52.3968],[16.528,52.3898],[16.5421,52.3923],[16.5516,52.3909],[16.5537,52.3885],[16.5532,52.3823],[16.5555,52.3787],[16.5671,52.3811],[16.5746,52.388],[16.5768,52.3923],[16.5841,52.3976],[16.5781,52.4006],[16.5765,52.4121],[16.6004,52.4122],[16.5993,52.4195],[16.5875,52.4253],[16.5836,52.4279],[16.5832,52.43],[16.5725,52.4361],[16.5553,52.4342],[16.5537,52.4344],[16.5541,52.4365],[16.5666,52.4404],[16.584,52.4417],[16.5875,52.4472],[16.5911,52.4471],[16.602,52.4414],[16.608,52.4452],[16.6085,52.4496],[16.604,52.4538],[16.6032,52.4594],[16.6096,52.4598],[16.6077,52.4677],[16.6101,52.4679],[16.6146,52.4737],[16.624,52.4742],[16.623,52.4822],[16.6286,52.4899],[16.6289,52.4943],[16.637,52.4932],[16.635,52.5003],[16.6495,52.5143],[16.6525,52.5203],[16.6525,52.5218],[16.6475,52.5252],[16.64,52.5269],[16.6596,52.5308],[16.6699,52.5297],[16.6846,52.5348],[16.6956,52.5342],[16.705,52.5315],[16.7094,52.5185],[16.7221,52.5218],[16.7173,52.5253],[16.7199,52.5276],[16.7166,52.5287],[16.725,52.5406],[16.734,52.5414],[16.7337,52.5446],[16.7376,52.556],[16.7408,52.5595],[16.7295,52.5656],[16.7369,52.5738],[16.7426,52.5745],[16.7444,52.5707],[16.7599,52.5691],[16.7638,52.5551],[16.7642,52.5456],[16.7855,52.5445],[16.7842,52.5487],[16.7865,52.5574],[16.78,52.567],[16.7893,52.569],[16.8067,52.57],[16.8143,52.568],[16.824,52.5739],[16.8306,52.574],[16.8506,52.5806],[16.8501,52.5787],[16.8534,52.5717],[16.8639,52.5703],[16.8675,52.5727],[16.8665,52.574],[16.8703,52.5772],[16.869,52.5783],[16.8702,52.5792],[16.8838,52.5841],[16.8993,52.5849],[16.9262,52.5998],[16.932,52.5969],[16.9353,52.5932],[16.9412,52.5948],[16.9431,52.5985],[16.9359,52.6032],[16.9245,52.6064],[16.9204,52.6136],[16.8934,52.6221],[16.9026,52.6347],[16.9182,52.6346],[16.9219,52.6384],[16.9251,52.6501],[16.9284,52.6546],[16.9402,52.6558],[16.9466,52.6514],[16.9659,52.6482],[16.9707,52.6512],[16.9717,52.6573],[16.9908,52.6674],[16.9965,52.6657],[16.9946,52.6696],[17.0,52.6716],[17.0076,52.6709],[17.011,52.6718],[17.0126,52.6742],[17.0147,52.6726],[17.0195,52.6731],[17.0244,52.6781],[17.0217,52.6804],[17.0199,52.6801],[17.0181,52.6806],[17.0217,52.6805],[17.0441,52.6718],[17.0523,52.6702],[17.0561,52.6656],[17.0617,52.665],[17.0683,52.6616],[17.0676,52.6604],[17.0611,52.6613],[17.0609,52.6582],[17.0591,52.6579],[17.0584,52.6506],[17.0621,52.6466],[17.0615,52.6451],[17.058,52.6417],[17.0516,52.6438],[17.0482,52.6431],[17.0483,52.6408],[17.0435,52.6366],[17.0437,52.631],[17.0611,52.6364],[17.0664,52.6419],[17.0734,52.6393],[17.0755,52.6406],[17.0791,52.6391],[17.0883,52.6297],[17.1008,52.6234],[17.1088,52.6255],[17.1141,52.6251],[17.122,52.6278],[17.1316,52.6255],[17.1295,52.6235],[17.1324,52.6195],[17.1249,52.6156],[17.1217,52.6113],[17.1256,52.6118],[17.1278,52.6045],[17.12,52.6023],[17.1182,52.5995],[17.1199,52.5973],[17.1185,52.5906],[17.1243,52.5857],[17.1244,52.5781],[17.1286,52.5762],[17.1259,52.5715],[17.1288,52.5673],[17.1472,52.5697],[17.1526,52.5744],[17.1555,52.5733],[17.1604,52.5594],[17.1652,52.5596],[17.1644,52.5636],[17.1832,52.5664],[17.1873,52.5649],[17.1847,52.5596],[17.1863,52.553],[17.1982,52.5504],[17.2059,52.5452],[17.2189,52.5416],[17.2351,52.5426],[17.2483,52.5479],[17.2492,52.5504],[17.2545,52.551],[17.2623,52.5501],[17.262,52.5487],[17.2655,52.5454],[17.28,52.5393],[17.2794,52.5377],[17.2851,52.5394],[17.2961,52.539],[17.3023,52.5406],[17.304,52.5463],[17.3189,52.5446],[17.3208,52.5416],[17.3329,52.5429],[17.3336,52.5381],[17.3314,52.5371],[17.3323,52.5361],[17.3506,52.5344],[17.3506,52.5323],[17.357,52.531],[17.3563,52.5255],[17.3537,52.5257],[17.3529,52.5224],[17.3472,52.5205],[17.3449,52.5232],[17.3399,52.5227],[17.3393,52.5167],[17.3256,52.5092],[17.3204,52.5037],[17.333,52.5031],[17.3604,52.4934],[17.355,52.4852],[17.3429,52.485],[17.3389,52.4823],[17.3374,52.479],[17.3455,52.4699],[17.351,52.4667],[17.3602,52.4637],[17.3702,52.4665],[17.3735,52.4497],[17.3769,52.4515],[17.3829,52.4497],[17.3848,52.446],[17.3977,52.4402],[17.3933,52.4355],[17.3925,52.427],[17.3876,52.419],[17.3717,52.418],[17.3642,52.4157],[17.3569,52.41],[17.3579,52.409],[17.3468,52.4033],[17.3752,52.379],[17.3579,52.3672],[17.3664,52.3649],[17.3649,52.3515],[17.3687,52.3453],[17.3327,52.3497],[17.328,52.3486],[17.3345,52.3363],[17.3283,52.3337],[17.3223,52.3402],[17.3127,52.3299],[17.2767,52.3307],[17.2815,52.3245],[17.2807,52.3189],[17.2577,52.3123],[17.2521,52.312],[17.2505,52.3134],[17.2472,52.3117],[17.2406,52.3119],[17.2411,52.308],[17.2334,52.2993],[17.2329,52.2965],[17.2299,52.2952],[17.2279,52.2914],[17.2181,52.2851],[17.2157,52.281],[17.1925,52.284],[17.1911,52.2788],[17.1881,52.2759],[17.1977,52.2694],[17.183,52.2571],[17.1708,52.2645],[17.1553,52.2513],[17.1486,52.255],[17.1453,52.255],[17.1114,52.243],[17.1137,52.2409],[17.1115,52.2396],[17.1206,52.2354],[17.1379,52.2417],[17.1411,52.2457],[17.1434,52.2462],[17.1776,52.2277],[17.1437,52.2202],[17.1371,52.2201],[17.1306,52.2167],[17.1297,52.2154],[17.1538,52.2049],[17.148,52.1966],[17.1323,52.1888],[17.1277,52.1879],[17.1246,52.1911],[17.1199,52.1901],[17.1173,52.1914],[17.0939,52.1824],[17.0832,52.1806],[17.0663,52.169],[17.0573,52.167],[17.049,52.1619],[17.0491,52.1598],[17.0455,52.1578],[17.0445,52.1527],[17.0429,52.1521],[17.0364,52.152],[17.0353,52.163],[17.0337,52.1643],[17.0189,52.168],[17.012,52.1719],[17.0039,52.1715],[17.0011,52.1731],[17.0027,52.1769],[17.001,52.1785],[16.9964,52.1773],[16.994,52.1791],[16.9921,52.1784],[16.9879,52.1807],[16.9914,52.1814],[16.9908,52.1847],[16.9837,52.1846],[16.9819,52.1864],[16.964,52.1785],[16.9503,52.1683],[16.9467,52.1674],[16.9416,52.1753],[16.9416,52.1771],[16.9453,52.1797],[16.9305,52.1866],[16.9245,52.1858],[16.9169,52.1906],[16.9145,52.1953],[16.9053,52.198],[16.8945,52.1977],[16.8916,52.1945],[16.888,52.1966],[16.8859,52.196],[16.8851,52.1952],[16.889,52.1928],[16.8866,52.188],[16.884,52.1855],[16.8722,52.1824],[16.8501,52.1866],[16.8485,52.1851],[16.834,52.1853],[16.8255,52.1804],[16.8211,52.1837],[16.8172,52.1835],[16.8056,52.1755],[16.7849,52.1786],[16.78,52.1809],[16.7766,52.1852],[16.7745,52.1851],[16.7827,52.1969],[16.7797,52.2043],[16.7644,52.2082],[16.7571,52.2085],[16.7517,52.2123],[16.7413,52.2155],[16.7239,52.2089],[16.7102,52.1935],[16.699,52.1989],[16.684,52.2094],[16.6694,52.2117],[16.6612,52.2084],[16.6588,52.2024],[16.6499,52.1936],[16.6237,52.1891],[16.6284,52.1872],[16.6245,52.1812],[16.629,52.1799],[16.6073,52.1703],[16.5981,52.1728],[16.5965,52.1756],[16.5988,52.1772],[16.5895,52.1833],[16.5906,52.1834]],[[16.7954,52.4807],[16.7929,52.474],[16.7831,52.4825],[16.7778,52.4823],[16.7747,52.4794],[16.7758,52.4785],[16.761,52.4773],[16.7391,52.4653],[16.7316,52.4637],[16.7325,52.4614],[16.7376,52.4585],[16.7427,52.4592],[16.7529,52.4552],[16.7711,52.4668],[16.773,52.4645],[16.7777,52.4667],[16.7821,52.4643],[16.7805,52.4628],[16.7812,52.4592],[16.7793,52.4592],[16.7824,52.4583],[16.7837,52.457],[16.7824,52.4558],[16.7876,52.4532],[16.7904,52.4478],[16.7863,52.4469],[16.7922,52.4449],[16.8008,52.4373],[16.8009,52.4348],[16.7985,52.4353],[16.8022,52.4256],[16.7978,52.4247],[16.8005,52.4229],[16.8003,52.4178],[16.7991,52.4143],[16.7951,52.4108],[16.7984,52.4059],[16.8048,52.4042],[16.7972,52.4022],[16.811,52.3907],[16.8054,52.388],[16.8089,52.3861],[16.7894,52.3764],[16.8257,52.3781],[16.8341,52.3704],[16.8298,52.3585],[16.8251,52.3567],[16.842,52.3442],[16.8492,52.3495],[16.8516,52.3486],[16.8581,52.3519],[16.8662,52.359],[16.8826,52.3566],[16.8885,52.3541],[16.8896,52.3561],[16.9019,52.3558],[16.9029,52.3554],[16.901,52.3522],[16.9041,52.3511],[16.905,52.3496],[16.9033,52.349],[16.9056,52.3487],[16.9015,52.3474],[16.9041,52.3449],[16.9002,52.342],[16.8992,52.3382],[16.9072,52.3365],[16.9094,52.3339],[16.926,52.3297],[16.9225,52.3238],[16.9272,52.3223],[16.9264,52.3193],[16.941,52.315],[16.9476,52.3107],[16.9509,52.3135],[16.9576,52.3142],[16.9589,52.3102],[16.9792,52.3035],[16.9764,52.302],[16.9959,52.2919],[17.003,52.2959],[16.9961,52.3017],[16.9932,52.3074],[17.0022,52.3126],[16.9962,52.3184],[16.9831,52.3239],[16.9954,52.3316],[16.9996,52.3373],[17.0047,52.3341],[17.007,52.3306],[17.0121,52.3369],[17.0142,52.336],[17.0157,52.3374],[17.0373,52.3284],[17.0466,52.3404],[17.051,52.3438],[17.0577,52.3545],[17.0586,52.3575],[17.0571,52.3687],[17.0488,52.3855],[17.0478,52.3907],[17.0493,52.3951],[17.0369,52.402],[17.0382,52.4038],[17.0448,52.4041],[17.047,52.4076],[17.045,52.4086],[17.0655,52.4163],[17.0666,52.4204],[17.0717,52.4266],[17.0689,52.4251],[17.0656,52.4278],[17.0607,52.4266],[17.0613,52.4248],[17.054,52.421],[17.0398,52.4287],[17.0369,52.4239],[17.033,52.4298],[17.0116,52.428],[17.0088,52.4325],[17.0058,52.4338],[17.0142,52.4341],[17.0276,52.4389],[17.0222,52.4396],[17.0255,52.4412],[17.02,52.4492],[17.0057,52.4431],[17.0112,52.4413],[17.0094,52.4395],[16.994,52.4393],[16.9757,52.4415],[16.9756,52.4462],[16.9711,52.4531],[16.9781,52.4562],[16.9797,52.4596],[16.9762,52.4635],[16.9753,52.4698],[16.972,52.474],[16.9711,52.4856],[16.9753,52.4896],[16.9716,52.5012],[16.9679,52.505],[16.9705,52.5093],[16.9604,52.505],[16.9465,52.507],[16.9436,52.5008],[16.9388,52.5015],[16.9371,52.5009],[16.9376,52.499],[16.9269,52.501],[16.925,52.4973],[16.9147,52.4963],[16.913,52.4932],[16.9112,52.4932],[16.9108,52.4963],[16.9079,52.495],[16.9072,52.5005],[16.8882,52.4947],[16.8884,52.4901],[16.8892,52.4881],[16.8905,52.4889],[16.8905,52.4864],[16.8864,52.4835],[16.8872,52.4817],[16.8908,52.4774],[16.9013,52.4717],[16.8959,52.4652],[16.8618,52.466],[16.8576,52.4682],[16.8539,52.4752],[16.8434,52.4766],[16.8369,52.4743],[16.8305,52.4694],[16.8265,52.47],[16.8176,52.4714],[16.8134,52.4765],[16.8085,52.4786],[16.7954,52.4807]]]]}},{"type":"Feature","properties":{"GID_2":"POL.15.24_1","GID_0":"POL","COUNTRY":"Poland","GID_1":"POL.15_1","NAME_1":"Wielkopolskie","NL_NAME_1":"NA","NAME_2":"Poznan","VARNAME_2":"NA","NL_NAME_2":"NA","TYPE_2":"Miastonaprawachpowiatu","ENGTYPE_2":"Citywithpowiatrights","CC_2":"3064","HASC_2":"NA"},"geometry":{"type":"MultiPolygon","coordinates":[[[[16.7894,52.3764],[16.8089,52.3861],[16.8054,52.388],[16.811,52.3907],[16.7972,52.4022],[16.8048,52.4042],[16.7984,52.4059],[16.7951,52.4108],[16.7991,52.4143],[16.8003,52.4178],[16.8005,52.4229],[16.7978,52.4247],[16.8022,52.4256],[16.7985,52.4353],[16.8009,52.4348],[16.8008,52.4373],[16.7922,52.4449],[16.7863,52.4469],[16.7904,52.4478],[16.7876,52.4532],[16.7824,52.4558],[16.7837,52.457],[16.7824,52.4583],[16.7798,52.4584],[16.7793,52.4592],[16.7812,52.4592],[16.7805,52.4628],[16.7821,52.4643],[16.7791,52.4664],[16.773,52.4645],[16.7711,52.4668],[16.7529,52.4552],[16.7427,52.4592],[16.7376,52.4585],[16.7325,52.4614],[16.7316,52.4637],[16.7391,52.4653],[16.761,52.4773],[16.7758,52.4785],[16.7747,52.4794],[16.7778,52.4823],[16.7831,52.4825],[16.7929,52.474],[16.7956,52.481],[16.8118,52.4774],[16.8176,52.4714],[16.8265,52.47],[16.8305,52.4694],[16.8369,52.4743],[16.8434,52.4766],[16.8539,52.4752],[16.8576,52.4682],[16.8618,52.466],[16.8959,52.4652],[16.9013,52.4717],[16.8908,52.4774],[16.8872,52.4817],[16.8864,52.4835],[16.8905,52.4864],[16.8905,52.4889],[16.8892,52.4881],[16.8884,52.4901],[16.8882,52.4947],[16.9072,52.5005],[16.9079,52.495],[16.9108,52.4963],[16.9112,52.4932],[16.913,52.4932],[16.9147,52.4963],[16.925,52.4973],[16.9269,52.501],[16.9376,52.499],[16.9371,52.5009],[16.9388,52.5015],[16.9436,52.5008],[16.9465,52.507],[16.9604,52.505],[16.9705,52.5093],[16.9679,52.505],[16.9716,52.5012],[16.9753,52.4896],[16.9711,52.4856],[16.972,52.474],[16.9753,52.4698],[16.9762,52.4635],[16.9797,52.4596],[16.9781,52.4562],[16.9711,52.4531],[16.9756,52.4462],[16.9757,52.4415],[16.994,52.4393],[17.0094,52.4395],[17.0112,52.4413],[17.0057,52.4431],[17.02,52.4492],[17.0255,52.4412],[17.0222,52.4396],[17.0276,52.4389],[17.0142,52.4341],[17.0058,52.4338],[17.0088,52.4325],[17.0116,52.428],[17.033,52.4298],[17.0369,52.4239],[17.0398,52.4287],[17.054,52.421],[17.0613,52.4248],[17.0607,52.4266],[17.0656,52.4278],[17.0689,52.4251],[17.0717,52.4266],[17.0666,52.4204],[17.0655,52.4163],[17.045,52.4086],[17.047,52.4076],[17.0448,52.4041],[17.0382,52.4038],[17.0369,52.402],[17.0493,52.3951],[17.0478,52.3907],[17.0488,52.3855],[17.0573,52.3679],[17.0586,52.3575],[17.051,52.3438],[17.0466,52.3404],[17.0373,52.3284],[17.0157,52.3374],[17.0142,52.336],[17.0121,52.3369],[17.007,52.3306],[17.0047,52.3341],[16.9996,52.3373],[16.9954,52.3316],[16.9831,52.3239],[16.9962,52.3184],[17.0022,52.3126],[16.9932,52.3074],[16.9961,52.3017],[17.003,52.2959],[16.9959,52.2919],[16.9764,52.302],[16.9792,52.3035],[16.9589,52.3102],[16.9576,52.3142],[16.9509,52.3135],[16.9476,52.3107],[16.941,52.315],[16.9264,52.3193],[16.9272,52.3223],[16.9225,52.3238],[16.926,52.3297],[16.9094,52.3339],[16.9072,52.3365],[16.8992,52.3382],[16.9002,52.342],[16.9041,52.3449],[16.9015,52.3474],[16.9056,52.3487],[16.9033,52.349],[16.905,52.3496],[16.9041,52.3511],[16.901,52.3522],[16.9029,52.3554],[16.8896,52.3561],[16.8885,52.3541],[16.8826,52.3566],[16.8662,52.359],[16.8581,52.3519],[16.8516,52.3486],[16.8492,52.3495],[16.842,52.3442],[16.8251,52.3567],[16.8298,52.3585],[16.8341,52.3704],[16.8257,52.3781],[16.7894,52.3764]]]]}},{"type":"Feature","properties":{"GID_2":"POL.15.26_1","GID_0":"POL","COUNTRY":"Poland","GID_1":"POL.15_1","NAME_1":"Wielkopolskie","NL_NAME_1":"NA","NAME_2":"Rawicz","VARNAME_2":"NA","NL_NAME_2":"NA","TYPE_2":"Powiat","ENGTYPE_2":"County","CC_2":"3022","HASC_2":"NA"},"geometry":{"type":"MultiPolygon","coordinates":[[[[17.1075,51.5758],[17.0837,51.5691],[17.0808,51.5706],[17.0647,51.5664],[17.0702,51.5551],[17.0692,51.5525],[17.0593,51.5517],[17.0598,51.5457],[17.0538,51.5452],[17.0461,51.556],[17.0204,51.5535],[17.0199,51.5553],[17.0116,51.5545],[17.0106,51.5504],[17.0071,51.5493],[16.9817,51.5509],[16.9787,51.5448],[16.9751,51.5478],[16.9719,51.5436],[16.9624,51.5447],[16.9646,51.5492],[16.9619,51.5494],[16.9627,51.5511],[16.9582,51.5525],[16.9279,51.5524],[16.9145,51.5595],[16.9047,51.5714],[16.8957,51.5784],[16.8873,51.581],[16.8684,51.5789],[16.8511,51.58],[16.8438,51.5773],[16.8319,51.5759],[16.8284,51.5722],[16.8193,51.5777],[16.8156,51.5847],[16.8111,51.5869],[16.8037,51.5864],[16.7928,51.5905],[16.7948,51.5917],[16.7954,51.5996],[16.8026,51.6008],[16.7996,51.6035],[16.7843,51.6107],[16.772,51.6136],[16.7661,51.6277],[16.7764,51.6313],[16.7835,51.641],[16.7681,51.6447],[16.7435,51.6449],[16.7344,51.6423],[16.7283,51.6431],[16.7291,51.6458],[16.7276,51.6475],[16.7154,51.6486],[16.7094,51.6472],[16.695,51.6481],[16.6814,51.6469],[16.6802,51.6506],[16.6824,51.651],[16.685,51.6559],[16.6829,51.6567],[16.6774,51.6577],[16.6637,51.6563],[16.6499,51.6578],[16.6432,51.6607],[16.639,51.6664],[16.6386,51.6716],[16.6399,51.6716],[16.6388,51.6779],[16.6432,51.6821],[16.642,51.6835],[16.6637,51.6886],[16.6576,51.6892],[16.6617,51.6943],[16.6589,51.6954],[16.6595,51.6968],[16.6638,51.6988],[16.6763,51.6922],[16.6774,51.6947],[16.675,51.6953],[16.6769,51.6993],[16.6803,51.6987],[16.6824,51.7049],[16.6937,51.7102],[16.7013,51.7205],[16.7049,51.7195],[16.7088,51.7211],[16.7162,51.7208],[16.724,51.7252],[16.7263,51.7315],[16.7378,51.74],[16.7614,51.7394],[16.7646,51.7406],[16.7694,51.7393],[16.7773,51.7404],[16.7759,51.739],[16.7884,51.7425],[16.7937,51.7456],[16.803,51.7464],[16.8051,51.7448],[16.8149,51.7438],[16.8187,51.7398],[16.8311,51.7395],[16.8513,51.7335],[16.8603,51.7339],[16.8614,51.729],[16.8587,51.714],[16.8815,51.7086],[16.8798,51.7027],[16.8867,51.6946],[16.8918,51.6934],[16.9321,51.6956],[16.9388,51.699],[16.9386,51.7039],[16.9343,51.7037],[16.9347,51.7064],[16.9373,51.7128],[16.9413,51.7133],[16.9697,51.7103],[16.9838,51.7052],[16.9864,51.7007],[16.9912,51.7],[16.9873,51.6968],[16.9958,51.6956],[16.9948,51.694],[17.0088,51.6966],[17.0366,51.6984],[17.0329,51.7043],[17.0372,51.7139],[17.0532,51.7147],[17.0554,51.7172],[17.0547,51.7164],[17.0674,51.7162],[17.0794,51.7197],[17.0906,51.713],[17.0958,51.7116],[17.0972,51.713],[17.1038,51.7102],[17.101,51.7063],[17.1029,51.7014],[17.103,51.7027],[17.1087,51.7026],[17.1101,51.7052],[17.1183,51.7032],[17.1176,51.6991],[17.1282,51.7021],[17.1419,51.7008],[17.1384,51.6934],[17.154,51.6927],[17.1771,51.6845],[17.1943,51.676],[17.2098,51.6821],[17.2233,51.6776],[17.2348,51.6686],[17.2355,51.6655],[17.2341,51.6637],[17.2405,51.6549],[17.2372,51.6523],[17.2403,51.6474],[17.2399,51.6418],[17.2574,51.6428],[17.2604,51.6405],[17.2449,51.6394],[17.2417,51.6371],[17.2412,51.6335],[17.243,51.6333],[17.2422,51.6297],[17.2391,51.6303],[17.2412,51.6336],[17.2337,51.6341],[17.2267,51.6333],[17.2259,51.6324],[17.2292,51.6299],[17.2214,51.6304],[17.2211,51.6293],[17.2185,51.6311],[17.2155,51.6296],[17.2115,51.6196],[17.2123,51.6154],[17.2083,51.6111],[17.2096,51.6092],[17.2085,51.6083],[17.2098,51.6027],[17.2155,51.5993],[17.2155,51.5939],[17.2107,51.5897],[17.2145,51.5856],[17.2147,51.5739],[17.2065,51.567],[17.2029,51.5678],[17.1992,51.5745],[17.188,51.5765],[17.1786,51.5739],[17.1708,51.5698],[17.1255,51.5653],[17.1075,51.5758]]]]}},{"type":"Feature","properties":{"GID_2":"POL.15.27_1","GID_0":"POL","COUNTRY":"Poland","GID_1":"POL.15_1","NAME_1":"Wielkopolskie","NL_NAME_1":"NA","NAME_2":"Slupca","VARNAME_2":"NA","NL_NAME_2":"NA","TYPE_2":"Powiat","ENGTYPE_2":"County","CC_2":"3023","HASC_2":"NA"},"geometry":{"type":"MultiPolygon","coordinates":[[[[17.9664,52.097],[17.957,52.0907],[17.9322,52.0909],[17.8881,52.0826],[17.8682,52.0831],[17.8527,52.0734],[17.8293,52.0793],[17.8303,52.0815],[17.8235,52.0881],[17.8181,52.0888],[17.7912,52.0986],[17.7832,52.1072],[17.7707,52.1093],[17.7667,52.1145],[17.7667,52.1188],[17.7785,52.1296],[17.7794,52.1425],[17.7859,52.1482],[17.7848,52.1517],[17.7926,52.1521],[17.7976,52.1559],[17.8013,52.1562],[17.8133,52.1554],[17.8139,52.1519],[17.8225,52.1519],[17.8214,52.1544],[17.8229,52.1558],[17.8229,52.1642],[17.8336,52.1852],[17.8322,52.1918],[17.8101,52.1928],[17.7997,52.1911],[17.7854,52.1933],[17.7825,52.1964],[17.7785,52.1972],[17.7708,52.1971],[17.7683,52.1933],[17.7692,52.1983],[17.763,52.2034],[17.7631,52.206],[17.7582,52.2103],[17.7455,52.2167],[17.7462,52.218],[17.7407,52.2249],[17.7584,52.2296],[17.7765,52.2301],[17.7793,52.2339],[17.7727,52.2346],[17.7723,52.237],[17.7703,52.2369],[17.7703,52.2397],[17.773,52.2396],[17.7731,52.2428],[17.7804,52.2449],[17.7818,52.2472],[17.7658,52.2579],[17.7388,52.2642],[17.7314,52.2684],[17.7161,52.2706],[17.717,52.272],[17.7138,52.2731],[17.7134,52.2762],[17.7054,52.2776],[17.7038,52.2766],[17.694,52.2944],[17.6834,52.2995],[17.6871,52.3063],[17.6944,52.3009],[17.7054,52.3015],[17.7073,52.3059],[17.728,52.3065],[17.7291,52.3071],[17.7277,52.3073],[17.7277,52.31],[17.7433,52.3145],[17.74,52.3167],[17.7388,52.3215],[17.7339,52.3216],[17.7339,52.3237],[17.7169,52.328],[17.7222,52.336],[17.7085,52.3391],[17.6974,52.3477],[17.6944,52.3626],[17.6978,52.367],[17.7006,52.3755],[17.7397,52.3767],[17.7535,52.372],[17.7611,52.3714],[17.7618,52.3727],[17.7656,52.373],[17.7756,52.3682],[17.778,52.3721],[17.7933,52.3786],[17.8028,52.3765],[17.8207,52.3783],[17.8241,52.3805],[17.8422,52.3829],[17.8511,52.3866],[17.853,52.388],[17.851,52.389],[17.8502,52.3921],[17.8512,52.4055],[17.8553,52.4112],[17.8601,52.4133],[17.8558,52.4195],[17.86,52.4213],[17.8635,52.4273],[17.8689,52.4287],[17.872,52.4278],[17.8761,52.4297],[17.8794,52.4286],[17.8899,52.4363],[17.9088,52.4444],[17.9143,52.4506],[17.9107,52.4541],[17.9113,52.4555],[17.9206,52.4607],[17.9217,52.4697],[17.9193,52.4703],[17.9225,52.4711],[17.9168,52.4726],[17.913,52.4756],[17.9113,52.4814],[17.9137,52.4832],[17.9113,52.4842],[17.9118,52.487],[17.9077,52.4889],[17.9089,52.4925],[17.9061,52.5008],[17.9102,52.5104],[17.9101,52.5161],[17.9154,52.519],[17.9229,52.5194],[17.9267,52.5229],[17.9417,52.5234],[17.9469,52.5288],[17.9521,52.5302],[17.9596,52.5367],[17.9681,52.5333],[17.9719,52.5274],[17.9752,52.5273],[17.9731,52.5323],[17.9667,52.5366],[17.9712,52.5396],[17.9698,52.5412],[17.9755,52.5438],[17.9802,52.5504],[17.9875,52.5532],[17.9901,52.5498],[17.9874,52.5431],[17.9934,52.5434],[17.9945,52.5415],[17.9977,52.5414],[17.9982,52.5504],[18.0026,52.555],[18.0227,52.555],[18.0343,52.5495],[18.0516,52.5472],[18.051,52.5448],[18.0596,52.5427],[18.0589,52.5477],[18.0627,52.5476],[18.0644,52.5518],[18.0881,52.5517],[18.0954,52.5531],[18.1054,52.5445],[18.1068,52.5385],[18.1012,52.537],[18.1001,52.5331],[18.0918,52.5317],[18.0926,52.5241],[18.0902,52.5205],[18.1063,52.5138],[18.1242,52.5164],[18.1231,52.5107],[18.1246,52.5077],[18.1324,52.5064],[18.133,52.5029],[18.1156,52.4924],[18.1114,52.4917],[18.1011,52.4856],[18.092,52.4831],[18.0909,52.4805],[18.0855,52.477],[18.074,52.475],[18.0697,52.4697],[18.0631,52.4688],[18.0554,52.4629],[18.0518,52.4641],[18.0501,52.4609],[18.0361,52.4569],[18.0333,52.4527],[18.0284,52.4519],[18.0256,52.4481],[18.0497,52.437],[18.057,52.428],[18.0727,52.4195],[18.0719,52.416],[18.067,52.4105],[18.0701,52.4078],[18.0677,52.4041],[18.0679,52.4015],[18.0749,52.4028],[18.0848,52.4008],[18.0866,52.3971],[18.0844,52.3891],[18.0898,52.3836],[18.0876,52.3786],[18.084,52.3752],[18.083,52.3711],[18.0813,52.3703],[18.0817,52.3678],[18.0842,52.369],[18.0854,52.3678],[18.0832,52.3625],[18.0793,52.3613],[18.078,52.3571],[18.0521,52.3313],[18.0383,52.3339],[18.0359,52.3296],[18.0218,52.3323],[18.0213,52.3311],[18.0235,52.3226],[18.0295,52.3193],[18.0321,52.3147],[18.0354,52.3141],[18.0419,52.3159],[18.0459,52.3124],[18.0419,52.3096],[18.0395,52.3031],[18.0424,52.3022],[18.0512,52.3034],[18.0616,52.2981],[18.0641,52.2987],[18.0676,52.2937],[18.0496,52.2908],[18.0337,52.2836],[18.0338,52.2777],[18.0368,52.2738],[18.0403,52.2727],[18.0235,52.2536],[18.0233,52.2511],[18.0258,52.2505],[18.0268,52.2436],[18.0205,52.2435],[18.0234,52.2396],[18.0087,52.2363],[18.0161,52.228],[18.0217,52.2098],[18.0243,52.209],[18.0241,52.2011],[18.0263,52.2012],[18.0282,52.1965],[18.0233,52.1934],[18.0277,52.1913],[18.0261,52.1892],[18.0283,52.1854],[18.0272,52.1839],[18.0316,52.1817],[18.0276,52.1764],[18.0295,52.1759],[18.0256,52.1742],[18.0281,52.1714],[18.0205,52.1715],[18.0211,52.1753],[18.0158,52.1762],[18.0144,52.1719],[18.0112,52.1717],[18.0151,52.1687],[18.0084,52.1657],[18.0046,52.1581],[18.0051,52.1564],[17.9998,52.1563],[17.99,52.1527],[17.9841,52.1465],[18.0054,52.142],[18.0175,52.1357],[18.0281,52.1268],[18.0329,52.1179],[18.0287,52.1157],[18.0233,52.1187],[18.0239,52.1177],[18.0201,52.1155],[18.0071,52.1143],[17.9711,52.1064],[17.9696,52.0973],[17.9664,52.097]]]]}},{"type":"Feature","properties":{"GID_2":"POL.15.28_1","GID_0":"POL","COUNTRY":"Poland","GID_1":"POL.15_1","NAME_1":"Wielkopolskie","NL_NAME_1":"NA","NAME_2":"Srem","VARNAME_2":"NA","NL_NAME_2":"NA","TYPE_2":"Powiat","ENGTYPE_2":"County","CC_2":"3026","HASC_2":"NA"},"geometry":{"type":"MultiPolygon","coordinates":[[[[17.1861,51.9668],[17.1801,51.9646],[17.1767,51.9616],[17.1734,51.9651],[17.1639,51.968],[17.1612,51.9623],[17.1446,51.9521],[17.1363,51.9484],[17.129,51.9501],[17.1258,51.9465],[17.1275,51.936],[17.1313,51.9337],[17.1246,51.9295],[17.1208,51.925],[17.1097,51.9265],[17.1091,51.929],[17.1063,51.9298],[17.0922,51.9278],[17.0717,51.9335],[17.0695,51.9319],[17.0616,51.9353],[17.0518,51.9351],[17.0438,51.9421],[17.0398,51.9404],[17.0365,51.9417],[17.03,51.951],[17.0453,51.9598],[17.055,51.9615],[17.0452,51.9617],[17.0327,51.9648],[17.0419,51.9645],[17.0439,51.9676],[17.0428,51.9677],[17.0433,51.9714],[17.0351,51.9713],[17.0346,51.9732],[17.0366,51.9753],[17.0271,51.9739],[17.0151,51.9753],[17.014,51.9766],[17.0162,51.9773],[17.0134,51.9789],[17.0047,51.9802],[17.0034,51.9844],[16.9991,51.9853],[16.9985,51.9867],[17.0003,51.9872],[16.9989,51.9887],[16.9935,51.9897],[16.9942,51.9941],[16.9844,51.9968],[16.9846,51.9997],[16.9815,52.0013],[16.9778,52.0023],[16.9754,52.0007],[16.9702,52.004],[16.9594,52.0052],[16.9508,52.0105],[16.9479,52.0106],[16.9479,52.0131],[16.9431,52.0157],[16.9409,52.0139],[16.9295,52.0177],[16.9241,52.0164],[16.9207,52.0175],[16.9143,52.0169],[16.9088,52.0134],[16.8934,52.0177],[16.8884,52.0213],[16.8956,52.0275],[16.9013,52.0364],[16.9168,52.0458],[16.9194,52.0531],[16.9243,52.0582],[16.9258,52.0639],[16.9217,52.0645],[16.9181,52.0684],[16.8918,52.066],[16.8761,52.0671],[16.8758,52.0729],[16.8785,52.0799],[16.8729,52.0902],[16.8732,52.0919],[16.8887,52.0936],[16.8839,52.1026],[16.8768,52.1013],[16.858,52.102],[16.8683,52.1195],[16.8613,52.1196],[16.8581,52.1152],[16.8489,52.1195],[16.8482,52.1161],[16.8462,52.1154],[16.8441,52.1174],[16.8408,52.1146],[16.8219,52.1184],[16.8205,52.1235],[16.8122,52.1319],[16.7903,52.1408],[16.7906,52.145],[16.7972,52.1579],[16.8036,52.1635],[16.8043,52.1671],[16.8009,52.1705],[16.8005,52.1736],[16.8021,52.1751],[16.7993,52.1768],[16.8056,52.1755],[16.8172,52.1835],[16.8211,52.1837],[16.8255,52.1804],[16.834,52.1853],[16.8485,52.1851],[16.8501,52.1866],[16.8722,52.1824],[16.884,52.1855],[16.8866,52.188],[16.889,52.1928],[16.8851,52.1952],[16.8859,52.196],[16.888,52.1966],[16.8916,52.1945],[16.8945,52.1977],[16.9053,52.198],[16.9145,52.1953],[16.9169,52.1906],[16.9245,52.1858],[16.9305,52.1866],[16.9453,52.1797],[16.9416,52.1771],[16.9416,52.1753],[16.9467,52.1674],[16.9503,52.1683],[16.964,52.1785],[16.9819,52.1864],[16.9837,52.1846],[16.9908,52.1847],[16.9914,52.1814],[16.9879,52.1807],[16.9921,52.1784],[16.994,52.1791],[16.9964,52.1773],[17.001,52.1785],[17.0027,52.1769],[17.0011,52.1731],[17.0039,52.1715],[17.012,52.1719],[17.0189,52.168],[17.0344,52.1639],[17.0364,52.152],[17.0411,52.1516],[17.0445,52.1527],[17.0451,52.1571],[17.0491,52.1598],[17.049,52.1619],[17.0571,52.1669],[17.0663,52.169],[17.0832,52.1806],[17.0982,52.1839],[17.095,52.1653],[17.0914,52.1621],[17.0923,52.1591],[17.0954,52.1593],[17.1131,52.1511],[17.1143,52.14],[17.1256,52.1333],[17.1323,52.1352],[17.143,52.133],[17.1406,52.1257],[17.1439,52.1172],[17.1394,52.1083],[17.1381,52.1001],[17.1501,52.099],[17.1619,52.1033],[17.1746,52.0994],[17.1816,52.099],[17.2023,52.1057],[17.2197,52.1051],[17.2218,52.1082],[17.2263,52.1097],[17.2348,52.1057],[17.244,52.1084],[17.2547,52.105],[17.2606,52.1001],[17.2752,52.103],[17.2811,52.101],[17.2836,52.099],[17.2823,52.0967],[17.2861,52.096],[17.2926,52.0959],[17.3056,52.1],[17.3166,52.1002],[17.3214,52.0978],[17.3204,52.0957],[17.3239,52.0941],[17.3205,52.0908],[17.3217,52.0875],[17.3192,52.0869],[17.3198,52.0828],[17.292,52.0765],[17.2767,52.0689],[17.2757,52.0674],[17.2771,52.0563],[17.2718,52.0461],[17.2743,52.0404],[17.273,52.0369],[17.2897,52.0298],[17.3027,52.0357],[17.3121,52.0349],[17.3114,52.0243],[17.3086,52.0181],[17.3133,52.0148],[17.3268,52.0104],[17.3233,52.0],[17.3234,51.9971],[17.3251,51.9965],[17.3235,51.9871],[17.3185,51.9866],[17.311,51.9895],[17.288,51.9886],[17.2752,51.9862],[17.2226,51.9877],[17.2199,51.9859],[17.2012,51.9825],[17.2006,51.9798],[17.1945,51.9725],[17.1864,51.9723],[17.189,51.97],[17.1886,51.9675],[17.1861,51.9668]]]]}},{"type":"Feature","properties":{"GID_2":"POL.15.29_1","GID_0":"POL","COUNTRY":"Poland","GID_1":"POL.15_1","NAME_1":"Wielkopolskie","NL_NAME_1":"NA","NAME_2":"SrodaWielkopolska","VARNAME_2":"NA","NL_NAME_2":"NA","TYPE_2":"Powiat","ENGTYPE_2":"County","CC_2":"3025","HASC_2":"NA"},"geometry":{"type":"MultiPolygon","coordinates":[[[[17.4176,52.0138],[17.4073,52.0134],[17.3946,52.0187],[17.3839,52.0192],[17.3785,52.0186],[17.3701,52.0146],[17.3418,52.022],[17.3322,52.0132],[17.3265,52.0106],[17.3133,52.0148],[17.3086,52.0181],[17.3114,52.0243],[17.3121,52.0349],[17.3027,52.0357],[17.2897,52.0298],[17.273,52.0369],[17.2743,52.0401],[17.2719,52.0477],[17.2771,52.0563],[17.2757,52.0674],[17.2767,52.0689],[17.292,52.0765],[17.3198,52.0828],[17.3192,52.0869],[17.3217,52.0875],[17.3205,52.0908],[17.3239,52.0941],[17.3204,52.0957],[17.3214,52.0978],[17.3166,52.1002],[17.3033,52.0998],[17.2894,52.0956],[17.2825,52.0966],[17.2828,52.0998],[17.2752,52.103],[17.2606,52.1001],[17.2547,52.105],[17.244,52.1084],[17.2348,52.1057],[17.2263,52.1097],[17.2218,52.1082],[17.2197,52.1051],[17.2023,52.1057],[17.1816,52.099],[17.1746,52.0994],[17.1619,52.1033],[17.1501,52.099],[17.1381,52.1001],[17.1394,52.1083],[17.1439,52.1172],[17.1406,52.1257],[17.143,52.133],[17.1323,52.1352],[17.1256,52.1333],[17.1143,52.14],[17.1131,52.1511],[17.0954,52.1593],[17.0923,52.1591],[17.0912,52.161],[17.095,52.1653],[17.0977,52.1828],[17.1173,52.1914],[17.1199,52.1901],[17.1246,52.1911],[17.1277,52.1879],[17.1323,52.1888],[17.148,52.1966],[17.1538,52.2049],[17.1297,52.2154],[17.1306,52.2167],[17.1371,52.2201],[17.1437,52.2202],[17.1776,52.2277],[17.1434,52.2462],[17.1411,52.2457],[17.1379,52.2417],[17.1206,52.2354],[17.1115,52.2396],[17.1137,52.2409],[17.1114,52.243],[17.1453,52.255],[17.1486,52.255],[17.1553,52.2513],[17.1708,52.2645],[17.183,52.2571],[17.1977,52.2694],[17.1881,52.2759],[17.1911,52.2788],[17.1925,52.284],[17.2157,52.281],[17.2181,52.2851],[17.2279,52.2914],[17.2299,52.2952],[17.2329,52.2965],[17.2334,52.2993],[17.2411,52.308],[17.2406,52.3119],[17.2472,52.3117],[17.2505,52.3134],[17.2521,52.312],[17.2577,52.3123],[17.2807,52.3189],[17.2815,52.3245],[17.2767,52.3307],[17.3127,52.3299],[17.3223,52.3402],[17.3283,52.3337],[17.3345,52.3363],[17.328,52.3486],[17.3327,52.3497],[17.3717,52.345],[17.3727,52.3413],[17.378,52.3391],[17.3763,52.3373],[17.3772,52.3353],[17.3837,52.3342],[17.3857,52.3372],[17.3934,52.3386],[17.3967,52.3408],[17.4026,52.3393],[17.4107,52.3334],[17.4191,52.324],[17.4181,52.3206],[17.415,52.3174],[17.3999,52.3139],[17.4,52.3075],[17.4022,52.3011],[17.4078,52.3011],[17.4098,52.2967],[17.4064,52.295],[17.4071,52.2851],[17.4117,52.2853],[17.4167,52.2802],[17.4232,52.2821],[17.4313,52.2817],[17.4324,52.2808],[17.4282,52.2725],[17.4355,52.2709],[17.4442,52.2722],[17.4511,52.2697],[17.4637,52.2725],[17.4745,52.2774],[17.4857,52.2722],[17.4848,52.2714],[17.4881,52.2683],[17.4817,52.264],[17.4833,52.2615],[17.481,52.26],[17.4801,52.255],[17.4687,52.2528],[17.4701,52.2482],[17.4532,52.2476],[17.4522,52.2451],[17.4547,52.2435],[17.4567,52.2355],[17.4491,52.2341],[17.4479,52.2281],[17.4579,52.2234],[17.4624,52.2148],[17.4666,52.2163],[17.468,52.2137],[17.4704,52.2145],[17.4731,52.21],[17.4686,52.2093],[17.4669,52.2055],[17.4712,52.2058],[17.4693,52.2014],[17.4653,52.1981],[17.4306,52.1945],[17.4265,52.1909],[17.4273,52.1857],[17.4256,52.1765],[17.4296,52.1659],[17.4316,52.1618],[17.4485,52.1452],[17.457,52.1402],[17.4704,52.1395],[17.4655,52.1306],[17.4622,52.1308],[17.4645,52.1286],[17.4639,52.1262],[17.4675,52.1239],[17.4605,52.1238],[17.4558,52.1196],[17.4592,52.1144],[17.4665,52.112],[17.4696,52.1138],[17.4735,52.1132],[17.4725,52.1145],[17.4736,52.1155],[17.479,52.1161],[17.484,52.115],[17.4885,52.1118],[17.489,52.1214],[17.4941,52.1196],[17.503,52.1248],[17.5144,52.1241],[17.5144,52.1188],[17.5116,52.1176],[17.5142,52.113],[17.5115,52.1087],[17.5151,52.104],[17.5192,52.103],[17.5197,52.099],[17.5177,52.0958],[17.5228,52.093],[17.5182,52.095],[17.5097,52.0891],[17.4773,52.0827],[17.478,52.0783],[17.4766,52.0778],[17.4787,52.0744],[17.4692,52.0751],[17.4713,52.0696],[17.4771,52.0608],[17.4924,52.0505],[17.4771,52.0456],[17.4776,52.0443],[17.4738,52.0431],[17.4687,52.0445],[17.4702,52.0387],[17.4627,52.0342],[17.4561,52.0333],[17.4567,52.0317],[17.4471,52.0282],[17.4406,52.0299],[17.4303,52.0256],[17.4267,52.0233],[17.4327,52.0205],[17.4203,52.0197],[17.4205,52.0182],[17.4168,52.0159],[17.4176,52.0138]]]]}},{"type":"Feature","properties":{"GID_2":"POL.15.30_1","GID_0":"POL","COUNTRY":"Poland","GID_1":"POL.15_1","NAME_1":"Wielkopolskie","NL_NAME_1":"NA","NAME_2":"Szamotuly","VARNAME_2":"NA","NL_NAME_2":"NA","TYPE_2":"Powiat","ENGTYPE_2":"County","CC_2":"3024","HASC_2":"NA"},"geometry":{"type":"MultiPolygon","coordinates":[[[[16.4414,52.3871],[16.4423,52.3927],[16.4387,52.397],[16.4426,52.4051],[16.4201,52.4114],[16.418,52.4056],[16.4116,52.4025],[16.3926,52.4145],[16.3917,52.4242],[16.3879,52.425],[16.3761,52.4215],[16.3716,52.423],[16.3682,52.4278],[16.3592,52.4257],[16.3556,52.428],[16.3537,52.4316],[16.3443,52.4367],[16.3444,52.4387],[16.3428,52.4396],[16.3411,52.4383],[16.3394,52.4399],[16.3376,52.4384],[16.335,52.439],[16.3285,52.4426],[16.3161,52.4461],[16.324,52.4489],[16.3175,52.4535],[16.2869,52.4595],[16.29,52.4716],[16.2879,52.4743],[16.2533,52.4733],[16.2396,52.4767],[16.2284,52.4803],[16.2328,52.4845],[16.2312,52.4891],[16.2063,52.4911],[16.2057,52.4896],[16.2012,52.4903],[16.1949,52.4881],[16.1867,52.4993],[16.1864,52.5071],[16.1932,52.5093],[16.1972,52.5089],[16.199,52.5126],[16.2154,52.5158],[16.218,52.5125],[16.2279,52.513],[16.2292,52.518],[16.2348,52.5173],[16.2358,52.5225],[16.239,52.5228],[16.2388,52.524],[16.2324,52.5286],[16.2314,52.5357],[16.2275,52.5399],[16.2271,52.5497],[16.2317,52.5505],[16.2403,52.5476],[16.25,52.5478],[16.2566,52.5508],[16.2607,52.5564],[16.2574,52.5695],[16.2724,52.5703],[16.283,52.5749],[16.2902,52.5751],[16.2902,52.579],[16.2816,52.5836],[16.281,52.5861],[16.2714,52.595],[16.2742,52.5979],[16.2589,52.6025],[16.2629,52.6065],[16.263,52.6104],[16.2667,52.6137],[16.2685,52.6183],[16.2923,52.6174],[16.3089,52.6151],[16.3165,52.6159],[16.327,52.6132],[16.3385,52.6203],[16.3331,52.6238],[16.3307,52.6288],[16.325,52.6315],[16.3219,52.6357],[16.3235,52.639],[16.3185,52.6513],[16.3141,52.6513],[16.308,52.6488],[16.3105,52.6473],[16.3076,52.6405],[16.3024,52.6394],[16.2884,52.6399],[16.2818,52.6504],[16.2674,52.6483],[16.2629,52.6505],[16.2637,52.6519],[16.259,52.6564],[16.254,52.6555],[16.2542,52.6525],[16.2562,52.6511],[16.2555,52.6478],[16.2532,52.6469],[16.2513,52.6499],[16.2475,52.6517],[16.2465,52.6553],[16.2438,52.6573],[16.2463,52.6628],[16.2458,52.6693],[16.2212,52.6656],[16.2125,52.6717],[16.2125,52.6736],[16.2079,52.6775],[16.1992,52.6779],[16.2002,52.6798],[16.1945,52.6798],[16.1917,52.6781],[16.1904,52.6793],[16.1928,52.6809],[16.1896,52.6828],[16.1762,52.6821],[16.1515,52.6843],[16.155,52.6887],[16.1495,52.6928],[16.1233,52.6877],[16.1189,52.6891],[16.108,52.6997],[16.1001,52.7025],[16.0788,52.7041],[16.0564,52.7238],[16.0321,52.7206],[16.0181,52.7253],[16.0138,52.7347],[16.0401,52.7335],[16.059,52.7271],[16.0616,52.7285],[16.0636,52.7327],[16.0661,52.741],[16.0664,52.7489],[16.0759,52.7572],[16.1114,52.768],[16.1391,52.7855],[16.1693,52.7924],[16.185,52.7941],[16.2138,52.7924],[16.2419,52.7932],[16.2608,52.7862],[16.2753,52.7767],[16.2858,52.7659],[16.2973,52.7709],[16.3098,52.7736],[16.3128,52.7764],[16.3276,52.7752],[16.3367,52.7606],[16.3365,52.7575],[16.334,52.7547],[16.3367,52.7533],[16.3351,52.7497],[16.3726,52.7572],[16.3713,52.7606],[16.3605,52.7626],[16.3621,52.767],[16.3583,52.7756],[16.3923,52.7717],[16.384,52.7614],[16.3862,52.7573],[16.3877,52.7596],[16.3936,52.7626],[16.4144,52.77],[16.4226,52.7629],[16.4394,52.7661],[16.4443,52.7564],[16.4318,52.7502],[16.4245,52.7514],[16.423,52.7497],[16.4308,52.7474],[16.4301,52.7465],[16.4327,52.7442],[16.4366,52.747],[16.4459,52.741],[16.4554,52.7376],[16.4562,52.7426],[16.4682,52.7517],[16.5038,52.7542],[16.5156,52.7574],[16.5172,52.7596],[16.5582,52.7388],[16.5833,52.7431],[16.5767,52.7301],[16.5762,52.7245],[16.5811,52.7202],[16.5794,52.7173],[16.5821,52.7123],[16.589,52.7109],[16.6016,52.7034],[16.6198,52.6993],[16.6286,52.6937],[16.6367,52.6921],[16.6386,52.6864],[16.6465,52.6837],[16.6485,52.679],[16.6507,52.6776],[16.6477,52.6759],[16.6278,52.6803],[16.6116,52.6728],[16.6141,52.6711],[16.6134,52.6686],[16.6035,52.672],[16.6035,52.6695],[16.6008,52.6687],[16.6001,52.6667],[16.6053,52.663],[16.6112,52.6614],[16.6117,52.6582],[16.618,52.6552],[16.6182,52.6529],[16.622,52.6483],[16.6332,52.6446],[16.6227,52.6377],[16.6323,52.6292],[16.6529,52.6308],[16.65,52.6276],[16.641,52.6278],[16.6448,52.6107],[16.6545,52.5985],[16.6601,52.597],[16.6598,52.5953],[16.6687,52.5929],[16.6793,52.5856],[16.6789,52.5843],[16.6757,52.5848],[16.6743,52.5757],[16.6716,52.5709],[16.6728,52.567],[16.7,52.5728],[16.7044,52.5705],[16.7079,52.5634],[16.7194,52.5662],[16.7298,52.5661],[16.7408,52.5595],[16.7376,52.556],[16.7337,52.5446],[16.734,52.5414],[16.725,52.5406],[16.7193,52.5338],[16.7166,52.5287],[16.7199,52.5276],[16.7173,52.5253],[16.7221,52.5218],[16.7094,52.5185],[16.705,52.5315],[16.6961,52.5342],[16.6846,52.5348],[16.6699,52.5297],[16.6596,52.5308],[16.64,52.5269],[16.6475,52.5252],[16.6525,52.5218],[16.6525,52.5203],[16.6495,52.5143],[16.635,52.5003],[16.637,52.4932],[16.6289,52.4943],[16.6286,52.4899],[16.623,52.4822],[16.624,52.4742],[16.6146,52.4737],[16.6101,52.4679],[16.6077,52.4677],[16.6096,52.4598],[16.6032,52.4594],[16.604,52.4538],[16.6085,52.4496],[16.608,52.4452],[16.602,52.4414],[16.5911,52.4471],[16.5875,52.4472],[16.584,52.4417],[16.5666,52.4404],[16.5541,52.4365],[16.5537,52.4344],[16.5553,52.4342],[16.5725,52.4361],[16.5832,52.43],[16.5836,52.4279],[16.5875,52.4253],[16.5993,52.4195],[16.6004,52.4122],[16.5765,52.4121],[16.5781,52.4006],[16.5841,52.3976],[16.5768,52.3923],[16.5746,52.388],[16.567,52.381],[16.5555,52.3787],[16.5532,52.3823],[16.5537,52.3885],[16.548,52.3921],[16.528,52.3898],[16.5222,52.3968],[16.5222,52.4004],[16.5185,52.4012],[16.5154,52.4011],[16.5123,52.3926],[16.507,52.3918],[16.5098,52.3833],[16.4859,52.381],[16.4808,52.3738],[16.4659,52.3775],[16.4583,52.3771],[16.4533,52.3807],[16.4527,52.3836],[16.4414,52.3871]]]]}},{"type":"Feature","properties":{"GID_2":"POL.15.31_1","GID_0":"POL","COUNTRY":"Poland","GID_1":"POL.15_1","NAME_1":"Wielkopolskie","NL_NAME_1":"NA","NAME_2":"Turek","VARNAME_2":"NA","NL_NAME_2":"NA","TYPE_2":"Powiat","ENGTYPE_2":"County","CC_2":"3027","HASC_2":"NA"},"geometry":{"type":"MultiPolygon","coordinates":[[[[18.7389,51.8987],[18.7354,51.8955],[18.7404,51.893],[18.7365,51.8922],[18.7338,51.8889],[18.7286,51.8863],[18.7249,51.8807],[18.7212,51.8807],[18.7233,51.8796],[18.7206,51.8776],[18.7226,51.8715],[18.7138,51.8707],[18.7128,51.8693],[18.7087,51.8711],[18.6968,51.8657],[18.6982,51.8546],[18.701,51.8529],[18.6999,51.8502],[18.6947,51.8498],[18.6954,51.8484],[18.6995,51.8486],[18.6928,51.8451],[18.6942,51.8425],[18.6913,51.839],[18.6927,51.837],[18.6911,51.8318],[18.6885,51.8337],[18.6867,51.8331],[18.6905,51.8281],[18.6885,51.8266],[18.6894,51.8236],[18.6857,51.821],[18.6723,51.8247],[18.6691,51.8238],[18.6654,51.8264],[18.6487,51.8268],[18.6425,51.8339],[18.6306,51.8307],[18.6132,51.8344],[18.6105,51.8393],[18.5949,51.848],[18.5887,51.8461],[18.5696,51.8444],[18.55,51.8454],[18.5465,51.8429],[18.535,51.8417],[18.5349,51.8393],[18.5337,51.8391],[18.5346,51.8361],[18.5155,51.8342],[18.51,51.8421],[18.5105,51.8507],[18.5073,51.8544],[18.4942,51.8527],[18.4941,51.8514],[18.4869,51.8494],[18.472,51.851],[18.4785,51.8523],[18.4816,51.8563],[18.4761,51.8639],[18.4744,51.8696],[18.4378,51.8709],[18.4232,51.8735],[18.4243,51.8805],[18.4209,51.8804],[18.4211,51.8825],[18.4172,51.8825],[18.413,51.8896],[18.4147,51.8904],[18.4138,51.8915],[18.4164,51.8962],[18.414,51.9059],[18.4116,51.9054],[18.4102,51.911],[18.4015,51.9103],[18.4009,51.9127],[18.3889,51.9115],[18.3896,51.9085],[18.3836,51.9087],[18.3831,51.9069],[18.3797,51.9063],[18.3794,51.9039],[18.3645,51.902],[18.3648,51.9062],[18.3519,51.9071],[18.3525,51.905],[18.3453,51.9104],[18.344,51.9164],[18.3269,51.9263],[18.3311,51.9283],[18.3303,51.93],[18.332,51.9307],[18.3275,51.9368],[18.3232,51.9363],[18.3195,51.9429],[18.3014,51.9453],[18.3233,51.9459],[18.2969,51.9813],[18.281,51.9862],[18.2719,51.9946],[18.2683,51.9944],[18.2659,51.9984],[18.2512,52.0076],[18.2579,52.0161],[18.2546,52.0183],[18.2589,52.0228],[18.261,52.0206],[18.2733,52.0314],[18.2648,52.0345],[18.2622,52.0379],[18.2589,52.0379],[18.2549,52.0411],[18.2556,52.0444],[18.254,52.0447],[18.2399,52.0455],[18.2406,52.0397],[18.2285,52.039],[18.2283,52.0506],[18.2262,52.0587],[18.2223,52.0619],[18.2182,52.0767],[18.2273,52.0799],[18.2293,52.0844],[18.2201,52.0899],[18.2217,52.0927],[18.2318,52.098],[18.2643,52.1075],[18.275,52.1092],[18.2827,52.1147],[18.2862,52.1209],[18.2868,52.1255],[18.3077,52.1253],[18.3257,52.1225],[18.3293,52.1228],[18.3303,52.1288],[18.348,52.1273],[18.3517,52.1466],[18.377,52.1385],[18.3844,52.1398],[18.3853,52.1375],[18.3915,52.1374],[18.3862,52.1444],[18.3869,52.1515],[18.3979,52.1517],[18.3983,52.1481],[18.4004,52.1481],[18.4039,52.1503],[18.4081,52.1502],[18.408,52.1536],[18.4209,52.1553],[18.422,52.164],[18.4196,52.1665],[18.4233,52.1705],[18.4273,52.1677],[18.4253,52.1654],[18.4258,52.1621],[18.4297,52.1597],[18.4302,52.1617],[18.4349,52.1642],[18.4565,52.165],[18.4569,52.1684],[18.4648,52.1708],[18.4696,52.1686],[18.4879,52.1508],[18.511,52.1457],[18.5267,52.1365],[18.564,52.1322],[18.5729,52.1303],[18.5821,52.1257],[18.5902,52.1288],[18.6003,52.1277],[18.6067,52.1229],[18.6152,52.1209],[18.631,52.1208],[18.6472,52.1263],[18.6501,52.1242],[18.6547,52.1272],[18.6526,52.13],[18.6591,52.132],[18.6648,52.1358],[18.667,52.1354],[18.6792,52.1286],[18.6861,52.1283],[18.6864,52.1234],[18.688,52.1224],[18.6865,52.1196],[18.6889,52.118],[18.6866,52.1135],[18.6891,52.1106],[18.6886,52.1077],[18.6919,52.1048],[18.6899,52.1027],[18.6912,52.0997],[18.6889,52.0976],[18.6901,52.0938],[18.6938,52.0916],[18.6926,52.0889],[18.7065,52.0814],[18.7094,52.0781],[18.7146,52.0766],[18.7129,52.0727],[18.7153,52.0705],[18.7155,52.0671],[18.7203,52.0637],[18.7194,52.0598],[18.7225,52.0547],[18.7168,52.0442],[18.7192,52.0398],[18.7165,52.0323],[18.7269,52.0237],[18.7303,52.0143],[18.726,52.0131],[18.7267,52.0111],[18.7304,52.0074],[18.7308,52.0043],[18.7347,52.0027],[18.7176,51.995],[18.7171,51.9929],[18.7218,51.9902],[18.723,51.989],[18.7216,51.9884],[18.7247,51.9875],[18.7252,51.9857],[18.7306,51.9853],[18.7299,51.9829],[18.7334,51.9795],[18.7322,51.9771],[18.7339,51.9725],[18.7332,51.9682],[18.7157,51.9702],[18.715,51.9682],[18.724,51.9572],[18.7284,51.9579],[18.7298,51.9547],[18.7382,51.9627],[18.7417,51.9571],[18.7402,51.9566],[18.7412,51.9508],[18.7361,51.9446],[18.7416,51.9452],[18.7434,51.9436],[18.7444,51.9402],[18.7425,51.9371],[18.7679,51.9278],[18.7578,51.9184],[18.7543,51.9131],[18.7503,51.9107],[18.7486,51.9073],[18.7368,51.901],[18.7389,51.8987]]]]}},{"type":"Feature","properties":{"GID_2":"POL.15.32_1","GID_0":"POL","COUNTRY":"Poland","GID_1":"POL.15_1","NAME_1":"Wielkopolskie","NL_NAME_1":"NA","NAME_2":"Wagrowiec","VARNAME_2":"NA","NL_NAME_2":"NA","TYPE_2":"Powiat","ENGTYPE_2":"County","CC_2":"3028","HASC_2":"NA"},"geometry":{"type":"MultiPolygon","coordinates":[[[[17.4107,52.785],[17.413,52.7775],[17.4081,52.7715],[17.4121,52.7684],[17.4225,52.7666],[17.4213,52.7647],[17.4139,52.7667],[17.4143,52.7624],[17.4078,52.7618],[17.4097,52.757],[17.4052,52.7583],[17.4044,52.7567],[17.4158,52.7558],[17.4187,52.7513],[17.43,52.7522],[17.4391,52.7504],[17.4489,52.7447],[17.4498,52.7428],[17.4589,52.7396],[17.4556,52.7289],[17.4459,52.7285],[17.4361,52.7248],[17.4306,52.7165],[17.431,52.711],[17.4277,52.7082],[17.4331,52.7052],[17.4391,52.6987],[17.4398,52.6953],[17.4378,52.6897],[17.4163,52.6905],[17.4022,52.6859],[17.395,52.6857],[17.3959,52.6828],[17.3939,52.6777],[17.3959,52.6742],[17.3881,52.6727],[17.3861,52.671],[17.3789,52.6708],[17.373,52.6767],[17.3717,52.6806],[17.3681,52.6828],[17.3506,52.6823],[17.3387,52.6843],[17.3355,52.6827],[17.343,52.6786],[17.3355,52.6739],[17.3385,52.6673],[17.3332,52.6497],[17.3357,52.6441],[17.3168,52.646],[17.3124,52.6411],[17.3045,52.6438],[17.2901,52.6357],[17.2813,52.6344],[17.2738,52.6313],[17.2707,52.6355],[17.2657,52.6349],[17.2626,52.6269],[17.2592,52.6228],[17.2496,52.6199],[17.2467,52.6171],[17.2458,52.6134],[17.2362,52.6095],[17.2328,52.6067],[17.2312,52.6016],[17.2258,52.5998],[17.2246,52.594],[17.2278,52.5913],[17.2126,52.5823],[17.2077,52.5824],[17.1843,52.576],[17.1733,52.5793],[17.1603,52.5798],[17.1572,52.5819],[17.1508,52.5776],[17.1514,52.5729],[17.1473,52.5697],[17.1303,52.5668],[17.1265,52.5694],[17.1259,52.5715],[17.1286,52.5762],[17.1244,52.5781],[17.1243,52.5857],[17.1185,52.5906],[17.1199,52.5973],[17.1182,52.5995],[17.12,52.6023],[17.1278,52.6045],[17.1256,52.6118],[17.1217,52.6113],[17.1249,52.6156],[17.1324,52.6195],[17.1295,52.6235],[17.1316,52.6255],[17.122,52.6278],[17.1141,52.6251],[17.1088,52.6255],[17.1008,52.6234],[17.0883,52.6297],[17.0791,52.6391],[17.0755,52.6406],[17.0734,52.6393],[17.0664,52.6419],[17.0611,52.6364],[17.0437,52.631],[17.0435,52.6366],[17.0483,52.6408],[17.0482,52.6431],[17.0516,52.6438],[17.058,52.6417],[17.0615,52.6451],[17.0621,52.6466],[17.0584,52.6506],[17.0591,52.6579],[17.0609,52.6582],[17.0611,52.6613],[17.0676,52.6604],[17.0683,52.6616],[17.0617,52.665],[17.0561,52.6656],[17.0523,52.6702],[17.0329,52.6762],[17.031,52.6791],[17.037,52.6899],[17.0441,52.6855],[17.0488,52.6846],[17.0621,52.6825],[17.0864,52.6818],[17.1058,52.6886],[17.1095,52.6822],[17.1176,52.676],[17.1219,52.6742],[17.1244,52.676],[17.1233,52.6769],[17.1255,52.6786],[17.1259,52.681],[17.1231,52.6837],[17.1189,52.6846],[17.1162,52.6884],[17.1163,52.6929],[17.114,52.6967],[17.1103,52.6995],[17.1089,52.7033],[17.106,52.7043],[17.1059,52.7067],[17.1089,52.7072],[17.1058,52.713],[17.112,52.7156],[17.1136,52.7188],[17.1104,52.7206],[17.1141,52.723],[17.1044,52.7237],[17.114,52.7252],[17.1227,52.729],[17.1268,52.7296],[17.1278,52.7282],[17.1317,52.7298],[17.1325,52.7323],[17.129,52.7351],[17.1274,52.7407],[17.1278,52.7455],[17.1293,52.7468],[17.1183,52.7537],[17.1151,52.7586],[17.1166,52.7601],[17.1094,52.7693],[17.1101,52.7716],[17.115,52.7743],[17.114,52.7776],[17.1158,52.7859],[17.1093,52.7826],[17.1032,52.7766],[17.1021,52.7777],[17.1061,52.781],[17.1024,52.783],[17.0886,52.7793],[17.0776,52.7793],[17.0756,52.7836],[17.068,52.7821],[17.0695,52.7748],[17.0499,52.7752],[17.0463,52.7775],[17.0439,52.7762],[17.0393,52.7778],[17.0346,52.7764],[17.034,52.7744],[17.0282,52.7738],[17.0263,52.7745],[17.0254,52.7775],[17.0269,52.7794],[17.0064,52.7823],[17.0056,52.7938],[17.0026,52.8056],[17.0046,52.8165],[17.0068,52.8199],[17.007,52.8284],[17.0136,52.831],[17.0208,52.831],[17.0207,52.8335],[17.0163,52.8358],[17.0262,52.8318],[17.027,52.83],[17.0482,52.8235],[17.0498,52.8261],[17.0603,52.8231],[17.0685,52.8272],[17.0595,52.8294],[17.061,52.8311],[17.0509,52.8333],[17.0515,52.8352],[17.0427,52.8371],[17.0441,52.8392],[17.0514,52.8376],[17.0541,52.8405],[17.0512,52.8426],[17.0609,52.8528],[17.0607,52.8582],[17.0639,52.8586],[17.0692,52.8644],[17.0699,52.8671],[17.0676,52.8698],[17.0583,52.8771],[17.0609,52.8777],[17.0621,52.8804],[17.0685,52.8855],[17.0785,52.8905],[17.0888,52.8904],[17.0983,52.8968],[17.1049,52.8966],[17.1219,52.9011],[17.1257,52.8998],[17.1391,52.9015],[17.1395,52.9037],[17.1438,52.9072],[17.165,52.9077],[17.1698,52.9015],[17.1725,52.9009],[17.1695,52.9088],[17.1657,52.9093],[17.1621,52.9134],[17.1631,52.914],[17.1615,52.9168],[17.1637,52.9186],[17.1635,52.9215],[17.1577,52.9242],[17.1563,52.9281],[17.1615,52.9319],[17.1687,52.9316],[17.1768,52.9346],[17.181,52.9345],[17.1778,52.9361],[17.1743,52.9407],[17.1748,52.9463],[17.1775,52.9504],[17.1772,52.956],[17.1784,52.9574],[17.1839,52.9578],[17.1964,52.966],[17.2017,52.9666],[17.204,52.9729],[17.2034,52.98],[17.1873,52.9912],[17.1852,53.0056],[17.1871,53.0138],[17.2132,53.0224],[17.2534,53.0189],[17.264,53.025],[17.2755,53.028],[17.2825,53.0316],[17.2989,53.0512],[17.2939,53.0538],[17.2918,53.06],[17.2938,53.0617],[17.2921,53.0644],[17.2927,53.0725],[17.289,53.084],[17.291,53.0841],[17.3019,53.0809],[17.3075,53.0824],[17.3142,53.0806],[17.3169,53.0818],[17.3161,53.0805],[17.3239,53.0783],[17.3293,53.0621],[17.3306,53.0512],[17.3367,53.0427],[17.3349,53.0262],[17.3323,53.0206],[17.3334,53.0191],[17.3289,53.0178],[17.3259,53.0193],[17.3223,53.0183],[17.3185,53.0208],[17.3154,53.0191],[17.3132,53.016],[17.3132,53.0117],[17.3059,53.0039],[17.3016,52.9948],[17.317,52.99],[17.3189,52.9871],[17.3169,52.974],[17.3495,52.9723],[17.3605,52.9752],[17.3687,52.9744],[17.3686,52.9733],[17.3946,52.9824],[17.411,52.971],[17.4256,52.9676],[17.4338,52.9618],[17.448,52.9572],[17.4581,52.9506],[17.4699,52.9483],[17.4854,52.95],[17.4862,52.948],[17.4913,52.9458],[17.4983,52.9325],[17.5186,52.928],[17.5152,52.9225],[17.5096,52.9178],[17.5148,52.9018],[17.519,52.8968],[17.5183,52.8857],[17.5284,52.8848],[17.5266,52.8776],[17.5238,52.8764],[17.5233,52.8741],[17.5263,52.8689],[17.5237,52.8656],[17.5268,52.8651],[17.5247,52.8639],[17.5271,52.8582],[17.5218,52.8551],[17.5133,52.8549],[17.5133,52.8452],[17.5156,52.8428],[17.5158,52.8388],[17.5123,52.8318],[17.5197,52.8269],[17.521,52.8215],[17.514,52.8182],[17.5139,52.8121],[17.5119,52.8108],[17.5132,52.8096],[17.511,52.8097],[17.5045,52.8041],[17.5071,52.8011],[17.5054,52.7986],[17.5098,52.7958],[17.504,52.7874],[17.4982,52.7849],[17.4735,52.7876],[17.4604,52.7868],[17.4603,52.7907],[17.4528,52.7972],[17.4431,52.7878],[17.4325,52.7839],[17.427,52.7863],[17.4159,52.7838],[17.4107,52.785]]]]}},{"type":"Feature","properties":{"GID_2":"POL.15.33_1","GID_0":"POL","COUNTRY":"Poland","GID_1":"POL.15_1","NAME_1":"Wielkopolskie","NL_NAME_1":"NA","NAME_2":"Wolsztyn","VARNAME_2":"NA","NL_NAME_2":"NA","TYPE_2":"Powiat","ENGTYPE_2":"County","CC_2":"3029","HASC_2":"NA"},"geometry":{"type":"MultiPolygon","coordinates":[[[[16.1267,51.9348],[16.131,51.9404],[16.1257,51.942],[16.1306,51.9437],[16.1238,51.9514],[16.1373,51.9544],[16.1346,51.967],[16.1325,51.9666],[16.131,51.9718],[16.1334,51.9723],[16.1303,51.979],[16.1278,51.9773],[16.1278,51.9809],[16.1243,51.9847],[16.1212,51.9919],[16.1229,51.9931],[16.106,51.9968],[16.0775,51.9825],[16.0606,51.9772],[16.0323,51.9784],[16.01,51.9815],[16.0057,51.9931],[15.988,52.0039],[15.9855,52.0039],[15.9868,51.9989],[15.9898,51.9965],[15.9836,51.9952],[15.9839,51.9977],[15.9815,51.9977],[15.9797,51.9996],[15.9762,51.9981],[15.9719,51.9997],[15.9692,52.0026],[15.9684,52.0115],[15.9649,52.0186],[15.9667,52.0296],[15.9643,52.0339],[15.9944,52.0352],[15.9891,52.0434],[15.9907,52.0451],[15.9893,52.0457],[15.9917,52.0504],[16.0055,52.0543],[16.0028,52.058],[16.0015,52.0576],[15.9998,52.06],[15.995,52.0587],[15.9892,52.0611],[15.9877,52.0621],[15.9894,52.0639],[15.9872,52.0647],[15.9887,52.0669],[15.986,52.07],[15.9828,52.0699],[15.9756,52.0742],[15.9698,52.0754],[15.9722,52.0775],[15.9675,52.0819],[15.9461,52.0877],[15.9324,52.0876],[15.9324,52.0836],[15.9266,52.0766],[15.9244,52.0675],[15.8979,52.0768],[15.898,52.0784],[15.8913,52.0835],[15.8778,52.088],[15.867,52.0857],[15.8603,52.0865],[15.8528,52.0951],[15.848,52.099],[15.8452,52.0984],[15.8366,52.1083],[15.8341,52.1085],[15.8333,52.1111],[15.8495,52.1135],[15.8554,52.1169],[15.8537,52.1176],[15.8551,52.1188],[15.8541,52.1202],[15.8568,52.124],[15.8617,52.1244],[15.8672,52.1292],[15.875,52.1305],[15.8808,52.1465],[15.8836,52.1549],[15.881,52.1562],[15.8816,52.1619],[15.8831,52.1628],[15.8759,52.1644],[15.8766,52.1659],[15.8729,52.1668],[15.8687,52.1658],[15.8666,52.168],[15.8584,52.169],[15.8581,52.1741],[15.8621,52.1774],[15.8608,52.1827],[15.8901,52.1831],[15.8883,52.186],[15.8907,52.19],[15.8946,52.1895],[15.908,52.1999],[15.9386,52.1965],[15.9472,52.1992],[15.9443,52.2043],[15.9483,52.2058],[15.9463,52.2101],[15.9497,52.215],[15.9543,52.2163],[15.9628,52.2162],[15.9681,52.2127],[15.9721,52.214],[15.9849,52.2126],[15.9999,52.2167],[16.0018,52.2192],[15.9963,52.232],[16.0153,52.2329],[16.0388,52.2299],[16.0426,52.2306],[16.0471,52.2415],[16.0547,52.2467],[16.0637,52.244],[16.0725,52.2437],[16.084,52.2361],[16.084,52.2348],[16.0821,52.2347],[16.0818,52.2299],[16.0795,52.2286],[16.0807,52.2246],[16.0835,52.2241],[16.0818,52.2192],[16.0835,52.2173],[16.0801,52.2169],[16.0806,52.2142],[16.0756,52.2081],[16.0806,52.2064],[16.0799,52.2054],[16.0834,52.2052],[16.0854,52.1934],[16.08,52.1915],[16.0707,52.1924],[16.0699,52.1916],[16.0726,52.1904],[16.07,52.1897],[16.075,52.1892],[16.0631,52.1797],[16.065,52.1789],[16.0832,52.1827],[16.0874,52.1758],[16.0737,52.1684],[16.0924,52.1657],[16.1076,52.1615],[16.1139,52.172],[16.1159,52.1728],[16.1172,52.1711],[16.1149,52.1687],[16.1171,52.1675],[16.118,52.1693],[16.1205,52.1683],[16.1262,52.1724],[16.1452,52.1716],[16.148,52.1762],[16.1694,52.1748],[16.1635,52.174],[16.1664,52.1714],[16.1641,52.1695],[16.1703,52.1689],[16.1715,52.1674],[16.1661,52.1673],[16.1691,52.1653],[16.1642,52.1644],[16.1741,52.1612],[16.1706,52.16],[16.1602,52.1647],[16.1512,52.1593],[16.1557,52.1574],[16.1542,52.1535],[16.1474,52.1513],[16.1502,52.1473],[16.1585,52.1419],[16.1704,52.1395],[16.1764,52.1326],[16.1798,52.124],[16.1907,52.1203],[16.1922,52.1128],[16.1981,52.1127],[16.205,52.1164],[16.21,52.1214],[16.2155,52.1216],[16.2153,52.1186],[16.2131,52.1193],[16.2038,52.1095],[16.2039,52.1063],[16.2143,52.1023],[16.2118,52.1012],[16.2117,52.0988],[16.2146,52.0943],[16.2517,52.0995],[16.2521,52.0943],[16.2667,52.0777],[16.2759,52.071],[16.2832,52.0579],[16.3158,52.0733],[16.3236,52.0793],[16.3405,52.0841],[16.3465,52.0778],[16.3533,52.0767],[16.3579,52.0793],[16.3619,52.0744],[16.3702,52.0755],[16.3714,52.0744],[16.371,52.0674],[16.3755,52.0614],[16.3768,52.0545],[16.3864,52.0533],[16.3958,52.0474],[16.4014,52.0491],[16.4104,52.0465],[16.4184,52.0422],[16.4318,52.0417],[16.4386,52.0365],[16.4505,52.0322],[16.4495,52.0227],[16.4585,52.0172],[16.4657,52.0161],[16.4653,52.0082],[16.4591,52.007],[16.4526,52.0081],[16.4463,51.9982],[16.4474,51.9971],[16.4434,51.9974],[16.4415,51.9899],[16.4335,51.9905],[16.4339,51.9859],[16.4264,51.9737],[16.4068,51.9779],[16.4027,51.975],[16.3985,51.9785],[16.3907,51.9814],[16.3809,51.9771],[16.3788,51.9805],[16.3827,51.9837],[16.3736,51.9821],[16.3659,51.9844],[16.3669,51.9875],[16.3699,51.9891],[16.3813,51.9904],[16.3865,51.988],[16.3848,51.9845],[16.3929,51.986],[16.3918,51.988],[16.3872,51.9897],[16.3872,51.9924],[16.3846,51.992],[16.3862,51.9952],[16.3684,51.9905],[16.3648,51.9846],[16.3603,51.9848],[16.3537,51.9818],[16.3506,51.985],[16.3448,51.9819],[16.335,51.9864],[16.3314,51.9866],[16.3264,51.9808],[16.3152,51.9731],[16.3182,51.9663],[16.3166,51.96],[16.3078,51.9614],[16.3027,51.9547],[16.2881,51.9458],[16.2861,51.943],[16.2857,51.9381],[16.2813,51.9357],[16.2829,51.9345],[16.2809,51.9292],[16.2741,51.932],[16.2678,51.931],[16.2674,51.9328],[16.2623,51.9313],[16.2578,51.9347],[16.2435,51.9332],[16.2359,51.9384],[16.2322,51.9378],[16.2308,51.9395],[16.2012,51.9424],[16.1711,51.936],[16.1431,51.9365],[16.1398,51.9347],[16.1262,51.9339],[16.1267,51.9348]]]]}},{"type":"Feature","properties":{"GID_2":"POL.15.34_1","GID_0":"POL","COUNTRY":"Poland","GID_1":"POL.15_1","NAME_1":"Wielkopolskie","NL_NAME_1":"NA","NAME_2":"Wrzesnia","VARNAME_2":"NA","NL_NAME_2":"NA","TYPE_2":"Powiat","ENGTYPE_2":"County","CC_2":"3030","HASC_2":"NA"},"geometry":{"type":"MultiPolygon","coordinates":[[[[17.6965,52.0634],[17.6952,52.0653],[17.6983,52.0677],[17.6971,52.0704],[17.6923,52.0717],[17.6911,52.0752],[17.6836,52.0783],[17.6779,52.0786],[17.6805,52.08],[17.6769,52.0809],[17.6788,52.0831],[17.672,52.0863],[17.6716,52.0901],[17.6678,52.0926],[17.6694,52.0948],[17.6689,52.0971],[17.6612,52.0984],[17.6618,52.101],[17.6587,52.1024],[17.6626,52.1041],[17.6598,52.1064],[17.6621,52.1091],[17.6606,52.111],[17.6569,52.1117],[17.6593,52.1125],[17.6593,52.1155],[17.6626,52.115],[17.6616,52.1202],[17.6639,52.1235],[17.669,52.1251],[17.665,52.1283],[17.6645,52.1314],[17.6653,52.135],[17.6679,52.1375],[17.663,52.1417],[17.6515,52.1412],[17.6505,52.1423],[17.6527,52.1455],[17.6485,52.1432],[17.6361,52.1415],[17.6246,52.1449],[17.6088,52.1421],[17.5857,52.1412],[17.5853,52.1344],[17.5783,52.1318],[17.5724,52.1368],[17.5796,52.1419],[17.5668,52.1404],[17.5548,52.1415],[17.5512,52.1446],[17.5478,52.1445],[17.5387,52.1385],[17.5328,52.1403],[17.5285,52.1398],[17.5286,52.137],[17.5319,52.1364],[17.5323,52.1331],[17.5347,52.1329],[17.5196,52.1232],[17.5031,52.1249],[17.4949,52.1197],[17.489,52.1214],[17.4885,52.1118],[17.484,52.115],[17.479,52.1161],[17.4736,52.1155],[17.4725,52.1145],[17.4735,52.1132],[17.4696,52.1138],[17.4665,52.112],[17.4592,52.1144],[17.4558,52.1196],[17.4605,52.1238],[17.4675,52.1239],[17.4639,52.1262],[17.4645,52.1286],[17.4622,52.1308],[17.4655,52.1306],[17.4704,52.1395],[17.457,52.1402],[17.4479,52.1457],[17.4316,52.1618],[17.4256,52.1765],[17.4273,52.1857],[17.4265,52.1909],[17.4306,52.1945],[17.4653,52.1981],[17.4693,52.2014],[17.4712,52.2058],[17.4669,52.2055],[17.4686,52.2093],[17.4731,52.21],[17.4704,52.2145],[17.468,52.2137],[17.4666,52.2163],[17.4624,52.2148],[17.4579,52.2234],[17.4479,52.2281],[17.448,52.232],[17.4505,52.2347],[17.4567,52.2355],[17.4547,52.2435],[17.4522,52.2451],[17.4532,52.2476],[17.4701,52.2482],[17.4687,52.2528],[17.4801,52.255],[17.481,52.26],[17.4833,52.2615],[17.4817,52.264],[17.4881,52.2683],[17.4879,52.2695],[17.4849,52.2713],[17.4857,52.2722],[17.4745,52.2774],[17.4637,52.2725],[17.4511,52.2697],[17.4442,52.2722],[17.4355,52.2709],[17.4282,52.2725],[17.4324,52.2808],[17.4313,52.2817],[17.4232,52.2821],[17.4167,52.2802],[17.4117,52.2853],[17.4071,52.2851],[17.4064,52.295],[17.4098,52.2967],[17.4078,52.3011],[17.4022,52.3011],[17.4,52.3075],[17.3999,52.3139],[17.415,52.3174],[17.4191,52.324],[17.4107,52.3334],[17.4025,52.3394],[17.3954,52.3408],[17.3934,52.3386],[17.3851,52.3368],[17.3837,52.3342],[17.3772,52.3353],[17.3762,52.3372],[17.3777,52.3394],[17.3731,52.3408],[17.3729,52.3439],[17.3687,52.3453],[17.3657,52.3486],[17.3664,52.3649],[17.3579,52.3672],[17.3752,52.379],[17.3468,52.4033],[17.3579,52.409],[17.3569,52.41],[17.3642,52.4157],[17.3818,52.4188],[17.3922,52.4124],[17.4076,52.4086],[17.4171,52.4086],[17.4251,52.4049],[17.4415,52.4008],[17.4486,52.3937],[17.4496,52.391],[17.4483,52.3884],[17.4539,52.3838],[17.4533,52.3824],[17.4679,52.3794],[17.4792,52.3791],[17.4879,52.3825],[17.4752,52.3948],[17.4732,52.4041],[17.4761,52.4048],[17.4773,52.4108],[17.4841,52.4126],[17.497,52.4114],[17.4981,52.4132],[17.5335,52.41],[17.528,52.3995],[17.5352,52.4008],[17.546,52.3989],[17.5496,52.4097],[17.5546,52.4094],[17.5586,52.4068],[17.5592,52.4038],[17.5683,52.4039],[17.5728,52.4001],[17.5731,52.3975],[17.5765,52.3994],[17.595,52.3971],[17.5969,52.3925],[17.6038,52.3921],[17.6155,52.3886],[17.623,52.3876],[17.6321,52.391],[17.642,52.388],[17.6441,52.3905],[17.6615,52.3861],[17.6674,52.3896],[17.6713,52.3897],[17.6703,52.3849],[17.673,52.3807],[17.6829,52.3798],[17.6856,52.3779],[17.6914,52.3801],[17.6941,52.3832],[17.6984,52.3818],[17.7013,52.3782],[17.6978,52.367],[17.6944,52.3626],[17.6944,52.3589],[17.6969,52.3538],[17.6967,52.3484],[17.7085,52.3391],[17.7222,52.336],[17.7169,52.328],[17.7339,52.3237],[17.7339,52.3216],[17.7388,52.3215],[17.74,52.3167],[17.7433,52.3145],[17.7277,52.31],[17.7277,52.3073],[17.7291,52.3071],[17.728,52.3065],[17.7073,52.3059],[17.7054,52.3015],[17.6944,52.3009],[17.6871,52.3063],[17.6834,52.2995],[17.694,52.2944],[17.7038,52.2766],[17.7054,52.2776],[17.7134,52.2762],[17.7138,52.2731],[17.717,52.272],[17.7161,52.2706],[17.7314,52.2684],[17.7388,52.2642],[17.7658,52.2579],[17.7818,52.2472],[17.7804,52.2449],[17.7731,52.2428],[17.773,52.2396],[17.7703,52.2397],[17.7703,52.2369],[17.7723,52.237],[17.7727,52.2346],[17.7793,52.2339],[17.7765,52.2301],[17.7584,52.2296],[17.7407,52.2249],[17.7462,52.218],[17.7455,52.2167],[17.7582,52.2103],[17.7634,52.2057],[17.763,52.2034],[17.7692,52.1983],[17.7683,52.1933],[17.7701,52.1965],[17.7726,52.1973],[17.7825,52.1964],[17.7854,52.1933],[17.7997,52.1911],[17.8101,52.1928],[17.8301,52.1925],[17.8321,52.1921],[17.8336,52.1852],[17.8229,52.1642],[17.8229,52.1558],[17.8214,52.1544],[17.8225,52.1519],[17.8139,52.1519],[17.8133,52.1554],[17.8013,52.1562],[17.7976,52.1559],[17.7926,52.1521],[17.7848,52.1517],[17.7859,52.1482],[17.7794,52.1425],[17.7785,52.1296],[17.7667,52.1188],[17.7667,52.1145],[17.7709,52.1092],[17.7832,52.1072],[17.7912,52.0986],[17.8181,52.0888],[17.8235,52.0881],[17.7797,52.0793],[17.7731,52.0764],[17.7573,52.0764],[17.7595,52.0774],[17.7561,52.079],[17.7583,52.0813],[17.7507,52.083],[17.7409,52.077],[17.7333,52.0786],[17.7311,52.0767],[17.7187,52.0759],[17.7149,52.0742],[17.713,52.0714],[17.7064,52.0719],[17.7077,52.0662],[17.7061,52.066],[17.7064,52.0646],[17.6965,52.0634]]]]}},{"type":"Feature","properties":{"GID_2":"POL.15.35_1","GID_0":"POL","COUNTRY":"Poland","GID_1":"POL.15_1","NAME_1":"Wielkopolskie","NL_NAME_1":"NA","NAME_2":"Zlotow","VARNAME_2":"NA","NL_NAME_2":"NA","TYPE_2":"Powiat","ENGTYPE_2":"County","CC_2":"3031","HASC_2":"NA"},"geometry":{"type":"MultiPolygon","coordinates":[[[[17.2481,53.3796],[17.2474,53.3748],[17.2523,53.3707],[17.253,53.3682],[17.2549,53.3685],[17.2575,53.3665],[17.2558,53.3643],[17.2593,53.3617],[17.261,53.3541],[17.2646,53.3532],[17.2659,53.3508],[17.2645,53.3443],[17.2668,53.3423],[17.2641,53.3386],[17.2656,53.3359],[17.2609,53.3331],[17.2607,53.327],[17.2492,53.3237],[17.2509,53.3201],[17.2543,53.3205],[17.2558,53.3186],[17.2488,53.3152],[17.2485,53.3125],[17.2356,53.3115],[17.2321,53.3086],[17.2234,53.308],[17.2169,53.3046],[17.2098,53.3035],[17.1991,53.2976],[17.1943,53.2975],[17.1922,53.2932],[17.1889,53.2924],[17.1857,53.2876],[17.1851,53.2836],[17.1899,53.2704],[17.1862,53.2704],[17.1738,53.2654],[17.1642,53.2658],[17.142,53.262],[17.1421,53.2569],[17.1446,53.2546],[17.1433,53.2534],[17.1487,53.2518],[17.1471,53.2448],[17.144,53.2422],[17.1436,53.2385],[17.0887,53.239],[17.0824,53.2406],[17.0771,53.2396],[17.0728,53.2315],[17.0701,53.2295],[17.0604,53.2285],[17.0453,53.224],[17.0369,53.2275],[17.0286,53.2335],[17.0178,53.2314],[16.9956,53.2343],[16.9725,53.2257],[16.9691,53.2189],[16.9573,53.2179],[16.9538,53.2217],[16.9493,53.2213],[16.9488,53.2197],[16.934,53.2145],[16.9291,53.2112],[16.9267,53.211],[16.9255,53.2126],[16.9223,53.2079],[16.9145,53.2065],[16.9136,53.2013],[16.9151,53.1987],[16.9061,53.197],[16.914,53.1789],[16.8529,53.1693],[16.857,53.1779],[16.8121,53.1865],[16.7995,53.1913],[16.7958,53.1894],[16.7895,53.1904],[16.7873,53.1884],[16.7797,53.1894],[16.7877,53.1965],[16.7867,53.2033],[16.7907,53.2035],[16.7861,53.2059],[16.7865,53.2084],[16.7938,53.2137],[16.7928,53.2207],[16.8063,53.2254],[16.8077,53.2279],[16.8125,53.2302],[16.8126,53.2335],[16.8151,53.2341],[16.8145,53.2398],[16.8216,53.2415],[16.8001,53.2515],[16.8038,53.2529],[16.7934,53.2615],[16.7894,53.2705],[16.7932,53.2726],[16.7939,53.276],[16.7935,53.2788],[16.7907,53.2806],[16.7919,53.2825],[16.7906,53.2845],[16.7989,53.2871],[16.8008,53.2896],[16.7984,53.2912],[16.7744,53.2912],[16.7661,53.2936],[16.7646,53.2961],[16.7585,53.2961],[16.7525,53.2984],[16.744,53.2823],[16.7407,53.2826],[16.7343,53.2879],[16.721,53.2916],[16.7199,53.295],[16.7146,53.2982],[16.7132,53.3017],[16.7057,53.3035],[16.6969,53.301],[16.6951,53.3024],[16.6965,53.3053],[16.6943,53.3074],[16.6906,53.3083],[16.6875,53.3072],[16.6812,53.3116],[16.6823,53.317],[16.6787,53.3195],[16.6698,53.3179],[16.6567,53.3209],[16.6541,53.3252],[16.6485,53.3261],[16.6453,53.3287],[16.6369,53.3283],[16.6355,53.3307],[16.6381,53.333],[16.6385,53.3354],[16.6291,53.3392],[16.6316,53.343],[16.6285,53.3476],[16.6063,53.3452],[16.5851,53.3467],[16.5743,53.3543],[16.576,53.3555],[16.572,53.3584],[16.5626,53.353],[16.5592,53.3536],[16.5584,53.3558],[16.5558,53.3545],[16.5511,53.3566],[16.5512,53.3587],[16.5455,53.3634],[16.5466,53.3666],[16.5418,53.3656],[16.5434,53.369],[16.5403,53.3708],[16.5408,53.3723],[16.538,53.3736],[16.5391,53.3755],[16.5365,53.3758],[16.5355,53.3783],[16.5257,53.3672],[16.5084,53.3761],[16.5075,53.3783],[16.5102,53.3796],[16.5024,53.3843],[16.4994,53.385],[16.4959,53.3833],[16.4871,53.388],[16.4916,53.3826],[16.4753,53.3878],[16.4745,53.3901],[16.477,53.3973],[16.474,53.4001],[16.4743,53.4029],[16.4726,53.4049],[16.4666,53.4041],[16.4438,53.4532],[16.4466,53.4551],[16.4522,53.4525],[16.4598,53.4525],[16.4639,53.4573],[16.464,53.4595],[16.4599,53.4583],[16.4511,53.4606],[16.4475,53.4589],[16.4473,53.4572],[16.4362,53.4606],[16.4542,53.4885],[16.482,53.4769],[16.4901,53.4703],[16.5322,53.4783],[16.5803,53.4787],[16.5844,53.4837],[16.5883,53.4824],[16.5968,53.4839],[16.6144,53.4834],[16.6211,53.4854],[16.6337,53.4857],[16.6417,53.4842],[16.6509,53.4866],[16.6548,53.491],[16.6954,53.5181],[16.7006,53.5148],[16.7104,53.5161],[16.7152,53.5205],[16.7219,53.5222],[16.7206,53.5262],[16.73,53.5292],[16.717,53.5336],[16.7192,53.5394],[16.7187,53.5442],[16.7272,53.5551],[16.7254,53.5606],[16.7277,53.5672],[16.7325,53.5689],[16.7356,53.5664],[16.7402,53.5668],[16.7464,53.5757],[16.7395,53.5837],[16.7399,53.5885],[16.738,53.5885],[16.7426,53.591],[16.7439,53.596],[16.7407,53.5989],[16.7495,53.6009],[16.7541,53.6107],[16.7603,53.6175],[16.7629,53.6181],[16.759,53.6209],[16.7582,53.6241],[16.7747,53.6272],[16.8138,53.6308],[16.8163,53.6339],[16.8131,53.6374],[16.8132,53.64],[16.8261,53.6434],[16.8309,53.6349],[16.8402,53.6293],[16.8385,53.6284],[16.8413,53.6258],[16.8491,53.6272],[16.8486,53.6287],[16.852,53.6293],[16.8553,53.6323],[16.8537,53.6387],[16.8665,53.6503],[16.8696,53.6477],[16.8817,53.6519],[16.8808,53.6528],[16.8821,53.6539],[16.8922,53.6559],[16.9,53.6396],[16.8957,53.6362],[16.8993,53.6337],[16.8962,53.6324],[16.8968,53.6314],[16.8934,53.6285],[16.9021,53.6265],[16.8962,53.6211],[16.9028,53.6178],[16.9031,53.6154],[16.906,53.6132],[16.91,53.6129],[16.9121,53.607],[16.9188,53.6053],[16.9192,53.604],[16.9143,53.6015],[16.923,53.5996],[16.9231,53.5975],[16.9259,53.5958],[16.9239,53.5929],[16.9296,53.5918],[16.9323,53.5887],[16.9307,53.5875],[16.934,53.5866],[16.9344,53.5845],[16.9404,53.5842],[16.941,53.5817],[16.9373,53.5791],[16.9399,53.576],[16.9384,53.5723],[16.9437,53.5697],[16.9439,53.563],[16.9497,53.5574],[16.9488,53.5484],[16.9515,53.5432],[16.9532,53.5419],[16.9573,53.5477],[16.9702,53.5485],[16.9702,53.5505],[16.9769,53.5526],[16.9759,53.554],[16.978,53.5538],[16.9814,53.5569],[16.9883,53.5539],[16.9918,53.5554],[16.9939,53.552],[17.0004,53.552],[16.9996,53.551],[17.0014,53.5498],[17.0065,53.5346],[16.9994,53.5333],[16.9969,53.5312],[16.9931,53.5316],[16.9914,53.529],[16.9927,53.5281],[16.9923,53.5256],[17.0008,53.5251],[16.9986,53.5207],[16.9996,53.5181],[17.0069,53.5182],[17.0123,53.5202],[17.0325,53.5155],[17.0492,53.5202],[17.0585,53.5204],[17.0646,53.5232],[17.0652,53.5265],[17.0732,53.5324],[17.084,53.5366],[17.0842,53.5389],[17.0898,53.5427],[17.1012,53.5425],[17.1178,53.5364],[17.1318,53.5365],[17.1426,53.5313],[17.1611,53.5278],[17.1639,53.5282],[17.1645,53.5307],[17.1835,53.5345],[17.1971,53.5323],[17.2084,53.5364],[17.2167,53.5337],[17.2312,53.5343],[17.2401,53.5333],[17.2401,53.5318],[17.2445,53.5312],[17.2712,53.5373],[17.2722,53.5346],[17.2816,53.534],[17.2958,53.5246],[17.3026,53.5291],[17.305,53.5285],[17.31,53.5242],[17.3082,53.5211],[17.3087,53.5172],[17.3055,53.515],[17.3051,53.5129],[17.3245,53.513],[17.3267,53.5027],[17.3388,53.5025],[17.3404,53.5016],[17.3365,53.4977],[17.3412,53.4953],[17.3495,53.4955],[17.3508,53.4935],[17.3631,53.4972],[17.3733,53.4947],[17.3773,53.4964],[17.3864,53.4967],[17.387,53.4911],[17.3941,53.4903],[17.3918,53.4885],[17.3825,53.4686],[17.3733,53.467],[17.3629,53.4585],[17.3522,53.4535],[17.3459,53.4534],[17.3444,53.4498],[17.3389,53.4498],[17.34,53.4479],[17.3348,53.445],[17.3369,53.4426],[17.3333,53.441],[17.3332,53.4385],[17.3288,53.4351],[17.324,53.4327],[17.3158,53.4317],[17.3099,53.4266],[17.2947,53.4218],[17.2953,53.4193],[17.2914,53.4177],[17.2901,53.415],[17.294,53.4121],[17.2931,53.4115],[17.296,53.4037],[17.2914,53.401],[17.2896,53.3969],[17.2861,53.3964],[17.2852,53.3943],[17.2771,53.3926],[17.2744,53.3899],[17.2672,53.3885],[17.2585,53.3808],[17.2481,53.3796]]]]}}]}