{"type":"FeatureCollection","name":"Zachodniopomorskie","crs":{"type":"name","properties":{"name":"urn:ogc:def:crs:OGC:1.3:CRS84"}},"features":[{"type":"Feature","properties":{"GID_2":"POL.16.1_1","GID_0":"POL","COUNTRY":"Poland","GID_1":"POL.16_1","NAME_1":"Zachodniopomorskie","NL_NAME_1":"NA","NAME_2":"Bialogard","VARNAME_2":"NA","NL_NAME_2":"NA","TYPE_2":"Powiat","ENGTYPE_2":"County","CC_2":"3201","HASC_2":"NA"},"geometry":{"type":"MultiPolygon","coordinates":[[[[16.1766,54.0403],[16.1808,54.0374],[16.1839,54.0386],[16.1826,54.0408],[16.1879,54.0426],[16.1966,54.035],[16.2241,54.0271],[16.2252,54.0284],[16.2346,54.0228],[16.2322,54.0235],[16.2309,54.0219],[16.2332,54.0214],[16.2311,54.0195],[16.2344,54.016],[16.2451,54.022],[16.259,54.0217],[16.2597,54.027],[16.2629,54.0254],[16.2707,54.0269],[16.2862,54.0199],[16.3198,54.0169],[16.3293,54.0138],[16.3488,54.012],[16.3415,54.005],[16.3366,54.0026],[16.3359,54.0017],[16.3377,54.0013],[16.3356,53.9993],[16.3301,53.9982],[16.3306,53.9955],[16.3268,53.9908],[16.3301,53.9903],[16.3285,53.9882],[16.3316,53.9867],[16.3278,53.9842],[16.3456,53.98],[16.3579,53.981],[16.3536,53.9864],[16.3648,53.9874],[16.3692,53.9855],[16.365,53.9803],[16.369,53.9797],[16.3725,53.9736],[16.3775,53.9737],[16.3826,53.9688],[16.3926,53.9685],[16.4009,53.9743],[16.4168,53.9709],[16.4308,53.9671],[16.4311,53.9649],[16.4283,53.9614],[16.4323,53.9617],[16.4418,53.9587],[16.457,53.9515],[16.4438,53.9494],[16.445,53.942],[16.4427,53.9392],[16.4485,53.9379],[16.4448,53.9342],[16.4462,53.9315],[16.4446,53.93],[16.4473,53.9289],[16.4453,53.9271],[16.4373,53.9265],[16.4338,53.9243],[16.4471,53.9227],[16.4421,53.9161],[16.4419,53.9133],[16.4434,53.9118],[16.4414,53.9094],[16.4426,53.9073],[16.4396,53.9062],[16.4405,53.9042],[16.4279,53.9004],[16.425,53.9035],[16.4147,53.9086],[16.4014,53.911],[16.3862,53.9095],[16.3661,53.9169],[16.3619,53.9115],[16.3547,53.909],[16.3541,53.911],[16.3527,53.9107],[16.3448,53.9021],[16.3437,53.903],[16.3411,53.9005],[16.3345,53.8889],[16.3365,53.8888],[16.338,53.8859],[16.3259,53.8765],[16.3196,53.8757],[16.3156,53.8772],[16.3034,53.8771],[16.2958,53.8735],[16.2798,53.8752],[16.2647,53.8709],[16.2661,53.8662],[16.2736,53.8588],[16.2709,53.8557],[16.2637,53.8569],[16.2611,53.8512],[16.2557,53.8494],[16.2572,53.8487],[16.2556,53.8474],[16.2568,53.8458],[16.2551,53.8429],[16.2382,53.8409],[16.2172,53.8407],[16.2129,53.8389],[16.2075,53.8331],[16.2034,53.8357],[16.1971,53.8322],[16.2018,53.8268],[16.2005,53.8254],[16.1938,53.8249],[16.183,53.8205],[16.1858,53.815],[16.185,53.8111],[16.1788,53.809],[16.1745,53.8108],[16.1739,53.8089],[16.1676,53.8081],[16.1581,53.8137],[16.1566,53.8171],[16.1487,53.8221],[16.141,53.8234],[16.1469,53.8249],[16.1485,53.8312],[16.1529,53.8309],[16.1544,53.8345],[16.1515,53.8387],[16.154,53.8435],[16.1485,53.8485],[16.1493,53.8507],[16.1464,53.8515],[16.1476,53.8527],[16.1466,53.8542],[16.1444,53.855],[16.1451,53.8592],[16.1432,53.8628],[16.1456,53.8634],[16.1433,53.8636],[16.1442,53.8646],[16.1427,53.8669],[16.145,53.8674],[16.145,53.87],[16.1433,53.8709],[16.146,53.873],[16.1451,53.876],[16.1433,53.8763],[16.1445,53.8779],[16.1427,53.8791],[16.1323,53.8809],[16.1246,53.8798],[16.1263,53.8815],[16.1246,53.8808],[16.1212,53.8836],[16.1211,53.8822],[16.1169,53.8824],[16.1155,53.8803],[16.1126,53.8817],[16.1147,53.8826],[16.1123,53.883],[16.1104,53.8856],[16.1062,53.884],[16.1005,53.8857],[16.0997,53.8845],[16.0994,53.886],[16.097,53.8865],[16.0965,53.8889],[16.0948,53.8881],[16.0919,53.8907],[16.0907,53.8979],[16.0882,53.8963],[16.0842,53.8986],[16.0687,53.8984],[16.0691,53.9],[16.065,53.9009],[16.0658,53.8955],[16.0587,53.8916],[16.0585,53.8896],[16.0504,53.8852],[16.0463,53.8809],[16.0521,53.8755],[16.0553,53.8746],[16.0536,53.8737],[16.0504,53.8759],[16.0448,53.8737],[16.0383,53.8774],[16.0406,53.8799],[16.0381,53.8814],[16.039,53.8838],[16.0296,53.8921],[16.013,53.9019],[15.996,53.9001],[15.9881,53.9013],[15.9894,53.9037],[15.9819,53.9101],[15.9567,53.9181],[15.9556,53.9145],[15.9448,53.9139],[15.9404,53.9119],[15.9123,53.9137],[15.91,53.92],[15.9128,53.9215],[15.9042,53.9226],[15.8981,53.9218],[15.8853,53.916],[15.8645,53.9159],[15.8669,53.9122],[15.8598,53.9102],[15.861,53.9051],[15.8593,53.9048],[15.865,53.8949],[15.862,53.894],[15.8626,53.8882],[15.8576,53.8862],[15.845,53.8965],[15.8463,53.8987],[15.8388,53.9014],[15.8217,53.8986],[15.8152,53.9076],[15.7978,53.9032],[15.8054,53.9013],[15.8043,53.9003],[15.8075,53.898],[15.8026,53.8945],[15.7869,53.8906],[15.7851,53.8927],[15.7795,53.8934],[15.7863,53.8959],[15.7819,53.9054],[15.7773,53.909],[15.7806,53.9095],[15.7783,53.9114],[15.7872,53.9135],[15.7822,53.9154],[15.8153,53.9323],[15.812,53.9341],[15.8008,53.9345],[15.7956,53.937],[15.7935,53.9361],[15.7934,53.9339],[15.7857,53.9347],[15.7863,53.937],[15.782,53.9371],[15.7796,53.9365],[15.7783,53.9342],[15.7616,53.9344],[15.7562,53.9384],[15.7573,53.9405],[15.7544,53.9427],[15.7642,53.9534],[15.7342,53.9599],[15.7317,53.9591],[15.7257,53.964],[15.7284,53.9672],[15.7248,53.9672],[15.7235,53.9686],[15.7253,53.9704],[15.7217,53.972],[15.7243,53.9733],[15.7312,53.9732],[15.7391,53.978],[15.7283,53.9824],[15.7315,53.9857],[15.7201,53.9911],[15.7224,53.9968],[15.7281,54.0006],[15.7463,54.0005],[15.7446,54.0061],[15.7476,54.0055],[15.7545,54.0105],[15.7445,54.0217],[15.7438,54.0258],[15.7393,54.0271],[15.7444,54.0355],[15.7449,54.0509],[15.7399,54.0601],[15.7323,54.0658],[15.743,54.0662],[15.746,54.0743],[15.7485,54.0768],[15.7553,54.0753],[15.7594,54.0733],[15.7586,54.0714],[15.7599,54.0705],[15.7664,54.068],[15.7754,54.0665],[15.7765,54.0688],[15.7794,54.0694],[15.792,54.0675],[15.7962,54.0715],[15.7918,54.073],[15.793,54.0775],[15.8005,54.0764],[15.8013,54.0775],[15.8102,54.0748],[15.8124,54.0794],[15.8176,54.076],[15.8211,54.0831],[15.834,54.0839],[15.834,54.0908],[15.831,54.0939],[15.8428,54.0973],[15.8544,54.1087],[15.8582,54.1083],[15.8592,54.1098],[15.8634,54.1084],[15.8632,54.116],[15.869,54.1198],[15.872,54.1286],[15.8805,54.1347],[15.876,54.1394],[15.8802,54.1457],[15.8932,54.1411],[15.9182,54.1387],[15.9175,54.1362],[15.9221,54.1348],[15.9204,54.1312],[15.9128,54.1259],[15.9176,54.1228],[15.929,54.1104],[15.934,54.1087],[15.9359,54.1063],[15.9324,54.1004],[15.9247,54.0971],[15.9179,54.0963],[15.9095,54.089],[15.9105,54.0766],[15.9231,54.0757],[15.9327,54.0773],[15.9397,54.0761],[15.9434,54.0734],[15.9371,54.0707],[15.9462,54.0655],[15.9489,54.0682],[15.9525,54.0666],[15.9558,54.0715],[15.9588,54.0727],[15.977,54.0734],[15.9826,54.0787],[15.988,54.0808],[15.9931,54.0787],[15.9937,54.0766],[16.0026,54.0734],[16.0315,54.0896],[16.0549,54.0952],[16.0584,54.0983],[16.0568,54.1014],[16.0577,54.1031],[16.0475,54.1069],[16.053,54.1063],[16.0554,54.1097],[16.0542,54.1109],[16.0555,54.1145],[16.0628,54.1152],[16.0667,54.1126],[16.0768,54.1113],[16.0834,54.1066],[16.086,54.1011],[16.0906,54.0978],[16.0872,54.0959],[16.0849,54.091],[16.0864,54.0854],[16.0992,54.0842],[16.102,54.0824],[16.1053,54.0785],[16.1061,54.0714],[16.1106,54.0699],[16.1149,54.0638],[16.1223,54.058],[16.1276,54.0589],[16.1297,54.0567],[16.1337,54.0569],[16.1347,54.0545],[16.1407,54.0529],[16.1411,54.0509],[16.145,54.0509],[16.1441,54.0495],[16.1476,54.0499],[16.1504,54.048],[16.1628,54.0463],[16.165,54.0442],[16.1669,54.0451],[16.1699,54.0431],[16.1717,54.0442],[16.1788,54.0422],[16.1766,54.0403]]]]}},{"type":"Feature","properties":{"GID_2":"POL.16.2_1","GID_0":"POL","COUNTRY":"Poland","GID_1":"POL.16_1","NAME_1":"Zachodniopomorskie","NL_NAME_1":"NA","NAME_2":"Choszczno","VARNAME_2":"NA","NL_NAME_2":"NA","TYPE_2":"Powiat","ENGTYPE_2":"County","CC_2":"3202","HASC_2":"NA"},"geometry":{"type":"MultiPolygon","coordinates":[[[[15.44,52.9889],[15.412,52.9803],[15.4052,52.9745],[15.3883,52.9716],[15.3862,52.9658],[15.3908,52.9628],[15.39,52.9621],[15.381,52.9591],[15.3693,52.947],[15.3659,52.9456],[15.3659,52.9478],[15.362,52.9481],[15.3612,52.9459],[15.3632,52.9442],[15.3517,52.9416],[15.3507,52.9431],[15.3246,52.9503],[15.3069,52.9529],[15.2878,52.958],[15.2868,52.9572],[15.2856,52.9584],[15.2972,52.9675],[15.2921,52.9727],[15.2889,52.9802],[15.2981,52.9824],[15.2875,52.9834],[15.283,52.9977],[15.2829,53.0091],[15.264,53.0132],[15.2623,53.0149],[15.263,53.0189],[15.2597,53.0171],[15.2597,53.0147],[15.2479,53.0169],[15.2481,53.019],[15.2578,53.0179],[15.258,53.0264],[15.2526,53.0264],[15.2529,53.0277],[15.2494,53.0284],[15.2456,53.02],[15.243,53.0198],[15.2424,53.0254],[15.2395,53.0258],[15.2418,53.028],[15.2391,53.0298],[15.2435,53.035],[15.2379,53.0363],[15.2332,53.035],[15.2179,53.0399],[15.2176,53.0416],[15.2207,53.0424],[15.2195,53.0437],[15.2076,53.0431],[15.2049,53.0448],[15.2078,53.0478],[15.2057,53.0512],[15.2064,53.0526],[15.2139,53.0585],[15.2149,53.0629],[15.2131,53.0669],[15.2192,53.075],[15.2058,53.0819],[15.2099,53.0856],[15.2109,53.0886],[15.2174,53.0912],[15.2151,53.0925],[15.2178,53.0919],[15.2169,53.0928],[15.2201,53.095],[15.227,53.0938],[15.226,53.0921],[15.2349,53.0907],[15.2443,53.0965],[15.2462,53.0959],[15.248,53.0973],[15.2587,53.0934],[15.26,53.0953],[15.2679,53.0947],[15.2758,53.1044],[15.278,53.1043],[15.2738,53.1086],[15.2729,53.1131],[15.3025,53.1279],[15.3106,53.1352],[15.3153,53.1353],[15.323,53.1309],[15.3351,53.1464],[15.3319,53.1576],[15.3337,53.1581],[15.3313,53.1625],[15.3678,53.1661],[15.3639,53.1693],[15.3656,53.1692],[15.367,53.1748],[15.3617,53.1764],[15.3572,53.1754],[15.3586,53.1794],[15.3528,53.1787],[15.353,53.1809],[15.3502,53.1857],[15.3414,53.1893],[15.3538,53.1966],[15.3323,53.2031],[15.3226,53.2084],[15.3186,53.2083],[15.3068,53.2014],[15.3048,53.2073],[15.2991,53.2008],[15.2882,53.2009],[15.2859,53.1996],[15.2783,53.203],[15.2722,53.1998],[15.2636,53.2067],[15.2633,53.2093],[15.254,53.2184],[15.2545,53.2202],[15.2589,53.2239],[15.2653,53.2353],[15.2692,53.237],[15.2747,53.2425],[15.2732,53.2451],[15.2826,53.2526],[15.2914,53.2501],[15.2968,53.2517],[15.3056,53.2515],[15.3131,53.2546],[15.3196,53.2523],[15.3347,53.2539],[15.3385,53.253],[15.3406,53.2499],[15.3516,53.2486],[15.3704,53.2515],[15.3805,53.2499],[15.388,53.2508],[15.3927,53.2473],[15.4212,53.2454],[15.4586,53.2334],[15.4709,53.2334],[15.4808,53.237],[15.4827,53.2359],[15.4927,53.2372],[15.4926,53.2389],[15.4954,53.2392],[15.4997,53.2439],[15.4944,53.2537],[15.4786,53.2492],[15.4699,53.2604],[15.4875,53.2655],[15.4912,53.2706],[15.469,53.2759],[15.4778,53.2808],[15.4764,53.2846],[15.4795,53.29],[15.4768,53.2947],[15.4795,53.2964],[15.4743,53.2973],[15.4743,53.3004],[15.4698,53.3018],[15.4707,53.3027],[15.4636,53.307],[15.4732,53.3042],[15.4724,53.3067],[15.4747,53.3086],[15.4743,53.3112],[15.4799,53.311],[15.4852,53.3086],[15.4847,53.3157],[15.5027,53.3184],[15.5057,53.3176],[15.5055,53.3187],[15.5129,53.322],[15.514,53.3244],[15.5182,53.3234],[15.522,53.3247],[15.5233,53.3254],[15.5175,53.3308],[15.5205,53.3323],[15.5388,53.3354],[15.5462,53.3328],[15.5639,53.3419],[15.5712,53.3439],[15.579,53.3427],[15.583,53.3438],[15.5862,53.3427],[15.5872,53.3394],[15.5895,53.3391],[15.5886,53.336],[15.5911,53.3374],[15.5912,53.3398],[15.5971,53.3377],[15.5958,53.3343],[15.5881,53.3311],[15.5897,53.3284],[15.5875,53.327],[15.592,53.3268],[15.5925,53.3229],[15.5995,53.3182],[15.6045,53.3171],[15.6039,53.3155],[15.6081,53.3135],[15.6088,53.3106],[15.6159,53.3089],[15.6229,53.3114],[15.6249,53.3093],[15.6241,53.308],[15.6344,53.3083],[15.6305,53.3038],[15.6147,53.2926],[15.6288,53.2895],[15.6376,53.2891],[15.6491,53.2919],[15.6845,53.288],[15.6835,53.2915],[15.6881,53.2923],[15.6942,53.2986],[15.6984,53.2995],[15.7109,53.2972],[15.7069,53.3029],[15.7092,53.3061],[15.7204,53.3092],[15.7266,53.3092],[15.7308,53.3109],[15.7321,53.3138],[15.735,53.3131],[15.7397,53.3152],[15.7664,53.3142],[15.7657,53.3129],[15.7707,53.3109],[15.7691,53.3081],[15.775,53.3094],[15.7784,53.3065],[15.7764,53.2994],[15.7709,53.2967],[15.7757,53.2891],[15.7748,53.2867],[15.7716,53.2861],[15.7719,53.2831],[15.7811,53.2809],[15.7852,53.2735],[15.7937,53.2695],[15.797,53.2617],[15.8038,53.2553],[15.8047,53.2483],[15.8087,53.2466],[15.8152,53.2405],[15.8186,53.2328],[15.8149,53.2293],[15.8165,53.2259],[15.8228,53.2263],[15.8436,53.213],[15.8468,53.214],[15.8509,53.22],[15.8587,53.221],[15.8616,53.2243],[15.8666,53.2223],[15.8692,53.2237],[15.8654,53.2247],[15.8689,53.2261],[15.8831,53.2228],[15.8937,53.2263],[15.9028,53.2256],[15.9077,53.2174],[15.9066,53.2146],[15.8957,53.2141],[15.8979,53.2096],[15.8938,53.2085],[15.8919,53.2062],[15.8906,53.2044],[15.8917,53.201],[15.9077,53.2027],[15.913,53.2061],[15.9195,53.2067],[15.9177,53.2148],[15.9192,53.216],[15.9174,53.2162],[15.9225,53.2182],[15.9286,53.2156],[15.9296,53.2174],[15.9338,53.2187],[15.9472,53.2159],[15.9709,53.2185],[15.9762,53.2154],[15.9859,53.2174],[15.9891,53.2204],[15.9927,53.2202],[15.9935,53.2241],[15.9989,53.2251],[15.9981,53.227],[16.0032,53.2279],[16.0021,53.2294],[16.0042,53.2349],[16.0022,53.236],[16.0029,53.2395],[16.0086,53.2397],[16.0089,53.2434],[16.018,53.2346],[16.0371,53.2323],[16.0338,53.2293],[16.0232,53.2269],[16.0169,53.2119],[16.0119,53.2113],[16.0168,53.2073],[16.0095,53.204],[16.0106,53.2012],[15.9991,53.1985],[15.9984,53.1955],[16.0005,53.1939],[15.9967,53.1895],[15.995,53.1846],[15.9905,53.1791],[15.9865,53.178],[15.9859,53.1747],[15.98,53.1721],[15.9628,53.129],[15.9802,53.1229],[15.9892,53.1231],[15.9821,53.1171],[15.9793,53.1103],[15.9164,53.1193],[15.9129,53.12],[15.9118,53.124],[15.8804,53.1187],[15.8753,53.1211],[15.8482,53.1152],[15.86,53.0937],[15.8335,53.0876],[15.8115,53.0844],[15.8125,53.0824],[15.8094,53.0808],[15.8135,53.0805],[15.8216,53.0652],[15.7915,53.0592],[15.7828,53.0611],[15.7798,53.0602],[15.7789,53.058],[15.7898,53.0574],[15.7944,53.0534],[15.802,53.0526],[15.8042,53.0505],[15.803,53.0474],[15.8087,53.0454],[15.7879,53.0428],[15.7902,53.041],[15.7851,53.0399],[15.7816,53.0335],[15.7788,53.0334],[15.778,53.0298],[15.7735,53.0288],[15.7729,53.0267],[15.7627,53.0267],[15.7674,53.0204],[15.7771,53.0173],[15.778,53.0151],[15.774,53.0144],[15.7757,53.0128],[15.7717,53.0067],[15.7728,53.0033],[15.7691,52.9995],[15.7648,52.9989],[15.7634,53.0005],[15.7606,52.9951],[15.7594,52.9967],[15.7565,52.9962],[15.7434,52.9914],[15.7305,52.9898],[15.7211,52.9866],[15.7191,52.9886],[15.7083,52.9905],[15.7044,52.9957],[15.6987,52.9933],[15.694,52.9958],[15.695,52.9976],[15.6919,52.9982],[15.6893,52.9959],[15.6817,52.9973],[15.6753,52.9932],[15.6611,52.99],[15.6517,52.9839],[15.6334,52.9764],[15.6155,52.9843],[15.6109,52.9822],[15.6064,52.9848],[15.6024,52.985],[15.588,52.9811],[15.5842,52.9865],[15.5805,52.9889],[15.5722,52.9869],[15.5619,52.9992],[15.5606,53.0043],[15.5566,53.0066],[15.5552,53.0113],[15.5469,53.0145],[15.5375,53.0072],[15.5298,53.0053],[15.5252,53.0063],[15.5244,53.0037],[15.5016,52.9997],[15.501,53.0007],[15.488,52.9973],[15.4751,52.9937],[15.4652,52.9887],[15.4537,52.9872],[15.4438,52.9899],[15.44,52.9889]]]]}},{"type":"Feature","properties":{"GID_2":"POL.16.3_1","GID_0":"POL","COUNTRY":"Poland","GID_1":"POL.16_1","NAME_1":"Zachodniopomorskie","NL_NAME_1":"NA","NAME_2":"Drawsko","VARNAME_2":"NA","NL_NAME_2":"NA","TYPE_2":"Powiat","ENGTYPE_2":"County","CC_2":"3203","HASC_2":"NA"},"geometry":{"type":"MultiPolygon","coordinates":[[[[16.003,53.2396],[16.0021,53.2362],[16.0041,53.2337],[16.0021,53.2294],[16.0033,53.2281],[15.9981,53.227],[15.9989,53.2251],[15.9935,53.2241],[15.9927,53.2202],[15.9891,53.2204],[15.9859,53.2174],[15.9762,53.2154],[15.9709,53.2185],[15.9472,53.2159],[15.9338,53.2187],[15.9296,53.2174],[15.9286,53.2156],[15.9225,53.2182],[15.9174,53.2162],[15.9192,53.216],[15.9177,53.2148],[15.9195,53.2067],[15.913,53.2061],[15.9077,53.2027],[15.8917,53.201],[15.8906,53.2044],[15.8919,53.2062],[15.8938,53.2085],[15.8979,53.2096],[15.8957,53.2141],[15.9066,53.2146],[15.9077,53.2174],[15.9028,53.2256],[15.8937,53.2263],[15.8831,53.2228],[15.8689,53.2261],[15.8654,53.2247],[15.8692,53.2237],[15.8666,53.2223],[15.8616,53.2243],[15.8587,53.221],[15.8509,53.22],[15.8468,53.214],[15.8436,53.213],[15.8228,53.2263],[15.8165,53.2259],[15.8149,53.2293],[15.8186,53.2328],[15.8152,53.2405],[15.8087,53.2466],[15.8047,53.2483],[15.8038,53.2553],[15.797,53.2617],[15.7937,53.2695],[15.7852,53.2735],[15.7811,53.2809],[15.7719,53.2831],[15.7716,53.2861],[15.7748,53.2867],[15.7757,53.2891],[15.7709,53.2967],[15.7764,53.2994],[15.7784,53.3065],[15.775,53.3094],[15.7691,53.3081],[15.7707,53.3109],[15.7657,53.3129],[15.7664,53.3142],[15.7397,53.3152],[15.735,53.3131],[15.7321,53.3138],[15.7308,53.3109],[15.7266,53.3092],[15.7204,53.3092],[15.7092,53.3061],[15.7069,53.3029],[15.7109,53.2972],[15.6984,53.2995],[15.6942,53.2986],[15.6881,53.2923],[15.6835,53.2915],[15.6845,53.288],[15.6491,53.2919],[15.6376,53.2891],[15.6288,53.2895],[15.6147,53.2926],[15.6305,53.3038],[15.6344,53.3083],[15.6241,53.308],[15.6249,53.3093],[15.6229,53.3114],[15.6122,53.309],[15.6039,53.3155],[15.6045,53.3171],[15.5995,53.3182],[15.5925,53.3229],[15.592,53.3268],[15.5875,53.327],[15.5897,53.3284],[15.5881,53.3311],[15.5926,53.332],[15.5933,53.3342],[15.5958,53.3343],[15.5975,53.3365],[15.5965,53.3383],[15.5912,53.3398],[15.5911,53.3374],[15.5886,53.336],[15.5895,53.3391],[15.5872,53.3394],[15.5862,53.3427],[15.5846,53.3423],[15.5911,53.3484],[15.5871,53.3654],[15.5929,53.3647],[15.597,53.3684],[15.5902,53.3692],[15.5918,53.3723],[15.5997,53.3746],[15.5998,53.3765],[15.6051,53.3767],[15.5974,53.3799],[15.5942,53.3976],[15.5983,53.3991],[15.6009,53.4027],[15.6017,53.417],[15.6047,53.4225],[15.5945,53.4251],[15.6031,53.4299],[15.6219,53.4293],[15.6272,53.4304],[15.6268,53.4332],[15.6327,53.4336],[15.6347,53.4355],[15.6442,53.4359],[15.6484,53.4415],[15.6569,53.4478],[15.6568,53.45],[15.6539,53.4502],[15.6488,53.4472],[15.6485,53.4494],[15.6521,53.4542],[15.6802,53.4668],[15.6745,53.4681],[15.6878,53.4707],[15.6966,53.4758],[15.6995,53.4743],[15.7181,53.4913],[15.7217,53.4917],[15.7147,53.4947],[15.7103,53.4995],[15.705,53.4974],[15.7065,53.5012],[15.704,53.5022],[15.7049,53.5034],[15.7018,53.5062],[15.7064,53.5081],[15.7093,53.5063],[15.7171,53.5091],[15.7157,53.5129],[15.7185,53.5137],[15.7273,53.5108],[15.7354,53.5109],[15.7357,53.5121],[15.7199,53.5146],[15.7264,53.5251],[15.7245,53.5261],[15.7153,53.5283],[15.7064,53.527],[15.7007,53.5279],[15.705,53.5293],[15.7056,53.5313],[15.7011,53.5317],[15.6999,53.5332],[15.7014,53.5351],[15.7002,53.5365],[15.7035,53.538],[15.7014,53.5416],[15.7075,53.5402],[15.7055,53.5448],[15.7083,53.5459],[15.7066,53.5474],[15.7094,53.5479],[15.7107,53.5521],[15.7138,53.5546],[15.7085,53.5587],[15.7139,53.5626],[15.7143,53.5654],[15.7116,53.5674],[15.7146,53.5721],[15.7192,53.5744],[15.7266,53.5738],[15.7261,53.5717],[15.73,53.5726],[15.7322,53.571],[15.7382,53.5786],[15.7395,53.5781],[15.7496,53.5928],[15.7561,53.5973],[15.7728,53.5921],[15.7754,53.5929],[15.7746,53.5939],[15.7775,53.5961],[15.7755,53.597],[15.7754,53.6006],[15.7773,53.6029],[15.7768,53.609],[15.7724,53.6125],[15.7734,53.6151],[15.7768,53.6146],[15.7798,53.6167],[15.7811,53.6208],[15.7835,53.6218],[15.7814,53.6244],[15.7725,53.6268],[15.7723,53.6339],[15.7733,53.6359],[15.8001,53.6397],[15.7979,53.6437],[15.7934,53.6452],[15.7945,53.6465],[15.7877,53.6518],[15.7907,53.66],[15.8003,53.663],[15.7998,53.6654],[15.8061,53.6655],[15.8071,53.6696],[15.8155,53.6737],[15.8133,53.6774],[15.8206,53.6788],[15.8317,53.6774],[15.8316,53.6754],[15.8397,53.6711],[15.8445,53.6705],[15.852,53.6628],[15.855,53.6557],[15.8533,53.6534],[15.8605,53.6523],[15.8663,53.6542],[15.8687,53.6514],[15.8717,53.6525],[15.8699,53.6537],[15.872,53.6545],[15.8812,53.654],[15.8827,53.6525],[15.8924,53.6527],[15.8937,53.6505],[15.8924,53.6498],[15.8987,53.6461],[15.9001,53.6478],[15.913,53.6486],[15.9216,53.6463],[15.9232,53.6477],[15.919,53.6492],[15.9272,53.6532],[15.9246,53.6557],[15.924,53.6591],[15.9196,53.658],[15.9233,53.6622],[15.9202,53.6637],[15.9224,53.6648],[15.9235,53.665],[15.922,53.6637],[15.9241,53.6629],[15.9242,53.6609],[15.9291,53.6601],[15.9291,53.6614],[15.9365,53.6676],[15.9325,53.6721],[15.9426,53.6785],[15.9697,53.671],[15.985,53.6701],[15.9887,53.6718],[15.9956,53.6717],[16.0056,53.6655],[16.0014,53.6614],[16.0032,53.6584],[16.0058,53.6584],[16.0118,53.6544],[16.0172,53.656],[16.0228,53.6552],[16.0231,53.6532],[16.024,53.6548],[16.0265,53.6533],[16.0241,53.6506],[16.02,53.6501],[16.0189,53.6473],[16.0229,53.6468],[16.0232,53.6502],[16.0299,53.6516],[16.026,53.6465],[16.029,53.6446],[16.0308,53.6452],[16.0319,53.6497],[16.0355,53.6492],[16.0393,53.6509],[16.0395,53.6547],[16.0429,53.6542],[16.0438,53.657],[16.0399,53.6594],[16.0364,53.6566],[16.0302,53.6595],[16.0284,53.6585],[16.0293,53.6573],[16.0272,53.6569],[16.0257,53.6588],[16.0229,53.6589],[16.0397,53.6701],[16.0465,53.6811],[16.05,53.6806],[16.0538,53.6836],[16.0592,53.6833],[16.0627,53.689],[16.0668,53.6914],[16.0732,53.6919],[16.0757,53.6891],[16.0817,53.6884],[16.085,53.6928],[16.0926,53.693],[16.0953,53.69],[16.0967,53.6919],[16.0982,53.6913],[16.0998,53.6899],[16.0983,53.6897],[16.099,53.687],[16.1019,53.6846],[16.0984,53.6816],[16.0978,53.6778],[16.1024,53.6795],[16.1039,53.6768],[16.1122,53.6721],[16.1159,53.6726],[16.1201,53.6683],[16.1268,53.6686],[16.1295,53.6707],[16.1229,53.6735],[16.1279,53.6788],[16.1293,53.6781],[16.1327,53.6805],[16.1361,53.681],[16.1434,53.6772],[16.146,53.6734],[16.1497,53.6738],[16.1509,53.6715],[16.1547,53.6711],[16.1585,53.6717],[16.1713,53.6791],[16.1787,53.6802],[16.1816,53.6844],[16.1922,53.6847],[16.1973,53.6864],[16.1956,53.69],[16.2004,53.6909],[16.2033,53.6936],[16.2337,53.6939],[16.2395,53.683],[16.2484,53.6767],[16.2538,53.6757],[16.2536,53.6727],[16.2583,53.6732],[16.2589,53.6709],[16.2623,53.67],[16.2663,53.6714],[16.2688,53.667],[16.2756,53.6624],[16.2823,53.6621],[16.2793,53.66],[16.2793,53.6564],[16.2813,53.6508],[16.2847,53.6479],[16.2872,53.648],[16.2864,53.6442],[16.2951,53.6447],[16.2997,53.6379],[16.3022,53.6381],[16.2947,53.6343],[16.3012,53.6328],[16.3004,53.6307],[16.3019,53.6305],[16.2983,53.6277],[16.2929,53.6264],[16.2941,53.6255],[16.2927,53.6238],[16.2772,53.6189],[16.2693,53.6203],[16.2629,53.6179],[16.272,53.6119],[16.2794,53.6105],[16.286,53.6124],[16.2901,53.6107],[16.2875,53.6075],[16.3049,53.6094],[16.3043,53.6067],[16.3069,53.6053],[16.3061,53.6021],[16.3079,53.5998],[16.3064,53.5992],[16.3033,53.5908],[16.31,53.588],[16.3165,53.5824],[16.3212,53.5813],[16.3153,53.5768],[16.317,53.5737],[16.3144,53.5721],[16.3149,53.5696],[16.3397,53.5706],[16.3483,53.5648],[16.347,53.5643],[16.3502,53.5604],[16.3588,53.5562],[16.3596,53.5542],[16.3655,53.5578],[16.3789,53.5616],[16.3868,53.5587],[16.3895,53.5595],[16.3973,53.5578],[16.4011,53.5617],[16.4033,53.5619],[16.4069,53.5532],[16.4174,53.5501],[16.4153,53.5469],[16.4137,53.547],[16.4163,53.5409],[16.4147,53.5377],[16.4114,53.5369],[16.414,53.5348],[16.4105,53.5344],[16.4135,53.5331],[16.4085,53.5299],[16.41,53.5257],[16.429,53.527],[16.4383,53.5258],[16.4428,53.516],[16.4451,53.5165],[16.4572,53.5084],[16.447,53.5026],[16.4579,53.4944],[16.4362,53.4606],[16.4398,53.4593],[16.4362,53.4597],[16.4326,53.4582],[16.4328,53.4565],[16.4299,53.4561],[16.4246,53.4466],[16.4208,53.4451],[16.4224,53.4418],[16.4095,53.4407],[16.4114,53.4384],[16.4067,53.4367],[16.4074,53.4352],[16.4052,53.4316],[16.398,53.4292],[16.3942,53.4212],[16.3889,53.4248],[16.3848,53.4397],[16.382,53.4392],[16.3581,53.4327],[16.3586,53.431],[16.3711,53.4262],[16.3658,53.4249],[16.3651,53.4224],[16.3623,53.4209],[16.3412,53.4178],[16.3192,53.4072],[16.3104,53.4089],[16.2915,53.4086],[16.2759,53.4007],[16.2667,53.3982],[16.2176,53.3959],[16.1507,53.3761],[16.111,53.3802],[16.1066,53.4003],[16.1038,53.3976],[16.0884,53.404],[16.0889,53.3988],[16.078,53.4012],[16.0768,53.4033],[16.0751,53.4021],[16.0618,53.4075],[16.0519,53.4074],[16.0543,53.4065],[16.0544,53.4049],[16.0595,53.405],[16.0561,53.3998],[16.0657,53.395],[16.0672,53.3976],[16.069,53.3975],[16.0684,53.3983],[16.0682,53.3988],[16.0691,53.3974],[16.0692,53.3971],[16.0703,53.3922],[16.0687,53.3924],[16.0707,53.3906],[16.0705,53.3911],[16.0704,53.3917],[16.071,53.3898],[16.0719,53.3841],[16.0719,53.3736],[16.0654,53.3712],[16.0622,53.3657],[16.0558,53.3698],[16.0518,53.3856],[16.0479,53.3918],[16.0408,53.3981],[16.0367,53.4009],[16.0272,53.4007],[16.0092,53.4038],[15.9861,53.3876],[15.9874,53.3838],[15.9728,53.3751],[15.9847,53.3707],[15.974,53.3632],[15.9766,53.3559],[15.991,53.352],[15.9851,53.3493],[15.9925,53.3399],[15.9907,53.3367],[15.9982,53.3371],[15.9903,53.3272],[15.9924,53.3266],[15.9892,53.3219],[15.996,53.3167],[16.0082,53.3112],[16.0221,53.3108],[16.025,53.3142],[16.0244,53.3174],[16.0408,53.3164],[16.0414,53.3179],[16.0448,53.3169],[16.0483,53.3199],[16.0501,53.3192],[16.0544,53.3157],[16.0515,53.3149],[16.051,53.313],[16.0478,53.3133],[16.0458,53.3107],[16.0524,53.3104],[16.059,53.313],[16.0696,53.3112],[16.0628,53.2955],[16.0661,53.2928],[16.0761,53.2891],[16.064,53.285],[16.0598,53.2811],[16.0541,53.2799],[16.0498,53.2735],[16.0439,53.2748],[16.0375,53.274],[16.0381,53.2723],[16.0362,53.2707],[16.0293,53.2687],[16.0256,53.2621],[16.0191,53.2557],[16.0077,53.2508],[16.0065,53.2489],[16.0082,53.2477],[16.0073,53.2428],[16.003,53.2396]]]]}},{"type":"Feature","properties":{"GID_2":"POL.16.4_1","GID_0":"POL","COUNTRY":"Poland","GID_1":"POL.16_1","NAME_1":"Zachodniopomorskie","NL_NAME_1":"NA","NAME_2":"Goleniow","VARNAME_2":"NA","NL_NAME_2":"NA","TYPE_2":"Powiat","ENGTYPE_2":"County","CC_2":"3204","HASC_2":"NA"},"geometry":{"type":"MultiPolygon","coordinates":[[[[15.1747,53.5972],[15.1758,53.594],[15.1729,53.5874],[15.1821,53.5836],[15.1824,53.5799],[15.1797,53.5798],[15.1804,53.5824],[15.1784,53.5838],[15.1672,53.5848],[15.1639,53.5706],[15.1572,53.5709],[15.1569,53.5684],[15.1547,53.5682],[15.1482,53.5695],[15.1471,53.5668],[15.1535,53.5664],[15.1481,53.5644],[15.1492,53.564],[15.1446,53.564],[15.1452,53.5613],[15.1467,53.5612],[15.1487,53.5558],[15.1539,53.5561],[15.154,53.5535],[15.1911,53.5508],[15.1951,53.5464],[15.1984,53.5461],[15.2159,53.547],[15.2163,53.5449],[15.2196,53.5449],[15.2188,53.5376],[15.2212,53.5374],[15.2248,53.5318],[15.2365,53.5314],[15.2185,53.5132],[15.2106,53.5103],[15.2267,53.5003],[15.2173,53.4909],[15.206,53.4892],[15.1753,53.4903],[15.1724,53.4861],[15.175,53.4778],[15.1663,53.4734],[15.1579,53.4746],[15.1508,53.4719],[15.1508,53.469],[15.1355,53.4678],[15.1286,53.4692],[15.1269,53.4743],[15.1208,53.4804],[15.0933,53.468],[15.0945,53.4654],[15.0694,53.4595],[15.0605,53.4711],[15.0398,53.464],[15.0403,53.46],[15.0144,53.4549],[15.013,53.4525],[15.007,53.4598],[14.9613,53.4585],[14.9361,53.453],[14.927,53.4469],[14.9161,53.4438],[14.8972,53.4491],[14.8929,53.4597],[14.8906,53.4586],[14.8844,53.4627],[14.8826,53.4607],[14.8857,53.4591],[14.883,53.4581],[14.8862,53.4534],[14.8761,53.4522],[14.8784,53.4455],[14.8798,53.4431],[14.8933,53.4393],[14.8571,53.4349],[14.8274,53.4289],[14.7776,53.4257],[14.7791,53.4038],[14.778,53.403],[14.7711,53.4056],[14.7697,53.404],[14.7664,53.407],[14.7373,53.4042],[14.7268,53.4047],[14.72,53.4075],[14.7169,53.4127],[14.7526,53.4258],[14.747,53.4317],[14.762,53.4412],[14.7457,53.444],[14.7435,53.4397],[14.7412,53.4401],[14.741,53.4382],[14.7361,53.4349],[14.7307,53.4351],[14.7268,53.4309],[14.7181,53.4273],[14.7134,53.4293],[14.7087,53.4265],[14.7004,53.435],[14.7028,53.4374],[14.702,53.4389],[14.705,53.4408],[14.7048,53.4433],[14.712,53.4496],[14.7113,53.4527],[14.7076,53.4553],[14.7099,53.4602],[14.7079,53.4601],[14.7105,53.4625],[14.7067,53.4635],[14.7101,53.4631],[14.7071,53.4677],[14.7037,53.4696],[14.6973,53.4682],[14.691,53.4703],[14.6913,53.472],[14.6933,53.4705],[14.6959,53.4718],[14.6958,53.474],[14.6926,53.4755],[14.6934,53.4772],[14.6992,53.4797],[14.6955,53.4818],[14.6953,53.4835],[14.6981,53.4857],[14.6942,53.4873],[14.6943,53.492],[14.7008,53.4946],[14.6996,53.4978],[14.702,53.5044],[14.6997,53.5081],[14.6948,53.5089],[14.693,53.5116],[14.6873,53.5106],[14.6798,53.5129],[14.6779,53.5206],[14.6814,53.5216],[14.6781,53.524],[14.6813,53.5245],[14.6818,53.5272],[14.6801,53.5292],[14.6828,53.5313],[14.6758,53.5366],[14.6586,53.536],[14.6545,53.5342],[14.6563,53.5315],[14.6514,53.5277],[14.6392,53.5256],[14.6368,53.5267],[14.6375,53.5328],[14.6353,53.5339],[14.6319,53.5456],[14.6228,53.5512],[14.6106,53.5533],[14.6092,53.5541],[14.6096,53.5559],[14.6015,53.5591],[14.6033,53.5609],[14.6014,53.5638],[14.6022,53.5663],[14.5976,53.575],[14.6004,53.5834],[14.5964,53.5914],[14.5986,53.5992],[14.5947,53.6043],[14.5947,53.6076],[14.5897,53.6099],[14.5925,53.6107],[14.5942,53.6263],[14.6081,53.6276],[14.6097,53.6302],[14.6075,53.631],[14.6081,53.6324],[14.6169,53.6307],[14.6153,53.6329],[14.6175,53.6326],[14.6181,53.6346],[14.6097,53.6379],[14.6142,53.6385],[14.6158,53.6429],[14.6225,53.6437],[14.6219,53.6463],[14.6158,53.6515],[14.6058,53.6496],[14.6064,53.6524],[14.6097,53.654],[14.6069,53.6574],[14.5975,53.6551],[14.5864,53.6557],[14.5853,53.6543],[14.5736,53.6571],[14.5681,53.661],[14.5708,53.6649],[14.5619,53.6662],[14.5525,53.671],[14.5475,53.6754],[14.5436,53.676],[14.5458,53.6801],[14.5442,53.684],[14.5464,53.6849],[14.5464,53.6879],[14.5442,53.689],[14.5447,53.6954],[14.5392,53.7012],[14.5386,53.7043],[14.5425,53.7076],[14.5469,53.7154],[14.5497,53.7271],[14.5553,53.7379],[14.5542,53.7426],[14.5592,53.7521],[14.5569,53.7554],[14.5603,53.7571],[14.5636,53.7549],[14.5669,53.7557],[14.5637,53.7596],[14.5653,53.7629],[14.5686,53.764],[14.5714,53.7615],[14.5714,53.7596],[14.5742,53.7588],[14.5742,53.7562],[14.5825,53.7543],[14.5875,53.7574],[14.5908,53.7624],[14.6075,53.7616],[14.6131,53.7637],[14.6158,53.7671],[14.6164,53.7715],[14.6239,53.7711],[14.6294,53.7737],[14.6405,53.7756],[14.6553,53.7726],[14.658,53.7676],[14.6624,53.7673],[14.6724,53.7711],[14.7004,53.7756],[14.7019,53.7783],[14.6963,53.7824],[14.6984,53.7838],[14.7104,53.7854],[14.7189,53.784],[14.7236,53.7859],[14.7268,53.7943],[14.7258,53.7996],[14.7288,53.8013],[14.7265,53.8041],[14.7291,53.8092],[14.7274,53.8128],[14.7323,53.813],[14.7374,53.8102],[14.737,53.8169],[14.748,53.8159],[14.7481,53.811],[14.7553,53.8036],[14.7618,53.8033],[14.7942,53.8114],[14.8012,53.8101],[14.805,53.811],[14.8081,53.8083],[14.8108,53.8092],[14.8121,53.8031],[14.8144,53.7997],[14.8183,53.7988],[14.8224,53.7938],[14.8312,53.7942],[14.8378,53.7906],[14.8399,53.7944],[14.8452,53.7984],[14.8591,53.8049],[14.8599,53.8103],[14.8649,53.8177],[14.8778,53.8103],[14.8953,53.8139],[14.8979,53.8071],[14.9015,53.805],[14.914,53.8092],[14.9192,53.803],[14.9304,53.799],[14.9294,53.794],[14.9397,53.79],[14.9377,53.7899],[14.9421,53.7825],[14.9466,53.7799],[14.9463,53.7778],[14.9511,53.7775],[14.9499,53.7764],[14.9513,53.7755],[14.9635,53.7736],[14.9629,53.7678],[14.9816,53.7721],[14.9986,53.7809],[15.0026,53.7805],[15.0109,53.7865],[15.0199,53.7833],[15.0335,53.7847],[15.043,53.7833],[15.0671,53.7879],[15.0702,53.785],[15.0725,53.7851],[15.0805,53.789],[15.0801,53.7912],[15.0832,53.7938],[15.0912,53.7965],[15.0918,53.7941],[15.0887,53.7934],[15.0898,53.7903],[15.0984,53.7876],[15.1098,53.7884],[15.1067,53.7872],[15.1238,53.787],[15.1257,53.7861],[15.1238,53.7823],[15.1304,53.784],[15.1315,53.7889],[15.1392,53.7901],[15.136,53.7875],[15.1464,53.7864],[15.1529,53.783],[15.1521,53.7816],[15.1561,53.778],[15.1563,53.7743],[15.1586,53.7719],[15.1625,53.7713],[15.1657,53.7655],[15.1675,53.7651],[15.1697,53.7576],[15.1816,53.7554],[15.1915,53.7516],[15.1876,53.7481],[15.1906,53.7429],[15.1995,53.7398],[15.2064,53.7397],[15.215,53.7297],[15.2216,53.7283],[15.2248,53.7237],[15.2297,53.7222],[15.229,53.7213],[15.2311,53.7206],[15.2282,53.7181],[15.2299,53.7161],[15.2247,53.715],[15.2257,53.7128],[15.2416,53.7099],[15.2462,53.7107],[15.248,53.7093],[15.2475,53.7051],[15.2504,53.7018],[15.2569,53.7037],[15.2615,53.6962],[15.2595,53.6951],[15.2604,53.6928],[15.2568,53.6919],[15.2607,53.683],[15.2599,53.6801],[15.265,53.6782],[15.2676,53.6789],[15.2803,53.6732],[15.2754,53.6683],[15.2729,53.6629],[15.275,53.6601],[15.3018,53.6606],[15.2995,53.6455],[15.313,53.638],[15.3074,53.6348],[15.3077,53.6328],[15.3263,53.6312],[15.3273,53.6298],[15.327,53.6277],[15.3217,53.6272],[15.3221,53.6259],[15.3144,53.6257],[15.3096,53.6219],[15.2731,53.6277],[15.27,53.6222],[15.265,53.6177],[15.2626,53.6184],[15.2573,53.6131],[15.2555,53.6165],[15.254,53.6166],[15.2519,53.6128],[15.2485,53.6115],[15.2456,53.6145],[15.2461,53.6158],[15.2412,53.6166],[15.2409,53.6216],[15.2363,53.6215],[15.2339,53.6245],[15.2292,53.6225],[15.2225,53.6258],[15.2179,53.6245],[15.2167,53.6269],[15.2095,53.627],[15.2058,53.6295],[15.2045,53.6271],[15.212,53.6248],[15.2092,53.6229],[15.2106,53.6205],[15.2091,53.6192],[15.2125,53.617],[15.2128,53.5966],[15.206,53.5958],[15.2099,53.5942],[15.2007,53.5945],[15.1817,53.5899],[15.1786,53.5981],[15.1747,53.5972]]],[[[14.5969,53.6365],[14.5953,53.6343],[14.5919,53.6351],[14.5942,53.6379],[14.5969,53.6365]]],[[[14.5314,53.6707],[14.5265,53.6727],[14.5231,53.6743],[14.5303,53.6771],[14.5353,53.6768],[14.5369,53.6738],[14.5336,53.6724],[14.5336,53.6699],[14.5314,53.6707]]],[[[14.6165,53.773],[14.6168,53.7728],[14.6168,53.7724],[14.6164,53.7724],[14.6165,53.773]]],[[[14.6158,53.7733],[14.6159,53.7733],[14.6161,53.7732],[14.6158,53.7732],[14.6158,53.7733]]]]}},{"type":"Feature","properties":{"GID_2":"POL.16.5_1","GID_0":"POL","COUNTRY":"Poland","GID_1":"POL.16_1","NAME_1":"Zachodniopomorskie","NL_NAME_1":"NA","NAME_2":"Gryfice","VARNAME_2":"NA","NL_NAME_2":"NA","TYPE_2":"Powiat","ENGTYPE_2":"County","CC_2":"3205","HASC_2":"NA"},"geometry":{"type":"MultiPolygon","coordinates":[[[[15.2219,53.7276],[15.215,53.7297],[15.2064,53.7397],[15.1995,53.7398],[15.1906,53.7429],[15.1876,53.7481],[15.1915,53.7516],[15.1816,53.7554],[15.1697,53.7576],[15.1675,53.7651],[15.1657,53.7655],[15.1625,53.7713],[15.1586,53.7719],[15.1564,53.7742],[15.1561,53.778],[15.1521,53.7816],[15.1529,53.783],[15.1487,53.7841],[15.1482,53.7857],[15.1361,53.7874],[15.1392,53.7901],[15.1378,53.7901],[15.1315,53.7889],[15.1304,53.784],[15.1238,53.7823],[15.1257,53.7861],[15.1238,53.787],[15.1067,53.7872],[15.1098,53.7884],[15.0984,53.7876],[15.0898,53.7903],[15.0887,53.7934],[15.0918,53.7941],[15.0912,53.7965],[15.0832,53.7938],[15.0837,53.7984],[15.0958,53.7991],[15.0967,53.8127],[15.0588,53.8152],[15.0614,53.819],[15.0538,53.8203],[15.0579,53.8221],[15.0652,53.8219],[15.0574,53.8224],[15.0581,53.8239],[15.0553,53.8244],[15.0548,53.8308],[15.0484,53.8323],[15.0441,53.8359],[15.0388,53.8373],[15.042,53.8438],[15.0501,53.85],[15.0554,53.8495],[15.0481,53.8651],[15.0416,53.8724],[15.0412,53.8778],[15.0465,53.8822],[15.05,53.8886],[15.0593,53.8897],[15.0611,53.8928],[15.0589,53.8949],[15.0597,53.898],[15.0552,53.9027],[15.0245,53.9121],[15.0213,53.9163],[15.0269,53.924],[15.0389,53.9239],[15.0557,53.9284],[15.0582,53.9314],[15.0748,53.9285],[15.077,53.9295],[15.0747,53.9348],[15.0672,53.936],[15.0606,53.9401],[15.0599,53.9435],[15.0548,53.9445],[15.0567,53.9478],[15.0556,53.9517],[15.0574,53.9634],[15.0597,53.966],[15.0536,53.9673],[15.0421,53.9658],[15.0395,53.9745],[15.036,53.9793],[15.0297,53.9843],[15.0215,53.9867],[15.0165,53.992],[15.0086,53.9928],[15.0062,54.0013],[15.0009,54.0009],[14.9928,54.0055],[14.9844,54.0049],[14.9792,54.0007],[14.9697,54.0053],[14.972,54.0075],[14.9669,54.0058],[14.9656,54.0092],[14.9707,54.0124],[14.9661,54.0123],[14.9654,54.0139],[14.9709,54.0146],[14.9673,54.0186],[14.9743,54.0216],[14.9747,54.0238],[14.9788,54.0238],[14.979,54.0281],[14.983,54.0274],[14.9813,54.0295],[14.9738,54.0311],[14.9703,54.0341],[14.9613,54.048],[14.9541,54.0403],[14.9296,54.0392],[14.9295,54.0419],[14.9246,54.0416],[14.9249,54.0442],[14.9267,54.0442],[14.926,54.0475],[14.9011,54.0447],[14.8958,54.0546],[14.9742,54.0727],[15.0559,54.0941],[15.0912,54.0994],[15.2463,54.1348],[15.2784,54.1442],[15.2842,54.1465],[15.2846,54.1485],[15.286,54.1471],[15.2991,54.1483],[15.388,54.1591],[15.3911,54.1565],[15.3903,54.1531],[15.3881,54.1523],[15.3896,54.1512],[15.3642,54.1307],[15.3534,54.1267],[15.3542,54.1211],[15.3501,54.1182],[15.3585,54.1171],[15.3646,54.112],[15.3712,54.1103],[15.3759,54.1062],[15.3806,54.1058],[15.3839,54.0973],[15.3761,54.0975],[15.3616,54.0881],[15.3549,54.0859],[15.3542,54.084],[15.3584,54.0835],[15.3599,54.0793],[15.3563,54.0772],[15.3474,54.0758],[15.3478,54.0744],[15.3522,54.0735],[15.3666,54.0778],[15.3681,54.0737],[15.3909,54.08],[15.3981,54.0796],[15.3986,54.0816],[15.4008,54.0826],[15.4216,54.0795],[15.4224,54.0775],[15.4299,54.0773],[15.4386,54.0737],[15.4364,54.0701],[15.4438,54.065],[15.4466,54.0598],[15.4525,54.0551],[15.4549,54.0482],[15.4531,54.0462],[15.4504,54.0467],[15.4352,54.0404],[15.4336,54.0359],[15.4348,54.0316],[15.4321,54.0256],[15.4185,54.0186],[15.4226,54.0174],[15.4206,54.0148],[15.431,54.0121],[15.4235,54.007],[15.4212,54.0029],[15.4252,54.0024],[15.4195,53.9893],[15.4209,53.9892],[15.4227,53.976],[15.4261,53.9658],[15.4245,53.9639],[15.424,53.9593],[15.4179,53.9573],[15.4194,53.9545],[15.4229,53.9539],[15.4247,53.9549],[15.4307,53.9536],[15.431,53.9552],[15.4334,53.9556],[15.4357,53.9539],[15.4399,53.9547],[15.4389,53.9535],[15.4444,53.9467],[15.4507,53.9478],[15.4664,53.9403],[15.4633,53.9376],[15.4659,53.9292],[15.4636,53.9269],[15.4592,53.928],[15.4557,53.9259],[15.4491,53.9268],[15.4466,53.9256],[15.4451,53.9206],[15.4335,53.922],[15.4355,53.9212],[15.4329,53.9181],[15.4376,53.9171],[15.4375,53.9148],[15.4395,53.9142],[15.4362,53.9092],[15.4457,53.9048],[15.449,53.9016],[15.4569,53.9007],[15.4512,53.896],[15.4539,53.893],[15.483,53.8899],[15.4836,53.892],[15.4773,53.8941],[15.4773,53.8962],[15.4847,53.8959],[15.4842,53.8944],[15.4862,53.8925],[15.4842,53.8913],[15.4858,53.8893],[15.4784,53.8755],[15.4738,53.8773],[15.473,53.8758],[15.4665,53.8778],[15.4637,53.877],[15.463,53.8695],[15.465,53.8693],[15.4683,53.8624],[15.4663,53.8593],[15.4679,53.8559],[15.4403,53.8464],[15.4286,53.8486],[15.4277,53.8529],[15.4244,53.8552],[15.4193,53.8521],[15.4082,53.8613],[15.402,53.861],[15.4003,53.8587],[15.4007,53.8526],[15.3964,53.8491],[15.3976,53.8472],[15.3962,53.8448],[15.3868,53.8465],[15.374,53.8418],[15.3652,53.8412],[15.3658,53.839],[15.368,53.8392],[15.3692,53.8314],[15.3595,53.8313],[15.3587,53.8277],[15.3539,53.827],[15.3589,53.8219],[15.3533,53.8182],[15.3461,53.8169],[15.3488,53.8155],[15.3457,53.8068],[15.3386,53.8071],[15.3399,53.8004],[15.3436,53.799],[15.3503,53.7992],[15.3565,53.8032],[15.3629,53.8045],[15.3663,53.8011],[15.3525,53.792],[15.3606,53.791],[15.3545,53.7826],[15.3579,53.7791],[15.3445,53.7791],[15.3372,53.7811],[15.3327,53.7724],[15.3294,53.7716],[15.3265,53.7682],[15.326,53.7658],[15.3287,53.764],[15.3278,53.7617],[15.3173,53.7571],[15.3063,53.7539],[15.3043,53.7546],[15.2999,53.7523],[15.2915,53.7542],[15.2851,53.7532],[15.2812,53.7551],[15.2718,53.7528],[15.2714,53.7498],[15.2661,53.7496],[15.2633,53.7476],[15.2656,53.7446],[15.2644,53.7427],[15.252,53.7426],[15.2524,53.7415],[15.2483,53.7391],[15.2435,53.7392],[15.2434,53.7369],[15.2475,53.7358],[15.2417,53.7314],[15.2392,53.7319],[15.2392,53.73],[15.2305,53.7305],[15.2303,53.7287],[15.2276,53.7277],[15.2219,53.7276]]]]}},{"type":"Feature","properties":{"GID_2":"POL.16.6_1","GID_0":"POL","COUNTRY":"Poland","GID_1":"POL.16_1","NAME_1":"Zachodniopomorskie","NL_NAME_1":"NA","NAME_2":"Gryfino","VARNAME_2":"NA","NL_NAME_2":"NA","TYPE_2":"Powiat","ENGTYPE_2":"County","CC_2":"3206","HASC_2":"NA"},"geometry":{"type":"MultiPolygon","coordinates":[[[[14.3217,52.7626],[14.305,52.7655],[14.2788,52.7745],[14.2537,52.7891],[14.2409,52.8001],[14.2301,52.805],[14.2265,52.8103],[14.2175,52.8169],[14.2064,52.8193],[14.1433,52.8239],[14.1316,52.8273],[14.1248,52.8335],[14.1229,52.8377],[14.1237,52.8454],[14.1298,52.8527],[14.1489,52.8664],[14.1577,52.8748],[14.1582,52.8813],[14.1616,52.8881],[14.1523,52.9006],[14.1502,52.9163],[14.1467,52.9208],[14.1454,52.9287],[14.1426,52.9332],[14.1422,52.9388],[14.1441,52.9449],[14.1388,52.9518],[14.1447,52.9622],[14.1622,52.9653],[14.1705,52.9747],[14.1895,52.9798],[14.2069,52.9875],[14.2184,52.9887],[14.2282,52.9923],[14.2356,52.9932],[14.2507,53.0007],[14.259,53.003],[14.2686,53.01],[14.2916,53.02],[14.3068,53.0297],[14.3123,53.0355],[14.3234,53.0416],[14.338,53.0466],[14.3524,53.0589],[14.3578,53.0677],[14.3587,53.072],[14.3661,53.0794],[14.368,53.0836],[14.3675,53.0862],[14.3697,53.0878],[14.3712,53.0946],[14.3702,53.1046],[14.379,53.1129],[14.3832,53.137],[14.3877,53.143],[14.3826,53.146],[14.3711,53.1573],[14.3663,53.172],[14.3698,53.1818],[14.3746,53.1878],[14.3773,53.2017],[14.3858,53.205],[14.3993,53.2068],[14.4059,53.2107],[14.4085,53.2232],[14.4212,53.2343],[14.4308,53.2391],[14.4337,53.2421],[14.436,53.2496],[14.4428,53.2558],[14.4496,53.2595],[14.4501,53.2642],[14.4447,53.2735],[14.4628,53.3018],[14.4699,53.3065],[14.4713,53.3153],[14.4853,53.3125],[14.4843,53.3179],[14.4924,53.324],[14.4915,53.3265],[14.5047,53.3252],[14.5063,53.3307],[14.5035,53.3358],[14.5075,53.34],[14.5196,53.3433],[14.5301,53.3426],[14.539,53.3481],[14.5398,53.3541],[14.546,53.3548],[14.5454,53.3596],[14.5472,53.3613],[14.5548,53.3541],[14.5512,53.3496],[14.5403,53.3432],[14.5308,53.3336],[14.5574,53.3308],[14.5629,53.328],[14.5648,53.3291],[14.5667,53.3274],[14.5666,53.3251],[14.5721,53.3217],[14.5709,53.3238],[14.5846,53.3241],[14.5751,53.3335],[14.5935,53.3365],[14.5902,53.3399],[14.5918,53.3443],[14.5996,53.3478],[14.6058,53.3547],[14.6196,53.3538],[14.621,53.3572],[14.6172,53.3575],[14.6178,53.3623],[14.629,53.3661],[14.635,53.3657],[14.6355,53.3634],[14.6438,53.3647],[14.6584,53.3618],[14.6612,53.3574],[14.6783,53.3529],[14.692,53.3563],[14.6941,53.3587],[14.6919,53.3589],[14.6913,53.3612],[14.7029,53.3597],[14.7192,53.3624],[14.7215,53.3595],[14.7072,53.35],[14.7159,53.3521],[14.7153,53.3496],[14.7182,53.3504],[14.722,53.3484],[14.7199,53.347],[14.7163,53.3485],[14.7134,53.3463],[14.716,53.3444],[14.7143,53.3429],[14.7224,53.3441],[14.7244,53.3381],[14.7318,53.3356],[14.7351,53.3365],[14.7362,53.3355],[14.735,53.3342],[14.7395,53.3348],[14.7386,53.3335],[14.7422,53.3308],[14.7449,53.3321],[14.7463,53.3292],[14.7514,53.3298],[14.7517,53.3278],[14.758,53.328],[14.7678,53.3303],[14.7691,53.3334],[14.768,53.3342],[14.7698,53.3346],[14.7682,53.3356],[14.7648,53.3368],[14.7645,53.3345],[14.7628,53.334],[14.7633,53.3374],[14.7587,53.3394],[14.757,53.3352],[14.7547,53.3369],[14.7577,53.3399],[14.7562,53.3427],[14.7609,53.3419],[14.7615,53.3405],[14.7629,53.3406],[14.7625,53.3423],[14.7687,53.3433],[14.7745,53.3404],[14.7736,53.3391],[14.7758,53.3381],[14.7904,53.3355],[14.7944,53.3335],[14.7947,53.3315],[14.801,53.3301],[14.8009,53.3259],[14.806,53.3207],[14.8078,53.3166],[14.8116,53.317],[14.8159,53.3148],[14.8194,53.3186],[14.8406,53.3202],[14.8502,53.31],[14.8651,53.3117],[14.8688,53.3085],[14.8607,53.3074],[14.8677,53.3041],[14.8658,53.299],[14.8682,53.2986],[14.8695,53.3031],[14.8752,53.3014],[14.8696,53.2944],[14.8689,53.2893],[14.8702,53.2832],[14.8743,53.2781],[14.8666,53.2769],[14.8589,53.2724],[14.8587,53.2663],[14.8623,53.2577],[14.8618,53.2465],[14.8351,53.2467],[14.8144,53.2375],[14.8048,53.2435],[14.7874,53.244],[14.7893,53.2457],[14.7877,53.2474],[14.7828,53.2465],[14.7813,53.2485],[14.7506,53.2621],[14.7498,53.2631],[14.7516,53.2651],[14.749,53.267],[14.7325,53.2676],[14.7316,53.2697],[14.7159,53.2735],[14.7022,53.2457],[14.6961,53.2453],[14.6871,53.2393],[14.6886,53.2365],[14.7021,53.234],[14.7005,53.2223],[14.7092,53.2222],[14.707,53.2191],[14.7112,53.2188],[14.7094,53.2178],[14.7109,53.2167],[14.7087,53.2121],[14.7159,53.212],[14.7177,53.2083],[14.7029,53.2068],[14.6952,53.2084],[14.6926,53.1941],[14.6885,53.1928],[14.6919,53.1911],[14.6899,53.1825],[14.6928,53.1793],[14.6869,53.1798],[14.6869,53.178],[14.6894,53.1779],[14.6965,53.1703],[14.6837,53.1678],[14.6736,53.1695],[14.6701,53.1685],[14.6688,53.1648],[14.6821,53.1625],[14.6915,53.1549],[14.6947,53.1548],[14.7,53.1574],[14.7309,53.1579],[14.7336,53.1538],[14.7281,53.1513],[14.7229,53.1511],[14.7251,53.1498],[14.7226,53.1483],[14.7246,53.146],[14.7214,53.1403],[14.7247,53.1369],[14.7294,53.135],[14.742,53.133],[14.7401,53.1303],[14.7419,53.1303],[14.7341,53.1257],[14.7486,53.1191],[14.7451,53.1174],[14.7469,53.1147],[14.7398,53.1117],[14.7414,53.1087],[14.7384,53.0966],[14.7428,53.0973],[14.7404,53.0956],[14.7419,53.0876],[14.7405,53.083],[14.7388,53.0821],[14.743,53.0816],[14.7405,53.0764],[14.7474,53.0708],[14.747,53.069],[14.7572,53.0687],[14.7511,53.0585],[14.74,53.05],[14.7359,53.0406],[14.7326,53.037],[14.6959,53.007],[14.6994,53.0028],[14.6977,53.0023],[14.704,52.9932],[14.7059,52.9878],[14.7031,52.9722],[14.708,52.9725],[14.7116,52.9712],[14.7113,52.9696],[14.7149,52.9689],[14.7117,52.9643],[14.712,52.9621],[14.7152,52.9609],[14.714,52.9582],[14.7162,52.9585],[14.7192,52.9562],[14.7182,52.9551],[14.7222,52.9503],[14.7376,52.9452],[14.7486,52.9425],[14.7471,52.9437],[14.7552,52.943],[14.7612,52.9404],[14.7578,52.9368],[14.7585,52.9306],[14.7453,52.9289],[14.7468,52.9269],[14.7447,52.9245],[14.7489,52.9203],[14.7458,52.9199],[14.7433,52.922],[14.739,52.9214],[14.7345,52.9248],[14.7319,52.9298],[14.7272,52.9313],[14.7136,52.9268],[14.6968,52.9255],[14.6925,52.9186],[14.6936,52.9141],[14.6911,52.9079],[14.6978,52.904],[14.6953,52.8958],[14.6888,52.892],[14.6664,52.8929],[14.6701,52.8894],[14.6745,52.888],[14.6733,52.8841],[14.6652,52.8839],[14.6631,52.8812],[14.67,52.8774],[14.6857,52.8738],[14.6835,52.8672],[14.6747,52.8667],[14.6743,52.8697],[14.6568,52.8657],[14.6524,52.8588],[14.6476,52.8599],[14.6449,52.8593],[14.6436,52.8571],[14.6488,52.8557],[14.6477,52.8542],[14.6495,52.8531],[14.6471,52.8508],[14.6489,52.8476],[14.6459,52.8467],[14.6557,52.8459],[14.6572,52.8434],[14.6612,52.8435],[14.6617,52.8383],[14.6708,52.8374],[14.6705,52.8362],[14.6552,52.83],[14.6422,52.8282],[14.6372,52.8255],[14.635,52.8235],[14.637,52.8165],[14.6143,52.8143],[14.6161,52.8109],[14.6067,52.7995],[14.6085,52.7843],[14.5961,52.7823],[14.593,52.7798],[14.5983,52.7799],[14.6025,52.7759],[14.5945,52.7723],[14.5964,52.7708],[14.5928,52.7714],[14.5946,52.7674],[14.5836,52.7603],[14.5826,52.7583],[14.5855,52.7573],[14.5825,52.7546],[14.5669,52.7595],[14.5634,52.7523],[14.5626,52.7529],[14.553,52.7417],[14.5321,52.747],[14.5207,52.7378],[14.5171,52.7424],[14.5151,52.7419],[14.5187,52.736],[14.5135,52.7305],[14.5228,52.7252],[14.4908,52.7125],[14.4816,52.7158],[14.4779,52.7129],[14.4777,52.7089],[14.472,52.7038],[14.4667,52.7083],[14.4558,52.7043],[14.4523,52.7016],[14.4638,52.698],[14.44,52.6836],[14.4364,52.6799],[14.4313,52.6829],[14.4287,52.6877],[14.429,52.6906],[14.424,52.6962],[14.4135,52.7008],[14.4049,52.7114],[14.3837,52.7256],[14.3735,52.7367],[14.3609,52.7406],[14.351,52.7515],[14.3389,52.7547],[14.3217,52.7626]]]]}},{"type":"Feature","properties":{"GID_2":"POL.16.7_1","GID_0":"POL","COUNTRY":"Poland","GID_1":"POL.16_1","NAME_1":"Zachodniopomorskie","NL_NAME_1":"NA","NAME_2":"Kamien","VARNAME_2":"NA","NL_NAME_2":"NA","TYPE_2":"Powiat","ENGTYPE_2":"County","CC_2":"3207","HASC_2":"NA"},"geometry":{"type":"MultiPolygon","coordinates":[[[[14.7954,53.8114],[14.7834,53.8096],[14.7618,53.8033],[14.7553,53.8036],[14.7481,53.811],[14.748,53.8159],[14.737,53.8169],[14.7374,53.8102],[14.7323,53.813],[14.7274,53.8128],[14.7291,53.8092],[14.7265,53.8041],[14.7288,53.8013],[14.7258,53.7996],[14.7268,53.7943],[14.7235,53.7859],[14.7189,53.784],[14.7104,53.7854],[14.6987,53.784],[14.6963,53.7824],[14.7019,53.7783],[14.7004,53.7756],[14.6724,53.7711],[14.6624,53.7673],[14.658,53.7676],[14.6553,53.7726],[14.6405,53.7756],[14.6294,53.7737],[14.6239,53.7711],[14.6165,53.771],[14.6164,53.7743],[14.6142,53.7774],[14.6158,53.7824],[14.6108,53.7857],[14.6131,53.7901],[14.6119,53.7974],[14.6131,53.8054],[14.6103,53.8079],[14.6114,53.8107],[14.6075,53.8154],[14.6053,53.8224],[14.6086,53.8254],[14.6186,53.8293],[14.6214,53.8324],[14.6208,53.8393],[14.6192,53.8413],[14.6275,53.8504],[14.6263,53.8554],[14.6331,53.8643],[14.6386,53.8776],[14.6397,53.8843],[14.6447,53.8854],[14.6469,53.8915],[14.6569,53.9007],[14.6703,53.9032],[14.6725,53.9068],[14.6758,53.9079],[14.6814,53.9165],[14.6881,53.9188],[14.6981,53.9162],[14.6953,53.9212],[14.6958,53.9246],[14.7003,53.926],[14.6997,53.9268],[14.7058,53.9315],[14.7142,53.9332],[14.7169,53.9354],[14.7219,53.9354],[14.7219,53.9376],[14.7242,53.9379],[14.7242,53.9396],[14.7175,53.9407],[14.7175,53.9418],[14.7431,53.9396],[14.7458,53.9376],[14.7475,53.9304],[14.7508,53.9263],[14.7492,53.9238],[14.7531,53.9218],[14.7581,53.9235],[14.7614,53.9274],[14.7592,53.9354],[14.7614,53.9424],[14.7647,53.9465],[14.7647,53.9496],[14.7625,53.9501],[14.7603,53.954],[14.7653,53.9632],[14.7625,53.9643],[14.7631,53.9712],[14.7703,53.9746],[14.7881,53.9746],[14.7675,53.979],[14.7653,53.9815],[14.7664,53.9874],[14.7647,53.9935],[14.7692,53.9982],[14.7692,54.0007],[14.7714,54.001],[14.7736,54.0051],[14.7797,54.0096],[14.7858,54.0104],[14.7936,54.0076],[14.8031,54.009],[14.8047,54.0185],[14.8036,54.026],[14.8053,54.0304],[14.7986,54.0324],[14.7914,54.0321],[14.7769,54.0288],[14.7742,54.0268],[14.7753,54.0249],[14.7742,54.0235],[14.7664,54.026],[14.7597,54.0262],[14.7469,54.0204],[14.7319,54.0199],[14.7281,54.0226],[14.7553,54.0268],[14.7722,54.0318],[14.806,54.0386],[14.8958,54.0546],[14.9011,54.0447],[14.926,54.0475],[14.9267,54.0442],[14.9249,54.0442],[14.9246,54.0416],[14.9295,54.0419],[14.9296,54.0392],[14.9541,54.0403],[14.9613,54.048],[14.9703,54.0341],[14.9738,54.0311],[14.9813,54.0295],[14.983,54.0274],[14.979,54.0281],[14.9788,54.0238],[14.9747,54.0238],[14.9743,54.0216],[14.9673,54.0186],[14.9709,54.0146],[14.9654,54.0139],[14.9661,54.0123],[14.9707,54.0124],[14.9656,54.0092],[14.9669,54.0058],[14.972,54.0075],[14.9697,54.0053],[14.9792,54.0007],[14.9844,54.0049],[14.9928,54.0055],[15.0009,54.0009],[15.0062,54.0013],[15.0086,53.9928],[15.0165,53.992],[15.0215,53.9867],[15.0297,53.9843],[15.036,53.9793],[15.0395,53.9745],[15.0421,53.9658],[15.0536,53.9673],[15.0597,53.966],[15.0574,53.9634],[15.0556,53.9517],[15.0567,53.9478],[15.0548,53.9445],[15.0599,53.9435],[15.0606,53.9401],[15.0672,53.936],[15.0747,53.9348],[15.077,53.9295],[15.0748,53.9285],[15.0582,53.9314],[15.0557,53.9284],[15.0389,53.9239],[15.0269,53.924],[15.0213,53.9163],[15.0245,53.9121],[15.0552,53.9027],[15.0591,53.8994],[15.0589,53.8949],[15.0611,53.8928],[15.0593,53.8897],[15.05,53.8886],[15.0465,53.8822],[15.0412,53.8778],[15.0416,53.8724],[15.0481,53.8651],[15.0554,53.8495],[15.0501,53.85],[15.042,53.8438],[15.0388,53.8373],[15.0441,53.8359],[15.0484,53.8323],[15.0548,53.8308],[15.0553,53.8244],[15.0581,53.8239],[15.0574,53.8224],[15.0652,53.8219],[15.0579,53.8221],[15.0538,53.8203],[15.0614,53.819],[15.0588,53.8152],[15.0967,53.8127],[15.0958,53.7991],[15.084,53.7988],[15.0832,53.7938],[15.0801,53.7912],[15.0805,53.789],[15.0725,53.7851],[15.0702,53.785],[15.0671,53.7879],[15.043,53.7833],[15.0335,53.7847],[15.0199,53.7833],[15.0109,53.7865],[15.0026,53.7805],[14.9986,53.7809],[14.9816,53.7721],[14.9629,53.7678],[14.9635,53.7736],[14.9513,53.7755],[14.9499,53.7764],[14.9511,53.7775],[14.9463,53.7778],[14.9466,53.7799],[14.9421,53.7825],[14.9377,53.7899],[14.9397,53.79],[14.9294,53.794],[14.9304,53.799],[14.9192,53.803],[14.914,53.8092],[14.9015,53.805],[14.8979,53.8071],[14.8953,53.8139],[14.8778,53.8103],[14.8649,53.8177],[14.8599,53.8103],[14.8591,53.8049],[14.8452,53.7984],[14.8399,53.7944],[14.8378,53.7906],[14.8312,53.7942],[14.8224,53.7938],[14.8183,53.7988],[14.8144,53.7997],[14.8121,53.8031],[14.8108,53.8092],[14.8081,53.8083],[14.805,53.811],[14.8012,53.8101],[14.7954,53.8114]]],[[[14.6958,53.9685],[14.6947,53.9607],[14.6908,53.9579],[14.6881,53.9518],[14.6936,53.9449],[14.6947,53.9379],[14.6753,53.926],[14.6731,53.9238],[14.6719,53.9182],[14.6636,53.9154],[14.6653,53.9132],[14.6636,53.9079],[14.6514,53.9082],[14.6464,53.9054],[14.6419,53.899],[14.6347,53.8946],[14.6342,53.8899],[14.6303,53.8849],[14.6303,53.8807],[14.6231,53.8782],[14.6231,53.8757],[14.6208,53.8746],[14.6181,53.8671],[14.6164,53.8662],[14.6164,53.861],[14.6192,53.8593],[14.6192,53.8549],[14.6208,53.8551],[14.6231,53.8501],[14.6169,53.841],[14.6164,53.8374],[14.6181,53.8329],[14.6153,53.8307],[14.6064,53.8282],[14.5964,53.8282],[14.5936,53.8265],[14.5936,53.8235],[14.5886,53.8201],[14.5869,53.8151],[14.5942,53.8124],[14.5958,53.8074],[14.5886,53.804],[14.5881,53.8013],[14.5853,53.8037],[14.5803,53.8043],[14.5775,53.8093],[14.5786,53.811],[14.5731,53.8154],[14.5731,53.8182],[14.5714,53.8196],[14.5731,53.8254],[14.5703,53.8296],[14.5808,53.8293],[14.5847,53.8338],[14.5836,53.8399],[14.5747,53.8488],[14.5558,53.8554],[14.5347,53.8593],[14.5219,53.8571],[14.5108,53.8607],[14.4931,53.8626],[14.4897,53.8618],[14.4714,53.8649],[14.4586,53.8649],[14.4425,53.8624],[14.4253,53.8646],[14.4219,53.8668],[14.4214,53.8701],[14.4247,53.8774],[14.4247,53.8812],[14.4258,53.8832],[14.4308,53.8843],[14.4319,53.8885],[14.4297,53.891],[14.4358,53.8929],[14.4364,53.8996],[14.4308,53.899],[14.4247,53.889],[14.4253,53.8849],[14.4219,53.8851],[14.4186,53.8868],[14.4192,53.8882],[14.4169,53.8901],[14.4085,53.8929],[14.408,53.8946],[14.4101,53.8947],[14.4132,53.8986],[14.4121,53.8996],[14.4048,53.8978],[14.4031,53.8989],[14.3917,53.916],[14.4278,53.9253],[14.4513,53.9347],[14.5016,53.9642],[14.5347,53.9703],[14.5916,53.987],[14.6683,54.003],[14.7208,54.019],[14.7266,54.0224],[14.7308,54.0193],[14.7503,54.019],[14.7525,54.0193],[14.7558,54.0238],[14.7597,54.0254],[14.7669,54.0238],[14.7686,54.0143],[14.7675,54.0107],[14.7286,54.0046],[14.7164,53.9976],[14.7019,53.9987],[14.6975,53.9968],[14.6942,53.9921],[14.6997,53.9888],[14.7003,53.9815],[14.6986,53.979],[14.7003,53.9785],[14.7008,53.9701],[14.6958,53.9685]]],[[[14.7331,53.9793],[14.7447,53.9776],[14.7581,53.9715],[14.7558,53.9688],[14.7558,53.966],[14.7608,53.9607],[14.7586,53.9538],[14.7514,53.9515],[14.7481,53.9546],[14.7419,53.9554],[14.7353,53.9512],[14.7219,53.9501],[14.7142,53.9463],[14.7036,53.9474],[14.7025,53.9551],[14.7058,53.9574],[14.7069,53.9629],[14.7103,53.9663],[14.7169,53.9693],[14.7136,53.9718],[14.7131,53.976],[14.7097,53.9776],[14.7103,53.9793],[14.7331,53.9793]]]]}},{"type":"Feature","properties":{"GID_2":"POL.16.8_1","GID_0":"POL","COUNTRY":"Poland","GID_1":"POL.16_1","NAME_1":"Zachodniopomorskie","NL_NAME_1":"NA","NAME_2":"Kolobrzeg","VARNAME_2":"NA","NL_NAME_2":"NA","TYPE_2":"Powiat","ENGTYPE_2":"County","CC_2":"3208","HASC_2":"NA"},"geometry":{"type":"MultiPolygon","coordinates":[[[[15.4329,53.9181],[15.4355,53.9212],[15.4335,53.922],[15.4348,53.9226],[15.4451,53.9206],[15.4466,53.9256],[15.4491,53.9268],[15.4557,53.9259],[15.4592,53.928],[15.4636,53.9269],[15.4659,53.9292],[15.4633,53.9376],[15.4664,53.9403],[15.4635,53.9422],[15.4558,53.9445],[15.4507,53.9478],[15.4444,53.9467],[15.4389,53.9535],[15.4399,53.9547],[15.4357,53.9539],[15.4334,53.9556],[15.431,53.9552],[15.4307,53.9536],[15.4247,53.9549],[15.4229,53.9539],[15.4194,53.9545],[15.4179,53.9573],[15.424,53.9593],[15.4245,53.9639],[15.4261,53.9658],[15.4227,53.976],[15.4209,53.9892],[15.4195,53.9893],[15.4252,54.0024],[15.4212,54.0029],[15.4235,54.007],[15.431,54.0121],[15.4206,54.0148],[15.4226,54.0174],[15.4185,54.0186],[15.4321,54.0256],[15.4348,54.0316],[15.4336,54.0359],[15.4352,54.0404],[15.4504,54.0467],[15.4533,54.0463],[15.4549,54.0482],[15.4525,54.0551],[15.4466,54.0598],[15.4438,54.065],[15.4364,54.0701],[15.4385,54.0738],[15.4299,54.0773],[15.4224,54.0775],[15.4216,54.0795],[15.4148,54.0809],[15.4008,54.0826],[15.3986,54.0816],[15.3981,54.0796],[15.3909,54.08],[15.3681,54.0737],[15.3666,54.0778],[15.3522,54.0735],[15.3484,54.0735],[15.3474,54.0758],[15.3563,54.0772],[15.3599,54.0793],[15.3584,54.0835],[15.3542,54.084],[15.3549,54.0859],[15.3616,54.0881],[15.3761,54.0975],[15.3839,54.0973],[15.3806,54.1058],[15.3759,54.1062],[15.3712,54.1103],[15.3646,54.112],[15.3585,54.1171],[15.3501,54.1182],[15.3542,54.1211],[15.3534,54.1267],[15.3642,54.1307],[15.3896,54.1512],[15.3881,54.1523],[15.3903,54.1531],[15.3911,54.1565],[15.388,54.1591],[15.4294,54.1654],[15.4909,54.1671],[15.5335,54.1779],[15.5501,54.1851],[15.5524,54.1871],[15.5511,54.1898],[15.5542,54.1874],[15.5809,54.1869],[15.6745,54.2008],[15.7565,54.2175],[15.792,54.2272],[15.8051,54.2207],[15.7925,54.2041],[15.8186,54.2044],[15.8129,54.2006],[15.8132,54.1982],[15.8077,54.1983],[15.8087,54.1969],[15.8071,54.1969],[15.804,54.1926],[15.8076,54.1901],[15.8061,54.1884],[15.8073,54.1871],[15.8047,54.1855],[15.8061,54.185],[15.8057,54.1835],[15.8131,54.1798],[15.8185,54.1734],[15.8196,54.1667],[15.8354,54.165],[15.8373,54.1639],[15.837,54.1618],[15.8408,54.1618],[15.8382,54.1578],[15.8374,54.1513],[15.8442,54.1508],[15.8472,54.1472],[15.8802,54.1457],[15.876,54.1394],[15.8805,54.1347],[15.872,54.1286],[15.869,54.1198],[15.8632,54.116],[15.8634,54.1084],[15.8592,54.1098],[15.8582,54.1083],[15.8544,54.1087],[15.8428,54.0973],[15.831,54.0939],[15.834,54.0908],[15.834,54.0839],[15.8211,54.0831],[15.8176,54.076],[15.8124,54.0794],[15.8102,54.0748],[15.8013,54.0775],[15.8005,54.0764],[15.793,54.0775],[15.7918,54.073],[15.7962,54.0715],[15.792,54.0675],[15.7794,54.0694],[15.7765,54.0688],[15.7754,54.0665],[15.7664,54.068],[15.7599,54.0705],[15.7586,54.0714],[15.7594,54.0733],[15.7553,54.0753],[15.7485,54.0768],[15.746,54.0743],[15.743,54.0662],[15.7323,54.0658],[15.7399,54.0601],[15.7449,54.0509],[15.7444,54.0355],[15.7393,54.0271],[15.7438,54.0258],[15.7445,54.0217],[15.7545,54.0105],[15.7476,54.0055],[15.7446,54.0061],[15.7463,54.0005],[15.7281,54.0006],[15.7224,53.9968],[15.7201,53.9911],[15.7315,53.9857],[15.7283,53.9824],[15.7391,53.978],[15.7312,53.9732],[15.7243,53.9733],[15.7217,53.972],[15.7253,53.9704],[15.7235,53.9686],[15.7248,53.9672],[15.7284,53.9672],[15.7257,53.964],[15.7248,53.965],[15.7183,53.9628],[15.7224,53.96],[15.7188,53.9584],[15.7072,53.9577],[15.7057,53.9546],[15.6946,53.9598],[15.6856,53.9619],[15.6733,53.9704],[15.6706,53.9635],[15.652,53.966],[15.6451,53.9643],[15.63,53.9459],[15.6153,53.9398],[15.5875,53.9334],[15.5793,53.9212],[15.5744,53.9168],[15.5532,53.9093],[15.5494,53.9033],[15.5641,53.8897],[15.5639,53.8864],[15.555,53.8878],[15.5474,53.885],[15.5448,53.8866],[15.5414,53.8855],[15.5328,53.8887],[15.5325,53.891],[15.5292,53.8905],[15.5301,53.8884],[15.5285,53.8879],[15.5297,53.8876],[15.5302,53.8843],[15.5291,53.8831],[15.5311,53.8819],[15.5323,53.8784],[15.5306,53.8779],[15.5328,53.8761],[15.5313,53.8736],[15.51,53.8749],[15.5085,53.873],[15.4792,53.8771],[15.4858,53.8893],[15.4842,53.8913],[15.4862,53.8925],[15.4842,53.8944],[15.4847,53.8959],[15.4773,53.8962],[15.4773,53.8941],[15.4836,53.892],[15.483,53.8899],[15.4539,53.893],[15.4512,53.896],[15.4569,53.9007],[15.449,53.9016],[15.4457,53.9048],[15.4375,53.9075],[15.4361,53.9093],[15.4395,53.9142],[15.4375,53.9148],[15.4376,53.9171],[15.4329,53.9181]]]]}},{"type":"Feature","properties":{"GID_2":"POL.16.10_1","GID_0":"POL","COUNTRY":"Poland","GID_1":"POL.16_1","NAME_1":"Zachodniopomorskie","NL_NAME_1":"NA","NAME_2":"Koszalin","VARNAME_2":"NA","NL_NAME_2":"NA","TYPE_2":"Powiat","ENGTYPE_2":"County","CC_2":"3209","HASC_2":"NA"},"geometry":{"type":"MultiPolygon","coordinates":[[[[16.4403,53.9049],[16.4396,53.9062],[16.4426,53.9073],[16.4414,53.9094],[16.4434,53.9118],[16.4419,53.9133],[16.4421,53.9161],[16.4471,53.9227],[16.4338,53.9243],[16.4373,53.9265],[16.4453,53.9271],[16.4473,53.9289],[16.4446,53.93],[16.4462,53.9315],[16.4448,53.9342],[16.4485,53.9379],[16.4427,53.9392],[16.445,53.942],[16.4438,53.9494],[16.457,53.9515],[16.4418,53.9587],[16.4323,53.9617],[16.4283,53.9614],[16.4311,53.9649],[16.4308,53.9671],[16.4014,53.9743],[16.3926,53.9685],[16.3829,53.9687],[16.3775,53.9737],[16.3725,53.9736],[16.369,53.9797],[16.365,53.9803],[16.3692,53.9855],[16.3642,53.9875],[16.3536,53.9864],[16.3579,53.981],[16.3456,53.98],[16.3278,53.9842],[16.3316,53.9867],[16.3285,53.9882],[16.3301,53.9903],[16.3268,53.9908],[16.3306,53.9955],[16.3301,53.9982],[16.3356,53.9993],[16.3377,54.0013],[16.3359,54.0017],[16.3366,54.0026],[16.3415,54.005],[16.3488,54.012],[16.3293,54.0138],[16.3198,54.0169],[16.2862,54.0199],[16.2707,54.0269],[16.2629,54.0254],[16.2597,54.027],[16.259,54.0217],[16.2451,54.022],[16.2344,54.016],[16.2311,54.0195],[16.2332,54.0214],[16.2309,54.0219],[16.2322,54.0235],[16.2346,54.0228],[16.2293,54.0261],[16.2252,54.0284],[16.2241,54.0271],[16.1966,54.035],[16.1879,54.0426],[16.1826,54.0408],[16.1839,54.0386],[16.1804,54.0374],[16.1766,54.0399],[16.1788,54.0422],[16.1759,54.0434],[16.1699,54.0431],[16.1555,54.0481],[16.1441,54.0495],[16.145,54.0509],[16.1411,54.0509],[16.1407,54.0529],[16.1347,54.0545],[16.1337,54.0569],[16.1297,54.0567],[16.1276,54.0589],[16.1223,54.058],[16.1149,54.0638],[16.1106,54.0699],[16.1061,54.0714],[16.1053,54.0785],[16.102,54.0824],[16.0992,54.0842],[16.0864,54.0854],[16.0849,54.091],[16.0872,54.0959],[16.0906,54.0979],[16.086,54.1011],[16.0834,54.1066],[16.0737,54.1124],[16.0667,54.1126],[16.0628,54.1152],[16.0555,54.1145],[16.0542,54.1109],[16.0554,54.1097],[16.053,54.1063],[16.0475,54.1069],[16.0577,54.1031],[16.0568,54.1014],[16.0584,54.0983],[16.0549,54.0952],[16.0315,54.0896],[16.0026,54.0734],[15.9937,54.0766],[15.9931,54.0787],[15.988,54.0808],[15.9826,54.0787],[15.977,54.0734],[15.9588,54.0727],[15.9558,54.0715],[15.9525,54.0666],[15.9489,54.0682],[15.9462,54.0655],[15.9371,54.0707],[15.9434,54.0734],[15.9397,54.0761],[15.9327,54.0773],[15.9231,54.0757],[15.9105,54.0766],[15.9095,54.089],[15.9179,54.0963],[15.9247,54.0971],[15.9324,54.1004],[15.9359,54.1063],[15.934,54.1087],[15.929,54.1104],[15.9176,54.1228],[15.9128,54.1259],[15.9204,54.1312],[15.9221,54.1348],[15.9175,54.1362],[15.9182,54.1387],[15.9171,54.1391],[15.8932,54.1411],[15.8802,54.1457],[15.8472,54.1472],[15.8442,54.1508],[15.8374,54.1513],[15.8382,54.1578],[15.8408,54.1618],[15.837,54.1618],[15.8373,54.1639],[15.8354,54.165],[15.8196,54.1667],[15.8185,54.1734],[15.8131,54.1798],[15.8067,54.1822],[15.8047,54.1855],[15.8073,54.1871],[15.8061,54.1884],[15.8076,54.1901],[15.8041,54.1932],[15.8071,54.1969],[15.8087,54.1969],[15.8077,54.1983],[15.8132,54.1982],[15.8129,54.2006],[15.8186,54.2044],[15.7925,54.2041],[15.8051,54.2207],[15.792,54.2272],[15.8215,54.2357],[15.855,54.2421],[15.9746,54.2514],[16.0254,54.2578],[16.0601,54.2644],[16.1024,54.2744],[16.1511,54.2909],[16.1937,54.3095],[16.2136,54.3205],[16.2156,54.3193],[16.2209,54.3238],[16.2235,54.3229],[16.222,54.32],[16.2307,54.3153],[16.2335,54.3154],[16.2298,54.3177],[16.2315,54.3191],[16.2516,54.3148],[16.2577,54.317],[16.2597,54.3203],[16.2585,54.33],[16.2624,54.3319],[16.2799,54.334],[16.28,54.3322],[16.2844,54.3326],[16.2882,54.3291],[16.2926,54.3283],[16.2906,54.324],[16.2989,54.3195],[16.3028,54.3213],[16.3093,54.3192],[16.319,54.3211],[16.3259,54.3131],[16.3289,54.2988],[16.3356,54.2871],[16.3411,54.2876],[16.3465,54.2828],[16.3895,54.2896],[16.3913,54.2918],[16.3947,54.2923],[16.393,54.2991],[16.3979,54.2992],[16.3966,54.3034],[16.4005,54.3061],[16.3975,54.3086],[16.4029,54.311],[16.4112,54.306],[16.4126,54.3026],[16.4188,54.3005],[16.4278,54.3001],[16.4265,54.2975],[16.409,54.3006],[16.4075,54.299],[16.4122,54.2925],[16.4224,54.2908],[16.4231,54.284],[16.4121,54.2809],[16.4121,54.2758],[16.4074,54.2753],[16.409,54.2723],[16.4078,54.27],[16.4035,54.2714],[16.4014,54.2703],[16.4011,54.2656],[16.3983,54.264],[16.4006,54.2602],[16.3964,54.2594],[16.395,54.2561],[16.4136,54.2523],[16.4438,54.2501],[16.4456,54.2486],[16.4434,54.2385],[16.4275,54.2327],[16.4129,54.2165],[16.438,54.2126],[16.4522,54.2188],[16.4531,54.2176],[16.4647,54.219],[16.465,54.2215],[16.4689,54.2223],[16.4821,54.2221],[16.4875,54.2239],[16.4921,54.2213],[16.4942,54.2231],[16.4976,54.223],[16.497,54.2248],[16.4982,54.2248],[16.4973,54.2263],[16.4986,54.2281],[16.4968,54.2285],[16.4988,54.2302],[16.4967,54.2336],[16.4981,54.2351],[16.4955,54.2391],[16.509,54.2401],[16.529,54.2378],[16.5492,54.2312],[16.5566,54.2265],[16.5688,54.2269],[16.5682,54.2241],[16.5711,54.2241],[16.5688,54.2233],[16.5713,54.2187],[16.5668,54.2196],[16.5625,54.2191],[16.5609,54.2167],[16.5584,54.2174],[16.5582,54.2098],[16.5529,54.2112],[16.5509,54.2094],[16.5521,54.204],[16.5468,54.2051],[16.5408,54.1978],[16.5355,54.1978],[16.5399,54.1964],[16.5409,54.1937],[16.5466,54.1909],[16.562,54.1927],[16.5651,54.1922],[16.5652,54.189],[16.5811,54.1896],[16.6056,54.1931],[16.6072,54.2005],[16.6121,54.2045],[16.6057,54.2075],[16.6048,54.2113],[16.6135,54.2177],[16.6163,54.223],[16.6398,54.2256],[16.6386,54.2244],[16.6402,54.2196],[16.6389,54.2189],[16.6469,54.2179],[16.6504,54.2198],[16.6634,54.2183],[16.6651,54.2136],[16.6644,54.2084],[16.6677,54.2078],[16.6821,54.2142],[16.6898,54.2129],[16.7007,54.2145],[16.7012,54.2179],[16.6965,54.2271],[16.7024,54.2341],[16.7095,54.2382],[16.71,54.242],[16.7264,54.2401],[16.7281,54.2364],[16.7266,54.2359],[16.7289,54.2355],[16.7318,54.2323],[16.7301,54.2317],[16.7288,54.2285],[16.73,54.225],[16.7249,54.2229],[16.724,54.2239],[16.7224,54.2212],[16.7189,54.2211],[16.715,54.217],[16.7167,54.2163],[16.7114,54.2139],[16.7172,54.2121],[16.7159,54.2098],[16.7196,54.2093],[16.7197,54.2024],[16.7327,54.2037],[16.7357,54.1886],[16.7351,54.1846],[16.7287,54.1841],[16.731,54.1784],[16.7489,54.1727],[16.7573,54.161],[16.7568,54.1578],[16.7602,54.1567],[16.7606,54.1577],[16.7644,54.1553],[16.7682,54.1565],[16.7752,54.1555],[16.7736,54.1535],[16.7762,54.1504],[16.7753,54.1469],[16.7766,54.1453],[16.7749,54.1442],[16.7775,54.136],[16.7747,54.1336],[16.78,54.134],[16.7801,54.1322],[16.7841,54.1312],[16.7814,54.1278],[16.7773,54.1273],[16.7784,54.1264],[16.7769,54.1257],[16.7797,54.1241],[16.779,54.1192],[16.7933,54.1213],[16.8046,54.1161],[16.803,54.1153],[16.8038,54.1134],[16.8023,54.1131],[16.801,54.1055],[16.7988,54.1051],[16.7993,54.1014],[16.7935,54.1009],[16.7949,54.0901],[16.7923,54.0792],[16.7982,54.0799],[16.7939,54.0779],[16.7934,54.0752],[16.7983,54.0755],[16.8035,54.0789],[16.8047,54.0759],[16.8126,54.0731],[16.809,54.0706],[16.8084,54.0662],[16.8117,54.0621],[16.8113,54.0604],[16.8066,54.0565],[16.7975,54.0551],[16.7946,54.0497],[16.7943,54.0453],[16.7981,54.0383],[16.7976,54.0353],[16.7859,54.0285],[16.7828,54.0228],[16.7874,54.0178],[16.7886,54.0131],[16.7901,54.013],[16.7887,54.0151],[16.7896,54.016],[16.7926,54.0119],[16.796,54.0126],[16.7944,54.0114],[16.7998,54.011],[16.7895,54.0108],[16.7914,54.0082],[16.7949,54.0082],[16.7943,54.0069],[16.7978,54.0071],[16.7977,54.006],[16.7989,54.0075],[16.7989,54.0057],[16.801,54.005],[16.7995,54.0029],[16.8011,53.9997],[16.7957,53.9954],[16.7971,53.9894],[16.7958,53.9888],[16.7988,53.9868],[16.7928,53.9855],[16.7902,53.9868],[16.7894,53.9895],[16.7797,53.9904],[16.7778,53.9881],[16.7719,53.9896],[16.7691,53.988],[16.7646,53.9892],[16.7645,53.991],[16.7606,53.9927],[16.7616,53.9894],[16.7583,53.9887],[16.7631,53.9854],[16.7592,53.9851],[16.7589,53.9776],[16.7508,53.976],[16.756,53.9748],[16.7557,53.9719],[16.7623,53.9662],[16.7374,53.9581],[16.732,53.9613],[16.7189,53.9534],[16.6903,53.9499],[16.7014,53.9442],[16.7111,53.9365],[16.7145,53.9386],[16.7177,53.9349],[16.7273,53.9233],[16.7101,53.9188],[16.71,53.9136],[16.7171,53.9073],[16.7168,53.9048],[16.7313,53.9005],[16.7371,53.8963],[16.7371,53.8937],[16.7348,53.8911],[16.7301,53.8897],[16.7274,53.8917],[16.7215,53.8893],[16.6997,53.8919],[16.6868,53.8889],[16.6807,53.8894],[16.6766,53.8952],[16.6739,53.8964],[16.6723,53.9016],[16.6637,53.9093],[16.6521,53.9066],[16.6535,53.9029],[16.6341,53.8995],[16.6211,53.9006],[16.6158,53.9064],[16.5934,53.9038],[16.5908,53.8992],[16.5944,53.8974],[16.587,53.8961],[16.5884,53.8918],[16.5867,53.8911],[16.5853,53.8924],[16.5804,53.8903],[16.5811,53.8877],[16.5768,53.8854],[16.5686,53.8879],[16.5582,53.8941],[16.5526,53.8913],[16.5346,53.8884],[16.5355,53.8898],[16.5331,53.8978],[16.525,53.9027],[16.5218,53.9019],[16.4998,53.9077],[16.4895,53.9072],[16.479,53.91],[16.4731,53.9072],[16.4692,53.9086],[16.4641,53.908],[16.4591,53.906],[16.4596,53.9054],[16.4591,53.9048],[16.4543,53.9055],[16.4491,53.9029],[16.4478,53.9038],[16.4455,53.9025],[16.4403,53.9049]],[[16.2212,54.1432],[16.2181,54.1479],[16.2174,54.1544],[16.1993,54.1606],[16.2091,54.1667],[16.2143,54.1651],[16.224,54.1678],[16.2427,54.1654],[16.2612,54.1584],[16.2688,54.1611],[16.269,54.1624],[16.2825,54.1661],[16.2901,54.1587],[16.2963,54.1592],[16.3,54.156],[16.3044,54.1575],[16.2943,54.1645],[16.2929,54.1642],[16.2918,54.1662],[16.2925,54.1724],[16.2871,54.1785],[16.2954,54.1833],[16.3007,54.1831],[16.299,54.1881],[16.3019,54.1886],[16.3011,54.1907],[16.3122,54.1903],[16.3172,54.1932],[16.3192,54.1967],[16.3211,54.1963],[16.3233,54.2016],[16.3205,54.207],[16.313,54.2093],[16.3087,54.2143],[16.2987,54.2195],[16.2957,54.2198],[16.2827,54.2132],[16.2812,54.2171],[16.2789,54.2171],[16.2762,54.2195],[16.2779,54.2212],[16.267,54.2217],[16.265,54.2192],[16.2613,54.2204],[16.2615,54.2217],[16.2494,54.2231],[16.247,54.2254],[16.2272,54.2244],[16.2268,54.2264],[16.2208,54.2256],[16.2174,54.2271],[16.2167,54.229],[16.2053,54.22],[16.1928,54.2154],[16.1802,54.2304],[16.1904,54.2292],[16.1868,54.2344],[16.1912,54.2339],[16.1962,54.2359],[16.1929,54.2392],[16.1974,54.2413],[16.1964,54.2426],[16.2058,54.2426],[16.2076,54.2449],[16.2047,54.2457],[16.204,54.2505],[16.1988,54.2536],[16.1959,54.2578],[16.1917,54.2737],[16.1768,54.277],[16.1687,54.2748],[16.172,54.2707],[16.1715,54.263],[16.1701,54.2618],[16.1668,54.2597],[16.1532,54.2573],[16.1489,54.2528],[16.139,54.2477],[16.1335,54.2475],[16.1324,54.2502],[16.1285,54.242],[16.1368,54.2335],[16.1297,54.2352],[16.1237,54.2319],[16.1256,54.2314],[16.1191,54.227],[16.1181,54.2266],[16.1179,54.2287],[16.1154,54.2282],[16.1156,54.2251],[16.1129,54.2239],[16.1122,54.2251],[16.1106,54.2232],[16.1099,54.2217],[16.1132,54.2194],[16.1131,54.217],[16.1148,54.2169],[16.1115,54.2129],[16.1157,54.2094],[16.1156,54.2048],[16.1144,54.2041],[16.1167,54.2002],[16.1251,54.1969],[16.1375,54.1776],[16.1353,54.1769],[16.1368,54.1736],[16.1493,54.1796],[16.161,54.1713],[16.1608,54.1682],[16.1625,54.1674],[16.1646,54.1619],[16.1668,54.1633],[16.1769,54.1563],[16.1807,54.1569],[16.193,54.1522],[16.1876,54.1492],[16.1879,54.1463],[16.1819,54.1412],[16.1801,54.1374],[16.1906,54.1395],[16.2002,54.1377],[16.2212,54.1432]]]]}},{"type":"Feature","properties":{"GID_2":"POL.16.9_1","GID_0":"POL","COUNTRY":"Poland","GID_1":"POL.16_1","NAME_1":"Zachodniopomorskie","NL_NAME_1":"NA","NAME_2":"Koszalin","VARNAME_2":"NA","NL_NAME_2":"NA","TYPE_2":"Miastonaprawachpowiatu","ENGTYPE_2":"Citywithpowiatrights","CC_2":"3261","HASC_2":"NA"},"geometry":{"type":"MultiPolygon","coordinates":[[[[16.1166,54.2008],[16.1144,54.2041],[16.1156,54.2048],[16.1157,54.2094],[16.1115,54.2129],[16.1148,54.2169],[16.1131,54.217],[16.1132,54.2194],[16.1099,54.2217],[16.1106,54.2232],[16.1122,54.2251],[16.1129,54.2239],[16.1156,54.2251],[16.1154,54.2282],[16.1179,54.2287],[16.1181,54.2266],[16.1191,54.227],[16.1256,54.2314],[16.1237,54.2319],[16.1297,54.2352],[16.1368,54.2335],[16.1285,54.242],[16.1324,54.2502],[16.1335,54.2475],[16.139,54.2477],[16.1489,54.2528],[16.1532,54.2573],[16.1668,54.2597],[16.1715,54.263],[16.1709,54.2666],[16.1722,54.2679],[16.172,54.2707],[16.1687,54.2748],[16.1768,54.277],[16.1917,54.2737],[16.1959,54.2578],[16.1988,54.2536],[16.204,54.2505],[16.2047,54.2457],[16.2076,54.2449],[16.2058,54.2426],[16.1964,54.2426],[16.1974,54.2413],[16.1929,54.2392],[16.1962,54.2359],[16.1912,54.2339],[16.1868,54.2344],[16.1904,54.2292],[16.1802,54.2304],[16.1928,54.2154],[16.2053,54.22],[16.2167,54.229],[16.2174,54.2271],[16.2208,54.2256],[16.2268,54.2264],[16.2272,54.2244],[16.247,54.2254],[16.2494,54.2231],[16.2615,54.2217],[16.2613,54.2204],[16.265,54.2192],[16.267,54.2217],[16.2779,54.2212],[16.2762,54.2195],[16.2789,54.2171],[16.2812,54.2171],[16.2827,54.2132],[16.2957,54.2198],[16.2987,54.2195],[16.3087,54.2143],[16.313,54.2093],[16.3205,54.207],[16.3233,54.2016],[16.3211,54.1963],[16.3192,54.1967],[16.3172,54.1932],[16.3122,54.1903],[16.3011,54.1907],[16.3019,54.1886],[16.299,54.1881],[16.3007,54.1831],[16.2954,54.1833],[16.2871,54.1785],[16.2925,54.1724],[16.2918,54.1662],[16.2929,54.1642],[16.2943,54.1645],[16.3044,54.1575],[16.3,54.156],[16.2963,54.1592],[16.2901,54.1587],[16.2825,54.1661],[16.269,54.1624],[16.2688,54.1611],[16.2615,54.1584],[16.2423,54.1655],[16.224,54.1678],[16.2143,54.1651],[16.2091,54.1667],[16.1993,54.1606],[16.2174,54.1544],[16.2181,54.1479],[16.2212,54.1432],[16.2002,54.1377],[16.1906,54.1395],[16.1804,54.1374],[16.1819,54.1412],[16.1879,54.1463],[16.1876,54.1492],[16.193,54.1522],[16.1807,54.1569],[16.1769,54.1563],[16.1668,54.1633],[16.1646,54.1619],[16.1625,54.1674],[16.1608,54.1682],[16.161,54.1713],[16.1493,54.1796],[16.1368,54.1736],[16.1353,54.1769],[16.1375,54.1776],[16.1251,54.1969],[16.1166,54.2008]]]]}},{"type":"Feature","properties":{"GID_2":"POL.16.11_1","GID_0":"POL","COUNTRY":"Poland","GID_1":"POL.16_1","NAME_1":"Zachodniopomorskie","NL_NAME_1":"NA","NAME_2":"Lobez","VARNAME_2":"NA","NL_NAME_2":"NA","TYPE_2":"Powiat","ENGTYPE_2":"County","CC_2":"3218","HASC_2":"NA"},"geometry":{"type":"MultiPolygon","coordinates":[[[[15.7139,53.5698],[15.7115,53.5672],[15.7143,53.5654],[15.7139,53.5626],[15.7085,53.5587],[15.7138,53.5546],[15.7107,53.5521],[15.7094,53.5479],[15.7066,53.5474],[15.7083,53.5459],[15.7055,53.5448],[15.7075,53.5402],[15.7014,53.5416],[15.7035,53.538],[15.7002,53.5365],[15.7014,53.5351],[15.6999,53.5332],[15.7011,53.5317],[15.7056,53.5313],[15.705,53.5293],[15.7007,53.5279],[15.7064,53.527],[15.7153,53.5283],[15.7245,53.5261],[15.7264,53.5251],[15.7199,53.5146],[15.7339,53.5126],[15.7357,53.5121],[15.7354,53.5109],[15.7273,53.5108],[15.7185,53.5137],[15.7157,53.5129],[15.7171,53.5091],[15.7093,53.5063],[15.7064,53.5081],[15.7018,53.5062],[15.7049,53.5034],[15.704,53.5022],[15.7065,53.5012],[15.7064,53.4995],[15.7049,53.4975],[15.6968,53.4982],[15.6974,53.4965],[15.6888,53.4847],[15.6781,53.4823],[15.6579,53.4849],[15.6527,53.4835],[15.6499,53.4809],[15.6288,53.4814],[15.6278,53.4856],[15.618,53.4908],[15.623,53.4934],[15.6224,53.4947],[15.6263,53.4939],[15.6279,53.4951],[15.6248,53.5016],[15.6078,53.5065],[15.5898,53.5046],[15.5853,53.5054],[15.5828,53.503],[15.5839,53.5004],[15.5793,53.4961],[15.5736,53.4946],[15.568,53.4954],[15.5665,53.495],[15.5671,53.4936],[15.5645,53.4933],[15.5605,53.4963],[15.5567,53.4966],[15.5528,53.4891],[15.5395,53.4825],[15.5308,53.4803],[15.5156,53.4708],[15.5072,53.4717],[15.5062,53.4709],[15.5089,53.4689],[15.508,53.468],[15.5018,53.4745],[15.4789,53.4742],[15.4756,53.4765],[15.468,53.4771],[15.4655,53.4822],[15.4537,53.4887],[15.4558,53.4909],[15.4471,53.5008],[15.4378,53.5035],[15.4345,53.5022],[15.428,53.5028],[15.4281,53.5048],[15.4251,53.5052],[15.4227,53.5075],[15.4231,53.5097],[15.4296,53.5087],[15.4298,53.5108],[15.4358,53.5095],[15.4372,53.5108],[15.4303,53.515],[15.4305,53.5169],[15.4273,53.5187],[15.4273,53.5207],[15.4186,53.5219],[15.4134,53.5173],[15.4059,53.5179],[15.399,53.5238],[15.3941,53.532],[15.4002,53.542],[15.3969,53.544],[15.3941,53.5485],[15.3538,53.5332],[15.3451,53.5311],[15.3371,53.5316],[15.3249,53.5149],[15.3204,53.5119],[15.3079,53.5084],[15.3062,53.506],[15.2867,53.5042],[15.286,53.508],[15.291,53.5094],[15.2885,53.513],[15.2897,53.5213],[15.2883,53.5247],[15.2784,53.5242],[15.2715,53.5202],[15.271,53.5213],[15.2743,53.5243],[15.2635,53.5311],[15.2595,53.5308],[15.2581,53.5335],[15.2523,53.5338],[15.2508,53.5373],[15.2455,53.5339],[15.2392,53.5344],[15.2365,53.5314],[15.2248,53.5318],[15.2212,53.5374],[15.2188,53.5376],[15.2196,53.5449],[15.2163,53.5449],[15.2159,53.547],[15.1984,53.5461],[15.1951,53.5464],[15.1911,53.5508],[15.154,53.5535],[15.1539,53.5561],[15.1482,53.5562],[15.1467,53.5612],[15.1446,53.563],[15.1535,53.5664],[15.1471,53.5668],[15.1482,53.5695],[15.1547,53.5682],[15.1569,53.5684],[15.1572,53.5709],[15.1639,53.5706],[15.1672,53.5848],[15.1784,53.5838],[15.1804,53.5824],[15.1797,53.5798],[15.1824,53.5799],[15.1821,53.5836],[15.1729,53.5874],[15.1758,53.594],[15.1747,53.5972],[15.1786,53.5981],[15.1817,53.5899],[15.2007,53.5945],[15.2099,53.5942],[15.206,53.5958],[15.2128,53.5966],[15.2125,53.617],[15.2091,53.6192],[15.2106,53.6205],[15.2092,53.6229],[15.212,53.6248],[15.2045,53.6271],[15.2058,53.6295],[15.2095,53.627],[15.2167,53.6269],[15.2179,53.6245],[15.2225,53.6258],[15.2292,53.6225],[15.2339,53.6245],[15.2363,53.6215],[15.2409,53.6216],[15.2412,53.6166],[15.2461,53.6158],[15.2456,53.6145],[15.2485,53.6115],[15.2519,53.6128],[15.254,53.6166],[15.2555,53.6165],[15.2573,53.6131],[15.2626,53.6184],[15.265,53.6177],[15.27,53.6222],[15.2731,53.6277],[15.3096,53.6219],[15.3144,53.6257],[15.3221,53.6259],[15.3217,53.6272],[15.327,53.6277],[15.3264,53.6312],[15.3077,53.6328],[15.3074,53.6348],[15.313,53.638],[15.2995,53.6455],[15.3018,53.6606],[15.275,53.6601],[15.2729,53.6629],[15.2754,53.6683],[15.2803,53.6732],[15.2676,53.6789],[15.265,53.6782],[15.2599,53.6801],[15.2607,53.683],[15.2568,53.6919],[15.2604,53.6928],[15.2595,53.6951],[15.2615,53.6962],[15.2569,53.7037],[15.2504,53.7018],[15.2475,53.7051],[15.248,53.7093],[15.2462,53.7107],[15.2416,53.7099],[15.2257,53.7128],[15.2247,53.715],[15.2299,53.7161],[15.2282,53.7181],[15.2311,53.7206],[15.2248,53.7237],[15.2225,53.7268],[15.2303,53.7287],[15.2305,53.7305],[15.2392,53.73],[15.2392,53.7319],[15.2417,53.7314],[15.2475,53.7358],[15.2434,53.7369],[15.2435,53.7392],[15.2483,53.7391],[15.2524,53.7415],[15.252,53.7426],[15.2644,53.7427],[15.2656,53.7446],[15.2633,53.7476],[15.2661,53.7496],[15.2714,53.7498],[15.2718,53.7528],[15.2812,53.7551],[15.2851,53.7532],[15.2915,53.7542],[15.2999,53.7523],[15.3043,53.7546],[15.3063,53.7539],[15.3173,53.7571],[15.3278,53.7617],[15.3287,53.764],[15.326,53.7658],[15.3265,53.7682],[15.3294,53.7716],[15.3327,53.7724],[15.3372,53.7811],[15.3445,53.7791],[15.3579,53.7791],[15.3545,53.7826],[15.3606,53.791],[15.3525,53.792],[15.3663,53.8011],[15.3629,53.8045],[15.3565,53.8032],[15.3503,53.7992],[15.3436,53.799],[15.3399,53.8004],[15.3386,53.8071],[15.3457,53.8068],[15.3488,53.8155],[15.3461,53.8169],[15.3533,53.8182],[15.3589,53.8219],[15.3539,53.827],[15.3587,53.8277],[15.3595,53.8313],[15.3692,53.8314],[15.368,53.8392],[15.3658,53.839],[15.3652,53.8412],[15.374,53.8418],[15.3868,53.8465],[15.3962,53.8448],[15.3976,53.8472],[15.3964,53.8491],[15.4007,53.8526],[15.4003,53.8587],[15.402,53.861],[15.4082,53.8613],[15.4193,53.8521],[15.4244,53.8552],[15.4277,53.8529],[15.4286,53.8486],[15.4403,53.8464],[15.4651,53.8548],[15.468,53.856],[15.4663,53.8593],[15.4683,53.8624],[15.465,53.8693],[15.463,53.8695],[15.4637,53.877],[15.4651,53.8778],[15.473,53.8758],[15.4738,53.8773],[15.4784,53.8755],[15.4792,53.8771],[15.5085,53.873],[15.51,53.8749],[15.5313,53.8736],[15.5312,53.8717],[15.5385,53.8707],[15.538,53.8681],[15.5419,53.8666],[15.5379,53.8637],[15.5384,53.8611],[15.5356,53.857],[15.5391,53.8559],[15.5429,53.8518],[15.5482,53.8516],[15.5556,53.848],[15.556,53.8452],[15.5579,53.8448],[15.5574,53.8413],[15.5592,53.8407],[15.5585,53.8381],[15.5629,53.8355],[15.5604,53.8338],[15.5618,53.8321],[15.5605,53.8304],[15.5636,53.8288],[15.5587,53.8274],[15.5596,53.8254],[15.5573,53.8254],[15.5575,53.8231],[15.555,53.8221],[15.5561,53.821],[15.5547,53.8196],[15.5614,53.8118],[15.5595,53.8108],[15.5609,53.8033],[15.5632,53.7999],[15.5677,53.7973],[15.5655,53.7927],[15.5759,53.7835],[15.5778,53.7785],[15.5846,53.7758],[15.5863,53.7723],[15.5896,53.7714],[15.5937,53.7666],[15.5909,53.7641],[15.5969,53.7601],[15.5968,53.758],[15.6031,53.7547],[15.6084,53.7558],[15.6265,53.7502],[15.6456,53.7346],[15.6462,53.7325],[15.6441,53.7309],[15.6501,53.73],[15.653,53.7261],[15.6627,53.7237],[15.6591,53.7216],[15.6611,53.72],[15.6599,53.7188],[15.6627,53.7185],[15.6666,53.7151],[15.6723,53.7141],[15.6775,53.7101],[15.6765,53.7095],[15.6782,53.7084],[15.6776,53.7073],[15.6798,53.7064],[15.68,53.7038],[15.6838,53.6989],[15.6811,53.6949],[15.6906,53.6937],[15.7,53.6871],[15.7083,53.6846],[15.7156,53.6844],[15.7179,53.6826],[15.7217,53.6833],[15.7239,53.6811],[15.7276,53.6806],[15.7282,53.6776],[15.7363,53.6804],[15.7391,53.6775],[15.743,53.6762],[15.7517,53.6761],[15.7536,53.6698],[15.76,53.6658],[15.7907,53.66],[15.7877,53.6518],[15.7945,53.6465],[15.7934,53.6452],[15.7979,53.6437],[15.8001,53.6397],[15.7733,53.6359],[15.7725,53.6268],[15.7814,53.6244],[15.7835,53.6218],[15.7811,53.6208],[15.7798,53.6167],[15.7768,53.6146],[15.7734,53.6151],[15.7724,53.6125],[15.7768,53.609],[15.7773,53.6029],[15.7754,53.6006],[15.7755,53.597],[15.7775,53.5961],[15.7746,53.5939],[15.7754,53.5929],[15.7728,53.5921],[15.7561,53.5973],[15.7496,53.5928],[15.7395,53.5781],[15.7382,53.5786],[15.7322,53.571],[15.73,53.5726],[15.7261,53.5717],[15.7266,53.5738],[15.7192,53.5744],[15.7146,53.5721],[15.7139,53.5698]]]]}},{"type":"Feature","properties":{"GID_2":"POL.16.12_1","GID_0":"POL","COUNTRY":"Poland","GID_1":"POL.16_1","NAME_1":"Zachodniopomorskie","NL_NAME_1":"NA","NAME_2":"Mysliborz","VARNAME_2":"NA","NL_NAME_2":"NA","TYPE_2":"Powiat","ENGTYPE_2":"County","CC_2":"3210","HASC_2":"NA"},"geometry":{"type":"MultiPolygon","coordinates":[[[[14.5624,52.625],[14.54,52.6313],[14.5275,52.6372],[14.5097,52.6416],[14.491,52.6508],[14.4711,52.6578],[14.4616,52.6641],[14.4587,52.6726],[14.4553,52.6758],[14.4501,52.6784],[14.4364,52.6799],[14.44,52.6836],[14.4638,52.698],[14.4523,52.7016],[14.4558,52.7043],[14.4667,52.7083],[14.472,52.7038],[14.4777,52.7089],[14.4779,52.7129],[14.4816,52.7158],[14.4908,52.7125],[14.5228,52.7252],[14.5135,52.7305],[14.5187,52.736],[14.5151,52.7419],[14.5171,52.7424],[14.5207,52.7378],[14.5321,52.747],[14.553,52.7417],[14.5626,52.7529],[14.5634,52.7523],[14.5669,52.7595],[14.5825,52.7546],[14.5855,52.7573],[14.5826,52.7583],[14.5836,52.7603],[14.5946,52.7674],[14.5928,52.7714],[14.5964,52.7708],[14.5945,52.7723],[14.6025,52.7759],[14.5983,52.7799],[14.593,52.7798],[14.5961,52.7823],[14.6085,52.7843],[14.6067,52.7995],[14.6161,52.8109],[14.6143,52.8143],[14.637,52.8165],[14.635,52.8235],[14.6372,52.8255],[14.6422,52.8282],[14.6552,52.83],[14.6705,52.8362],[14.6708,52.8374],[14.6617,52.8383],[14.6612,52.8435],[14.6572,52.8434],[14.6557,52.8459],[14.6459,52.8467],[14.6489,52.8476],[14.6471,52.8508],[14.6495,52.8531],[14.6477,52.8542],[14.6488,52.8557],[14.6436,52.8579],[14.6476,52.8599],[14.6524,52.8588],[14.6568,52.8657],[14.6719,52.8694],[14.6743,52.8697],[14.6747,52.8667],[14.6835,52.8672],[14.6857,52.8738],[14.67,52.8774],[14.6631,52.8812],[14.6652,52.8839],[14.6733,52.8841],[14.6745,52.888],[14.6701,52.8894],[14.6664,52.8929],[14.6888,52.892],[14.6953,52.8958],[14.6978,52.904],[14.6911,52.9079],[14.6936,52.9141],[14.6925,52.9186],[14.6968,52.9255],[14.7136,52.9268],[14.7272,52.9313],[14.7319,52.9298],[14.7345,52.9248],[14.739,52.9214],[14.7433,52.922],[14.7458,52.9199],[14.7489,52.9203],[14.7447,52.9245],[14.7468,52.9269],[14.7458,52.9297],[14.759,52.931],[14.7578,52.9368],[14.7612,52.9404],[14.7552,52.943],[14.7471,52.9437],[14.7492,52.9429],[14.7486,52.9425],[14.7376,52.9452],[14.7222,52.9503],[14.7182,52.9551],[14.7192,52.9562],[14.7162,52.9585],[14.714,52.9582],[14.7152,52.9609],[14.712,52.9621],[14.7117,52.9643],[14.7149,52.9689],[14.7113,52.9696],[14.7116,52.9712],[14.708,52.9725],[14.7031,52.9722],[14.7059,52.9878],[14.704,52.9932],[14.6977,53.0023],[14.6994,53.0028],[14.6959,53.007],[14.7326,53.037],[14.7438,53.0317],[14.7634,53.0265],[14.7902,53.0229],[14.788,53.0224],[14.7933,53.018],[14.7952,53.0139],[14.8095,53.012],[14.8126,53.0086],[14.837,53.016],[14.8324,53.0153],[14.8263,53.0179],[14.8145,53.019],[14.8123,53.0242],[14.8219,53.029],[14.8219,53.0317],[14.8146,53.0317],[14.8087,53.0335],[14.8102,53.0351],[14.8174,53.0359],[14.8096,53.038],[14.8101,53.0428],[14.8177,53.0428],[14.8276,53.0479],[14.8307,53.0556],[14.8366,53.0588],[14.849,53.0626],[14.8572,53.0577],[14.8689,53.0542],[14.8721,53.0506],[14.9041,53.0532],[14.8997,53.0475],[14.9077,53.0457],[14.906,53.0444],[14.9061,53.0423],[14.9162,53.043],[14.9207,53.0345],[14.9173,53.0344],[14.9166,53.0325],[14.9172,53.0245],[14.9138,53.0251],[14.9126,53.0235],[14.9088,53.0238],[14.9044,53.0216],[14.8988,53.0221],[14.8969,53.0248],[14.8945,53.0234],[14.8946,53.019],[14.8965,53.0197],[14.9074,53.0171],[14.9035,53.0151],[14.8984,53.0186],[14.8948,53.0145],[14.8963,53.0128],[14.8988,53.0134],[14.8982,53.0116],[14.9021,53.0102],[14.9082,53.0031],[14.8989,53.0042],[14.8961,53.0074],[14.8933,53.0053],[14.8727,53.0084],[14.8926,53.0045],[14.8936,53.001],[14.8906,52.9981],[14.8931,52.9946],[14.9001,52.99],[14.9059,52.9886],[14.9096,52.99],[14.9084,52.9955],[14.9062,52.9961],[14.907,53.0019],[14.9117,52.9987],[14.9161,52.999],[14.9233,52.99],[14.9213,52.9895],[14.9202,52.9872],[14.9299,52.9883],[14.9325,52.9839],[14.9301,52.9821],[14.9445,52.9827],[14.9459,52.9817],[14.9445,52.9805],[14.9467,52.9794],[14.9516,52.9817],[14.9574,52.9814],[14.957,52.977],[14.9603,52.9747],[14.96,52.9726],[14.9763,52.9703],[14.9844,52.9804],[14.9879,52.9816],[14.9894,52.9856],[14.9879,52.9869],[14.9962,52.9891],[14.9903,52.9946],[15.0054,52.9948],[15.006,52.9959],[15.0234,52.9917],[15.0225,52.9906],[15.0334,52.9894],[15.0349,52.9916],[15.033,52.9934],[15.0398,52.9974],[15.0431,52.9969],[15.044,52.9996],[15.0496,53.0025],[15.0498,53.0071],[15.0485,53.0078],[15.0494,53.0111],[15.0441,53.0153],[15.0451,53.0175],[15.0409,53.0256],[15.0436,53.0265],[15.0392,53.0338],[15.0357,53.0366],[15.019,53.0353],[15.0203,53.0454],[15.0224,53.0468],[15.0296,53.0495],[15.0351,53.0482],[15.0358,53.0527],[15.0382,53.0541],[15.0575,53.0568],[15.0573,53.0583],[15.06,53.0596],[15.0656,53.0594],[15.0723,53.0583],[15.0805,53.0424],[15.0849,53.0381],[15.087,53.0404],[15.1052,53.0385],[15.1398,53.0284],[15.1446,53.0368],[15.155,53.0487],[15.1588,53.061],[15.1825,53.0716],[15.1902,53.0793],[15.1923,53.0789],[15.1973,53.0819],[15.1986,53.0851],[15.2191,53.0758],[15.2131,53.0669],[15.2149,53.0629],[15.2139,53.0585],[15.2057,53.0512],[15.2078,53.0478],[15.2051,53.046],[15.2055,53.0441],[15.2195,53.0437],[15.2207,53.0424],[15.2176,53.0416],[15.2179,53.0399],[15.2332,53.035],[15.2379,53.0363],[15.2435,53.035],[15.2391,53.0298],[15.2418,53.028],[15.2395,53.0258],[15.2424,53.0254],[15.243,53.0198],[15.2456,53.02],[15.2494,53.0284],[15.2529,53.0277],[15.2526,53.0264],[15.258,53.0264],[15.2578,53.0179],[15.2481,53.019],[15.2479,53.0169],[15.2597,53.0147],[15.2597,53.0171],[15.263,53.0189],[15.2623,53.0149],[15.264,53.0132],[15.2829,53.0091],[15.283,52.9977],[15.2875,52.9834],[15.2981,52.9824],[15.2889,52.9802],[15.2921,52.9727],[15.2972,52.9675],[15.2856,52.9584],[15.2869,52.9571],[15.2838,52.954],[15.2833,52.9455],[15.292,52.9328],[15.3023,52.9264],[15.3079,52.9193],[15.3196,52.9094],[15.3222,52.903],[15.3317,52.9044],[15.3327,52.9018],[15.3323,52.8985],[15.3268,52.8948],[15.3224,52.8942],[15.3219,52.8958],[15.2856,52.886],[15.2881,52.882],[15.2875,52.8796],[15.2838,52.8817],[15.2811,52.887],[15.2788,52.8854],[15.2804,52.8847],[15.2757,52.8834],[15.2765,52.8827],[15.1665,52.8543],[15.163,52.8545],[15.1592,52.8572],[15.1576,52.8528],[15.0718,52.8306],[15.0682,52.8334],[15.0684,52.837],[15.0652,52.839],[15.0546,52.8432],[15.0491,52.8435],[15.0447,52.8497],[15.041,52.8593],[15.0375,52.862],[15.0281,52.8569],[15.0211,52.8577],[15.0148,52.8568],[15.0131,52.8546],[15.0087,52.8546],[15.0072,52.8537],[15.0096,52.8477],[15.0021,52.8472],[14.9987,52.8446],[14.9908,52.8425],[14.9878,52.8465],[14.9892,52.8482],[14.9881,52.8509],[14.9816,52.8489],[14.9791,52.8537],[14.9809,52.8548],[14.98,52.8599],[14.9831,52.8615],[14.9783,52.8662],[14.9688,52.8697],[14.9633,52.8677],[14.9564,52.8709],[14.9489,52.8715],[14.9546,52.8744],[14.9489,52.8785],[14.9445,52.8764],[14.9315,52.8818],[14.935,52.8844],[14.9339,52.8851],[14.9233,52.8829],[14.9261,52.8883],[14.9254,52.8897],[14.9095,52.8873],[14.9042,52.8839],[14.9017,52.8758],[14.8968,52.8724],[14.893,52.8656],[14.8941,52.8642],[14.8924,52.8637],[14.894,52.8619],[14.8903,52.8607],[14.8953,52.8553],[14.9029,52.8559],[14.9048,52.854],[14.9103,52.8552],[14.9137,52.8505],[14.9186,52.8487],[14.9192,52.8439],[14.9108,52.8382],[14.9019,52.8373],[14.8956,52.8331],[14.8949,52.8404],[14.8884,52.8463],[14.8651,52.8466],[14.8634,52.8434],[14.8654,52.8434],[14.866,52.8406],[14.8733,52.8338],[14.8594,52.8279],[14.8558,52.8307],[14.851,52.8281],[14.8546,52.8241],[14.8537,52.822],[14.8574,52.8206],[14.8544,52.8195],[14.8586,52.8176],[14.8545,52.8162],[14.8567,52.8153],[14.8549,52.8124],[14.8679,52.8122],[14.8652,52.8096],[14.8662,52.8079],[14.8638,52.8062],[14.8656,52.8037],[14.8616,52.8024],[14.8636,52.8008],[14.8618,52.8003],[14.8653,52.792],[14.8546,52.7907],[14.8546,52.7922],[14.8444,52.7903],[14.8485,52.7849],[14.8505,52.7852],[14.8489,52.7774],[14.8363,52.7774],[14.8395,52.7759],[14.8296,52.7733],[14.8155,52.7744],[14.8135,52.773],[14.8149,52.7721],[14.8107,52.7696],[14.809,52.7649],[14.8045,52.7627],[14.801,52.7585],[14.7913,52.757],[14.792,52.7544],[14.7894,52.752],[14.7997,52.7375],[14.7952,52.7359],[14.7979,52.7265],[14.7965,52.7178],[14.7914,52.7046],[14.7916,52.6971],[14.7783,52.6822],[14.7651,52.6737],[14.7636,52.6704],[14.7554,52.6712],[14.7524,52.6689],[14.7491,52.6621],[14.7476,52.6471],[14.7492,52.6444],[14.7422,52.6432],[14.7434,52.6413],[14.7301,52.642],[14.7326,52.6405],[14.729,52.6373],[14.7249,52.6362],[14.7268,52.6339],[14.722,52.6326],[14.7218,52.631],[14.7152,52.6326],[14.6917,52.6331],[14.6899,52.6334],[14.6899,52.6358],[14.6697,52.6378],[14.6583,52.6423],[14.6591,52.6446],[14.6636,52.6463],[14.6625,52.648],[14.6472,52.6512],[14.6504,52.6533],[14.6383,52.6593],[14.6286,52.6604],[14.6285,52.6548],[14.5827,52.6324],[14.5772,52.6335],[14.5781,52.635],[14.5767,52.6364],[14.5745,52.6356],[14.5716,52.629],[14.5688,52.6298],[14.564,52.6247],[14.5624,52.625]]]]}},{"type":"Feature","properties":{"GID_2":"POL.16.13_1","GID_0":"POL","COUNTRY":"Poland","GID_1":"POL.16_1","NAME_1":"Zachodniopomorskie","NL_NAME_1":"NA","NAME_2":"Police","VARNAME_2":"NA","NL_NAME_2":"NA","TYPE_2":"Powiat","ENGTYPE_2":"County","CC_2":"3211","HASC_2":"NA"},"geometry":{"type":"MultiPolygon","coordinates":[[[[14.444,53.2746],[14.4212,53.2761],[14.415,53.3019],[14.4068,53.3087],[14.4155,53.3243],[14.4083,53.3357],[14.4055,53.3471],[14.3903,53.3537],[14.3931,53.3586],[14.3954,53.3692],[14.3948,53.3757],[14.3893,53.3878],[14.3733,53.4089],[14.3732,53.4183],[14.3698,53.424],[14.3687,53.4326],[14.3719,53.4478],[14.3713,53.4564],[14.358,53.4573],[14.3563,53.462],[14.3569,53.4701],[14.3535,53.4823],[14.3542,53.4886],[14.3506,53.496],[14.3269,53.5038],[14.3158,53.5252],[14.3194,53.5298],[14.3159,53.5369],[14.3058,53.5439],[14.3073,53.5513],[14.3026,53.5534],[14.314,53.5652],[14.3119,53.5796],[14.3169,53.6181],[14.3111,53.6185],[14.2839,53.6344],[14.2848,53.6587],[14.279,53.6631],[14.2721,53.6636],[14.2708,53.666],[14.2823,53.6743],[14.2837,53.6826],[14.2748,53.6873],[14.2732,53.6993],[14.2869,53.6979],[14.3008,53.6987],[14.3053,53.7001],[14.3086,53.704],[14.3092,53.7118],[14.3008,53.7201],[14.2869,53.7199],[14.2764,53.7254],[14.2781,53.7271],[14.2853,53.7251],[14.2903,53.7251],[14.2947,53.7271],[14.2992,53.7257],[14.3031,53.7268],[14.3003,53.7279],[14.3019,53.7299],[14.2981,53.7318],[14.2992,53.736],[14.3025,53.7365],[14.3019,53.7376],[14.2936,53.7388],[14.2947,53.7418],[14.2853,53.7412],[14.2847,53.7426],[14.2864,53.7435],[14.3008,53.7432],[14.3308,53.734],[14.3431,53.7157],[14.3486,53.711],[14.3681,53.699],[14.3786,53.6951],[14.3803,53.6924],[14.3864,53.6899],[14.3886,53.6871],[14.4069,53.6796],[14.4181,53.6771],[14.4264,53.6782],[14.4253,53.6771],[14.4669,53.674],[14.4931,53.6679],[14.5053,53.6674],[14.5136,53.6635],[14.5181,53.6637],[14.5253,53.661],[14.5242,53.6593],[14.5314,53.6554],[14.5342,53.6499],[14.5425,53.6465],[14.5575,53.6232],[14.5736,53.6063],[14.5714,53.6018],[14.5764,53.6029],[14.5814,53.6004],[14.5814,53.5985],[14.5842,53.5968],[14.5975,53.5971],[14.5969,53.6002],[14.5984,53.5997],[14.5964,53.5914],[14.6004,53.5834],[14.5976,53.575],[14.6022,53.5663],[14.6014,53.5638],[14.6033,53.5609],[14.6015,53.5591],[14.6096,53.5559],[14.6092,53.554],[14.6114,53.553],[14.6228,53.5512],[14.6319,53.5456],[14.6335,53.5425],[14.636,53.5345],[14.6283,53.5328],[14.6196,53.5355],[14.6041,53.5371],[14.6026,53.5362],[14.6053,53.5354],[14.5953,53.5321],[14.595,53.5308],[14.5907,53.5339],[14.5868,53.5321],[14.5843,53.5345],[14.5785,53.5358],[14.5765,53.5333],[14.5724,53.5329],[14.57,53.5339],[14.5721,53.5366],[14.5705,53.5377],[14.5545,53.5326],[14.5534,53.5292],[14.5547,53.5257],[14.565,53.5218],[14.5687,53.5219],[14.5684,53.5199],[14.574,53.5233],[14.574,53.52],[14.5813,53.5177],[14.5802,53.5131],[14.5834,53.5097],[14.5844,53.5052],[14.5872,53.5053],[14.5706,53.4993],[14.567,53.5006],[14.5626,53.4973],[14.5541,53.4988],[14.5503,53.4935],[14.5422,53.4924],[14.5418,53.4934],[14.5461,53.4942],[14.5414,53.4952],[14.5418,53.4975],[14.5398,53.4989],[14.5382,53.4963],[14.5336,53.4971],[14.5311,53.4954],[14.516,53.497],[14.5076,53.4958],[14.5083,53.4921],[14.502,53.4907],[14.4929,53.4936],[14.4941,53.4924],[14.4918,53.4924],[14.491,53.4943],[14.4851,53.4927],[14.4841,53.4937],[14.4838,53.4918],[14.4812,53.4914],[14.4806,53.4955],[14.4788,53.4957],[14.4683,53.4928],[14.4644,53.4973],[14.4582,53.4952],[14.4549,53.4964],[14.4438,53.4954],[14.4494,53.4948],[14.4438,53.4848],[14.4533,53.4816],[14.4606,53.4764],[14.4586,53.4726],[14.4703,53.461],[14.4706,53.4595],[14.4629,53.4611],[14.4615,53.4565],[14.4707,53.455],[14.4684,53.4533],[14.4727,53.4523],[14.473,53.4498],[14.4653,53.4502],[14.4632,53.4461],[14.4582,53.4478],[14.4532,53.4468],[14.4488,53.4482],[14.4459,53.4442],[14.463,53.4419],[14.483,53.4365],[14.4793,53.4272],[14.475,53.427],[14.4709,53.4185],[14.4691,53.4177],[14.4772,53.4173],[14.4773,53.4147],[14.481,53.4177],[14.4845,53.4172],[14.4845,53.4072],[14.4724,53.4059],[14.4714,53.4016],[14.4683,53.4009],[14.4806,53.3976],[14.4816,53.3959],[14.4789,53.394],[14.4862,53.3909],[14.4918,53.3936],[14.5145,53.3875],[14.5266,53.3859],[14.5356,53.3824],[14.5329,53.3735],[14.5374,53.372],[14.5388,53.3752],[14.5437,53.3755],[14.5549,53.3738],[14.5595,53.3714],[14.5743,53.3714],[14.5864,53.3671],[14.5778,53.3621],[14.5606,53.3594],[14.5545,53.3545],[14.5472,53.3613],[14.5454,53.3596],[14.546,53.3548],[14.5398,53.3541],[14.539,53.3481],[14.5301,53.3426],[14.5196,53.3433],[14.5075,53.34],[14.5035,53.3358],[14.5063,53.3307],[14.5047,53.3252],[14.4915,53.3265],[14.4924,53.324],[14.4843,53.3179],[14.4853,53.3125],[14.4713,53.3153],[14.4699,53.3065],[14.4628,53.3018],[14.4452,53.2744],[14.444,53.2746]]],[[[14.5245,53.6736],[14.5287,53.6717],[14.5333,53.6699],[14.5281,53.671],[14.5231,53.6742],[14.5245,53.6736]]]]}},{"type":"Feature","properties":{"GID_2":"POL.16.14_1","GID_0":"POL","COUNTRY":"Poland","GID_1":"POL.16_1","NAME_1":"Zachodniopomorskie","NL_NAME_1":"NA","NAME_2":"Pyrzyce","VARNAME_2":"NA","NL_NAME_2":"NA","TYPE_2":"Powiat","ENGTYPE_2":"County","CC_2":"3212","HASC_2":"NA"},"geometry":{"type":"MultiPolygon","coordinates":[[[[15.0662,53.0593],[15.06,53.0596],[15.0573,53.0583],[15.0575,53.0568],[15.0375,53.0539],[15.0358,53.0527],[15.0351,53.0482],[15.0296,53.0495],[15.0203,53.0454],[15.019,53.0353],[15.0357,53.0366],[15.0392,53.0338],[15.0436,53.0265],[15.0409,53.0256],[15.0451,53.0175],[15.0441,53.0153],[15.0494,53.0111],[15.0485,53.0078],[15.0498,53.0071],[15.0496,53.0025],[15.044,52.9996],[15.0431,52.9969],[15.0398,52.9974],[15.033,52.9934],[15.0349,52.9916],[15.0334,52.9894],[15.0225,52.9906],[15.0234,52.9917],[15.006,52.9959],[15.0054,52.9948],[14.9903,52.9946],[14.9962,52.9891],[14.9879,52.9869],[14.9894,52.9856],[14.9879,52.9816],[14.9844,52.9804],[14.9763,52.9703],[14.96,52.9726],[14.9603,52.9747],[14.957,52.977],[14.9574,52.9814],[14.9516,52.9817],[14.9467,52.9794],[14.9445,52.9805],[14.9459,52.9817],[14.9445,52.9827],[14.9301,52.9821],[14.9325,52.9839],[14.9299,52.9883],[14.9202,52.9872],[14.9213,52.9895],[14.9233,52.99],[14.9161,52.999],[14.9117,52.9987],[14.907,53.0019],[14.9062,52.9961],[14.9084,52.9955],[14.9096,52.99],[14.9059,52.9886],[14.9001,52.99],[14.8931,52.9946],[14.8906,52.9981],[14.8936,53.001],[14.8926,53.0045],[14.8727,53.0084],[14.8933,53.0053],[14.8961,53.0074],[14.8989,53.0042],[14.9082,53.0031],[14.9021,53.0102],[14.8982,53.0116],[14.8988,53.0134],[14.8963,53.0128],[14.8948,53.0145],[14.8984,53.0186],[14.9035,53.0151],[14.9074,53.0171],[14.8965,53.0197],[14.8946,53.019],[14.8945,53.0234],[14.8969,53.0248],[14.8988,53.0221],[14.9044,53.0216],[14.9088,53.0238],[14.9126,53.0235],[14.9138,53.0251],[14.9172,53.0245],[14.9166,53.0325],[14.9173,53.0344],[14.9207,53.0345],[14.9162,53.043],[14.9061,53.0423],[14.906,53.0444],[14.9077,53.0457],[14.8997,53.0475],[14.9041,53.0532],[14.8721,53.0506],[14.8689,53.0542],[14.8572,53.0577],[14.849,53.0626],[14.8366,53.0588],[14.8307,53.0556],[14.8276,53.0479],[14.8177,53.0428],[14.8101,53.0428],[14.8096,53.038],[14.8174,53.0359],[14.8102,53.0351],[14.8087,53.0335],[14.8146,53.0317],[14.8219,53.0317],[14.8219,53.029],[14.8123,53.0242],[14.8145,53.019],[14.8263,53.0179],[14.8324,53.0153],[14.837,53.016],[14.8126,53.0086],[14.8095,53.012],[14.7952,53.0139],[14.7933,53.018],[14.788,53.0224],[14.7902,53.0229],[14.7634,53.0265],[14.7337,53.0357],[14.7325,53.037],[14.7359,53.0406],[14.74,53.05],[14.7511,53.0585],[14.7572,53.0687],[14.747,53.069],[14.7474,53.0708],[14.7405,53.0764],[14.743,53.0816],[14.7388,53.0821],[14.7405,53.083],[14.7419,53.0876],[14.7404,53.0956],[14.7428,53.0973],[14.7384,53.0966],[14.7414,53.1087],[14.7398,53.1117],[14.7469,53.1147],[14.7451,53.1174],[14.7486,53.1191],[14.7341,53.1257],[14.7419,53.1303],[14.7401,53.1303],[14.742,53.133],[14.7294,53.135],[14.7247,53.1369],[14.7214,53.1403],[14.7246,53.146],[14.7226,53.1483],[14.7251,53.1498],[14.7229,53.1511],[14.7281,53.1513],[14.7336,53.1545],[14.73,53.1587],[14.7,53.1574],[14.6947,53.1548],[14.6914,53.1549],[14.6821,53.1625],[14.6688,53.1648],[14.6701,53.1685],[14.6736,53.1695],[14.6837,53.1678],[14.6965,53.1703],[14.6894,53.1779],[14.6869,53.178],[14.6869,53.1798],[14.6928,53.1793],[14.6899,53.1825],[14.6919,53.1911],[14.6885,53.1928],[14.6926,53.1941],[14.6952,53.2084],[14.7029,53.2068],[14.7177,53.2083],[14.7159,53.212],[14.7087,53.2121],[14.7109,53.2167],[14.7094,53.2178],[14.7112,53.2188],[14.707,53.2191],[14.7092,53.2222],[14.7005,53.2223],[14.7021,53.234],[14.6886,53.2365],[14.6872,53.2395],[14.6961,53.2453],[14.7022,53.2457],[14.7159,53.2735],[14.7316,53.2697],[14.7325,53.2676],[14.749,53.267],[14.7516,53.2651],[14.7498,53.2631],[14.7506,53.2621],[14.7813,53.2485],[14.7828,53.2465],[14.7877,53.2474],[14.7893,53.2457],[14.7874,53.244],[14.8048,53.2435],[14.8144,53.2375],[14.8351,53.2467],[14.8618,53.2465],[14.9343,53.2547],[14.938,53.2462],[14.9512,53.2503],[14.9462,53.2571],[14.9506,53.2554],[14.9593,53.2573],[14.9774,53.2577],[14.9849,53.2649],[14.9982,53.2848],[14.9966,53.2808],[15.0125,53.2758],[15.004,53.2636],[15.0095,53.2606],[15.0241,53.2684],[15.0197,53.2577],[15.0324,53.2611],[15.0413,53.2599],[15.0586,53.2486],[15.0623,53.2393],[15.0689,53.2329],[15.0714,53.2176],[15.0692,53.2173],[15.0685,53.2132],[15.0641,53.2092],[15.051,53.2002],[15.0368,53.2055],[15.0395,53.1969],[15.0442,53.19],[15.0491,53.1932],[15.0805,53.1828],[15.0922,53.1853],[15.0929,53.179],[15.1042,53.1795],[15.1054,53.1738],[15.1359,53.1765],[15.1543,53.1754],[15.1741,53.1778],[15.1818,53.1783],[15.1797,53.1775],[15.1724,53.1631],[15.1647,53.165],[15.1505,53.1624],[15.1602,53.1545],[15.1932,53.1454],[15.2122,53.1376],[15.1946,53.1221],[15.1944,53.1207],[15.1977,53.1193],[15.1924,53.1163],[15.2051,53.1133],[15.198,53.1084],[15.2032,53.1022],[15.201,53.0957],[15.1927,53.0929],[15.1915,53.0909],[15.1917,53.0892],[15.1986,53.0851],[15.1973,53.0819],[15.1923,53.0789],[15.1902,53.0793],[15.1825,53.0716],[15.1588,53.061],[15.155,53.0487],[15.1446,53.0368],[15.1398,53.0284],[15.1052,53.0385],[15.087,53.0404],[15.0849,53.0381],[15.0805,53.0424],[15.0723,53.0583],[15.0662,53.0593]]]]}},{"type":"Feature","properties":{"GID_2":"POL.16.15_1","GID_0":"POL","COUNTRY":"Poland","GID_1":"POL.16_1","NAME_1":"Zachodniopomorskie","NL_NAME_1":"NA","NAME_2":"Slawno","VARNAME_2":"NA","NL_NAME_2":"NA","TYPE_2":"Powiat","ENGTYPE_2":"County","CC_2":"3213","HASC_2":"NA"},"geometry":{"type":"MultiPolygon","coordinates":[[[[16.7101,54.2416],[16.7095,54.2382],[16.7024,54.2341],[16.6965,54.2271],[16.7016,54.2166],[16.7017,54.2152],[16.699,54.2138],[16.6898,54.2129],[16.6829,54.2144],[16.6677,54.2078],[16.6644,54.2084],[16.6651,54.2136],[16.6634,54.2183],[16.6504,54.2198],[16.6469,54.2179],[16.6389,54.2189],[16.6402,54.2196],[16.6386,54.2244],[16.6398,54.2256],[16.6163,54.223],[16.6135,54.2177],[16.6048,54.2113],[16.6057,54.2075],[16.6121,54.2045],[16.6072,54.2005],[16.6056,54.1931],[16.5811,54.1896],[16.5652,54.189],[16.5656,54.1915],[16.5632,54.1926],[16.5466,54.1909],[16.5409,54.1937],[16.5399,54.1964],[16.5355,54.1978],[16.5408,54.1978],[16.5468,54.2051],[16.5521,54.204],[16.5509,54.2094],[16.5529,54.2112],[16.5582,54.2098],[16.5584,54.2174],[16.5609,54.2167],[16.5625,54.2191],[16.5668,54.2196],[16.5713,54.2187],[16.5688,54.2233],[16.5711,54.2241],[16.5682,54.2241],[16.5688,54.2269],[16.5559,54.2268],[16.5492,54.2312],[16.5312,54.2374],[16.509,54.2401],[16.4955,54.2391],[16.4981,54.2351],[16.4967,54.2336],[16.4988,54.2302],[16.4968,54.2285],[16.4986,54.2281],[16.4973,54.2263],[16.4982,54.2248],[16.497,54.2248],[16.4976,54.223],[16.4942,54.2231],[16.4921,54.2213],[16.4875,54.2239],[16.4821,54.2221],[16.4689,54.2223],[16.465,54.2215],[16.4647,54.219],[16.4531,54.2176],[16.4522,54.2188],[16.438,54.2126],[16.4129,54.2165],[16.4275,54.2327],[16.4434,54.2385],[16.4456,54.2486],[16.4438,54.2501],[16.4136,54.2523],[16.3951,54.256],[16.3964,54.2594],[16.4006,54.2602],[16.3983,54.264],[16.4011,54.2656],[16.4014,54.2703],[16.4035,54.2714],[16.4078,54.27],[16.409,54.2723],[16.4074,54.2753],[16.4121,54.2758],[16.4121,54.2809],[16.4231,54.284],[16.4224,54.2908],[16.4122,54.2925],[16.4075,54.299],[16.409,54.3006],[16.4265,54.2975],[16.4278,54.3001],[16.4188,54.3005],[16.4126,54.3026],[16.4112,54.306],[16.4055,54.3105],[16.4029,54.311],[16.3975,54.3086],[16.4005,54.3061],[16.3966,54.3034],[16.3979,54.2992],[16.393,54.2991],[16.3947,54.2923],[16.3913,54.2918],[16.3895,54.2896],[16.3465,54.2828],[16.3411,54.2876],[16.3356,54.2871],[16.3289,54.2988],[16.3259,54.3131],[16.319,54.3211],[16.3093,54.3192],[16.3028,54.3213],[16.2989,54.3195],[16.2906,54.324],[16.2926,54.3283],[16.2882,54.3291],[16.2844,54.3326],[16.28,54.3322],[16.2799,54.334],[16.2624,54.3319],[16.2585,54.33],[16.2597,54.3203],[16.2577,54.317],[16.2516,54.3148],[16.2315,54.3191],[16.2298,54.3177],[16.2335,54.3154],[16.2298,54.3156],[16.222,54.32],[16.2235,54.3229],[16.2218,54.324],[16.2156,54.3193],[16.2142,54.3207],[16.269,54.3535],[16.3138,54.3834],[16.3397,54.4042],[16.366,54.4291],[16.3743,54.4378],[16.3716,54.4406],[16.372,54.442],[16.378,54.4405],[16.3849,54.442],[16.3917,54.4456],[16.4343,54.4892],[16.4778,54.5154],[16.5021,54.5256],[16.5253,54.5387],[16.5355,54.5422],[16.6112,54.5593],[16.6875,54.5694],[16.6974,54.5696],[16.6991,54.5692],[16.7122,54.5546],[16.7392,54.5384],[16.7475,54.5304],[16.7481,54.5276],[16.7408,54.5247],[16.7393,54.5174],[16.7527,54.4968],[16.7547,54.4968],[16.7547,54.4948],[16.7568,54.4945],[16.7627,54.4877],[16.7612,54.4858],[16.7676,54.4875],[16.7789,54.4846],[16.7933,54.4874],[16.7932,54.4844],[16.7995,54.4843],[16.8007,54.4807],[16.8107,54.4819],[16.812,54.484],[16.8101,54.4802],[16.8117,54.4743],[16.8172,54.4687],[16.8191,54.4706],[16.818,54.4727],[16.8197,54.473],[16.8275,54.4648],[16.8238,54.464],[16.8283,54.4588],[16.8211,54.4563],[16.8239,54.4544],[16.8221,54.4537],[16.8411,54.4384],[16.8396,54.432],[16.8304,54.4243],[16.8244,54.4157],[16.8335,54.4114],[16.8401,54.4053],[16.8404,54.3987],[16.8498,54.3899],[16.8532,54.389],[16.8522,54.3861],[16.8586,54.3826],[16.8585,54.3803],[16.8507,54.3741],[16.8437,54.3722],[16.8444,54.3754],[16.8382,54.3758],[16.8375,54.3705],[16.8215,54.3683],[16.8078,54.3705],[16.8097,54.3595],[16.8161,54.3603],[16.8282,54.346],[16.8228,54.3379],[16.8241,54.3316],[16.8139,54.3185],[16.8216,54.3168],[16.8244,54.3184],[16.826,54.3163],[16.8378,54.3164],[16.8396,54.3148],[16.838,54.3139],[16.8543,54.3076],[16.8545,54.2997],[16.8572,54.2979],[16.8634,54.2881],[16.8654,54.2768],[16.862,54.266],[16.8651,54.261],[16.8313,54.2458],[16.8204,54.2469],[16.8095,54.243],[16.7965,54.2436],[16.7816,54.2393],[16.7724,54.2405],[16.7664,54.2385],[16.761,54.234],[16.7544,54.2358],[16.7472,54.2313],[16.7405,54.2303],[16.7337,54.2328],[16.7317,54.2319],[16.7309,54.234],[16.7266,54.2359],[16.7281,54.2364],[16.7264,54.2401],[16.7101,54.2416]]]]}},{"type":"Feature","properties":{"GID_2":"POL.16.16_1","GID_0":"POL","COUNTRY":"Poland","GID_1":"POL.16_1","NAME_1":"Zachodniopomorskie","NL_NAME_1":"NA","NAME_2":"Stargard","VARNAME_2":"NA","NL_NAME_2":"NA","TYPE_2":"Powiat","ENGTYPE_2":"County","CC_2":"3214","HASC_2":"NA"},"geometry":{"type":"MultiPolygon","coordinates":[[[[15.2801,53.2505],[15.2732,53.2451],[15.2747,53.2425],[15.2692,53.237],[15.2653,53.2353],[15.2589,53.2239],[15.2545,53.2202],[15.254,53.2184],[15.2633,53.2093],[15.2636,53.2067],[15.2722,53.1998],[15.2783,53.203],[15.2859,53.1996],[15.2882,53.2009],[15.2991,53.2008],[15.3048,53.2073],[15.3068,53.2014],[15.3186,53.2083],[15.3226,53.2084],[15.3323,53.2031],[15.3538,53.1966],[15.3414,53.1893],[15.3502,53.1857],[15.353,53.1809],[15.3528,53.1787],[15.3586,53.1794],[15.3572,53.1754],[15.3617,53.1764],[15.367,53.1748],[15.3656,53.1692],[15.3639,53.1693],[15.3678,53.1661],[15.3313,53.1625],[15.3337,53.1581],[15.3319,53.1576],[15.3351,53.1464],[15.323,53.1309],[15.3153,53.1353],[15.3106,53.1352],[15.3025,53.1279],[15.2729,53.1131],[15.2738,53.1086],[15.278,53.1043],[15.2758,53.1044],[15.2679,53.0947],[15.26,53.0953],[15.2587,53.0934],[15.248,53.0973],[15.2462,53.0959],[15.2443,53.0965],[15.2349,53.0907],[15.226,53.0921],[15.227,53.0938],[15.2201,53.095],[15.2169,53.0928],[15.2178,53.0919],[15.2151,53.0925],[15.2174,53.0912],[15.2109,53.0886],[15.2099,53.0856],[15.2058,53.0819],[15.1915,53.0898],[15.1924,53.0927],[15.201,53.0957],[15.2032,53.1022],[15.198,53.1084],[15.2051,53.1133],[15.1924,53.1163],[15.1977,53.1193],[15.1944,53.1207],[15.1946,53.1221],[15.212,53.1379],[15.1932,53.1454],[15.1602,53.1545],[15.1505,53.1624],[15.1647,53.165],[15.1724,53.1631],[15.1797,53.1775],[15.1818,53.1783],[15.1543,53.1754],[15.1359,53.1765],[15.1054,53.1738],[15.1042,53.1795],[15.0929,53.179],[15.0922,53.1853],[15.0805,53.1828],[15.0491,53.1932],[15.0442,53.19],[15.0395,53.1969],[15.0368,53.2055],[15.051,53.2002],[15.0641,53.2092],[15.0685,53.2132],[15.0692,53.2173],[15.0714,53.2176],[15.0689,53.2329],[15.0623,53.2393],[15.0586,53.2486],[15.0413,53.2599],[15.0324,53.2611],[15.0197,53.2577],[15.0241,53.2684],[15.0095,53.2606],[15.004,53.2636],[15.0125,53.2758],[14.9966,53.2808],[14.9982,53.2848],[14.9849,53.2649],[14.9774,53.2577],[14.9593,53.2573],[14.9506,53.2554],[14.9462,53.2571],[14.9512,53.2503],[14.938,53.2462],[14.9343,53.2547],[14.8618,53.2465],[14.8623,53.2577],[14.8587,53.2663],[14.8589,53.2724],[14.8666,53.2769],[14.8743,53.2781],[14.8702,53.2832],[14.8689,53.2893],[14.8696,53.2944],[14.8752,53.3014],[14.8695,53.3031],[14.8682,53.2986],[14.8658,53.299],[14.8677,53.3041],[14.8607,53.3074],[14.8688,53.3085],[14.8651,53.3117],[14.8502,53.31],[14.8406,53.3202],[14.8194,53.3186],[14.8159,53.3148],[14.8116,53.317],[14.8078,53.3166],[14.806,53.3207],[14.8009,53.3258],[14.8038,53.3274],[14.8029,53.3295],[14.8054,53.3318],[14.8033,53.3336],[14.8046,53.3343],[14.7935,53.3398],[14.7919,53.3424],[14.7937,53.3437],[14.7917,53.3452],[14.7865,53.3439],[14.7836,53.3458],[14.7887,53.3475],[14.788,53.3506],[14.7772,53.3499],[14.7734,53.345],[14.7688,53.3452],[14.7666,53.3466],[14.7663,53.349],[14.7623,53.3514],[14.7623,53.3542],[14.7586,53.3575],[14.7582,53.3607],[14.7595,53.3616],[14.7559,53.364],[14.7469,53.3655],[14.7411,53.3699],[14.7377,53.3686],[14.7354,53.3721],[14.732,53.3732],[14.7333,53.3747],[14.7405,53.3755],[14.7588,53.3832],[14.7632,53.3824],[14.7636,53.3767],[14.7751,53.3769],[14.7748,53.3821],[14.7659,53.3832],[14.7688,53.3861],[14.7878,53.3932],[14.7911,53.3961],[14.791,53.3972],[14.7879,53.3969],[14.7837,53.4021],[14.778,53.403],[14.7791,53.4038],[14.7776,53.4257],[14.8274,53.4289],[14.8571,53.4349],[14.8933,53.4393],[14.8798,53.4431],[14.8784,53.4455],[14.8761,53.4522],[14.8862,53.4534],[14.883,53.4581],[14.8857,53.4591],[14.8826,53.4607],[14.8844,53.4627],[14.8906,53.4586],[14.8929,53.4597],[14.8972,53.4491],[14.9161,53.4438],[14.927,53.4469],[14.9361,53.453],[14.9613,53.4585],[15.007,53.4598],[15.013,53.4525],[15.0144,53.4549],[15.0403,53.46],[15.0398,53.464],[15.0605,53.4711],[15.0694,53.4595],[15.0945,53.4654],[15.0933,53.468],[15.1208,53.4804],[15.1269,53.4743],[15.1286,53.4692],[15.1355,53.4678],[15.1508,53.469],[15.1508,53.4719],[15.1579,53.4746],[15.1663,53.4734],[15.175,53.4778],[15.1724,53.4861],[15.1753,53.4903],[15.206,53.4892],[15.2173,53.4909],[15.2267,53.5003],[15.2106,53.5103],[15.2185,53.5132],[15.2392,53.5344],[15.2455,53.5339],[15.2504,53.5373],[15.2523,53.5338],[15.2581,53.5335],[15.2595,53.5308],[15.2635,53.5311],[15.2743,53.5243],[15.271,53.5213],[15.2715,53.5202],[15.2784,53.5242],[15.2883,53.5247],[15.2897,53.5213],[15.2885,53.513],[15.291,53.5094],[15.286,53.5079],[15.2867,53.5042],[15.2909,53.5045],[15.3062,53.506],[15.3079,53.5084],[15.3204,53.5119],[15.3249,53.5149],[15.3371,53.5316],[15.3451,53.5311],[15.3538,53.5332],[15.3941,53.5485],[15.3969,53.544],[15.4002,53.542],[15.3941,53.532],[15.399,53.5238],[15.4059,53.5179],[15.4134,53.5173],[15.4186,53.5219],[15.4273,53.5207],[15.4273,53.5187],[15.4305,53.5169],[15.4303,53.515],[15.4372,53.5108],[15.4358,53.5095],[15.4298,53.5108],[15.4296,53.5087],[15.4231,53.5097],[15.4227,53.5075],[15.4251,53.5052],[15.4281,53.5048],[15.428,53.5028],[15.4345,53.5022],[15.4378,53.5035],[15.4471,53.5008],[15.4558,53.4909],[15.4537,53.4887],[15.4655,53.4822],[15.468,53.4771],[15.4756,53.4765],[15.4789,53.4742],[15.5018,53.4745],[15.508,53.468],[15.5089,53.4689],[15.5062,53.4709],[15.5072,53.4717],[15.5156,53.4708],[15.5308,53.4803],[15.5395,53.4825],[15.5528,53.4891],[15.5567,53.4966],[15.5605,53.4963],[15.5645,53.4933],[15.5671,53.4936],[15.5665,53.495],[15.568,53.4954],[15.5736,53.4946],[15.5793,53.4961],[15.5839,53.5004],[15.5828,53.503],[15.5853,53.5054],[15.5898,53.5046],[15.6078,53.5065],[15.6216,53.5032],[15.6262,53.5005],[15.6279,53.4951],[15.6263,53.4939],[15.6224,53.4947],[15.623,53.4934],[15.618,53.4908],[15.6278,53.4856],[15.6288,53.4814],[15.6367,53.4804],[15.6499,53.4809],[15.6527,53.4835],[15.6579,53.4849],[15.6781,53.4823],[15.6885,53.4845],[15.6969,53.4957],[15.6968,53.4982],[15.705,53.4974],[15.7103,53.4995],[15.7147,53.4947],[15.7217,53.4919],[15.7181,53.4913],[15.6995,53.4743],[15.6966,53.4758],[15.6878,53.4707],[15.6745,53.4681],[15.6802,53.4668],[15.6521,53.4542],[15.6485,53.4494],[15.6488,53.4472],[15.6539,53.4502],[15.6568,53.45],[15.6569,53.4478],[15.6484,53.4415],[15.6442,53.4359],[15.6347,53.4355],[15.6327,53.4336],[15.6268,53.4332],[15.6272,53.4304],[15.6219,53.4293],[15.6031,53.4299],[15.5945,53.4251],[15.6047,53.4225],[15.6017,53.417],[15.6009,53.4027],[15.5983,53.3991],[15.5942,53.3976],[15.5974,53.3799],[15.6051,53.3767],[15.5998,53.3765],[15.5997,53.3746],[15.5918,53.3723],[15.5902,53.3692],[15.597,53.3684],[15.5929,53.3647],[15.5871,53.3654],[15.5912,53.351],[15.591,53.348],[15.589,53.3463],[15.5848,53.3433],[15.5712,53.3439],[15.5613,53.3411],[15.5462,53.3328],[15.5388,53.3354],[15.5205,53.3323],[15.5175,53.3308],[15.5233,53.3254],[15.522,53.3247],[15.5182,53.3234],[15.514,53.3244],[15.5129,53.322],[15.5055,53.3187],[15.5057,53.3176],[15.5027,53.3184],[15.4847,53.3157],[15.4852,53.3086],[15.4799,53.311],[15.4743,53.3112],[15.4747,53.3086],[15.4724,53.3067],[15.4732,53.3042],[15.4636,53.307],[15.4707,53.3027],[15.4698,53.3018],[15.4743,53.3004],[15.4743,53.2973],[15.4795,53.2964],[15.4768,53.2947],[15.4795,53.29],[15.4764,53.2846],[15.4778,53.2808],[15.469,53.2759],[15.4912,53.2706],[15.4875,53.2655],[15.4699,53.2604],[15.4786,53.2492],[15.4944,53.2537],[15.4997,53.2439],[15.4954,53.2392],[15.4926,53.2389],[15.4928,53.2372],[15.4827,53.2359],[15.4808,53.237],[15.4709,53.2334],[15.4573,53.2336],[15.4538,53.2359],[15.4479,53.2366],[15.4212,53.2454],[15.3927,53.2473],[15.388,53.2508],[15.3805,53.2499],[15.3704,53.2515],[15.3514,53.2486],[15.3406,53.2499],[15.3385,53.253],[15.3347,53.2539],[15.3196,53.2523],[15.3145,53.2547],[15.3051,53.2515],[15.2907,53.2501],[15.284,53.2529],[15.2801,53.2505]]]]}},{"type":"Feature","properties":{"GID_2":"POL.16.17_1","GID_0":"POL","COUNTRY":"Poland","GID_1":"POL.16_1","NAME_1":"Zachodniopomorskie","NL_NAME_1":"NA","NAME_2":"Swidwin","VARNAME_2":"NA","NL_NAME_2":"NA","TYPE_2":"Powiat","ENGTYPE_2":"County","CC_2":"3216","HASC_2":"NA"},"geometry":{"type":"MultiPolygon","coordinates":[[[[15.8594,53.6522],[15.8533,53.6534],[15.855,53.6557],[15.852,53.6628],[15.8445,53.6705],[15.8397,53.6711],[15.8316,53.6754],[15.8317,53.6774],[15.8206,53.6788],[15.8133,53.6774],[15.8155,53.6737],[15.8071,53.6696],[15.8061,53.6655],[15.7998,53.6654],[15.8003,53.663],[15.7907,53.66],[15.7833,53.6608],[15.76,53.6658],[15.7536,53.6698],[15.7517,53.6761],[15.743,53.6762],[15.7391,53.6775],[15.7363,53.6804],[15.7282,53.6776],[15.7276,53.6806],[15.7239,53.6811],[15.7217,53.6833],[15.7179,53.6826],[15.7156,53.6844],[15.7083,53.6846],[15.7,53.6871],[15.6906,53.6937],[15.6811,53.6949],[15.6838,53.6989],[15.68,53.7038],[15.6798,53.7064],[15.6776,53.7073],[15.6782,53.7084],[15.6765,53.7095],[15.6775,53.7101],[15.6723,53.7141],[15.6666,53.7151],[15.6627,53.7185],[15.6599,53.7188],[15.6611,53.72],[15.6591,53.7216],[15.6627,53.7237],[15.653,53.7261],[15.6501,53.73],[15.6441,53.7309],[15.6462,53.7325],[15.6456,53.7346],[15.6265,53.7502],[15.6084,53.7558],[15.6031,53.7547],[15.5968,53.758],[15.5969,53.7601],[15.5909,53.7641],[15.5937,53.7666],[15.5896,53.7714],[15.5863,53.7723],[15.5846,53.7758],[15.5778,53.7785],[15.5759,53.7835],[15.5655,53.7927],[15.5677,53.7973],[15.5632,53.7999],[15.5609,53.8033],[15.5595,53.8108],[15.5614,53.8118],[15.5547,53.8196],[15.5561,53.821],[15.555,53.8221],[15.5575,53.8231],[15.5573,53.8254],[15.5596,53.8254],[15.5587,53.8274],[15.5636,53.8288],[15.5605,53.8304],[15.5618,53.8321],[15.5604,53.8338],[15.5629,53.8355],[15.5585,53.8381],[15.5592,53.8407],[15.5574,53.8413],[15.5579,53.8448],[15.556,53.8452],[15.5556,53.848],[15.5482,53.8516],[15.5429,53.8518],[15.5391,53.8559],[15.5356,53.857],[15.5384,53.8611],[15.5379,53.8637],[15.5419,53.8666],[15.538,53.8681],[15.5385,53.8707],[15.5312,53.8717],[15.5321,53.873],[15.531,53.8746],[15.5328,53.8761],[15.5306,53.8779],[15.5323,53.8784],[15.5311,53.8819],[15.5291,53.8831],[15.5302,53.8843],[15.5297,53.8876],[15.5285,53.8879],[15.5301,53.8884],[15.5291,53.8903],[15.5325,53.891],[15.5328,53.8887],[15.5414,53.8855],[15.5448,53.8866],[15.5474,53.885],[15.555,53.8878],[15.5639,53.8864],[15.5641,53.8897],[15.5494,53.9033],[15.5532,53.9093],[15.5744,53.9168],[15.5793,53.9212],[15.5875,53.9334],[15.6153,53.9398],[15.63,53.9459],[15.6451,53.9643],[15.652,53.966],[15.6706,53.9635],[15.6733,53.9704],[15.6856,53.9619],[15.6946,53.9598],[15.7057,53.9546],[15.7072,53.9577],[15.7188,53.9584],[15.7224,53.96],[15.7183,53.9628],[15.7248,53.965],[15.7317,53.9591],[15.7342,53.9599],[15.7521,53.9551],[15.7631,53.9541],[15.7642,53.9531],[15.7544,53.9427],[15.7573,53.9405],[15.7562,53.9384],[15.762,53.9343],[15.7783,53.9342],[15.7796,53.9365],[15.782,53.9371],[15.7863,53.937],[15.7857,53.9347],[15.7934,53.9339],[15.7935,53.9361],[15.7956,53.937],[15.8008,53.9345],[15.812,53.9341],[15.8153,53.9323],[15.7822,53.9154],[15.7872,53.9135],[15.7783,53.9114],[15.7806,53.9095],[15.7773,53.909],[15.7819,53.9054],[15.7863,53.8959],[15.7795,53.8934],[15.7851,53.8927],[15.7869,53.8906],[15.8026,53.8945],[15.8075,53.898],[15.8043,53.9003],[15.8054,53.9013],[15.7978,53.9032],[15.8152,53.9076],[15.8217,53.8986],[15.8388,53.9014],[15.8463,53.8987],[15.845,53.8965],[15.8576,53.8862],[15.8626,53.8882],[15.862,53.894],[15.865,53.8949],[15.8593,53.9048],[15.861,53.9051],[15.8598,53.9102],[15.8669,53.9122],[15.8645,53.9159],[15.8853,53.916],[15.8981,53.9218],[15.9039,53.9226],[15.9128,53.9215],[15.91,53.92],[15.9123,53.9137],[15.9404,53.9119],[15.9448,53.9139],[15.9556,53.9145],[15.9567,53.9181],[15.9819,53.9101],[15.9894,53.9037],[15.9881,53.9013],[15.996,53.9001],[16.013,53.9019],[16.0296,53.8921],[16.039,53.8838],[16.0381,53.8814],[16.0406,53.8799],[16.0383,53.8774],[16.0448,53.8737],[16.0504,53.8759],[16.0536,53.8737],[16.0553,53.8746],[16.0521,53.8755],[16.0463,53.8809],[16.0504,53.8852],[16.0585,53.8896],[16.0587,53.8916],[16.0658,53.8955],[16.065,53.9009],[16.0691,53.9],[16.0687,53.8984],[16.0842,53.8986],[16.0882,53.8963],[16.0905,53.898],[16.0919,53.8907],[16.0948,53.8881],[16.0965,53.8889],[16.097,53.8865],[16.0994,53.886],[16.0997,53.8845],[16.1005,53.8857],[16.1062,53.884],[16.1104,53.8856],[16.1123,53.883],[16.1147,53.8826],[16.1126,53.8817],[16.1155,53.8803],[16.1169,53.8824],[16.1211,53.8822],[16.1212,53.8836],[16.1246,53.8808],[16.1263,53.8815],[16.1246,53.8798],[16.1323,53.8809],[16.1445,53.8779],[16.1433,53.8763],[16.1451,53.876],[16.146,53.873],[16.1433,53.8709],[16.145,53.87],[16.145,53.8674],[16.1427,53.8669],[16.1442,53.8646],[16.1433,53.8636],[16.1456,53.8634],[16.1432,53.8628],[16.1451,53.8592],[16.1444,53.855],[16.1466,53.8542],[16.1476,53.8527],[16.1464,53.8515],[16.1493,53.8507],[16.1485,53.8485],[16.154,53.8435],[16.1515,53.8387],[16.1544,53.8345],[16.1529,53.8309],[16.1485,53.8312],[16.1469,53.8249],[16.141,53.8234],[16.1487,53.8221],[16.1566,53.8171],[16.1581,53.8137],[16.1676,53.8081],[16.1739,53.8089],[16.1745,53.8108],[16.1788,53.809],[16.185,53.8111],[16.1858,53.815],[16.183,53.8205],[16.1938,53.8249],[16.2005,53.8254],[16.1975,53.8222],[16.1985,53.8212],[16.2105,53.8205],[16.2123,53.8179],[16.2054,53.8152],[16.2025,53.8027],[16.2264,53.7901],[16.2292,53.7849],[16.2287,53.7825],[16.2313,53.7806],[16.2326,53.7739],[16.2283,53.7722],[16.2265,53.7662],[16.2232,53.763],[16.2165,53.7627],[16.2143,53.7606],[16.2136,53.7594],[16.2192,53.757],[16.2153,53.7546],[16.2318,53.7522],[16.2332,53.7506],[16.2348,53.7519],[16.2456,53.7509],[16.2503,53.7443],[16.2562,53.7402],[16.2558,53.7363],[16.2605,53.7319],[16.2626,53.7276],[16.2665,53.7262],[16.2682,53.7234],[16.2655,53.7221],[16.2671,53.7208],[16.2642,53.7199],[16.2658,53.7164],[16.2594,53.7136],[16.2579,53.7102],[16.2549,53.7082],[16.2484,53.7072],[16.2477,53.7054],[16.2508,53.7015],[16.247,53.697],[16.25,53.6955],[16.2486,53.6941],[16.2033,53.6936],[16.2004,53.6909],[16.1956,53.69],[16.1973,53.6864],[16.1922,53.6847],[16.1816,53.6844],[16.1787,53.6802],[16.1684,53.678],[16.1585,53.6717],[16.1509,53.6715],[16.1497,53.6738],[16.146,53.6734],[16.1434,53.6772],[16.1351,53.681],[16.1293,53.6781],[16.1279,53.6788],[16.1229,53.6735],[16.129,53.6716],[16.1274,53.6688],[16.1201,53.6683],[16.1159,53.6726],[16.1122,53.6721],[16.1039,53.6768],[16.1024,53.6795],[16.0978,53.6778],[16.0984,53.6816],[16.1019,53.6846],[16.099,53.687],[16.0983,53.6897],[16.0998,53.6899],[16.0982,53.6913],[16.0967,53.6919],[16.0953,53.69],[16.0926,53.693],[16.085,53.6928],[16.0817,53.6884],[16.0757,53.6891],[16.0732,53.6919],[16.0668,53.6914],[16.0627,53.689],[16.0592,53.6833],[16.0538,53.6836],[16.05,53.6806],[16.0465,53.6811],[16.0397,53.6701],[16.0229,53.6589],[16.0257,53.6588],[16.0272,53.6569],[16.0293,53.6573],[16.0284,53.6585],[16.0302,53.6595],[16.0364,53.6566],[16.0399,53.6594],[16.0438,53.657],[16.0429,53.6542],[16.0395,53.6547],[16.0393,53.6509],[16.0355,53.6492],[16.0319,53.6497],[16.0299,53.6446],[16.026,53.6463],[16.0293,53.6519],[16.0232,53.6502],[16.0229,53.6468],[16.0186,53.6477],[16.02,53.6501],[16.0265,53.6522],[16.0254,53.6545],[16.0236,53.6546],[16.0231,53.6532],[16.0228,53.6552],[16.0157,53.6561],[16.0118,53.6544],[16.0058,53.6584],[16.003,53.6586],[16.0014,53.6614],[16.0056,53.6655],[15.9956,53.6717],[15.9887,53.6718],[15.985,53.6701],[15.9697,53.671],[15.943,53.6786],[15.9325,53.6721],[15.9365,53.6676],[15.9291,53.6614],[15.9291,53.6601],[15.9242,53.6609],[15.9241,53.6629],[15.922,53.6637],[15.9235,53.665],[15.9202,53.6637],[15.9233,53.6622],[15.9196,53.658],[15.924,53.6591],[15.9246,53.6557],[15.9272,53.6532],[15.919,53.6492],[15.9232,53.6477],[15.9216,53.6463],[15.913,53.6486],[15.9001,53.6478],[15.8987,53.6461],[15.8924,53.6498],[15.8937,53.6505],[15.8924,53.6527],[15.8827,53.6525],[15.8812,53.654],[15.872,53.6545],[15.8699,53.6537],[15.8717,53.6525],[15.8687,53.6514],[15.8663,53.6542],[15.8638,53.6541],[15.8594,53.6522]]]]}},{"type":"Feature","properties":{"GID_2":"POL.16.18_1","GID_0":"POL","COUNTRY":"Poland","GID_1":"POL.16_1","NAME_1":"Zachodniopomorskie","NL_NAME_1":"NA","NAME_2":"Swinoujscie","VARNAME_2":"NA","NL_NAME_2":"NA","TYPE_2":"Miastonaprawachpowiatu","ENGTYPE_2":"Citywithpowiatrights","CC_2":"3263","HASC_2":"NA"},"geometry":{"type":"MultiPolygon","coordinates":[[[[14.3342,53.8126],[14.2886,53.846],[14.2847,53.8504],[14.2825,53.8576],[14.2964,53.8563],[14.3047,53.8579],[14.2958,53.8526],[14.2897,53.8521],[14.2964,53.8518],[14.3214,53.8632],[14.3225,53.8674],[14.3242,53.8682],[14.3403,53.8696],[14.3497,53.8676],[14.3497,53.8649],[14.3453,53.8643],[14.3447,53.8629],[14.3542,53.8574],[14.3675,53.8537],[14.3825,53.8551],[14.3892,53.8524],[14.3881,53.8438],[14.3847,53.8415],[14.3753,53.8395],[14.3686,53.8401],[14.3686,53.8376],[14.3658,53.8387],[14.3564,53.8379],[14.3525,53.8363],[14.3531,53.8351],[14.3508,53.8335],[14.3397,53.8296],[14.3392,53.8276],[14.3408,53.8251],[14.3381,53.8243],[14.3375,53.8196],[14.3386,53.8143],[14.3414,53.8118],[14.3403,53.8099],[14.3414,53.8082],[14.3342,53.8126]]],[[[14.3881,53.8415],[14.3919,53.8507],[14.388,53.856],[14.3925,53.8574],[14.3925,53.8587],[14.4075,53.8632],[14.4158,53.8638],[14.4153,53.8565],[14.4197,53.8554],[14.4169,53.8462],[14.4125,53.8435],[14.4036,53.8421],[14.4025,53.8404],[14.3942,53.8407],[14.3881,53.8365],[14.3836,53.8365],[14.3836,53.8393],[14.3881,53.8415]]],[[[14.4081,53.8643],[14.3897,53.8596],[14.3842,53.8565],[14.3786,53.8563],[14.3831,53.8618],[14.3908,53.8662],[14.4069,53.8668],[14.4164,53.8654],[14.4081,53.8643]]],[[[14.3897,53.8718],[14.3908,53.8707],[14.3908,53.8688],[14.3892,53.8688],[14.3875,53.8729],[14.3897,53.8718]]],[[[14.3069,53.8618],[14.3036,53.8585],[14.2997,53.8582],[14.3025,53.8626],[14.3069,53.8638],[14.3069,53.8618]]],[[[14.3125,53.861],[14.3131,53.8624],[14.3203,53.8643],[14.3142,53.8607],[14.3125,53.861]]],[[[14.3081,53.8604],[14.3147,53.8668],[14.3203,53.8685],[14.3181,53.8649],[14.3081,53.8604]]],[[[14.1966,53.915],[14.2076,53.9159],[14.2264,53.9288],[14.2545,53.9223],[14.2671,53.9219],[14.2771,53.9247],[14.2776,53.926],[14.2797,53.9193],[14.2775,53.9149],[14.2675,53.9099],[14.2681,53.9087],[14.2569,53.9068],[14.2575,53.9049],[14.2514,53.9007],[14.2536,53.8915],[14.2681,53.8812],[14.2619,53.8757],[14.2636,53.8665],[14.2669,53.8665],[14.2642,53.8765],[14.2703,53.8788],[14.2742,53.8724],[14.2753,53.8651],[14.2786,53.8615],[14.2786,53.8579],[14.2836,53.8476],[14.3375,53.8074],[14.3314,53.8096],[14.3219,53.8098],[14.3064,53.8218],[14.2858,53.8224],[14.2725,53.826],[14.2414,53.8529],[14.2336,53.8565],[14.2264,53.8629],[14.2173,53.8654],[14.2152,53.8697],[14.2153,53.8917],[14.2123,53.9003],[14.2063,53.9054],[14.206,53.9077],[14.2043,53.9076],[14.2058,53.9106],[14.1901,53.9121],[14.1896,53.9154],[14.1966,53.915]]],[[[14.4075,53.8701],[14.4069,53.8696],[14.3953,53.8696],[14.4031,53.8707],[14.4036,53.8724],[14.4075,53.8701]]],[[[14.3925,53.8724],[14.3942,53.8729],[14.3947,53.8707],[14.3919,53.8699],[14.3925,53.8724]]],[[[14.2575,53.8921],[14.2781,53.8843],[14.2775,53.8726],[14.2797,53.8721],[14.2803,53.8674],[14.2775,53.8685],[14.2742,53.8782],[14.2564,53.8926],[14.2575,53.8921]]],[[[14.3932,53.9142],[14.4031,53.8989],[14.4048,53.8978],[14.4121,53.8996],[14.4132,53.8986],[14.4101,53.8947],[14.408,53.8946],[14.4085,53.8929],[14.4075,53.8943],[14.4047,53.8932],[14.3997,53.894],[14.3775,53.8907],[14.3747,53.8893],[14.3758,53.8871],[14.3708,53.8854],[14.3692,53.8821],[14.3758,53.8796],[14.3753,53.8785],[14.3636,53.8785],[14.3597,53.8763],[14.3603,53.8729],[14.3675,53.8715],[14.3764,53.8751],[14.3814,53.8751],[14.3825,53.8721],[14.3864,53.8715],[14.3892,53.8679],[14.3731,53.8557],[14.3614,53.8585],[14.3508,53.871],[14.3364,53.8743],[14.3158,53.8721],[14.3064,53.8685],[14.3036,53.8651],[14.3003,53.8646],[14.2936,53.8599],[14.2858,53.8604],[14.2836,53.8632],[14.2831,53.8835],[14.2753,53.8893],[14.2558,53.8965],[14.2558,53.9004],[14.2581,53.9032],[14.2675,53.906],[14.2825,53.9135],[14.2836,53.9188],[14.2858,53.9207],[14.28,53.9311],[14.278,53.9312],[14.2788,53.9322],[14.2835,53.932],[14.2817,53.9308],[14.2856,53.9234],[14.2989,53.9194],[14.2997,53.9289],[14.2801,53.9359],[14.2791,53.9372],[14.2804,53.9376],[14.3015,53.9304],[14.3029,53.9196],[14.3163,53.9157],[14.3445,53.9119],[14.3662,53.9127],[14.391,53.9173],[14.3932,53.9142]]]]}},{"type":"Feature","properties":{"GID_2":"POL.16.20_1","GID_0":"POL","COUNTRY":"Poland","GID_1":"POL.16_1","NAME_1":"Zachodniopomorskie","NL_NAME_1":"NA","NAME_2":"Szczecin","VARNAME_2":"NA","NL_NAME_2":"NA","TYPE_2":"Miastonaprawachpowiatu","ENGTYPE_2":"Citywithpowiatrights","CC_2":"3262","HASC_2":"NA"},"geometry":{"type":"MultiPolygon","coordinates":[[[[14.6353,53.5339],[14.6375,53.5328],[14.6368,53.5267],[14.6426,53.5253],[14.652,53.5281],[14.6563,53.5315],[14.6545,53.5342],[14.6586,53.5359],[14.6775,53.5361],[14.6828,53.5312],[14.6801,53.5292],[14.6818,53.5272],[14.6813,53.5245],[14.6781,53.524],[14.6814,53.5216],[14.6779,53.5206],[14.6798,53.5129],[14.6873,53.5106],[14.693,53.5116],[14.6948,53.5089],[14.7001,53.5076],[14.702,53.5044],[14.6996,53.4978],[14.7008,53.4946],[14.6942,53.4917],[14.6942,53.4873],[14.6981,53.4857],[14.6953,53.4835],[14.6955,53.4818],[14.6992,53.4797],[14.6979,53.4785],[14.6963,53.4792],[14.6926,53.4755],[14.6958,53.474],[14.6959,53.4718],[14.6944,53.4705],[14.6909,53.4714],[14.6973,53.4682],[14.7037,53.4696],[14.7071,53.4677],[14.7101,53.4631],[14.7067,53.4635],[14.7104,53.4629],[14.7106,53.4613],[14.7079,53.4601],[14.709,53.4604],[14.7099,53.4602],[14.7076,53.4553],[14.7113,53.4527],[14.712,53.4496],[14.7048,53.4433],[14.705,53.4408],[14.702,53.4389],[14.7028,53.4374],[14.7004,53.435],[14.7087,53.4265],[14.7134,53.4293],[14.7199,53.4277],[14.7268,53.4309],[14.7307,53.4351],[14.7361,53.4349],[14.741,53.4382],[14.7412,53.4401],[14.7435,53.4397],[14.7457,53.444],[14.762,53.4412],[14.747,53.4317],[14.7526,53.4258],[14.7169,53.4127],[14.72,53.4075],[14.7268,53.4047],[14.7373,53.4042],[14.7664,53.407],[14.7697,53.404],[14.7711,53.4056],[14.7837,53.4021],[14.7879,53.3969],[14.791,53.3972],[14.7903,53.3944],[14.7688,53.3861],[14.7659,53.3832],[14.7748,53.3821],[14.7751,53.3769],[14.7636,53.3767],[14.7632,53.3824],[14.7581,53.3831],[14.7405,53.3755],[14.7333,53.3747],[14.732,53.3726],[14.7351,53.3723],[14.7377,53.3686],[14.7411,53.3699],[14.7469,53.3655],[14.7559,53.364],[14.7595,53.3616],[14.7582,53.3607],[14.7586,53.3575],[14.7623,53.3542],[14.7623,53.3514],[14.7663,53.349],[14.7666,53.3466],[14.7688,53.3452],[14.7734,53.345],[14.7772,53.3499],[14.788,53.3506],[14.7887,53.3475],[14.7836,53.3458],[14.7865,53.3439],[14.7917,53.3452],[14.7937,53.3437],[14.7919,53.3424],[14.7935,53.3398],[14.8046,53.3343],[14.8033,53.3336],[14.8054,53.3318],[14.8029,53.3295],[14.8038,53.3274],[14.8009,53.3258],[14.8013,53.3297],[14.7995,53.331],[14.7949,53.3314],[14.7915,53.3351],[14.7854,53.336],[14.7828,53.3379],[14.7758,53.3381],[14.7736,53.3391],[14.7745,53.3404],[14.7687,53.3433],[14.7625,53.3423],[14.7629,53.3406],[14.7615,53.3405],[14.7609,53.3419],[14.7558,53.3424],[14.7577,53.3399],[14.7547,53.3369],[14.7564,53.3355],[14.7587,53.3394],[14.7633,53.3374],[14.7628,53.334],[14.7645,53.3345],[14.7648,53.3368],[14.7698,53.3346],[14.768,53.3342],[14.7691,53.3334],[14.7678,53.3303],[14.758,53.328],[14.7517,53.3278],[14.7514,53.3298],[14.7463,53.3292],[14.7449,53.3321],[14.7422,53.3308],[14.7386,53.3335],[14.7395,53.3348],[14.7342,53.3345],[14.7362,53.3355],[14.7351,53.3365],[14.7273,53.3365],[14.7244,53.3381],[14.7224,53.3441],[14.7142,53.3432],[14.716,53.3444],[14.7134,53.3463],[14.7163,53.3485],[14.7199,53.347],[14.722,53.3484],[14.7182,53.3504],[14.7153,53.3496],[14.7159,53.3521],[14.7072,53.35],[14.7215,53.3595],[14.7192,53.3624],[14.7029,53.3597],[14.6913,53.3612],[14.6919,53.3589],[14.6941,53.3587],[14.692,53.3563],[14.6783,53.3529],[14.6612,53.3574],[14.6584,53.3618],[14.6438,53.3647],[14.6355,53.3634],[14.635,53.3657],[14.629,53.3661],[14.6178,53.3623],[14.6172,53.3575],[14.621,53.3572],[14.6196,53.3538],[14.6058,53.3547],[14.5996,53.3478],[14.5918,53.3443],[14.5902,53.3399],[14.5935,53.3365],[14.5751,53.3335],[14.5846,53.3241],[14.5709,53.3238],[14.5721,53.3217],[14.5666,53.3251],[14.5667,53.3274],[14.5648,53.3291],[14.5629,53.328],[14.5574,53.3308],[14.5308,53.3336],[14.5403,53.3432],[14.5512,53.3496],[14.5606,53.3594],[14.5778,53.3621],[14.5864,53.3671],[14.5743,53.3714],[14.5595,53.3714],[14.5549,53.3738],[14.5437,53.3755],[14.5388,53.3752],[14.5374,53.372],[14.5329,53.3735],[14.5356,53.3824],[14.5266,53.3859],[14.5145,53.3875],[14.4918,53.3936],[14.4862,53.3909],[14.4789,53.394],[14.4816,53.3959],[14.4806,53.3976],[14.4683,53.4009],[14.4714,53.4016],[14.4724,53.4059],[14.4845,53.4072],[14.4845,53.4172],[14.481,53.4177],[14.4773,53.4147],[14.4772,53.4173],[14.4691,53.4177],[14.4709,53.4185],[14.475,53.427],[14.4793,53.4272],[14.483,53.4365],[14.463,53.4419],[14.4459,53.4442],[14.4488,53.4482],[14.4532,53.4468],[14.4582,53.4478],[14.4632,53.4461],[14.4653,53.4502],[14.473,53.4498],[14.4727,53.4523],[14.4684,53.4533],[14.4707,53.455],[14.4615,53.4565],[14.4629,53.4611],[14.4706,53.4595],[14.4703,53.461],[14.4586,53.4726],[14.4606,53.4764],[14.4533,53.4816],[14.4438,53.4848],[14.4494,53.4948],[14.4438,53.4954],[14.4549,53.4964],[14.4582,53.4952],[14.4644,53.4973],[14.4683,53.4928],[14.4788,53.4957],[14.4806,53.4955],[14.4812,53.4914],[14.4838,53.4918],[14.4841,53.4937],[14.4851,53.4927],[14.491,53.4943],[14.4918,53.4924],[14.4941,53.4924],[14.4929,53.4936],[14.502,53.4907],[14.5083,53.4921],[14.5076,53.4958],[14.516,53.497],[14.5311,53.4954],[14.5336,53.4971],[14.5382,53.4963],[14.5398,53.4989],[14.5418,53.4975],[14.5414,53.4952],[14.5461,53.4942],[14.5418,53.4934],[14.5422,53.4924],[14.5503,53.4935],[14.5541,53.4988],[14.5626,53.4973],[14.567,53.5006],[14.5706,53.4993],[14.5858,53.5038],[14.5872,53.5053],[14.5844,53.5052],[14.5834,53.5097],[14.5802,53.5131],[14.5813,53.5177],[14.574,53.52],[14.574,53.5233],[14.5684,53.5199],[14.5687,53.5219],[14.565,53.5218],[14.5547,53.5257],[14.5534,53.5292],[14.5545,53.5326],[14.5705,53.5377],[14.5721,53.5366],[14.57,53.5339],[14.5724,53.5329],[14.5765,53.5333],[14.5785,53.5358],[14.5843,53.5345],[14.5868,53.5321],[14.5907,53.5339],[14.595,53.5308],[14.5953,53.5321],[14.6053,53.5354],[14.6026,53.5362],[14.6041,53.5371],[14.6196,53.5355],[14.6283,53.5328],[14.6353,53.5339]]]]}},{"type":"Feature","properties":{"GID_2":"POL.16.19_1","GID_0":"POL","COUNTRY":"Poland","GID_1":"POL.16_1","NAME_1":"Zachodniopomorskie","NL_NAME_1":"NA","NAME_2":"Szczecinek","VARNAME_2":"NA","NL_NAME_2":"NA","TYPE_2":"Powiat","ENGTYPE_2":"County","CC_2":"3215","HASC_2":"NA"},"geometry":{"type":"MultiPolygon","coordinates":[[[[16.6437,53.4844],[16.6337,53.4857],[16.6211,53.4854],[16.6144,53.4834],[16.5968,53.4839],[16.5883,53.4824],[16.5844,53.4837],[16.5803,53.4787],[16.5322,53.4783],[16.4901,53.4703],[16.482,53.4769],[16.4541,53.4885],[16.4579,53.4944],[16.447,53.5026],[16.4572,53.5084],[16.4451,53.5165],[16.4428,53.516],[16.4383,53.5258],[16.429,53.527],[16.41,53.5257],[16.4085,53.5299],[16.4135,53.5331],[16.4105,53.5344],[16.414,53.5348],[16.4114,53.5369],[16.4147,53.5377],[16.4163,53.5409],[16.4137,53.547],[16.4153,53.5469],[16.4174,53.5501],[16.4069,53.5532],[16.4036,53.5617],[16.4011,53.5617],[16.3973,53.5578],[16.3895,53.5595],[16.3868,53.5587],[16.3789,53.5616],[16.3655,53.5578],[16.3596,53.5542],[16.3588,53.5562],[16.3502,53.5604],[16.347,53.5643],[16.3483,53.5648],[16.3397,53.5706],[16.3149,53.5696],[16.3144,53.5721],[16.317,53.5737],[16.3153,53.5768],[16.3212,53.5813],[16.3165,53.5824],[16.31,53.588],[16.3033,53.5908],[16.3064,53.5992],[16.3079,53.5998],[16.3061,53.6021],[16.3069,53.6053],[16.3043,53.6067],[16.3049,53.6094],[16.2875,53.6075],[16.2901,53.6107],[16.286,53.6124],[16.2794,53.6105],[16.272,53.6119],[16.2629,53.6179],[16.2693,53.6203],[16.2772,53.6189],[16.2927,53.6238],[16.2941,53.6255],[16.2929,53.6264],[16.2983,53.6277],[16.3019,53.6305],[16.3004,53.6307],[16.3012,53.6328],[16.2947,53.6343],[16.3022,53.6381],[16.2997,53.6379],[16.2951,53.6447],[16.2864,53.6442],[16.2872,53.648],[16.2847,53.6479],[16.2813,53.6508],[16.2793,53.6564],[16.2793,53.66],[16.2823,53.6621],[16.2756,53.6624],[16.2688,53.667],[16.2663,53.6714],[16.2623,53.67],[16.2589,53.6709],[16.2583,53.6732],[16.2536,53.6727],[16.2538,53.6757],[16.2484,53.6767],[16.2395,53.683],[16.2364,53.6902],[16.2343,53.6913],[16.2337,53.6939],[16.2502,53.6951],[16.247,53.697],[16.2506,53.6998],[16.2507,53.7022],[16.2477,53.7054],[16.2484,53.7072],[16.2549,53.7082],[16.2579,53.7102],[16.2594,53.7136],[16.2658,53.7164],[16.2642,53.7199],[16.2671,53.7208],[16.2655,53.7221],[16.2681,53.7239],[16.2643,53.7277],[16.2626,53.7276],[16.2605,53.7319],[16.2558,53.7363],[16.2562,53.7402],[16.2503,53.7443],[16.2456,53.7509],[16.2348,53.7519],[16.2332,53.7506],[16.2318,53.7522],[16.2153,53.7546],[16.2192,53.757],[16.2136,53.7594],[16.2143,53.7606],[16.2173,53.7629],[16.2227,53.7627],[16.2261,53.7656],[16.2283,53.7722],[16.2326,53.7739],[16.2323,53.7776],[16.2287,53.7825],[16.2292,53.7849],[16.2264,53.7901],[16.2025,53.8027],[16.2054,53.8152],[16.2123,53.8179],[16.2105,53.8205],[16.1985,53.8212],[16.1975,53.8222],[16.2018,53.8268],[16.1971,53.8322],[16.2034,53.8357],[16.2075,53.8331],[16.2129,53.8389],[16.2172,53.8407],[16.2382,53.8409],[16.2551,53.8429],[16.2568,53.8458],[16.2556,53.8474],[16.2572,53.8487],[16.2557,53.8494],[16.2611,53.8512],[16.2637,53.8569],[16.2709,53.8557],[16.2736,53.8588],[16.2661,53.8662],[16.2647,53.8709],[16.2798,53.8752],[16.2958,53.8735],[16.3034,53.8771],[16.3156,53.8772],[16.3196,53.8757],[16.3259,53.8765],[16.338,53.8859],[16.3365,53.8888],[16.3345,53.8889],[16.3411,53.9005],[16.3437,53.903],[16.3448,53.9021],[16.3527,53.9107],[16.3541,53.911],[16.3547,53.909],[16.3619,53.9115],[16.3661,53.9169],[16.3862,53.9095],[16.4014,53.911],[16.4147,53.9086],[16.425,53.9035],[16.4279,53.9004],[16.4333,53.901],[16.4389,53.9046],[16.4455,53.9025],[16.4478,53.9038],[16.4491,53.9029],[16.4543,53.9055],[16.4591,53.9048],[16.4591,53.906],[16.4641,53.908],[16.4692,53.9086],[16.4731,53.9072],[16.4788,53.9099],[16.4895,53.9072],[16.4998,53.9077],[16.5218,53.9019],[16.525,53.9027],[16.5331,53.8978],[16.5355,53.8898],[16.5346,53.8884],[16.5363,53.8882],[16.5526,53.8913],[16.5582,53.8941],[16.5686,53.8879],[16.5768,53.8854],[16.5811,53.8877],[16.5804,53.8903],[16.5853,53.8924],[16.5867,53.8911],[16.5884,53.8918],[16.587,53.8961],[16.5944,53.8974],[16.5908,53.8992],[16.5934,53.9038],[16.6158,53.9064],[16.6211,53.9006],[16.6341,53.8995],[16.6535,53.9029],[16.6521,53.9066],[16.6637,53.9093],[16.6723,53.9016],[16.6739,53.8964],[16.6766,53.8952],[16.6807,53.8894],[16.6868,53.8889],[16.6997,53.8919],[16.7215,53.8893],[16.7274,53.8917],[16.7301,53.8897],[16.7331,53.8903],[16.7371,53.8937],[16.7371,53.8963],[16.7313,53.9005],[16.7168,53.9048],[16.7171,53.9073],[16.71,53.9136],[16.7101,53.9188],[16.7273,53.9233],[16.7145,53.9386],[16.7111,53.9365],[16.7014,53.9442],[16.6903,53.9499],[16.7189,53.9534],[16.732,53.9613],[16.7374,53.9581],[16.7623,53.9662],[16.7557,53.9719],[16.756,53.9748],[16.7508,53.976],[16.7589,53.9776],[16.7592,53.9851],[16.7631,53.9854],[16.7583,53.9887],[16.7616,53.9894],[16.7606,53.9927],[16.7645,53.991],[16.7646,53.9892],[16.7691,53.988],[16.7719,53.9896],[16.7778,53.9881],[16.7797,53.9904],[16.7894,53.9895],[16.7902,53.9868],[16.7928,53.9855],[16.7904,53.9848],[16.79,53.9814],[16.7878,53.9802],[16.789,53.9795],[16.8053,53.9811],[16.8065,53.98],[16.8043,53.9791],[16.8057,53.9775],[16.8075,53.9781],[16.8063,53.9792],[16.8073,53.9796],[16.8134,53.9792],[16.8133,53.9836],[16.8107,53.9857],[16.8048,53.9854],[16.8023,53.9869],[16.8039,53.9894],[16.8047,53.9876],[16.8072,53.9875],[16.8034,53.9943],[16.8064,53.9934],[16.8129,53.9955],[16.815,53.9982],[16.8135,53.9989],[16.815,54.0006],[16.8132,54.0014],[16.818,54.0009],[16.818,54.0037],[16.8158,54.004],[16.8148,54.005],[16.8251,54.0042],[16.8286,53.9952],[16.8423,53.9979],[16.8423,53.9938],[16.8441,53.9926],[16.847,53.9839],[16.8546,53.9836],[16.8612,53.9801],[16.8746,53.977],[16.8768,53.9715],[16.8745,53.9696],[16.88,53.9636],[16.8778,53.9606],[16.8796,53.9564],[16.8756,53.9519],[16.8623,53.9509],[16.8618,53.9478],[16.8582,53.9471],[16.862,53.9459],[16.8676,53.9478],[16.8722,53.9462],[16.876,53.9441],[16.8765,53.9402],[16.8806,53.9414],[16.9087,53.9253],[16.922,53.9254],[16.9245,53.9225],[16.9233,53.921],[16.9349,53.9142],[16.9414,53.9121],[16.9506,53.9123],[16.9506,53.9095],[16.9552,53.9068],[16.962,53.9076],[16.9647,53.9046],[16.9821,53.9049],[16.9765,53.8796],[16.9706,53.8806],[16.9707,53.878],[16.9505,53.8792],[16.9547,53.8747],[16.9247,53.8747],[16.9146,53.8757],[16.9116,53.8774],[16.9073,53.8758],[16.9017,53.8771],[16.9017,53.8743],[16.8927,53.8789],[16.896,53.8726],[16.8936,53.8716],[16.8904,53.8728],[16.8724,53.8687],[16.8711,53.8575],[16.8683,53.8544],[16.865,53.8545],[16.8608,53.8522],[16.87,53.8505],[16.8728,53.8428],[16.8717,53.8377],[16.8741,53.8362],[16.8732,53.8345],[16.8685,53.8341],[16.8728,53.8296],[16.874,53.8318],[16.8762,53.8318],[16.8855,53.8291],[16.8942,53.8234],[16.8997,53.8237],[16.9105,53.8198],[16.911,53.8164],[16.9075,53.8155],[16.9069,53.8131],[16.9104,53.8084],[16.9086,53.8037],[16.9095,53.8018],[16.9181,53.7981],[16.9376,53.8019],[16.9403,53.8067],[16.9482,53.8052],[16.9445,53.8009],[16.9397,53.7902],[16.9377,53.7893],[16.9365,53.784],[16.9341,53.784],[16.933,53.7794],[16.9307,53.7772],[16.9206,53.7746],[16.9032,53.7652],[16.9007,53.761],[16.883,53.7564],[16.8577,53.7471],[16.8773,53.7191],[16.8757,53.7151],[16.8793,53.7012],[16.8803,53.6884],[16.8862,53.6762],[16.8922,53.6559],[16.8821,53.6539],[16.8808,53.6528],[16.8817,53.6519],[16.8696,53.6477],[16.8665,53.6503],[16.8537,53.6387],[16.8553,53.6323],[16.852,53.6293],[16.8486,53.6287],[16.8491,53.6272],[16.8413,53.6258],[16.8385,53.6284],[16.8402,53.6293],[16.8309,53.6349],[16.8261,53.6434],[16.8132,53.64],[16.8131,53.6374],[16.8163,53.6339],[16.8138,53.6308],[16.7747,53.6272],[16.7582,53.6241],[16.759,53.6209],[16.7629,53.6181],[16.7603,53.6175],[16.7541,53.6107],[16.7495,53.6009],[16.7407,53.5989],[16.7439,53.596],[16.7426,53.591],[16.738,53.5885],[16.7399,53.5885],[16.7395,53.5837],[16.7464,53.5757],[16.7402,53.5668],[16.7356,53.5664],[16.7325,53.5689],[16.7277,53.5672],[16.7254,53.5606],[16.7272,53.5551],[16.7187,53.5442],[16.7192,53.5394],[16.717,53.5336],[16.73,53.5292],[16.7206,53.5262],[16.7219,53.5222],[16.7152,53.5205],[16.7104,53.5161],[16.7006,53.5148],[16.6954,53.5181],[16.6548,53.491],[16.652,53.487],[16.6437,53.4844]]]]}},{"type":"Feature","properties":{"GID_2":"POL.16.21_1","GID_0":"POL","COUNTRY":"Poland","GID_1":"POL.16_1","NAME_1":"Zachodniopomorskie","NL_NAME_1":"NA","NAME_2":"Walcz","VARNAME_2":"NA","NL_NAME_2":"NA","TYPE_2":"Powiat","ENGTYPE_2":"County","CC_2":"3217","HASC_2":"NA"},"geometry":{"type":"MultiPolygon","coordinates":[[[[15.9632,53.0413],[15.9671,53.044],[15.9665,53.0463],[15.9683,53.0462],[15.9747,53.0517],[15.9725,53.0569],[15.9754,53.0549],[15.9802,53.0564],[15.9815,53.0543],[15.9831,53.0555],[15.9869,53.0534],[15.9866,53.055],[15.989,53.0548],[15.9897,53.0563],[15.9854,53.0603],[15.9869,53.0626],[15.9848,53.0643],[15.9863,53.0649],[15.9873,53.0692],[15.9945,53.0735],[15.9941,53.0775],[15.9954,53.0783],[15.9924,53.0808],[15.9967,53.0829],[15.9983,53.087],[15.9926,53.0917],[15.9888,53.093],[15.9858,53.0921],[15.9859,53.096],[15.9809,53.0973],[15.984,53.1018],[15.9818,53.1026],[15.9808,53.1016],[15.9792,53.1033],[15.9851,53.1134],[15.982,53.1155],[15.9821,53.1171],[15.9892,53.1231],[15.9802,53.1229],[15.9628,53.129],[15.98,53.1721],[15.9859,53.1747],[15.9865,53.178],[15.9905,53.1791],[15.995,53.1846],[15.9967,53.1895],[16.0005,53.1939],[15.9984,53.1955],[15.9991,53.1985],[16.0106,53.2012],[16.0095,53.204],[16.0168,53.2073],[16.0119,53.2113],[16.0169,53.2119],[16.0232,53.2269],[16.0338,53.2293],[16.0371,53.2323],[16.018,53.2346],[16.0129,53.2409],[16.0089,53.2434],[16.0086,53.2397],[16.0036,53.2401],[16.0073,53.2428],[16.0082,53.2477],[16.0066,53.2494],[16.0191,53.2557],[16.0256,53.2621],[16.0293,53.2686],[16.0362,53.2707],[16.0381,53.2723],[16.0372,53.2738],[16.0439,53.2748],[16.0498,53.2735],[16.0541,53.2799],[16.0598,53.2811],[16.064,53.285],[16.0761,53.2891],[16.0661,53.2928],[16.0628,53.2955],[16.0696,53.3112],[16.059,53.313],[16.0524,53.3104],[16.0458,53.3107],[16.0478,53.3133],[16.051,53.313],[16.0515,53.3149],[16.0544,53.3157],[16.0501,53.3192],[16.0483,53.3199],[16.0448,53.3169],[16.0414,53.3179],[16.0408,53.3164],[16.0244,53.3174],[16.025,53.3142],[16.0221,53.3108],[16.0082,53.3112],[15.996,53.3167],[15.9892,53.3219],[15.9924,53.3266],[15.9903,53.3272],[15.9982,53.3371],[15.9907,53.3367],[15.9925,53.3399],[15.9851,53.3493],[15.991,53.352],[15.9766,53.3559],[15.974,53.3632],[15.9847,53.3707],[15.9728,53.3751],[15.9874,53.3838],[15.9861,53.3876],[16.0092,53.4038],[16.0272,53.4007],[16.0367,53.4009],[16.0408,53.3981],[16.0479,53.3918],[16.0518,53.3856],[16.0558,53.3698],[16.0622,53.3657],[16.0654,53.3712],[16.0719,53.3736],[16.0719,53.3841],[16.071,53.3898],[16.0704,53.3917],[16.0707,53.3906],[16.0687,53.3924],[16.0703,53.3922],[16.0692,53.3971],[16.0691,53.3974],[16.0682,53.3988],[16.069,53.3975],[16.0672,53.3976],[16.0657,53.395],[16.0561,53.3998],[16.0595,53.405],[16.0544,53.4049],[16.0543,53.4065],[16.0519,53.4074],[16.0618,53.4075],[16.0751,53.4021],[16.0768,53.4033],[16.078,53.4012],[16.0889,53.3988],[16.0884,53.404],[16.1038,53.3976],[16.1066,53.4003],[16.111,53.3802],[16.1507,53.3761],[16.2176,53.3959],[16.2667,53.3982],[16.2759,53.4007],[16.2915,53.4086],[16.3104,53.4089],[16.3192,53.4072],[16.3412,53.4178],[16.3623,53.4209],[16.3651,53.4224],[16.3658,53.4249],[16.3711,53.4262],[16.3586,53.431],[16.3581,53.4327],[16.382,53.4392],[16.3848,53.4397],[16.3889,53.4248],[16.3942,53.4212],[16.398,53.4292],[16.4052,53.4316],[16.4074,53.4352],[16.4067,53.4367],[16.4114,53.4384],[16.4095,53.4407],[16.4224,53.4418],[16.421,53.4454],[16.4246,53.4466],[16.4262,53.4506],[16.4284,53.4516],[16.4273,53.4534],[16.4299,53.4561],[16.4332,53.4569],[16.4333,53.4588],[16.438,53.4599],[16.4473,53.4572],[16.4475,53.4589],[16.4511,53.4606],[16.4599,53.4583],[16.4637,53.4598],[16.4639,53.4573],[16.4598,53.4525],[16.4522,53.4525],[16.4466,53.4551],[16.4438,53.4532],[16.4666,53.4041],[16.4726,53.4049],[16.4743,53.4029],[16.474,53.4001],[16.477,53.3973],[16.4745,53.3901],[16.4753,53.3878],[16.4916,53.3826],[16.4871,53.388],[16.4959,53.3833],[16.4994,53.385],[16.5024,53.3843],[16.5102,53.3796],[16.5075,53.3783],[16.5084,53.3761],[16.5257,53.3672],[16.5355,53.3783],[16.5365,53.3758],[16.5391,53.3755],[16.538,53.3736],[16.5408,53.3723],[16.5403,53.3708],[16.5434,53.369],[16.5418,53.3656],[16.5466,53.3666],[16.5455,53.3634],[16.5512,53.3587],[16.5511,53.3566],[16.5558,53.3545],[16.5584,53.3558],[16.5592,53.3536],[16.5626,53.353],[16.572,53.3584],[16.576,53.3555],[16.5743,53.3543],[16.5851,53.3467],[16.6063,53.3452],[16.6285,53.3476],[16.6316,53.343],[16.6291,53.3392],[16.6385,53.3354],[16.6381,53.333],[16.6355,53.3307],[16.6369,53.3283],[16.6453,53.3287],[16.6485,53.3261],[16.6541,53.3252],[16.6567,53.3209],[16.6698,53.3179],[16.6787,53.3195],[16.6823,53.317],[16.6812,53.3116],[16.6875,53.3072],[16.6906,53.3083],[16.6943,53.3074],[16.6965,53.3053],[16.6951,53.3024],[16.6969,53.301],[16.7059,53.3035],[16.7132,53.3017],[16.7145,53.2992],[16.6761,53.2907],[16.6737,53.2922],[16.6727,53.2914],[16.6745,53.2901],[16.6618,53.2786],[16.6558,53.2792],[16.6539,53.2814],[16.6514,53.2808],[16.6509,53.2756],[16.6576,53.2714],[16.6579,53.2677],[16.6609,53.2669],[16.6456,53.2679],[16.63,53.26],[16.6352,53.2604],[16.6356,53.2589],[16.6387,53.259],[16.6446,53.2556],[16.6345,53.2528],[16.6294,53.2494],[16.6256,53.2432],[16.6222,53.2409],[16.6207,53.2336],[16.6325,53.2338],[16.6345,53.2278],[16.625,53.2264],[16.6346,53.2199],[16.6383,53.215],[16.6299,53.2184],[16.625,53.216],[16.6202,53.2135],[16.6257,53.2086],[16.6207,53.2063],[16.6096,53.2087],[16.5965,53.2176],[16.6004,53.2228],[16.5957,53.2277],[16.5961,53.2297],[16.5795,53.2271],[16.5769,53.2313],[16.5693,53.2299],[16.5594,53.2332],[16.5566,53.2298],[16.5586,53.229],[16.5507,53.2233],[16.5564,53.2213],[16.5451,53.2172],[16.5357,53.2201],[16.5358,53.2187],[16.5321,53.219],[16.5324,53.2155],[16.529,53.2155],[16.5309,53.2069],[16.5396,53.2014],[16.5279,53.1997],[16.5205,53.1858],[16.513,53.1849],[16.5157,53.1817],[16.5102,53.1823],[16.5059,53.1778],[16.5078,53.1762],[16.504,53.1758],[16.5011,53.1727],[16.5012,53.1667],[16.4995,53.1633],[16.4838,53.1642],[16.4765,53.1703],[16.4724,53.1698],[16.4591,53.1656],[16.4605,53.1648],[16.4552,53.1644],[16.4564,53.1627],[16.4494,53.1598],[16.4493,53.1621],[16.4456,53.1621],[16.4471,53.155],[16.4325,53.1564],[16.4248,53.1486],[16.4167,53.1489],[16.4151,53.1514],[16.4165,53.1522],[16.4112,53.1542],[16.4109,53.1555],[16.4128,53.1558],[16.4053,53.1585],[16.4074,53.1611],[16.4114,53.1612],[16.4095,53.1636],[16.3992,53.1637],[16.4018,53.1605],[16.3983,53.1594],[16.3968,53.1605],[16.3916,53.1578],[16.3957,53.1539],[16.3983,53.1484],[16.3915,53.1409],[16.3905,53.131],[16.3759,53.1266],[16.3754,53.1284],[16.3724,53.1285],[16.363,53.123],[16.3669,53.1212],[16.3599,53.1144],[16.346,53.1124],[16.3468,53.1081],[16.352,53.1038],[16.3555,53.0966],[16.3593,53.0935],[16.3643,53.082],[16.3628,53.0766],[16.3509,53.0728],[16.3436,53.067],[16.3391,53.0603],[16.3336,53.06],[16.3303,53.0566],[16.324,53.058],[16.3241,53.0497],[16.3161,53.0512],[16.3149,53.0491],[16.3128,53.0497],[16.3104,53.0453],[16.3173,53.044],[16.3152,53.0392],[16.3171,53.0385],[16.3169,53.0367],[16.2949,53.0381],[16.286,53.041],[16.288,53.0442],[16.2768,53.0455],[16.2699,53.0491],[16.244,53.0446],[16.2295,53.0394],[16.1861,53.0336],[16.1589,53.0236],[16.143,53.0154],[16.1208,53.012],[16.096,53.0155],[16.0835,53.0145],[16.0735,53.0162],[16.0545,53.0216],[16.045,53.0288],[16.0238,53.0355],[16.0101,53.0337],[15.9632,53.0413]]]]}},{"type":"Feature","properties":{"GID_2":"POL.16.22_1","GID_0":"POL","COUNTRY":"Poland","GID_1":"POL.16_1","NAME_1":"Zachodniopomorskie","NL_NAME_1":"NA","NAME_2":"ZalewSzczecinski","VARNAME_2":"SzczecinLagoon","NL_NAME_2":"NA","TYPE_2":"WaterBody","ENGTYPE_2":"WaterBody","CC_2":"NA","HASC_2":"NA"},"geometry":{"type":"MultiPolygon","coordinates":[[[[14.273,53.7376],[14.2716,53.7407],[14.2735,53.7444],[14.267,53.7535],[14.2836,53.7723],[14.2139,53.8654],[14.2197,53.8654],[14.2264,53.8629],[14.2336,53.8565],[14.2414,53.8529],[14.2725,53.826],[14.2858,53.8224],[14.3064,53.8218],[14.3219,53.8098],[14.3314,53.8096],[14.3369,53.8071],[14.3375,53.8082],[14.3331,53.8107],[14.3353,53.8121],[14.3414,53.8082],[14.3408,53.8132],[14.3381,53.8157],[14.3375,53.8218],[14.3381,53.8243],[14.3408,53.8251],[14.3392,53.8276],[14.3397,53.8296],[14.3431,53.8315],[14.3508,53.8335],[14.3531,53.8351],[14.3525,53.8363],[14.3564,53.8379],[14.3658,53.8387],[14.3686,53.8376],[14.3686,53.8401],[14.3781,53.8399],[14.3853,53.8422],[14.3869,53.8404],[14.3836,53.8393],[14.3836,53.8365],[14.3881,53.8365],[14.3942,53.8407],[14.4008,53.8401],[14.4064,53.8429],[14.4125,53.8435],[14.4181,53.8482],[14.4197,53.8554],[14.4153,53.8565],[14.4158,53.8638],[14.4107,53.8649],[14.4164,53.8654],[14.4053,53.8668],[14.3897,53.8654],[14.3869,53.8663],[14.3892,53.8679],[14.3864,53.8715],[14.3825,53.8721],[14.3814,53.8751],[14.3764,53.8751],[14.3675,53.8715],[14.3603,53.8729],[14.3603,53.8768],[14.3703,53.8793],[14.3753,53.8785],[14.3758,53.8796],[14.3692,53.8815],[14.3703,53.8849],[14.3758,53.8871],[14.3747,53.8893],[14.3842,53.8926],[14.4075,53.8943],[14.4081,53.8929],[14.4169,53.8901],[14.4192,53.8882],[14.4186,53.8868],[14.4253,53.8849],[14.4247,53.889],[14.4264,53.8899],[14.4286,53.8968],[14.4314,53.8993],[14.4358,53.8999],[14.4369,53.8974],[14.4358,53.8929],[14.4297,53.891],[14.4319,53.8885],[14.4308,53.8843],[14.4258,53.8832],[14.4247,53.8812],[14.4247,53.8774],[14.4214,53.8707],[14.4236,53.8654],[14.4353,53.8624],[14.4714,53.8649],[14.4897,53.8618],[14.4931,53.8626],[14.5108,53.8607],[14.5219,53.8571],[14.5347,53.8593],[14.5558,53.8554],[14.5742,53.849],[14.5836,53.8399],[14.5847,53.8338],[14.5808,53.8293],[14.5703,53.8296],[14.5731,53.8254],[14.5714,53.8196],[14.5731,53.8182],[14.5731,53.8154],[14.5786,53.811],[14.5775,53.8093],[14.5803,53.8043],[14.5853,53.8037],[14.5869,53.8013],[14.5886,53.8015],[14.5886,53.804],[14.5958,53.8074],[14.5942,53.8124],[14.5869,53.8151],[14.5886,53.8201],[14.5936,53.8235],[14.5942,53.8271],[14.6064,53.8282],[14.6153,53.8307],[14.6181,53.8334],[14.6204,53.8318],[14.6186,53.8293],[14.6086,53.8254],[14.6053,53.8224],[14.6075,53.8154],[14.6114,53.8107],[14.6103,53.8079],[14.6131,53.8054],[14.6119,53.7974],[14.6131,53.7901],[14.6108,53.7857],[14.6158,53.7824],[14.6142,53.7799],[14.6147,53.7754],[14.6169,53.7724],[14.6158,53.7671],[14.6131,53.7637],[14.6075,53.7616],[14.5908,53.7624],[14.5875,53.7574],[14.5825,53.7543],[14.5742,53.7562],[14.5742,53.7588],[14.5714,53.7596],[14.5714,53.7615],[14.5686,53.764],[14.5653,53.7629],[14.5637,53.7596],[14.5669,53.7557],[14.5636,53.7549],[14.5603,53.7571],[14.5569,53.7554],[14.5592,53.7521],[14.5542,53.7426],[14.5553,53.7379],[14.5497,53.7271],[14.5469,53.7154],[14.5386,53.7032],[14.5442,53.6965],[14.5453,53.6915],[14.5442,53.689],[14.5464,53.6879],[14.5464,53.6849],[14.5442,53.684],[14.5458,53.6801],[14.5436,53.676],[14.5475,53.6754],[14.5525,53.671],[14.5619,53.6662],[14.5708,53.6649],[14.5681,53.661],[14.5775,53.6557],[14.5853,53.6543],[14.5864,53.6557],[14.5975,53.6551],[14.6069,53.6574],[14.6097,53.654],[14.6064,53.6524],[14.6058,53.6496],[14.6158,53.6515],[14.6192,53.6499],[14.6225,53.6437],[14.6158,53.6429],[14.6142,53.6385],[14.6097,53.6379],[14.6181,53.6346],[14.6175,53.6326],[14.6153,53.6329],[14.6169,53.6307],[14.6081,53.6324],[14.6075,53.631],[14.6097,53.6302],[14.6081,53.6276],[14.5942,53.6263],[14.5925,53.6107],[14.5897,53.6093],[14.5947,53.6076],[14.5975,53.5971],[14.5842,53.5968],[14.5814,53.5985],[14.5814,53.6004],[14.5764,53.6029],[14.5714,53.6018],[14.5736,53.6063],[14.5575,53.6232],[14.5425,53.6465],[14.5342,53.6499],[14.5314,53.6554],[14.5242,53.6593],[14.5253,53.661],[14.5181,53.6637],[14.5136,53.6635],[14.5053,53.6674],[14.4931,53.6679],[14.4669,53.674],[14.4253,53.6771],[14.4264,53.6782],[14.4181,53.6771],[14.4069,53.6796],[14.3886,53.6871],[14.3864,53.6899],[14.3803,53.6924],[14.3786,53.6951],[14.3681,53.699],[14.3547,53.7068],[14.3431,53.7157],[14.3319,53.7332],[14.3136,53.7396],[14.2969,53.7438],[14.2847,53.7426],[14.2864,53.741],[14.2947,53.7418],[14.2936,53.7388],[14.3019,53.7376],[14.3025,53.7365],[14.2992,53.736],[14.2981,53.7318],[14.3019,53.7299],[14.3003,53.7279],[14.3031,53.7268],[14.2992,53.7257],[14.2947,53.7271],[14.2903,53.7251],[14.2853,53.7251],[14.2781,53.7271],[14.2764,53.7254],[14.2869,53.7199],[14.3008,53.7201],[14.3092,53.7118],[14.3086,53.704],[14.3053,53.7001],[14.3008,53.6987],[14.2869,53.6979],[14.2742,53.6999],[14.2732,53.6993],[14.2748,53.6891],[14.2721,53.6895],[14.272,53.6936],[14.2668,53.6987],[14.2677,53.7046],[14.2719,53.7058],[14.2684,53.7084],[14.273,53.7376]],[[14.5969,53.6376],[14.5942,53.6379],[14.5919,53.6351],[14.5953,53.6343],[14.5969,53.6351],[14.5969,53.6376]],[[14.5333,53.6699],[14.5336,53.6724],[14.5369,53.6738],[14.5342,53.6774],[14.5231,53.6743],[14.5281,53.671],[14.5333,53.6699]],[[14.4064,53.8704],[14.4036,53.8724],[14.4031,53.8707],[14.3953,53.8696],[14.4075,53.8699],[14.4064,53.8704]],[[14.3897,53.8724],[14.3875,53.8729],[14.3892,53.8688],[14.3908,53.8688],[14.3897,53.8724]],[[14.3931,53.8699],[14.3947,53.8715],[14.3925,53.8732],[14.3919,53.8699],[14.3931,53.8699]]]]}}]}